{
"type": "FeatureCollection",
"license": "Licence Ouverte 2.0 (Etalab). Source: IGN, BD TOPO®",
"features": [
{
"type": "Feature",
"geometry": {
"type": "Point",
"coordinates": [
8.6654678,
42.3487065
]
},
"properties": {
"ign_id": "PAIHYDRO0000000108328337",
"name": "Fontaine de Ceravalle",
"state": "En service",
"ign_confirmed": "2025-11-18"
}
},
{
"type": "Feature",
"geometry": {
"type": "Point",
"coordinates": [
8.6359796,
42.3321746
]
},
"properties": {
"ign_id": "PAIHYDRO0000000108328348",
"name": "Fontaine de Spanu",
"state": "En service",
"ign_confirmed": "2025-11-14"
}
},
{
"type": "Feature",
"geometry": {
"type": "Point",
"coordinates": [
8.8437007,
42.2679129
]
},
"properties": {
"ign_id": "PAIHYDRO0000000108328353",
"name": "Funtana di u Topu",
"state": "En service",
"ign_confirmed": ""
}
},
{
"type": "Feature",
"geometry": {
"type": "Point",
"coordinates": [
8.7427722,
42.294183
]
},
"properties": {
"ign_id": "PAIHYDRO0000000108328359",
"name": "Funtana u Zebu",
"state": "En service",
"ign_confirmed": ""
}
},
{
"type": "Feature",
"geometry": {
"type": "Point",
"coordinates": [
8.8435519,
42.2558842
]
},
"properties": {
"ign_id": "PAIHYDRO0000000108328374",
"name": "Fontaine de Cura",
"state": "En service",
"ign_confirmed": ""
}
},
{
"type": "Feature",
"geometry": {
"type": "Point",
"coordinates": [
8.8202343,
42.2534523
]
},
"properties": {
"ign_id": "PAIHYDRO0000000108328376",
"name": "Fontaine d'Alzu Ritondellu",
"state": "En service",
"ign_confirmed": ""
}
},
{
"type": "Feature",
"geometry": {
"type": "Point",
"coordinates": [
8.7826153,
42.2431353
]
},
"properties": {
"ign_id": "PAIHYDRO0000000108328379",
"name": "Fontaine d'Araghiu",
"state": "En service",
"ign_confirmed": "2025-06-26"
}
},
{
"type": "Feature",
"geometry": {
"type": "Point",
"coordinates": [
8.7374818,
42.2480602
]
},
"properties": {
"ign_id": "PAIHYDRO0000000108328381",
"name": "Fontaine d'Acquale",
"state": "En service",
"ign_confirmed": ""
}
},
{
"type": "Feature",
"geometry": {
"type": "Point",
"coordinates": [
8.7040424,
42.2671635
]
},
"properties": {
"ign_id": "PAIHYDRO0000000108328383",
"name": "Fontaine de Bude",
"state": "En service",
"ign_confirmed": ""
}
},
{
"type": "Feature",
"geometry": {
"type": "Point",
"coordinates": [
8.6796522,
42.2595693
]
},
"properties": {
"ign_id": "PAIHYDRO0000000108328385",
"name": "Funtana di a Castagna",
"state": "En service",
"ign_confirmed": ""
}
},
{
"type": "Feature",
"geometry": {
"type": "Point",
"coordinates": [
8.9422209,
42.2045782
]
},
"properties": {
"ign_id": "PAIHYDRO0000000108328392",
"name": "Funtana di a Veduvella",
"state": "En service",
"ign_confirmed": ""
}
},
{
"type": "Feature",
"geometry": {
"type": "Point",
"coordinates": [
8.8406587,
42.2274032
]
},
"properties": {
"ign_id": "PAIHYDRO0000000108328396",
"name": "Fontaine du Prete",
"state": "En service",
"ign_confirmed": ""
}
},
{
"type": "Feature",
"geometry": {
"type": "Point",
"coordinates": [
8.7733045,
42.2370383
]
},
"properties": {
"ign_id": "PAIHYDRO0000000108328401",
"name": "Fontaine de Tembalu",
"state": "En service",
"ign_confirmed": ""
}
},
{
"type": "Feature",
"geometry": {
"type": "Point",
"coordinates": [
8.6916057,
42.2359823
]
},
"properties": {
"ign_id": "PAIHYDRO0000000108328405",
"name": "Fontaine de Piazza Moninca",
"state": "En service",
"ign_confirmed": ""
}
},
{
"type": "Feature",
"geometry": {
"type": "Point",
"coordinates": [
8.675502,
42.2462229
]
},
"properties": {
"ign_id": "PAIHYDRO0000000108328406",
"name": "Fontaine d'Oliva Bona",
"state": "En service",
"ign_confirmed": ""
}
},
{
"type": "Feature",
"geometry": {
"type": "Point",
"coordinates": [
8.6332356,
42.2317309
]
},
"properties": {
"ign_id": "PAIHYDRO0000000108328408",
"name": "Fontaine de Grisagna",
"state": "En service",
"ign_confirmed": ""
}
},
{
"type": "Feature",
"geometry": {
"type": "Point",
"coordinates": [
8.8933643,
42.1963989
]
},
"properties": {
"ign_id": "PAIHYDRO0000000108328419",
"name": "Funtana Bona",
"state": "En service",
"ign_confirmed": ""
}
},
{
"type": "Feature",
"geometry": {
"type": "Point",
"coordinates": [
8.8315063,
42.2073362
]
},
"properties": {
"ign_id": "PAIHYDRO0000000108328422",
"name": "Tre Funtane",
"state": "En service",
"ign_confirmed": ""
}
},
{
"type": "Feature",
"geometry": {
"type": "Point",
"coordinates": [
8.5936687,
42.2176297
]
},
"properties": {
"ign_id": "PAIHYDRO0000000108328423",
"name": "Fontaine d'Altanella",
"state": "En service",
"ign_confirmed": ""
}
},
{
"type": "Feature",
"geometry": {
"type": "Point",
"coordinates": [
8.8881749,
42.173612
]
},
"properties": {
"ign_id": "PAIHYDRO0000000108328431",
"name": "Fontaine Goccia",
"state": "En service",
"ign_confirmed": "2025-07-17"
}
},
{
"type": "Feature",
"geometry": {
"type": "Point",
"coordinates": [
8.7824399,
42.1599013
]
},
"properties": {
"ign_id": "PAIHYDRO0000000108328433",
"name": "Fontaine d'Acquatella",
"state": "En service",
"ign_confirmed": ""
}
},
{
"type": "Feature",
"geometry": {
"type": "Point",
"coordinates": [
8.6340729,
42.1695569
]
},
"properties": {
"ign_id": "PAIHYDRO0000000108328435",
"name": "Fontaine de Crulia",
"state": "En service",
"ign_confirmed": ""
}
},
{
"type": "Feature",
"geometry": {
"type": "Point",
"coordinates": [
8.5984812,
42.185316
]
},
"properties": {
"ign_id": "PAIHYDRO0000000108328436",
"name": "Fontaine de Cuzzulia",
"state": "En service",
"ign_confirmed": ""
}
},
{
"type": "Feature",
"geometry": {
"type": "Point",
"coordinates": [
8.6060329,
42.1675955
]
},
"properties": {
"ign_id": "PAIHYDRO0000000108328437",
"name": "Fontaine de Belmonte",
"state": "En service",
"ign_confirmed": ""
}
},
{
"type": "Feature",
"geometry": {
"type": "Point",
"coordinates": [
8.6008222,
42.1632738
]
},
"properties": {
"ign_id": "PAIHYDRO0000000108328438",
"name": "Funtana di a Bachiccia",
"state": "En service",
"ign_confirmed": "2025-06-26"
}
},
{
"type": "Feature",
"geometry": {
"type": "Point",
"coordinates": [
9.1090624,
42.1130944
]
},
"properties": {
"ign_id": "PAIHYDRO0000000108328441",
"name": "Fontaine de Vitulo",
"state": "En service",
"ign_confirmed": "2025-04-09"
}
},
{
"type": "Feature",
"geometry": {
"type": "Point",
"coordinates": [
8.9265807,
42.1400535
]
},
"properties": {
"ign_id": "PAIHYDRO0000000108328446",
"name": "Fontaine de Pusatoghia",
"state": "En service",
"ign_confirmed": "2025-04-09"
}
},
{
"type": "Feature",
"geometry": {
"type": "Point",
"coordinates": [
8.8854997,
42.1259674
]
},
"properties": {
"ign_id": "PAIHYDRO0000000108328448",
"name": "Fontaine d'Acquatella",
"state": "En service",
"ign_confirmed": "2025-04-09"
}
},
{
"type": "Feature",
"geometry": {
"type": "Point",
"coordinates": [
8.7571258,
42.1519385
]
},
"properties": {
"ign_id": "PAIHYDRO0000000108328451",
"name": "Funtana di Nocciu",
"state": "En service",
"ign_confirmed": "2025-06-26"
}
},
{
"type": "Feature",
"geometry": {
"type": "Point",
"coordinates": [
8.621942,
42.1559536
]
},
"properties": {
"ign_id": "PAIHYDRO0000000108328452",
"name": "Fontaine de Teti",
"state": "En service",
"ign_confirmed": ""
}
},
{
"type": "Feature",
"geometry": {
"type": "Point",
"coordinates": [
8.6230395,
42.1492901
]
},
"properties": {
"ign_id": "PAIHYDRO0000000108328453",
"name": "Fontaine d'Astica",
"state": "En service",
"ign_confirmed": ""
}
},
{
"type": "Feature",
"geometry": {
"type": "Point",
"coordinates": [
8.6055267,
42.1430943
]
},
"properties": {
"ign_id": "PAIHYDRO0000000108328455",
"name": "Fontaine de la Castagna",
"state": "En service",
"ign_confirmed": ""
}
},
{
"type": "Feature",
"geometry": {
"type": "Point",
"coordinates": [
8.5997367,
42.1385134
]
},
"properties": {
"ign_id": "PAIHYDRO0000000108328456",
"name": "Funtana San Superu",
"state": "En service",
"ign_confirmed": ""
}
},
{
"type": "Feature",
"geometry": {
"type": "Point",
"coordinates": [
9.104963,
42.0835018
]
},
"properties": {
"ign_id": "PAIHYDRO0000000108328459",
"name": "Fontaine de Capiaja",
"state": "En service",
"ign_confirmed": "2025-04-09"
}
},
{
"type": "Feature",
"geometry": {
"type": "Point",
"coordinates": [
9.1127726,
42.0806923
]
},
"properties": {
"ign_id": "PAIHYDRO0000000108328461",
"name": "Fontaine de Giovito",
"state": "En service",
"ign_confirmed": "2025-04-09"
}
},
{
"type": "Feature",
"geometry": {
"type": "Point",
"coordinates": [
9.0940238,
42.0787577
]
},
"properties": {
"ign_id": "PAIHYDRO0000000108328462",
"name": "Fontaines de Manenti",
"state": "En service",
"ign_confirmed": "2025-04-09"
}
},
{
"type": "Feature",
"geometry": {
"type": "Point",
"coordinates": [
9.0728196,
42.0912646
]
},
"properties": {
"ign_id": "PAIHYDRO0000000108328463",
"name": "Fontaine de Fao",
"state": "En service",
"ign_confirmed": "2025-04-09"
}
},
{
"type": "Feature",
"geometry": {
"type": "Point",
"coordinates": [
9.0643902,
42.0769317
]
},
"properties": {
"ign_id": "PAIHYDRO0000000108328465",
"name": "Fontaine de Quercietto",
"state": "En service",
"ign_confirmed": "2025-04-09"
}
},
{
"type": "Feature",
"geometry": {
"type": "Point",
"coordinates": [
9.0686065,
42.0832586
]
},
"properties": {
"ign_id": "PAIHYDRO0000000108328467",
"name": "Fontaine Ciamboranèse",
"state": "En service",
"ign_confirmed": "2025-04-09"
}
},
{
"type": "Feature",
"geometry": {
"type": "Point",
"coordinates": [
9.0566662,
42.0842673
]
},
"properties": {
"ign_id": "PAIHYDRO0000000108328469",
"name": "Fontaine de Rinicioli",
"state": "En service",
"ign_confirmed": "2025-04-09"
}
},
{
"type": "Feature",
"geometry": {
"type": "Point",
"coordinates": [
9.0467965,
42.0825717
]
},
"properties": {
"ign_id": "PAIHYDRO0000000108328471",
"name": "Fontaine de Prati",
"state": "En service",
"ign_confirmed": "2025-04-09"
}
},
{
"type": "Feature",
"geometry": {
"type": "Point",
"coordinates": [
8.9855373,
42.0859967
]
},
"properties": {
"ign_id": "PAIHYDRO0000000108328475",
"name": "Fontaine de l'Alzu",
"state": "En service",
"ign_confirmed": "2025-04-09"
}
},
{
"type": "Feature",
"geometry": {
"type": "Point",
"coordinates": [
8.7559726,
42.1079736
]
},
"properties": {
"ign_id": "PAIHYDRO0000000108328478",
"name": "Fontaine de Giovan' Maria",
"state": "En service",
"ign_confirmed": "2025-06-26"
}
},
{
"type": "Feature",
"geometry": {
"type": "Point",
"coordinates": [
8.7400617,
42.1206488
]
},
"properties": {
"ign_id": "PAIHYDRO0000000108328479",
"name": "Fontaine d'Arta",
"state": "En service",
"ign_confirmed": ""
}
},
{
"type": "Feature",
"geometry": {
"type": "Point",
"coordinates": [
9.1244386,
42.0590786
]
},
"properties": {
"ign_id": "PAIHYDRO0000000108328485",
"name": "les Trois Fontaines",
"state": "En service",
"ign_confirmed": "2025-04-09"
}
},
{
"type": "Feature",
"geometry": {
"type": "Point",
"coordinates": [
9.088213,
42.0540925
]
},
"properties": {
"ign_id": "PAIHYDRO0000000108328487",
"name": "Fontaine de Porcilelli",
"state": "En service",
"ign_confirmed": "2025-04-09"
}
},
{
"type": "Feature",
"geometry": {
"type": "Point",
"coordinates": [
9.0444746,
42.0733206
]
},
"properties": {
"ign_id": "PAIHYDRO0000000108328490",
"name": "Fontaine de Vigna Canale",
"state": "En service",
"ign_confirmed": "2025-04-09"
}
},
{
"type": "Feature",
"geometry": {
"type": "Point",
"coordinates": [
9.0187417,
42.0748033
]
},
"properties": {
"ign_id": "PAIHYDRO0000000108328494",
"name": "Fontaine de Bocca Vacca",
"state": "En service",
"ign_confirmed": "2025-04-09"
}
},
{
"type": "Feature",
"geometry": {
"type": "Point",
"coordinates": [
9.0188426,
42.070136
]
},
"properties": {
"ign_id": "PAIHYDRO0000000108328495",
"name": "Fontaine de Frascaccia",
"state": "En service",
"ign_confirmed": "2025-04-09"
}
},
{
"type": "Feature",
"geometry": {
"type": "Point",
"coordinates": [
9.0078271,
42.06516
]
},
"properties": {
"ign_id": "PAIHYDRO0000000108328496",
"name": "Fontaine de Pietra Grossa",
"state": "En service",
"ign_confirmed": "2025-04-09"
}
},
{
"type": "Feature",
"geometry": {
"type": "Point",
"coordinates": [
9.0174536,
42.0775421
]
},
"properties": {
"ign_id": "PAIHYDRO0000000108328498",
"name": "Fontaine de Vitricione",
"state": "En service",
"ign_confirmed": "2025-04-09"
}
},
{
"type": "Feature",
"geometry": {
"type": "Point",
"coordinates": [
9.0134926,
42.0657598
]
},
"properties": {
"ign_id": "PAIHYDRO0000000108328499",
"name": "Fonfaine de Vicola",
"state": "En service",
"ign_confirmed": "2025-04-09"
}
},
{
"type": "Feature",
"geometry": {
"type": "Point",
"coordinates": [
8.9097582,
42.0761684
]
},
"properties": {
"ign_id": "PAIHYDRO0000000108328500",
"name": "Fontaine de Tartavellu",
"state": "En service",
"ign_confirmed": "2025-04-09"
}
},
{
"type": "Feature",
"geometry": {
"type": "Point",
"coordinates": [
8.7752123,
42.0756908
]
},
"properties": {
"ign_id": "PAIHYDRO0000000108328501",
"name": "Fontaine Macchiarone",
"state": "En service",
"ign_confirmed": ""
}
},
{
"type": "Feature",
"geometry": {
"type": "Point",
"coordinates": [
9.1956506,
42.025495
]
},
"properties": {
"ign_id": "PAIHYDRO0000000108328503",
"name": "Fontaine de San Pietro di Verde",
"state": "En service",
"ign_confirmed": "2025-07-15"
}
},
{
"type": "Feature",
"geometry": {
"type": "Point",
"coordinates": [
9.0468913,
42.0302316
]
},
"properties": {
"ign_id": "PAIHYDRO0000000108328516",
"name": "Fontaine de Affacciatoja",
"state": "En service",
"ign_confirmed": "2025-04-09"
}
},
{
"type": "Feature",
"geometry": {
"type": "Point",
"coordinates": [
9.0407688,
42.0317649
]
},
"properties": {
"ign_id": "PAIHYDRO0000000108328517",
"name": "Fontaine de Petra Penulla",
"state": "En service",
"ign_confirmed": "2025-04-09"
}
},
{
"type": "Feature",
"geometry": {
"type": "Point",
"coordinates": [
9.0282603,
42.0296909
]
},
"properties": {
"ign_id": "PAIHYDRO0000000108328518",
"name": "Fontaine de Busso",
"state": "En service",
"ign_confirmed": "2025-04-09"
}
},
{
"type": "Feature",
"geometry": {
"type": "Point",
"coordinates": [
9.0269733,
42.0330038
]
},
"properties": {
"ign_id": "PAIHYDRO0000000108328519",
"name": "Fontaine de Busso",
"state": "En service",
"ign_confirmed": "2025-04-09"
}
},
{
"type": "Feature",
"geometry": {
"type": "Point",
"coordinates": [
8.9996684,
42.0356446
]
},
"properties": {
"ign_id": "PAIHYDRO0000000108328520",
"name": "Fontaine de Quercione",
"state": "En service",
"ign_confirmed": "2025-04-09"
}
},
{
"type": "Feature",
"geometry": {
"type": "Point",
"coordinates": [
9.121752,
42.000442
]
},
"properties": {
"ign_id": "PAIHYDRO0000000108328537",
"name": "Fontaine du Comte",
"state": "En service",
"ign_confirmed": "2025-07-01"
}
},
{
"type": "Feature",
"geometry": {
"type": "Point",
"coordinates": [
9.079096,
42.0055678
]
},
"properties": {
"ign_id": "PAIHYDRO0000000108328542",
"name": "Fontaine de Verga",
"state": "En service",
"ign_confirmed": "2025-04-09"
}
},
{
"type": "Feature",
"geometry": {
"type": "Point",
"coordinates": [
9.0472325,
41.9928095
]
},
"properties": {
"ign_id": "PAIHYDRO0000000108328546",
"name": "Fontaine d'Ajola",
"state": "En service",
"ign_confirmed": "2025-04-09"
}
},
{
"type": "Feature",
"geometry": {
"type": "Point",
"coordinates": [
9.0509098,
41.9790828
]
},
"properties": {
"ign_id": "PAIHYDRO0000000108328568",
"name": "Fontaine de Castagnaccia",
"state": "En service",
"ign_confirmed": "2025-04-08"
}
},
{
"type": "Feature",
"geometry": {
"type": "Point",
"coordinates": [
9.1028934,
41.9465927
]
},
"properties": {
"ign_id": "PAIHYDRO0000000108328581",
"name": "Fontaine de sopra",
"state": "En service",
"ign_confirmed": "2025-04-09"
}
},
{
"type": "Feature",
"geometry": {
"type": "Point",
"coordinates": [
9.1080581,
41.9448603
]
},
"properties": {
"ign_id": "PAIHYDRO0000000108328582",
"name": "Fontanella",
"state": "En service",
"ign_confirmed": "2025-04-09"
}
},
{
"type": "Feature",
"geometry": {
"type": "Point",
"coordinates": [
9.1006031,
41.9420007
]
},
"properties": {
"ign_id": "PAIHYDRO0000000108328585",
"name": "Fontaine de Coppone",
"state": "En service",
"ign_confirmed": "2025-04-09"
}
},
{
"type": "Feature",
"geometry": {
"type": "Point",
"coordinates": [
9.0609513,
41.9450499
]
},
"properties": {
"ign_id": "PAIHYDRO0000000108328591",
"name": "Fontaine de Calderamolla",
"state": "En service",
"ign_confirmed": ""
}
},
{
"type": "Feature",
"geometry": {
"type": "Point",
"coordinates": [
8.8777801,
41.9557085
]
},
"properties": {
"ign_id": "PAIHYDRO0000000108328594",
"name": "Fontaine de Tardivaja",
"state": "En service",
"ign_confirmed": "2025-04-08"
}
},
{
"type": "Feature",
"geometry": {
"type": "Point",
"coordinates": [
8.7281039,
41.9752453
]
},
"properties": {
"ign_id": "PAIHYDRO0000000108328595",
"name": "Fontaine de Vercia",
"state": "En service",
"ign_confirmed": ""
}
},
{
"type": "Feature",
"geometry": {
"type": "Point",
"coordinates": [
8.6113533,
41.9659788
]
},
"properties": {
"ign_id": "PAIHYDRO0000000108328598",
"name": "Funtana di a Ciontra",
"state": "En service",
"ign_confirmed": ""
}
},
{
"type": "Feature",
"geometry": {
"type": "Point",
"coordinates": [
8.7244058,
41.9281937
]
},
"properties": {
"ign_id": "PAIHYDRO0000000108328620",
"name": "Fontaine du Vitullo",
"state": "En service",
"ign_confirmed": ""
}
},
{
"type": "Feature",
"geometry": {
"type": "Point",
"coordinates": [
8.6853779,
41.932916
]
},
"properties": {
"ign_id": "PAIHYDRO0000000108328621",
"name": "Funtana di Mela",
"state": "En service",
"ign_confirmed": "2015-03-17"
}
},
{
"type": "Feature",
"geometry": {
"type": "Point",
"coordinates": [
9.3617036,
41.8543837
]
},
"properties": {
"ign_id": "PAIHYDRO0000000108328625",
"name": "Fontaine Tafunata",
"state": "En service",
"ign_confirmed": "2025-07-21"
}
},
{
"type": "Feature",
"geometry": {
"type": "Point",
"coordinates": [
8.6643155,
41.9080195
]
},
"properties": {
"ign_id": "PAIHYDRO0000000108328643",
"name": "Fontaine des Calanques",
"state": "En service",
"ign_confirmed": "2015-03-10"
}
},
{
"type": "Feature",
"geometry": {
"type": "Point",
"coordinates": [
9.3758936,
41.838365
]
},
"properties": {
"ign_id": "PAIHYDRO0000000108328646",
"name": "Fontaine de Vangone",
"state": "En service",
"ign_confirmed": ""
}
},
{
"type": "Feature",
"geometry": {
"type": "Point",
"coordinates": [
9.3631328,
41.8359786
]
},
"properties": {
"ign_id": "PAIHYDRO0000000108328647",
"name": "Fontaine de Vignali",
"state": "En service",
"ign_confirmed": "2025-07-21"
}
},
{
"type": "Feature",
"geometry": {
"type": "Point",
"coordinates": [
9.0606117,
41.854155
]
},
"properties": {
"ign_id": "PAIHYDRO0000000108328661",
"name": "Funtana di Rimaldaccia",
"state": "En service",
"ign_confirmed": ""
}
},
{
"type": "Feature",
"geometry": {
"type": "Point",
"coordinates": [
9.0293344,
41.8462503
]
},
"properties": {
"ign_id": "PAIHYDRO0000000108328669",
"name": "Funtana di l'Erta",
"state": "En service",
"ign_confirmed": ""
}
},
{
"type": "Feature",
"geometry": {
"type": "Point",
"coordinates": [
9.3379358,
41.8095768
]
},
"properties": {
"ign_id": "PAIHYDRO0000000108328677",
"name": "Fontaine d'Alzacciu",
"state": "En service",
"ign_confirmed": ""
}
},
{
"type": "Feature",
"geometry": {
"type": "Point",
"coordinates": [
9.4045871,
41.7698982
]
},
"properties": {
"ign_id": "PAIHYDRO0000000108328690",
"name": "Fontaine de la Guardia",
"state": "En service",
"ign_confirmed": ""
}
},
{
"type": "Feature",
"geometry": {
"type": "Point",
"coordinates": [
9.2284478,
41.7945843
]
},
"properties": {
"ign_id": "PAIHYDRO0000000108328695",
"name": "Funtana di u Cannone",
"state": "En service",
"ign_confirmed": "2025-04-09"
}
},
{
"type": "Feature",
"geometry": {
"type": "Point",
"coordinates": [
9.2149079,
41.7744161
]
},
"properties": {
"ign_id": "PAIHYDRO0000000108328700",
"name": "Fontaine de Titinella",
"state": "En service",
"ign_confirmed": ""
}
},
{
"type": "Feature",
"geometry": {
"type": "Point",
"coordinates": [
8.872512,
41.8203613
]
},
"properties": {
"ign_id": "PAIHYDRO0000000108328715",
"name": "Funtana di Leccia",
"state": "En service",
"ign_confirmed": ""
}
},
{
"type": "Feature",
"geometry": {
"type": "Point",
"coordinates": [
8.8475348,
41.7799128
]
},
"properties": {
"ign_id": "PAIHYDRO0000000108328735",
"name": "Funtana di Valle di Sala",
"state": "En service",
"ign_confirmed": ""
}
},
{
"type": "Feature",
"geometry": {
"type": "Point",
"coordinates": [
9.3881704,
41.7286089
]
},
"properties": {
"ign_id": "PAIHYDRO0000000108328743",
"name": "Fontaine de San Polu",
"state": "En service",
"ign_confirmed": ""
}
},
{
"type": "Feature",
"geometry": {
"type": "Point",
"coordinates": [
9.3825437,
41.7157765
]
},
"properties": {
"ign_id": "PAIHYDRO0000000108328744",
"name": "Funtana Tristanu",
"state": "En service",
"ign_confirmed": ""
}
},
{
"type": "Feature",
"geometry": {
"type": "Point",
"coordinates": [
9.1385999,
41.7327914
]
},
"properties": {
"ign_id": "PAIHYDRO0000000108328745",
"name": "Funtana di Cucciari",
"state": "En service",
"ign_confirmed": ""
}
},
{
"type": "Feature",
"geometry": {
"type": "Point",
"coordinates": [
9.1366214,
41.736204
]
},
"properties": {
"ign_id": "PAIHYDRO0000000108328746",
"name": "Funtana di Muratu",
"state": "En service",
"ign_confirmed": ""
}
},
{
"type": "Feature",
"geometry": {
"type": "Point",
"coordinates": [
9.1268126,
41.7407765
]
},
"properties": {
"ign_id": "PAIHYDRO0000000108328747",
"name": "Funtana d'Altagnoli",
"state": "En service",
"ign_confirmed": ""
}
},
{
"type": "Feature",
"geometry": {
"type": "Point",
"coordinates": [
9.1193774,
41.7276151
]
},
"properties": {
"ign_id": "PAIHYDRO0000000108328748",
"name": "Funtana di Cavalletti",
"state": "En service",
"ign_confirmed": ""
}
},
{
"type": "Feature",
"geometry": {
"type": "Point",
"coordinates": [
9.2114184,
41.7007847
]
},
"properties": {
"ign_id": "PAIHYDRO0000000108328759",
"name": "Fontaine des Bandits",
"state": "En service",
"ign_confirmed": ""
}
},
{
"type": "Feature",
"geometry": {
"type": "Point",
"coordinates": [
9.1724092,
41.6957127
]
},
"properties": {
"ign_id": "PAIHYDRO0000000108328760",
"name": "Funtana di Vasculi",
"state": "En service",
"ign_confirmed": ""
}
},
{
"type": "Feature",
"geometry": {
"type": "Point",
"coordinates": [
9.3657432,
41.6475256
]
},
"properties": {
"ign_id": "PAIHYDRO0000000108328781",
"name": "Fontaine d'Avale",
"state": "En service",
"ign_confirmed": ""
}
},
{
"type": "Feature",
"geometry": {
"type": "Point",
"coordinates": [
9.1359181,
41.6706303
]
},
"properties": {
"ign_id": "PAIHYDRO0000000108328785",
"name": "Funtana di Leva",
"state": "En service",
"ign_confirmed": ""
}
},
{
"type": "Feature",
"geometry": {
"type": "Point",
"coordinates": [
9.1214172,
41.6729504
]
},
"properties": {
"ign_id": "PAIHYDRO0000000108328786",
"name": "Funtana di Monte Maio",
"state": "En service",
"ign_confirmed": ""
}
},
{
"type": "Feature",
"geometry": {
"type": "Point",
"coordinates": [
9.1206529,
41.6855215
]
},
"properties": {
"ign_id": "PAIHYDRO0000000108328787",
"name": "Funtana di Canta Gallu",
"state": "En service",
"ign_confirmed": ""
}
},
{
"type": "Feature",
"geometry": {
"type": "Point",
"coordinates": [
9.1094219,
41.6696498
]
},
"properties": {
"ign_id": "PAIHYDRO0000000108328788",
"name": "Funtana di Leccia Fresca",
"state": "En service",
"ign_confirmed": ""
}
},
{
"type": "Feature",
"geometry": {
"type": "Point",
"coordinates": [
9.1067265,
41.6622264
]
},
"properties": {
"ign_id": "PAIHYDRO0000000108328789",
"name": "Funtana d'Ercole",
"state": "En service",
"ign_confirmed": ""
}
},
{
"type": "Feature",
"geometry": {
"type": "Point",
"coordinates": [
9.2743673,
41.6359912
]
},
"properties": {
"ign_id": "PAIHYDRO0000000108328802",
"name": "Fontaine de Verdu",
"state": "En service",
"ign_confirmed": ""
}
},
{
"type": "Feature",
"geometry": {
"type": "Point",
"coordinates": [
9.2009512,
41.6527104
]
},
"properties": {
"ign_id": "PAIHYDRO0000000108328803",
"name": "Fontaine de Gavino",
"state": "En service",
"ign_confirmed": ""
}
},
{
"type": "Feature",
"geometry": {
"type": "Point",
"coordinates": [
9.1391838,
41.6286494
]
},
"properties": {
"ign_id": "PAIHYDRO0000000108328805",
"name": "Funtana d'Ario",
"state": "En service",
"ign_confirmed": ""
}
},
{
"type": "Feature",
"geometry": {
"type": "Point",
"coordinates": [
9.1430959,
41.6335082
]
},
"properties": {
"ign_id": "PAIHYDRO0000000108328806",
"name": "Funtana di Piratelle",
"state": "En service",
"ign_confirmed": ""
}
},
{
"type": "Feature",
"geometry": {
"type": "Point",
"coordinates": [
9.1224006,
41.643461
]
},
"properties": {
"ign_id": "PAIHYDRO0000000108328807",
"name": "Funtana Rossa",
"state": "En service",
"ign_confirmed": ""
}
},
{
"type": "Feature",
"geometry": {
"type": "Point",
"coordinates": [
9.1202329,
41.6537813
]
},
"properties": {
"ign_id": "PAIHYDRO0000000108328808",
"name": "Funtana di Laga",
"state": "En service",
"ign_confirmed": ""
}
},
{
"type": "Feature",
"geometry": {
"type": "Point",
"coordinates": [
9.1234096,
41.6512299
]
},
"properties": {
"ign_id": "PAIHYDRO0000000108328809",
"name": "Funtana d'Urtale",
"state": "En service",
"ign_confirmed": ""
}
},
{
"type": "Feature",
"geometry": {
"type": "Point",
"coordinates": [
9.1835106,
41.6020475
]
},
"properties": {
"ign_id": "PAIHYDRO0000000108328817",
"name": "Points d'Eau de Niellone",
"state": "En service",
"ign_confirmed": ""
}
},
{
"type": "Feature",
"geometry": {
"type": "Point",
"coordinates": [
9.09967,
41.6131811
]
},
"properties": {
"ign_id": "PAIHYDRO0000000108328819",
"name": "Funtana di Pandolicce",
"state": "En service",
"ign_confirmed": ""
}
},
{
"type": "Feature",
"geometry": {
"type": "Point",
"coordinates": [
9.0889537,
41.6144552
]
},
"properties": {
"ign_id": "PAIHYDRO0000000108328820",
"name": "Funtana di Biccheruta",
"state": "En service",
"ign_confirmed": ""
}
},
{
"type": "Feature",
"geometry": {
"type": "Point",
"coordinates": [
8.9590072,
41.6163305
]
},
"properties": {
"ign_id": "PAIHYDRO0000000108328822",
"name": "Fontaine de Buttiglionu",
"state": "En service",
"ign_confirmed": ""
}
},
{
"type": "Feature",
"geometry": {
"type": "Point",
"coordinates": [
9.0920154,
41.5928528
]
},
"properties": {
"ign_id": "PAIHYDRO0000000108328835",
"name": "Funtana d'Apaseu",
"state": "En service",
"ign_confirmed": ""
}
},
{
"type": "Feature",
"geometry": {
"type": "Point",
"coordinates": [
8.898003,
41.6036139
]
},
"properties": {
"ign_id": "PAIHYDRO0000000108328836",
"name": "Fontaine d'Aravu",
"state": "En service",
"ign_confirmed": ""
}
},
{
"type": "Feature",
"geometry": {
"type": "Point",
"coordinates": [
9.1016361,
41.5342332
]
},
"properties": {
"ign_id": "PAIHYDRO0000000108328848",
"name": "Fontaine d'Uriolu",
"state": "En service",
"ign_confirmed": ""
}
},
{
"type": "Feature",
"geometry": {
"type": "Point",
"coordinates": [
9.1324192,
41.4770589
]
},
"properties": {
"ign_id": "PAIHYDRO0000000108328870",
"name": "Funtana di u Monte Biancu",
"state": "En service",
"ign_confirmed": ""
}
},
{
"type": "Feature",
"geometry": {
"type": "Point",
"coordinates": [
9.1357152,
41.4082687
]
},
"properties": {
"ign_id": "PAIHYDRO0000000108328891",
"name": "Fontaine de Ferraru",
"state": "En service",
"ign_confirmed": ""
}
},
{
"type": "Feature",
"geometry": {
"type": "Point",
"coordinates": [
9.4107879,
42.8634043
]
},
"properties": {
"ign_id": "PAIHYDRO0000000109749877",
"name": "Funtana di Tassu",
"state": "En service",
"ign_confirmed": ""
}
},
{
"type": "Feature",
"geometry": {
"type": "Point",
"coordinates": [
9.4082861,
42.8844592
]
},
"properties": {
"ign_id": "PAIHYDRO0000000109749878",
"name": "Fontaine de Canali",
"state": "En service",
"ign_confirmed": ""
}
},
{
"type": "Feature",
"geometry": {
"type": "Point",
"coordinates": [
9.4114927,
42.856194
]
},
"properties": {
"ign_id": "PAIHYDRO0000000109749881",
"name": "Funtana di e Palmente",
"state": "En service",
"ign_confirmed": ""
}
},
{
"type": "Feature",
"geometry": {
"type": "Point",
"coordinates": [
9.3915383,
42.8594826
]
},
"properties": {
"ign_id": "PAIHYDRO0000000109749882",
"name": "Funtana di a Petricaghjola",
"state": "En service",
"ign_confirmed": ""
}
},
{
"type": "Feature",
"geometry": {
"type": "Point",
"coordinates": [
9.3527038,
42.8466172
]
},
"properties": {
"ign_id": "PAIHYDRO0000000109749883",
"name": "Funtana d'Acqua Dolce",
"state": "En service",
"ign_confirmed": ""
}
},
{
"type": "Feature",
"geometry": {
"type": "Point",
"coordinates": [
9.4687555,
42.801664
]
},
"properties": {
"ign_id": "PAIHYDRO0000000109749884",
"name": "Fontaine de Liscione",
"state": "En service",
"ign_confirmed": ""
}
},
{
"type": "Feature",
"geometry": {
"type": "Point",
"coordinates": [
9.4433449,
42.7918451
]
},
"properties": {
"ign_id": "PAIHYDRO0000000109749886",
"name": "Fontaine de Cardetto",
"state": "En service",
"ign_confirmed": ""
}
},
{
"type": "Feature",
"geometry": {
"type": "Point",
"coordinates": [
9.4056712,
42.7808235
]
},
"properties": {
"ign_id": "PAIHYDRO0000000109749887",
"name": "Funtana di Sardo",
"state": "En service",
"ign_confirmed": ""
}
},
{
"type": "Feature",
"geometry": {
"type": "Point",
"coordinates": [
9.3597497,
42.7787086
]
},
"properties": {
"ign_id": "PAIHYDRO0000000109749890",
"name": "Funtana di Marzo",
"state": "En service",
"ign_confirmed": ""
}
},
{
"type": "Feature",
"geometry": {
"type": "Point",
"coordinates": [
9.3468529,
42.7857126
]
},
"properties": {
"ign_id": "PAIHYDRO0000000109749891",
"name": "Fontaine de Sainte-Julie",
"state": "En service",
"ign_confirmed": "2025-03-05"
}
},
{
"type": "Feature",
"geometry": {
"type": "Point",
"coordinates": [
9.3964161,
42.7279962
]
},
"properties": {
"ign_id": "PAIHYDRO0000000109749894",
"name": "Funtana di Alziccia",
"state": "En service",
"ign_confirmed": ""
}
},
{
"type": "Feature",
"geometry": {
"type": "Point",
"coordinates": [
9.1981112,
42.7057861
]
},
"properties": {
"ign_id": "PAIHYDRO0000000109749909",
"name": "Fontaine de Cervarecciu",
"state": "En service",
"ign_confirmed": ""
}
},
{
"type": "Feature",
"geometry": {
"type": "Point",
"coordinates": [
9.4133054,
42.6559641
]
},
"properties": {
"ign_id": "PAIHYDRO0000000109749915",
"name": "Funtanuccia",
"state": "En service",
"ign_confirmed": "2025-03-20"
}
},
{
"type": "Feature",
"geometry": {
"type": "Point",
"coordinates": [
9.2307645,
42.6806809
]
},
"properties": {
"ign_id": "PAIHYDRO0000000109749921",
"name": "Fontaine de Valle di Morta",
"state": "En service",
"ign_confirmed": ""
}
},
{
"type": "Feature",
"geometry": {
"type": "Point",
"coordinates": [
9.3512994,
42.6359269
]
},
"properties": {
"ign_id": "PAIHYDRO0000000109749931",
"name": "Funtana di Mersolaccia",
"state": "En service",
"ign_confirmed": "2025-03-27"
}
},
{
"type": "Feature",
"geometry": {
"type": "Point",
"coordinates": [
9.3245625,
42.6473506
]
},
"properties": {
"ign_id": "PAIHYDRO0000000109749932",
"name": "Funtana di e Piane",
"state": "En service",
"ign_confirmed": ""
}
},
{
"type": "Feature",
"geometry": {
"type": "Point",
"coordinates": [
9.2648117,
42.6403419
]
},
"properties": {
"ign_id": "PAIHYDRO0000000109749933",
"name": "Fontaine de Porraghia",
"state": "En service",
"ign_confirmed": "2015-04-09"
}
},
{
"type": "Feature",
"geometry": {
"type": "Point",
"coordinates": [
9.2674049,
42.6547742
]
},
"properties": {
"ign_id": "PAIHYDRO0000000109749934",
"name": "Funtana a Morello",
"state": "En service",
"ign_confirmed": "2015-04-09"
}
},
{
"type": "Feature",
"geometry": {
"type": "Point",
"coordinates": [
9.2447298,
42.6558117
]
},
"properties": {
"ign_id": "PAIHYDRO0000000109749936",
"name": "Funtana di Suali",
"state": "En service",
"ign_confirmed": ""
}
},
{
"type": "Feature",
"geometry": {
"type": "Point",
"coordinates": [
9.2314443,
42.6519317
]
},
"properties": {
"ign_id": "PAIHYDRO0000000109749938",
"name": "Funtana di Tavaglinca",
"state": "En service",
"ign_confirmed": ""
}
},
{
"type": "Feature",
"geometry": {
"type": "Point",
"coordinates": [
9.2364819,
42.6578135
]
},
"properties": {
"ign_id": "PAIHYDRO0000000109749940",
"name": "Funtana di Lavandaio",
"state": "En service",
"ign_confirmed": ""
}
},
{
"type": "Feature",
"geometry": {
"type": "Point",
"coordinates": [
9.1793272,
42.6540801
]
},
"properties": {
"ign_id": "PAIHYDRO0000000109749949",
"name": "Funtana di Baccialu",
"state": "En service",
"ign_confirmed": ""
}
},
{
"type": "Feature",
"geometry": {
"type": "Point",
"coordinates": [
9.0930568,
42.6728795
]
},
"properties": {
"ign_id": "PAIHYDRO0000000109749950",
"name": "Fontaine de Padula",
"state": "En service",
"ign_confirmed": ""
}
},
{
"type": "Feature",
"geometry": {
"type": "Point",
"coordinates": [
9.0616833,
42.6666267
]
},
"properties": {
"ign_id": "PAIHYDRO0000000109749952",
"name": "Fontaine de Cornachia",
"state": "En service",
"ign_confirmed": ""
}
},
{
"type": "Feature",
"geometry": {
"type": "Point",
"coordinates": [
9.3930365,
42.5984394
]
},
"properties": {
"ign_id": "PAIHYDRO0000000109749960",
"name": "Fontaine de Cannute",
"state": "En service",
"ign_confirmed": "2025-04-02"
}
},
{
"type": "Feature",
"geometry": {
"type": "Point",
"coordinates": [
9.2248648,
42.6157051
]
},
"properties": {
"ign_id": "PAIHYDRO0000000109749971",
"name": "Funtana di e Belle Fronze",
"state": "En service",
"ign_confirmed": ""
}
},
{
"type": "Feature",
"geometry": {
"type": "Point",
"coordinates": [
9.1733109,
42.6112311
]
},
"properties": {
"ign_id": "PAIHYDRO0000000109749981",
"name": "Funtana di Sabinaccio",
"state": "En service",
"ign_confirmed": ""
}
},
{
"type": "Feature",
"geometry": {
"type": "Point",
"coordinates": [
8.956316,
42.6291936
]
},
"properties": {
"ign_id": "PAIHYDRO0000000109749993",
"name": "Fontaine de Mandria",
"state": "En service",
"ign_confirmed": ""
}
},
{
"type": "Feature",
"geometry": {
"type": "Point",
"coordinates": [
9.3841547,
42.5898554
]
},
"properties": {
"ign_id": "PAIHYDRO0000000109750003",
"name": "Fontaine de Casella",
"state": "En service",
"ign_confirmed": ""
}
},
{
"type": "Feature",
"geometry": {
"type": "Point",
"coordinates": [
9.3791352,
42.5850418
]
},
"properties": {
"ign_id": "PAIHYDRO0000000109750005",
"name": "Fontaine de Pianello",
"state": "En service",
"ign_confirmed": ""
}
},
{
"type": "Feature",
"geometry": {
"type": "Point",
"coordinates": [
9.3822024,
42.580565
]
},
"properties": {
"ign_id": "PAIHYDRO0000000109750007",
"name": "Fontaine de Mucarella",
"state": "En service",
"ign_confirmed": ""
}
},
{
"type": "Feature",
"geometry": {
"type": "Point",
"coordinates": [
9.3717713,
42.5855065
]
},
"properties": {
"ign_id": "PAIHYDRO0000000109750010",
"name": "Fontaine de Jattaje",
"state": "En service",
"ign_confirmed": ""
}
},
{
"type": "Feature",
"geometry": {
"type": "Point",
"coordinates": [
9.3650327,
42.5773677
]
},
"properties": {
"ign_id": "PAIHYDRO0000000109750011",
"name": "Funtana Nova",
"state": "En service",
"ign_confirmed": ""
}
},
{
"type": "Feature",
"geometry": {
"type": "Point",
"coordinates": [
9.3702356,
42.5816
]
},
"properties": {
"ign_id": "PAIHYDRO0000000109750013",
"name": "Fontaine de Pantane",
"state": "En service",
"ign_confirmed": "2025-03-21"
}
},
{
"type": "Feature",
"geometry": {
"type": "Point",
"coordinates": [
9.3446034,
42.5966959
]
},
"properties": {
"ign_id": "PAIHYDRO0000000109750014",
"name": "Funtana a Casella",
"state": "En service",
"ign_confirmed": ""
}
},
{
"type": "Feature",
"geometry": {
"type": "Point",
"coordinates": [
9.314371,
42.5908357
]
},
"properties": {
"ign_id": "PAIHYDRO0000000109750019",
"name": "Funtana Ghiacciata",
"state": "En service",
"ign_confirmed": ""
}
},
{
"type": "Feature",
"geometry": {
"type": "Point",
"coordinates": [
9.2893498,
42.5751583
]
},
"properties": {
"ign_id": "PAIHYDRO0000000109750021",
"name": "Fontaine Parmente",
"state": "En service",
"ign_confirmed": ""
}
},
{
"type": "Feature",
"geometry": {
"type": "Point",
"coordinates": [
9.28626,
42.5761405
]
},
"properties": {
"ign_id": "PAIHYDRO0000000109750022",
"name": "Funtana Rossa",
"state": "En service",
"ign_confirmed": "2025-03-24"
}
},
{
"type": "Feature",
"geometry": {
"type": "Point",
"coordinates": [
9.2823037,
42.5806286
]
},
"properties": {
"ign_id": "PAIHYDRO0000000109750023",
"name": "Funtana di Gargalella",
"state": "En service",
"ign_confirmed": ""
}
},
{
"type": "Feature",
"geometry": {
"type": "Point",
"coordinates": [
9.2685749,
42.6008858
]
},
"properties": {
"ign_id": "PAIHYDRO0000000109750027",
"name": "Fontaine de Vetricione",
"state": "En service",
"ign_confirmed": ""
}
},
{
"type": "Feature",
"geometry": {
"type": "Point",
"coordinates": [
9.2630452,
42.5766978
]
},
"properties": {
"ign_id": "PAIHYDRO0000000109750031",
"name": "Funtana Tiglietu",
"state": "En service",
"ign_confirmed": ""
}
},
{
"type": "Feature",
"geometry": {
"type": "Point",
"coordinates": [
9.2549468,
42.5873566
]
},
"properties": {
"ign_id": "PAIHYDRO0000000109750034",
"name": "Funtana di Mausina",
"state": "En service",
"ign_confirmed": ""
}
},
{
"type": "Feature",
"geometry": {
"type": "Point",
"coordinates": [
9.2471162,
42.58401
]
},
"properties": {
"ign_id": "PAIHYDRO0000000109750039",
"name": "Funtana d'Ornelli",
"state": "En service",
"ign_confirmed": ""
}
},
{
"type": "Feature",
"geometry": {
"type": "Point",
"coordinates": [
9.193724,
42.5828726
]
},
"properties": {
"ign_id": "PAIHYDRO0000000109750053",
"name": "Funtana di a Pidocchiosa",
"state": "En service",
"ign_confirmed": ""
}
},
{
"type": "Feature",
"geometry": {
"type": "Point",
"coordinates": [
9.175165,
42.5796395
]
},
"properties": {
"ign_id": "PAIHYDRO0000000109750057",
"name": "Funtana Bona",
"state": "En service",
"ign_confirmed": "2025-05-05"
}
},
{
"type": "Feature",
"geometry": {
"type": "Point",
"coordinates": [
9.1718449,
42.5965188
]
},
"properties": {
"ign_id": "PAIHYDRO0000000109750059",
"name": "Funtana Soprana",
"state": "En service",
"ign_confirmed": ""
}
},
{
"type": "Feature",
"geometry": {
"type": "Point",
"coordinates": [
9.1175878,
42.5888212
]
},
"properties": {
"ign_id": "PAIHYDRO0000000109750061",
"name": "Fontaine de Cuzia",
"state": "En service",
"ign_confirmed": ""
}
},
{
"type": "Feature",
"geometry": {
"type": "Point",
"coordinates": [
9.1056268,
42.5906996
]
},
"properties": {
"ign_id": "PAIHYDRO0000000109750062",
"name": "Fontaine de Chiurita",
"state": "En service",
"ign_confirmed": ""
}
},
{
"type": "Feature",
"geometry": {
"type": "Point",
"coordinates": [
9.4075449,
42.5454671
]
},
"properties": {
"ign_id": "PAIHYDRO0000000109750086",
"name": "Funtanella",
"state": "En service",
"ign_confirmed": ""
}
},
{
"type": "Feature",
"geometry": {
"type": "Point",
"coordinates": [
9.2389759,
42.5593695
]
},
"properties": {
"ign_id": "PAIHYDRO0000000109750115",
"name": "Funtana di u Chiarasgiu",
"state": "En service",
"ign_confirmed": ""
}
},
{
"type": "Feature",
"geometry": {
"type": "Point",
"coordinates": [
9.2207075,
42.570768
]
},
"properties": {
"ign_id": "PAIHYDRO0000000109750134",
"name": "Funtana di a Parata",
"state": "En service",
"ign_confirmed": ""
}
},
{
"type": "Feature",
"geometry": {
"type": "Point",
"coordinates": [
9.175184,
42.5758375
]
},
"properties": {
"ign_id": "PAIHYDRO0000000109750141",
"name": "Funtana di Canali",
"state": "En service",
"ign_confirmed": ""
}
},
{
"type": "Feature",
"geometry": {
"type": "Point",
"coordinates": [
9.0502525,
42.5818019
]
},
"properties": {
"ign_id": "PAIHYDRO0000000109750150",
"name": "Funtana Ghiacciata",
"state": "En service",
"ign_confirmed": ""
}
},
{
"type": "Feature",
"geometry": {
"type": "Point",
"coordinates": [
9.0439578,
42.5864551
]
},
"properties": {
"ign_id": "PAIHYDRO0000000109750152",
"name": "Funtana Nova",
"state": "En service",
"ign_confirmed": ""
}
},
{
"type": "Feature",
"geometry": {
"type": "Point",
"coordinates": [
9.0427343,
42.5875163
]
},
"properties": {
"ign_id": "PAIHYDRO0000000109750154",
"name": "Funtana Vecchia",
"state": "En service",
"ign_confirmed": ""
}
},
{
"type": "Feature",
"geometry": {
"type": "Point",
"coordinates": [
9.4093886,
42.5110923
]
},
"properties": {
"ign_id": "PAIHYDRO0000000109750171",
"name": "Source de Cantone",
"state": "En service",
"ign_confirmed": "2015-06-01"
}
},
{
"type": "Feature",
"geometry": {
"type": "Point",
"coordinates": [
9.3440577,
42.5304176
]
},
"properties": {
"ign_id": "PAIHYDRO0000000109750183",
"name": "Funtana di Vituli",
"state": "En service",
"ign_confirmed": ""
}
},
{
"type": "Feature",
"geometry": {
"type": "Point",
"coordinates": [
9.2829279,
42.5254749
]
},
"properties": {
"ign_id": "PAIHYDRO0000000109750190",
"name": "Fontaine de Barosaccia",
"state": "En service",
"ign_confirmed": ""
}
},
{
"type": "Feature",
"geometry": {
"type": "Point",
"coordinates": [
9.2743479,
42.5155369
]
},
"properties": {
"ign_id": "PAIHYDRO0000000109750191",
"name": "Fontaine d'Acquatella",
"state": "En service",
"ign_confirmed": ""
}
},
{
"type": "Feature",
"geometry": {
"type": "Point",
"coordinates": [
9.0362068,
42.5411182
]
},
"properties": {
"ign_id": "PAIHYDRO0000000109750218",
"name": "Fontaine d'Ombrese",
"state": "En service",
"ign_confirmed": "2025-05-05"
}
},
{
"type": "Feature",
"geometry": {
"type": "Point",
"coordinates": [
8.8894448,
42.5649866
]
},
"properties": {
"ign_id": "PAIHYDRO0000000109750228",
"name": "Fontaine de Pagliojolo",
"state": "En service",
"ign_confirmed": ""
}
},
{
"type": "Feature",
"geometry": {
"type": "Point",
"coordinates": [
8.7340854,
42.5519673
]
},
"properties": {
"ign_id": "PAIHYDRO0000000109750233",
"name": "Funtana d'Acqua",
"state": "En service",
"ign_confirmed": ""
}
},
{
"type": "Feature",
"geometry": {
"type": "Point",
"coordinates": [
9.4477982,
42.4861884
]
},
"properties": {
"ign_id": "PAIHYDRO0000000109750241",
"name": "Funtana Merzana",
"state": "En service",
"ign_confirmed": "2015-06-03"
}
},
{
"type": "Feature",
"geometry": {
"type": "Point",
"coordinates": [
9.3920379,
42.4780289
]
},
"properties": {
"ign_id": "PAIHYDRO0000000109750255",
"name": "Fontaine de Carogne",
"state": "En service",
"ign_confirmed": ""
}
},
{
"type": "Feature",
"geometry": {
"type": "Point",
"coordinates": [
9.3272179,
42.5076485
]
},
"properties": {
"ign_id": "PAIHYDRO0000000109750266",
"name": "Funtana Secca",
"state": "En service",
"ign_confirmed": "2015-06-01"
}
},
{
"type": "Feature",
"geometry": {
"type": "Point",
"coordinates": [
9.2895745,
42.4986618
]
},
"properties": {
"ign_id": "PAIHYDRO0000000109750271",
"name": "Funtana di l'Albata",
"state": "En service",
"ign_confirmed": ""
}
},
{
"type": "Feature",
"geometry": {
"type": "Point",
"coordinates": [
9.2648576,
42.4927452
]
},
"properties": {
"ign_id": "PAIHYDRO0000000109750273",
"name": "Fontaine de Roda",
"state": "En service",
"ign_confirmed": ""
}
},
{
"type": "Feature",
"geometry": {
"type": "Point",
"coordinates": [
9.4711235,
42.4416864
]
},
"properties": {
"ign_id": "PAIHYDRO0000000109750301",
"name": "Fontaine de Furnile",
"state": "En service",
"ign_confirmed": ""
}
},
{
"type": "Feature",
"geometry": {
"type": "Point",
"coordinates": [
9.4532994,
42.4631033
]
},
"properties": {
"ign_id": "PAIHYDRO0000000109750307",
"name": "Fontaine de Vecchia",
"state": "En service",
"ign_confirmed": "2015-06-23"
}
},
{
"type": "Feature",
"geometry": {
"type": "Point",
"coordinates": [
9.4018648,
42.4475373
]
},
"properties": {
"ign_id": "PAIHYDRO0000000109750325",
"name": "Fontaine de Santa Reparata",
"state": "En service",
"ign_confirmed": "2015-06-23"
}
},
{
"type": "Feature",
"geometry": {
"type": "Point",
"coordinates": [
9.4040142,
42.4487147
]
},
"properties": {
"ign_id": "PAIHYDRO0000000109750328",
"name": "Fontaine de Foce",
"state": "En service",
"ign_confirmed": ""
}
},
{
"type": "Feature",
"geometry": {
"type": "Point",
"coordinates": [
9.3920258,
42.4700816
]
},
"properties": {
"ign_id": "PAIHYDRO0000000109750337",
"name": "Fontaine de Monte",
"state": "En service",
"ign_confirmed": ""
}
},
{
"type": "Feature",
"geometry": {
"type": "Point",
"coordinates": [
9.3649185,
42.4497884
]
},
"properties": {
"ign_id": "PAIHYDRO0000000109750342",
"name": "Funtana di Castagnu Seccu",
"state": "En service",
"ign_confirmed": "2015-05-29"
}
},
{
"type": "Feature",
"geometry": {
"type": "Point",
"coordinates": [
9.494811,
42.4149126
]
},
"properties": {
"ign_id": "PAIHYDRO0000000109750402",
"name": "Fontaine de Selva",
"state": "En service",
"ign_confirmed": ""
}
},
{
"type": "Feature",
"geometry": {
"type": "Point",
"coordinates": [
9.5044516,
42.4394444
]
},
"properties": {
"ign_id": "PAIHYDRO0000000109750403",
"name": "Fontaine de Vallone",
"state": "En service",
"ign_confirmed": ""
}
},
{
"type": "Feature",
"geometry": {
"type": "Point",
"coordinates": [
9.4849541,
42.4286485
]
},
"properties": {
"ign_id": "PAIHYDRO0000000109750404",
"name": "Fontaine de Cintrone",
"state": "En service",
"ign_confirmed": ""
}
},
{
"type": "Feature",
"geometry": {
"type": "Point",
"coordinates": [
9.4727435,
42.4310095
]
},
"properties": {
"ign_id": "PAIHYDRO0000000109750412",
"name": "Fontaine de Campanile",
"state": "En service",
"ign_confirmed": ""
}
},
{
"type": "Feature",
"geometry": {
"type": "Point",
"coordinates": [
9.4673385,
42.4335407
]
},
"properties": {
"ign_id": "PAIHYDRO0000000109750413",
"name": "Fontaine de Valle",
"state": "En service",
"ign_confirmed": ""
}
},
{
"type": "Feature",
"geometry": {
"type": "Point",
"coordinates": [
9.463947,
42.438876
]
},
"properties": {
"ign_id": "PAIHYDRO0000000109750414",
"name": "Funtana a e Donne",
"state": "En service",
"ign_confirmed": ""
}
},
{
"type": "Feature",
"geometry": {
"type": "Point",
"coordinates": [
9.4666247,
42.4238348
]
},
"properties": {
"ign_id": "PAIHYDRO0000000109750417",
"name": "Fontaine de Lava Culo",
"state": "En service",
"ign_confirmed": ""
}
},
{
"type": "Feature",
"geometry": {
"type": "Point",
"coordinates": [
9.4670758,
42.4116456
]
},
"properties": {
"ign_id": "PAIHYDRO0000000109750418",
"name": "Fontaine de Canale",
"state": "En service",
"ign_confirmed": "2015-05-19"
}
},
{
"type": "Feature",
"geometry": {
"type": "Point",
"coordinates": [
9.4696038,
42.4338106
]
},
"properties": {
"ign_id": "PAIHYDRO0000000109750420",
"name": "Fontaine de Cintrone",
"state": "En service",
"ign_confirmed": ""
}
},
{
"type": "Feature",
"geometry": {
"type": "Point",
"coordinates": [
9.4651308,
42.4132709
]
},
"properties": {
"ign_id": "PAIHYDRO0000000109750424",
"name": "Funtanone",
"state": "En service",
"ign_confirmed": ""
}
},
{
"type": "Feature",
"geometry": {
"type": "Point",
"coordinates": [
9.4037367,
42.43975
]
},
"properties": {
"ign_id": "PAIHYDRO0000000109750442",
"name": "Fontaine de Poggiolaccia",
"state": "En service",
"ign_confirmed": ""
}
},
{
"type": "Feature",
"geometry": {
"type": "Point",
"coordinates": [
9.3765243,
42.4188415
]
},
"properties": {
"ign_id": "PAIHYDRO0000000109750446",
"name": "Fontaine de Tuglia",
"state": "En service",
"ign_confirmed": ""
}
},
{
"type": "Feature",
"geometry": {
"type": "Point",
"coordinates": [
9.3617115,
42.4257346
]
},
"properties": {
"ign_id": "PAIHYDRO0000000109750450",
"name": "Fontaine de Cintrone",
"state": "En service",
"ign_confirmed": ""
}
},
{
"type": "Feature",
"geometry": {
"type": "Point",
"coordinates": [
9.3647332,
42.4423181
]
},
"properties": {
"ign_id": "PAIHYDRO0000000109750452",
"name": "Funtana di Bombulu",
"state": "En service",
"ign_confirmed": ""
}
},
{
"type": "Feature",
"geometry": {
"type": "Point",
"coordinates": [
9.3619964,
42.4242386
]
},
"properties": {
"ign_id": "PAIHYDRO0000000109750454",
"name": "Fontaine de la Costa",
"state": "En service",
"ign_confirmed": ""
}
},
{
"type": "Feature",
"geometry": {
"type": "Point",
"coordinates": [
9.3445104,
42.4445073
]
},
"properties": {
"ign_id": "PAIHYDRO0000000109750460",
"name": "Funtana di Valle",
"state": "En service",
"ign_confirmed": ""
}
},
{
"type": "Feature",
"geometry": {
"type": "Point",
"coordinates": [
9.2399334,
42.4359089
]
},
"properties": {
"ign_id": "PAIHYDRO0000000109750476",
"name": "Fontaine de Salgi",
"state": "En service",
"ign_confirmed": ""
}
},
{
"type": "Feature",
"geometry": {
"type": "Point",
"coordinates": [
9.1842704,
42.4476157
]
},
"properties": {
"ign_id": "PAIHYDRO0000000109750483",
"name": "Fontaine de Melo",
"state": "En service",
"ign_confirmed": ""
}
},
{
"type": "Feature",
"geometry": {
"type": "Point",
"coordinates": [
9.4806394,
42.4045697
]
},
"properties": {
"ign_id": "PAIHYDRO0000000109750504",
"name": "Fontaine de Migliari",
"state": "En service",
"ign_confirmed": ""
}
},
{
"type": "Feature",
"geometry": {
"type": "Point",
"coordinates": [
9.4774554,
42.4072962
]
},
"properties": {
"ign_id": "PAIHYDRO0000000109750507",
"name": "Fontaine de San Rocco",
"state": "En service",
"ign_confirmed": "2015-05-19"
}
},
{
"type": "Feature",
"geometry": {
"type": "Point",
"coordinates": [
9.4210019,
42.4136588
]
},
"properties": {
"ign_id": "PAIHYDRO0000000109750526",
"name": "Fontaine de Concia",
"state": "En service",
"ign_confirmed": ""
}
},
{
"type": "Feature",
"geometry": {
"type": "Point",
"coordinates": [
9.413695,
42.4085086
]
},
"properties": {
"ign_id": "PAIHYDRO0000000109750531",
"name": "Fontaine d'Alzi",
"state": "En service",
"ign_confirmed": ""
}
},
{
"type": "Feature",
"geometry": {
"type": "Point",
"coordinates": [
9.4095878,
42.4128749
]
},
"properties": {
"ign_id": "PAIHYDRO0000000109750534",
"name": "Fontaine de Canale",
"state": "En service",
"ign_confirmed": ""
}
},
{
"type": "Feature",
"geometry": {
"type": "Point",
"coordinates": [
9.4043888,
42.412886
]
},
"properties": {
"ign_id": "PAIHYDRO0000000109750538",
"name": "Fontaine de Bonifacio",
"state": "En service",
"ign_confirmed": "2015-05-21"
}
},
{
"type": "Feature",
"geometry": {
"type": "Point",
"coordinates": [
9.389258,
42.4010197
]
},
"properties": {
"ign_id": "PAIHYDRO0000000109750547",
"name": "Fontaine de San Quilico",
"state": "En service",
"ign_confirmed": ""
}
},
{
"type": "Feature",
"geometry": {
"type": "Point",
"coordinates": [
9.3829234,
42.4159777
]
},
"properties": {
"ign_id": "PAIHYDRO0000000109750548",
"name": "Funtaniccia",
"state": "En service",
"ign_confirmed": ""
}
},
{
"type": "Feature",
"geometry": {
"type": "Point",
"coordinates": [
9.3713554,
42.4063848
]
},
"properties": {
"ign_id": "PAIHYDRO0000000109750552",
"name": "Fontaine de Fornello",
"state": "En service",
"ign_confirmed": ""
}
},
{
"type": "Feature",
"geometry": {
"type": "Point",
"coordinates": [
9.3582693,
42.3959991
]
},
"properties": {
"ign_id": "PAIHYDRO0000000109750556",
"name": "Fontaine d'Erbaggio",
"state": "En service",
"ign_confirmed": ""
}
},
{
"type": "Feature",
"geometry": {
"type": "Point",
"coordinates": [
9.3545542,
42.3931625
]
},
"properties": {
"ign_id": "PAIHYDRO0000000109750557",
"name": "Funtana di Poggiolano",
"state": "En service",
"ign_confirmed": ""
}
},
{
"type": "Feature",
"geometry": {
"type": "Point",
"coordinates": [
9.3670222,
42.394265
]
},
"properties": {
"ign_id": "PAIHYDRO0000000109750559",
"name": "Fontaine de Tralemure",
"state": "En service",
"ign_confirmed": "2015-05-27"
}
},
{
"type": "Feature",
"geometry": {
"type": "Point",
"coordinates": [
9.3626405,
42.4017613
]
},
"properties": {
"ign_id": "PAIHYDRO0000000109750564",
"name": "Fontaine Basse",
"state": "En service",
"ign_confirmed": ""
}
},
{
"type": "Feature",
"geometry": {
"type": "Point",
"coordinates": [
9.3616566,
42.4010275
]
},
"properties": {
"ign_id": "PAIHYDRO0000000109750565",
"name": "Fontaine Haute",
"state": "En service",
"ign_confirmed": ""
}
},
{
"type": "Feature",
"geometry": {
"type": "Point",
"coordinates": [
9.3482804,
42.3973797
]
},
"properties": {
"ign_id": "PAIHYDRO0000000109750571",
"name": "Funtana de Nocario",
"state": "En service",
"ign_confirmed": "2015-05-27"
}
},
{
"type": "Feature",
"geometry": {
"type": "Point",
"coordinates": [
9.3306893,
42.4190028
]
},
"properties": {
"ign_id": "PAIHYDRO0000000109750576",
"name": "Funtana di Vitullo",
"state": "En service",
"ign_confirmed": ""
}
},
{
"type": "Feature",
"geometry": {
"type": "Point",
"coordinates": [
9.0034435,
42.4405125
]
},
"properties": {
"ign_id": "PAIHYDRO0000000109750599",
"name": "Funtana d'Osso di Pino",
"state": "En service",
"ign_confirmed": ""
}
},
{
"type": "Feature",
"geometry": {
"type": "Point",
"coordinates": [
9.4937594,
42.3671081
]
},
"properties": {
"ign_id": "PAIHYDRO0000000109750606",
"name": "Fontaine de Bugio",
"state": "En service",
"ign_confirmed": "2015-05-18"
}
},
{
"type": "Feature",
"geometry": {
"type": "Point",
"coordinates": [
9.4741075,
42.3726254
]
},
"properties": {
"ign_id": "PAIHYDRO0000000109750607",
"name": "Fontaine de Sanguineto",
"state": "En service",
"ign_confirmed": ""
}
},
{
"type": "Feature",
"geometry": {
"type": "Point",
"coordinates": [
9.4755836,
42.3753871
]
},
"properties": {
"ign_id": "PAIHYDRO0000000109750608",
"name": "Fontaine de Reggitane",
"state": "En service",
"ign_confirmed": ""
}
},
{
"type": "Feature",
"geometry": {
"type": "Point",
"coordinates": [
9.4732479,
42.3738141
]
},
"properties": {
"ign_id": "PAIHYDRO0000000109750610",
"name": "Fontaine d'Alzeto",
"state": "En service",
"ign_confirmed": ""
}
},
{
"type": "Feature",
"geometry": {
"type": "Point",
"coordinates": [
9.3774289,
42.3763075
]
},
"properties": {
"ign_id": "PAIHYDRO0000000109750614",
"name": "Sources Minérales d'Orezza",
"state": "En service",
"ign_confirmed": "2025-03-10"
}
},
{
"type": "Feature",
"geometry": {
"type": "Point",
"coordinates": [
9.3830405,
42.3811061
]
},
"properties": {
"ign_id": "PAIHYDRO0000000109750616",
"name": "Fontaine de Grana Pero",
"state": "En service",
"ign_confirmed": ""
}
},
{
"type": "Feature",
"geometry": {
"type": "Point",
"coordinates": [
9.3551022,
42.3814621
]
},
"properties": {
"ign_id": "PAIHYDRO0000000109750618",
"name": "Fontaine de Caracutella",
"state": "En service",
"ign_confirmed": ""
}
},
{
"type": "Feature",
"geometry": {
"type": "Point",
"coordinates": [
9.3509015,
42.3899785
]
},
"properties": {
"ign_id": "PAIHYDRO0000000109750619",
"name": "Funtaniccio",
"state": "En service",
"ign_confirmed": "2015-05-27"
}
},
{
"type": "Feature",
"geometry": {
"type": "Point",
"coordinates": [
9.4954082,
42.3268621
]
},
"properties": {
"ign_id": "PAIHYDRO0000000109750646",
"name": "Fontaine de Monasteru",
"state": "En service",
"ign_confirmed": ""
}
},
{
"type": "Feature",
"geometry": {
"type": "Point",
"coordinates": [
9.4862862,
42.3313219
]
},
"properties": {
"ign_id": "PAIHYDRO0000000109750647",
"name": "Fontaine de Piova",
"state": "En service",
"ign_confirmed": ""
}
},
{
"type": "Feature",
"geometry": {
"type": "Point",
"coordinates": [
9.4946029,
42.3477065
]
},
"properties": {
"ign_id": "PAIHYDRO0000000109750648",
"name": "Fontaine de Serpentina",
"state": "En service",
"ign_confirmed": "2025-03-28"
}
},
{
"type": "Feature",
"geometry": {
"type": "Point",
"coordinates": [
9.4955462,
42.3403882
]
},
"properties": {
"ign_id": "PAIHYDRO0000000109750650",
"name": "Fontaine de Botrangolo",
"state": "En service",
"ign_confirmed": ""
}
},
{
"type": "Feature",
"geometry": {
"type": "Point",
"coordinates": [
9.4981331,
42.3365072
]
},
"properties": {
"ign_id": "PAIHYDRO0000000109750651",
"name": "Funtana Fica",
"state": "En service",
"ign_confirmed": ""
}
},
{
"type": "Feature",
"geometry": {
"type": "Point",
"coordinates": [
9.4766989,
42.3281493
]
},
"properties": {
"ign_id": "PAIHYDRO0000000109750652",
"name": "Fontaine de Gallo",
"state": "En service",
"ign_confirmed": ""
}
},
{
"type": "Feature",
"geometry": {
"type": "Point",
"coordinates": [
9.4728594,
42.3455881
]
},
"properties": {
"ign_id": "PAIHYDRO0000000109750653",
"name": "Fontaine Rinosella",
"state": "En service",
"ign_confirmed": ""
}
},
{
"type": "Feature",
"geometry": {
"type": "Point",
"coordinates": [
9.4057969,
42.3454607
]
},
"properties": {
"ign_id": "PAIHYDRO0000000109750656",
"name": "Fontaine des Maures",
"state": "En service",
"ign_confirmed": ""
}
},
{
"type": "Feature",
"geometry": {
"type": "Point",
"coordinates": [
9.3850618,
42.3296622
]
},
"properties": {
"ign_id": "PAIHYDRO0000000109750657",
"name": "Fontaine Pianaccia",
"state": "En service",
"ign_confirmed": ""
}
},
{
"type": "Feature",
"geometry": {
"type": "Point",
"coordinates": [
9.3654193,
42.3539424
]
},
"properties": {
"ign_id": "PAIHYDRO0000000109750658",
"name": "Fontaine de Gradi",
"state": "En service",
"ign_confirmed": ""
}
},
{
"type": "Feature",
"geometry": {
"type": "Point",
"coordinates": [
9.3806449,
42.3341766
]
},
"properties": {
"ign_id": "PAIHYDRO0000000109750659",
"name": "Fontaine de Preggia",
"state": "En service",
"ign_confirmed": ""
}
},
{
"type": "Feature",
"geometry": {
"type": "Point",
"coordinates": [
9.382376,
42.3522811
]
},
"properties": {
"ign_id": "PAIHYDRO0000000109750660",
"name": "Fontaine de Pozzo al Lino",
"state": "En service",
"ign_confirmed": ""
}
},
{
"type": "Feature",
"geometry": {
"type": "Point",
"coordinates": [
9.3484647,
42.3538839
]
},
"properties": {
"ign_id": "PAIHYDRO0000000109750661",
"name": "Funtana di Pastricciola",
"state": "En service",
"ign_confirmed": ""
}
},
{
"type": "Feature",
"geometry": {
"type": "Point",
"coordinates": [
9.3550465,
42.3476338
]
},
"properties": {
"ign_id": "PAIHYDRO0000000109750663",
"name": "Funtana di Muscatella",
"state": "En service",
"ign_confirmed": ""
}
},
{
"type": "Feature",
"geometry": {
"type": "Point",
"coordinates": [
9.3383898,
42.3522205
]
},
"properties": {
"ign_id": "PAIHYDRO0000000109750666",
"name": "Funtana di l'Orticaggio",
"state": "En service",
"ign_confirmed": ""
}
},
{
"type": "Feature",
"geometry": {
"type": "Point",
"coordinates": [
9.3063015,
42.3542655
]
},
"properties": {
"ign_id": "PAIHYDRO0000000109750667",
"name": "Funtana di Malerso",
"state": "En service",
"ign_confirmed": ""
}
},
{
"type": "Feature",
"geometry": {
"type": "Point",
"coordinates": [
9.2978996,
42.3577241
]
},
"properties": {
"ign_id": "PAIHYDRO0000000109750669",
"name": "Funtana de Cambia",
"state": "En service",
"ign_confirmed": ""
}
},
{
"type": "Feature",
"geometry": {
"type": "Point",
"coordinates": [
9.1451798,
42.3479887
]
},
"properties": {
"ign_id": "PAIHYDRO0000000109750675",
"name": "Funtana di Minaghio",
"state": "En service",
"ign_confirmed": ""
}
},
{
"type": "Feature",
"geometry": {
"type": "Point",
"coordinates": [
9.0802389,
42.374234
]
},
"properties": {
"ign_id": "PAIHYDRO0000000109750679",
"name": "Funtana Vignente",
"state": "En service",
"ign_confirmed": "2025-02-27"
}
},
{
"type": "Feature",
"geometry": {
"type": "Point",
"coordinates": [
9.007665,
42.3730911
]
},
"properties": {
"ign_id": "PAIHYDRO0000000109750684",
"name": "Funtana di e Valle Serrate",
"state": "En service",
"ign_confirmed": ""
}
},
{
"type": "Feature",
"geometry": {
"type": "Point",
"coordinates": [
9.5048599,
42.3142153
]
},
"properties": {
"ign_id": "PAIHYDRO0000000109750697",
"name": "Fontaine de Gozo",
"state": "En service",
"ign_confirmed": ""
}
},
{
"type": "Feature",
"geometry": {
"type": "Point",
"coordinates": [
9.5132992,
42.3186056
]
},
"properties": {
"ign_id": "PAIHYDRO0000000109750698",
"name": "Fontaine de Levole",
"state": "En service",
"ign_confirmed": ""
}
},
{
"type": "Feature",
"geometry": {
"type": "Point",
"coordinates": [
9.4813252,
42.3076245
]
},
"properties": {
"ign_id": "PAIHYDRO0000000109750701",
"name": "Fontaine de Teghiole",
"state": "En service",
"ign_confirmed": ""
}
},
{
"type": "Feature",
"geometry": {
"type": "Point",
"coordinates": [
9.3891639,
42.3229853
]
},
"properties": {
"ign_id": "PAIHYDRO0000000109750703",
"name": "Fontaine d'Acquastucca",
"state": "En service",
"ign_confirmed": ""
}
},
{
"type": "Feature",
"geometry": {
"type": "Point",
"coordinates": [
9.370853,
42.3072222
]
},
"properties": {
"ign_id": "PAIHYDRO0000000109750704",
"name": "Fontaine d'Erbolane",
"state": "En service",
"ign_confirmed": ""
}
},
{
"type": "Feature",
"geometry": {
"type": "Point",
"coordinates": [
9.2625881,
42.3325122
]
},
"properties": {
"ign_id": "PAIHYDRO0000000109750712",
"name": "Funtana di Rascina",
"state": "En service",
"ign_confirmed": ""
}
},
{
"type": "Feature",
"geometry": {
"type": "Point",
"coordinates": [
9.0648364,
42.3291168
]
},
"properties": {
"ign_id": "PAIHYDRO0000000109750715",
"name": "Funtana di Salto",
"state": "En service",
"ign_confirmed": ""
}
},
{
"type": "Feature",
"geometry": {
"type": "Point",
"coordinates": [
8.8109718,
42.3635615
]
},
"properties": {
"ign_id": "PAIHYDRO0000000109750729",
"name": "Fontaine du Riu",
"state": "En service",
"ign_confirmed": ""
}
},
{
"type": "Feature",
"geometry": {
"type": "Point",
"coordinates": [
8.8076514,
42.3627147
]
},
"properties": {
"ign_id": "PAIHYDRO0000000109750730",
"name": "Fontaine d'Alzu",
"state": "En service",
"ign_confirmed": ""
}
},
{
"type": "Feature",
"geometry": {
"type": "Point",
"coordinates": [
9.4501632,
42.2750086
]
},
"properties": {
"ign_id": "PAIHYDRO0000000109750737",
"name": "Acqua di Fiori",
"state": "En service",
"ign_confirmed": ""
}
},
{
"type": "Feature",
"geometry": {
"type": "Point",
"coordinates": [
9.3886615,
42.2901199
]
},
"properties": {
"ign_id": "PAIHYDRO0000000109750741",
"name": "Fontaine de Pietravezza",
"state": "En service",
"ign_confirmed": ""
}
},
{
"type": "Feature",
"geometry": {
"type": "Point",
"coordinates": [
9.3289143,
42.2823574
]
},
"properties": {
"ign_id": "PAIHYDRO0000000109750743",
"name": "Fontaine de Caserda",
"state": "En service",
"ign_confirmed": ""
}
},
{
"type": "Feature",
"geometry": {
"type": "Point",
"coordinates": [
9.3231708,
42.2893989
]
},
"properties": {
"ign_id": "PAIHYDRO0000000109750744",
"name": "Funtana di Fuacciali",
"state": "En service",
"ign_confirmed": ""
}
},
{
"type": "Feature",
"geometry": {
"type": "Point",
"coordinates": [
9.2956237,
42.2953751
]
},
"properties": {
"ign_id": "PAIHYDRO0000000109750746",
"name": "Fontaine Padula",
"state": "En service",
"ign_confirmed": ""
}
},
{
"type": "Feature",
"geometry": {
"type": "Point",
"coordinates": [
9.2748738,
42.2948152
]
},
"properties": {
"ign_id": "PAIHYDRO0000000109750747",
"name": "Fontaine du Tufo",
"state": "En service",
"ign_confirmed": ""
}
},
{
"type": "Feature",
"geometry": {
"type": "Point",
"coordinates": [
9.0090197,
42.3179215
]
},
"properties": {
"ign_id": "PAIHYDRO0000000109750760",
"name": "Funtana d'Erbaghiolo",
"state": "En service",
"ign_confirmed": ""
}
},
{
"type": "Feature",
"geometry": {
"type": "Point",
"coordinates": [
8.971998,
42.315131
]
},
"properties": {
"ign_id": "PAIHYDRO0000000109750765",
"name": "Fontaine de Ghiocu",
"state": "En service",
"ign_confirmed": ""
}
},
{
"type": "Feature",
"geometry": {
"type": "Point",
"coordinates": [
8.8692737,
42.3295352
]
},
"properties": {
"ign_id": "PAIHYDRO0000000109750776",
"name": "Funtana di Monti Nielli",
"state": "En service",
"ign_confirmed": ""
}
},
{
"type": "Feature",
"geometry": {
"type": "Point",
"coordinates": [
9.4486314,
42.2549954
]
},
"properties": {
"ign_id": "PAIHYDRO0000000109750785",
"name": "Fontaine de Ciotolella",
"state": "En service",
"ign_confirmed": ""
}
},
{
"type": "Feature",
"geometry": {
"type": "Point",
"coordinates": [
9.3289149,
42.2626528
]
},
"properties": {
"ign_id": "PAIHYDRO0000000109750788",
"name": "Fontaine de Piane",
"state": "En service",
"ign_confirmed": ""
}
},
{
"type": "Feature",
"geometry": {
"type": "Point",
"coordinates": [
9.3126256,
42.2681629
]
},
"properties": {
"ign_id": "PAIHYDRO0000000109750789",
"name": "Fontana d'Arbitro",
"state": "En service",
"ign_confirmed": ""
}
},
{
"type": "Feature",
"geometry": {
"type": "Point",
"coordinates": [
9.0592661,
42.2629582
]
},
"properties": {
"ign_id": "PAIHYDRO0000000109750792",
"name": "Funtana Bianca",
"state": "En service",
"ign_confirmed": ""
}
},
{
"type": "Feature",
"geometry": {
"type": "Point",
"coordinates": [
8.9030355,
42.2752975
]
},
"properties": {
"ign_id": "PAIHYDRO0000000109750798",
"name": "Fontaine Caroline",
"state": "En service",
"ign_confirmed": ""
}
},
{
"type": "Feature",
"geometry": {
"type": "Point",
"coordinates": [
9.415019,
42.2329252
]
},
"properties": {
"ign_id": "PAIHYDRO0000000109750803",
"name": "Fontaine d'Acquale",
"state": "En service",
"ign_confirmed": ""
}
},
{
"type": "Feature",
"geometry": {
"type": "Point",
"coordinates": [
9.4066024,
42.2362833
]
},
"properties": {
"ign_id": "PAIHYDRO0000000109750805",
"name": "Fontaine de Linareccia",
"state": "En service",
"ign_confirmed": ""
}
},
{
"type": "Feature",
"geometry": {
"type": "Point",
"coordinates": [
9.4079205,
42.2312545
]
},
"properties": {
"ign_id": "PAIHYDRO0000000109750806",
"name": "Fontaine de Leccia",
"state": "En service",
"ign_confirmed": ""
}
},
{
"type": "Feature",
"geometry": {
"type": "Point",
"coordinates": [
9.3177488,
42.2430148
]
},
"properties": {
"ign_id": "PAIHYDRO0000000109750808",
"name": "Funtana di Poggiolu",
"state": "En service",
"ign_confirmed": ""
}
},
{
"type": "Feature",
"geometry": {
"type": "Point",
"coordinates": [
9.2448288,
42.2381151
]
},
"properties": {
"ign_id": "PAIHYDRO0000000109750809",
"name": "Fontaine Camperinederi",
"state": "En service",
"ign_confirmed": ""
}
},
{
"type": "Feature",
"geometry": {
"type": "Point",
"coordinates": [
9.3849141,
42.1851031
]
},
"properties": {
"ign_id": "PAIHYDRO0000000109750822",
"name": "Fontaine des Margine",
"state": "En service",
"ign_confirmed": ""
}
},
{
"type": "Feature",
"geometry": {
"type": "Point",
"coordinates": [
9.211431,
42.1932203
]
},
"properties": {
"ign_id": "PAIHYDRO0000000109750829",
"name": "Fontaine de Noceta Vecchia",
"state": "En service",
"ign_confirmed": ""
}
},
{
"type": "Feature",
"geometry": {
"type": "Point",
"coordinates": [
9.363333,
42.1659274
]
},
"properties": {
"ign_id": "PAIHYDRO0000000109750846",
"name": "Fontaine San Martino",
"state": "En service",
"ign_confirmed": ""
}
},
{
"type": "Feature",
"geometry": {
"type": "Point",
"coordinates": [
9.3437523,
42.1733163
]
},
"properties": {
"ign_id": "PAIHYDRO0000000109750848",
"name": "Fontaine Ottone",
"state": "En service",
"ign_confirmed": ""
}
},
{
"type": "Feature",
"geometry": {
"type": "Point",
"coordinates": [
9.351128,
42.1818806
]
},
"properties": {
"ign_id": "PAIHYDRO0000000109750849",
"name": "Fontaine de Mercola",
"state": "En service",
"ign_confirmed": ""
}
},
{
"type": "Feature",
"geometry": {
"type": "Point",
"coordinates": [
9.3074422,
42.1810468
]
},
"properties": {
"ign_id": "PAIHYDRO0000000109750852",
"name": "Fontaine d'Alzeta",
"state": "En service",
"ign_confirmed": ""
}
},
{
"type": "Feature",
"geometry": {
"type": "Point",
"coordinates": [
9.3196811,
42.1825919
]
},
"properties": {
"ign_id": "PAIHYDRO0000000109750853",
"name": "Fontaine al Quercio",
"state": "En service",
"ign_confirmed": ""
}
},
{
"type": "Feature",
"geometry": {
"type": "Point",
"coordinates": [
9.3014101,
42.184635
]
},
"properties": {
"ign_id": "PAIHYDRO0000000109750856",
"name": "Fontaine de Mitulli",
"state": "En service",
"ign_confirmed": ""
}
},
{
"type": "Feature",
"geometry": {
"type": "Point",
"coordinates": [
9.25721,
42.1781363
]
},
"properties": {
"ign_id": "PAIHYDRO0000000109750865",
"name": "Fontaine de Sanguisaccio",
"state": "En service",
"ign_confirmed": ""
}
},
{
"type": "Feature",
"geometry": {
"type": "Point",
"coordinates": [
9.2257828,
42.1688535
]
},
"properties": {
"ign_id": "PAIHYDRO0000000109750875",
"name": "Funtana di Purone",
"state": "En service",
"ign_confirmed": ""
}
},
{
"type": "Feature",
"geometry": {
"type": "Point",
"coordinates": [
9.2057296,
42.1817818
]
},
"properties": {
"ign_id": "PAIHYDRO0000000109750880",
"name": "Fontaine de Stazzalello",
"state": "En service",
"ign_confirmed": ""
}
},
{
"type": "Feature",
"geometry": {
"type": "Point",
"coordinates": [
9.1662796,
42.177598
]
},
"properties": {
"ign_id": "PAIHYDRO0000000109750883",
"name": "Fontaine de Varchinese",
"state": "En service",
"ign_confirmed": ""
}
},
{
"type": "Feature",
"geometry": {
"type": "Point",
"coordinates": [
9.3277698,
42.1494675
]
},
"properties": {
"ign_id": "PAIHYDRO0000000109750898",
"name": "Fontaine al Tasso",
"state": "En service",
"ign_confirmed": ""
}
},
{
"type": "Feature",
"geometry": {
"type": "Point",
"coordinates": [
9.1526331,
42.1519324
]
},
"properties": {
"ign_id": "PAIHYDRO0000000109750907",
"name": "Fontaine de Cioccio",
"state": "En service",
"ign_confirmed": ""
}
},
{
"type": "Feature",
"geometry": {
"type": "Point",
"coordinates": [
9.1607296,
42.1570996
]
},
"properties": {
"ign_id": "PAIHYDRO0000000109750908",
"name": "Fontaine de Cardiccia",
"state": "En service",
"ign_confirmed": ""
}
},
{
"type": "Feature",
"geometry": {
"type": "Point",
"coordinates": [
9.1573394,
42.1565396
]
},
"properties": {
"ign_id": "PAIHYDRO0000000109750909",
"name": "Fontaine de Marsiglio",
"state": "En service",
"ign_confirmed": ""
}
},
{
"type": "Feature",
"geometry": {
"type": "Point",
"coordinates": [
9.1579219,
42.1644277
]
},
"properties": {
"ign_id": "PAIHYDRO0000000109750910",
"name": "Fontaine de Sambuco",
"state": "En service",
"ign_confirmed": ""
}
},
{
"type": "Feature",
"geometry": {
"type": "Point",
"coordinates": [
9.1489911,
42.1483313
]
},
"properties": {
"ign_id": "PAIHYDRO0000000109750911",
"name": "Fontaine de l'Occhio",
"state": "En service",
"ign_confirmed": ""
}
},
{
"type": "Feature",
"geometry": {
"type": "Point",
"coordinates": [
9.1535583,
42.1573317
]
},
"properties": {
"ign_id": "PAIHYDRO0000000109750912",
"name": "Fontaine de Franculaccia",
"state": "En service",
"ign_confirmed": ""
}
},
{
"type": "Feature",
"geometry": {
"type": "Point",
"coordinates": [
9.140757,
42.1572689
]
},
"properties": {
"ign_id": "PAIHYDRO0000000109750913",
"name": "Fontaine de Coste Maio",
"state": "En service",
"ign_confirmed": ""
}
},
{
"type": "Feature",
"geometry": {
"type": "Point",
"coordinates": [
9.2967147,
42.1179365
]
},
"properties": {
"ign_id": "PAIHYDRO0000000109750925",
"name": "Bolero",
"state": "En service",
"ign_confirmed": ""
}
},
{
"type": "Feature",
"geometry": {
"type": "Point",
"coordinates": [
9.2663253,
42.1029752
]
},
"properties": {
"ign_id": "PAIHYDRO0000000109750926",
"name": "Fontaine de Lago di Viglia",
"state": "En service",
"ign_confirmed": "2025-04-09"
}
},
{
"type": "Feature",
"geometry": {
"type": "Point",
"coordinates": [
9.2682807,
42.1014397
]
},
"properties": {
"ign_id": "PAIHYDRO0000000109750927",
"name": "Fontaine de Sampolo",
"state": "En service",
"ign_confirmed": "2025-04-09"
}
},
{
"type": "Feature",
"geometry": {
"type": "Point",
"coordinates": [
9.2035971,
42.1091058
]
},
"properties": {
"ign_id": "PAIHYDRO0000000109750935",
"name": "Fontaine des Strette",
"state": "En service",
"ign_confirmed": "2025-04-09"
}
},
{
"type": "Feature",
"geometry": {
"type": "Point",
"coordinates": [
9.1328794,
42.1191083
]
},
"properties": {
"ign_id": "PAIHYDRO0000000109750939",
"name": "Fontaine de Fulminato",
"state": "En service",
"ign_confirmed": ""
}
},
{
"type": "Feature",
"geometry": {
"type": "Point",
"coordinates": [
9.133415,
42.1242434
]
},
"properties": {
"ign_id": "PAIHYDRO0000000109750940",
"name": "Fontaine de Caracuto",
"state": "En service",
"ign_confirmed": ""
}
},
{
"type": "Feature",
"geometry": {
"type": "Point",
"coordinates": [
9.1213042,
42.1145978
]
},
"properties": {
"ign_id": "PAIHYDRO0000000109750941",
"name": "Acqua Bollita",
"state": "En service",
"ign_confirmed": ""
}
},
{
"type": "Feature",
"geometry": {
"type": "Point",
"coordinates": [
9.1223764,
42.1244904
]
},
"properties": {
"ign_id": "PAIHYDRO0000000109750942",
"name": "Fontaine d'Ajola",
"state": "En service",
"ign_confirmed": ""
}
},
{
"type": "Feature",
"geometry": {
"type": "Point",
"coordinates": [
9.2902031,
42.0970676
]
},
"properties": {
"ign_id": "PAIHYDRO0000000109750954",
"name": "Fontaine de Parabujia",
"state": "En service",
"ign_confirmed": "2025-04-03"
}
},
{
"type": "Feature",
"geometry": {
"type": "Point",
"coordinates": [
9.2345605,
42.1006467
]
},
"properties": {
"ign_id": "PAIHYDRO0000000109750957",
"name": "Fontaine de Sticcadia",
"state": "En service",
"ign_confirmed": "2025-04-09"
}
},
{
"type": "Feature",
"geometry": {
"type": "Point",
"coordinates": [
9.2434626,
42.0545304
]
},
"properties": {
"ign_id": "PAIHYDRO0000000109750977",
"name": "Fontaine de Pinzelli",
"state": "En service",
"ign_confirmed": ""
}
},
{
"type": "Feature",
"geometry": {
"type": "Point",
"coordinates": [
9.3247653,
42.0214354
]
},
"properties": {
"ign_id": "PAIHYDRO0000000109750992",
"name": "Fontaine de Quercione",
"state": "En service",
"ign_confirmed": ""
}
},
{
"type": "Feature",
"geometry": {
"type": "Point",
"coordinates": [
9.3295248,
41.9805974
]
},
"properties": {
"ign_id": "PAIHYDRO0000000109751003",
"name": "Fontaine d'Acqua Bona",
"state": "En service",
"ign_confirmed": ""
}
},
{
"type": "Feature",
"geometry": {
"type": "Point",
"coordinates": [
9.2698921,
41.9976503
]
},
"properties": {
"ign_id": "PAIHYDRO0000000109751004",
"name": "Fontaine de Trefontane",
"state": "En service",
"ign_confirmed": ""
}
},
{
"type": "Feature",
"geometry": {
"type": "Point",
"coordinates": [
9.2790601,
41.9993671
]
},
"properties": {
"ign_id": "PAIHYDRO0000000109751005",
"name": "Fontaine de Bartoli",
"state": "En service",
"ign_confirmed": ""
}
},
{
"type": "Feature",
"geometry": {
"type": "Point",
"coordinates": [
9.2875545,
41.9677983
]
},
"properties": {
"ign_id": "PAIHYDRO0000000109751013",
"name": "Fontaine de Pozzo Rosso",
"state": "En service",
"ign_confirmed": ""
}
},
{
"type": "Feature",
"geometry": {
"type": "Point",
"coordinates": [
9.3317114,
41.9415113
]
},
"properties": {
"ign_id": "PAIHYDRO0000000109751020",
"name": "Fontaine de Vacca",
"state": "En service",
"ign_confirmed": "2025-07-21"
}
},
{
"type": "Feature",
"geometry": {
"type": "Point",
"coordinates": [
9.3660062,
41.8965074
]
},
"properties": {
"ign_id": "PAIHYDRO0000000109751028",
"name": "Fontaine de Provile",
"state": "En service",
"ign_confirmed": ""
}
},
{
"type": "Feature",
"geometry": {
"type": "Point",
"coordinates": [
9.3344952,
41.9170831
]
},
"properties": {
"ign_id": "PAIHYDRO0000000109751029",
"name": "Fontaine de Murta",
"state": "En service",
"ign_confirmed": ""
}
},
{
"type": "Feature",
"geometry": {
"type": "Point",
"coordinates": [
9.3194958,
41.9097408
]
},
"properties": {
"ign_id": "PAIHYDRO0000000109751030",
"name": "Fontaine de Castagnolu",
"state": "En service",
"ign_confirmed": ""
}
},
{
"type": "Feature",
"geometry": {
"type": "Point",
"coordinates": [
9.3213426,
41.915152
]
},
"properties": {
"ign_id": "PAIHYDRO0000000109751031",
"name": "Fontaine d'Anculavu",
"state": "En service",
"ign_confirmed": ""
}
},
{
"type": "Feature",
"geometry": {
"type": "Point",
"coordinates": [
9.3132925,
41.9139758
]
},
"properties": {
"ign_id": "PAIHYDRO0000000109751032",
"name": "Fontaine de Chioragia",
"state": "En service",
"ign_confirmed": ""
}
},
{
"type": "Feature",
"geometry": {
"type": "Point",
"coordinates": [
9.3071634,
41.9014028
]
},
"properties": {
"ign_id": "PAIHYDRO0000000109751033",
"name": "Fontaine de Padulella",
"state": "En service",
"ign_confirmed": ""
}
},
{
"type": "Feature",
"geometry": {
"type": "Point",
"coordinates": [
9.3217035,
41.8756029
]
},
"properties": {
"ign_id": "PAIHYDRO0000000109751036",
"name": "Fontaine de Seraciavu",
"state": "En service",
"ign_confirmed": ""
}
},
{
"type": "Feature",
"geometry": {
"type": "Point",
"coordinates": [
9.2567483,
41.8681566
]
},
"properties": {
"ign_id": "PAIHYDRO0000000109751037",
"name": "Funtana Bona",
"state": "En service",
"ign_confirmed": ""
}
},
{
"type": "Feature",
"geometry": {
"type": "Point",
"coordinates": [
9.3435817,
41.8557644
]
},
"properties": {
"ign_id": "PAIHYDRO0000000109751038",
"name": "Fontaine du Bovile",
"state": "En service",
"ign_confirmed": ""
}
},
{
"type": "Feature",
"geometry": {
"type": "Point",
"coordinates": [
9.2554855,
41.8572315
]
},
"properties": {
"ign_id": "PAIHYDRO0000000109751040",
"name": "Fontaine de Tova",
"state": "En service",
"ign_confirmed": ""
}
},
{
"type": "Feature",
"geometry": {
"type": "Point",
"coordinates": [
9.1500252,
42.3056867
]
},
"properties": {
"ign_id": "PAIHYDRO0000000205985977",
"name": "Fontaine des Quatre Canons",
"state": "En service",
"ign_confirmed": ""
}
},
{
"type": "Feature",
"geometry": {
"type": "Point",
"coordinates": [
9.4045916,
42.3916039
]
},
"properties": {
"ign_id": "PAIHYDRO0000000206726139",
"name": "Fontaine de Tasso",
"state": "En service",
"ign_confirmed": ""
}
},
{
"type": "Feature",
"geometry": {
"type": "Point",
"coordinates": [
9.3559454,
42.3680282
]
},
"properties": {
"ign_id": "PAIHYDRO0000000206726140",
"name": "Fontaine de Lavaculo",
"state": "En service",
"ign_confirmed": ""
}
},
{
"type": "Feature",
"geometry": {
"type": "Point",
"coordinates": [
9.2295772,
42.1902953
]
},
"properties": {
"ign_id": "PAIHYDRO0000000206861612",
"name": "Fontaine de Tragone",
"state": "En service",
"ign_confirmed": ""
}
},
{
"type": "Feature",
"geometry": {
"type": "Point",
"coordinates": [
9.2298561,
42.1896002
]
},
"properties": {
"ign_id": "PAIHYDRO0000000206861614",
"name": "Fontaine de Madre",
"state": "En service",
"ign_confirmed": ""
}
},
{
"type": "Feature",
"geometry": {
"type": "Point",
"coordinates": [
9.2669564,
42.600071
]
},
"properties": {
"ign_id": "PAIHYDRO0000000206925036",
"name": "Fontaine de Vetricione",
"state": "En service",
"ign_confirmed": ""
}
},
{
"type": "Feature",
"geometry": {
"type": "Point",
"coordinates": [
9.1495845,
42.301945
]
},
"properties": {
"ign_id": "PAIHYDRO0000000213074533",
"name": "",
"state": "En service",
"ign_confirmed": ""
}
},
{
"type": "Feature",
"geometry": {
"type": "Point",
"coordinates": [
9.2302231,
42.1906693
]
},
"properties": {
"ign_id": "PAIHYDRO0000000217092471",
"name": "Fontaine de Prato",
"state": "En service",
"ign_confirmed": ""
}
},
{
"type": "Feature",
"geometry": {
"type": "Point",
"coordinates": [
8.8483679,
42.0344728
]
},
"properties": {
"ign_id": "PAIHYDRO0000000223271627",
"name": "Fontaine de Vignale",
"state": "En service",
"ign_confirmed": ""
}
},
{
"type": "Feature",
"geometry": {
"type": "Point",
"coordinates": [
8.8422623,
41.9396084
]
},
"properties": {
"ign_id": "PAIHYDRO0000000223488207",
"name": "Fontaine de Cataraggio",
"state": "En service",
"ign_confirmed": ""
}
},
{
"type": "Feature",
"geometry": {
"type": "Point",
"coordinates": [
8.7323338,
41.951674
]
},
"properties": {
"ign_id": "PAIHYDRO0000000234863627",
"name": "Fontaine des Prêtres",
"state": "En service",
"ign_confirmed": "2015-04-02"
}
},
{
"type": "Feature",
"geometry": {
"type": "Point",
"coordinates": [
9.0503068,
41.7339811
]
},
"properties": {
"ign_id": "PAIHYDRO0000000241194607",
"name": "Funtana di a Cappeda",
"state": "En service",
"ign_confirmed": ""
}
},
{
"type": "Feature",
"geometry": {
"type": "Point",
"coordinates": [
9.4501456,
42.9260515
]
},
"properties": {
"ign_id": "PAIHYDRO0000000320296165",
"name": "",
"state": "En service",
"ign_confirmed": ""
}
},
{
"type": "Feature",
"geometry": {
"type": "Point",
"coordinates": [
9.4214998,
42.9672659
]
},
"properties": {
"ign_id": "PAIHYDRO0000000320296166",
"name": "",
"state": "En service",
"ign_confirmed": ""
}
},
{
"type": "Feature",
"geometry": {
"type": "Point",
"coordinates": [
9.4493927,
42.9254868
]
},
"properties": {
"ign_id": "PAIHYDRO0000000320296168",
"name": "",
"state": "En service",
"ign_confirmed": ""
}
},
{
"type": "Feature",
"geometry": {
"type": "Point",
"coordinates": [
9.3643167,
42.9397697
]
},
"properties": {
"ign_id": "PAIHYDRO0000000320296170",
"name": "",
"state": "En service",
"ign_confirmed": ""
}
},
{
"type": "Feature",
"geometry": {
"type": "Point",
"coordinates": [
9.3859017,
42.9011775
]
},
"properties": {
"ign_id": "PAIHYDRO0000000320297034",
"name": "",
"state": "En service",
"ign_confirmed": ""
}
},
{
"type": "Feature",
"geometry": {
"type": "Point",
"coordinates": [
9.4558728,
42.8150667
]
},
"properties": {
"ign_id": "PAIHYDRO0000000320297036",
"name": "",
"state": "En service",
"ign_confirmed": ""
}
},
{
"type": "Feature",
"geometry": {
"type": "Point",
"coordinates": [
9.4113216,
42.896114
]
},
"properties": {
"ign_id": "PAIHYDRO0000000320297037",
"name": "",
"state": "En service",
"ign_confirmed": ""
}
},
{
"type": "Feature",
"geometry": {
"type": "Point",
"coordinates": [
9.348873,
42.9053234
]
},
"properties": {
"ign_id": "PAIHYDRO0000000320297044",
"name": "",
"state": "En service",
"ign_confirmed": ""
}
},
{
"type": "Feature",
"geometry": {
"type": "Point",
"coordinates": [
9.3574964,
42.8675821
]
},
"properties": {
"ign_id": "PAIHYDRO0000000320297045",
"name": "",
"state": "En service",
"ign_confirmed": ""
}
},
{
"type": "Feature",
"geometry": {
"type": "Point",
"coordinates": [
9.3320102,
42.8527811
]
},
"properties": {
"ign_id": "PAIHYDRO0000000320297046",
"name": "",
"state": "En service",
"ign_confirmed": ""
}
},
{
"type": "Feature",
"geometry": {
"type": "Point",
"coordinates": [
9.4476091,
42.6893359
]
},
"properties": {
"ign_id": "PAIHYDRO0000000320297702",
"name": "Fontaine de Figaghjola",
"state": "En service",
"ign_confirmed": ""
}
},
{
"type": "Feature",
"geometry": {
"type": "Point",
"coordinates": [
9.4478703,
42.695163
]
},
"properties": {
"ign_id": "PAIHYDRO0000000320297703",
"name": "Fontaines de Jésuite",
"state": "En service",
"ign_confirmed": ""
}
},
{
"type": "Feature",
"geometry": {
"type": "Point",
"coordinates": [
9.4128145,
42.6876087
]
},
"properties": {
"ign_id": "PAIHYDRO0000000320297708",
"name": "",
"state": "En service",
"ign_confirmed": ""
}
},
{
"type": "Feature",
"geometry": {
"type": "Point",
"coordinates": [
9.3623865,
42.6985138
]
},
"properties": {
"ign_id": "PAIHYDRO0000000320297709",
"name": "",
"state": "En service",
"ign_confirmed": "2025-04-02"
}
},
{
"type": "Feature",
"geometry": {
"type": "Point",
"coordinates": [
9.4518525,
42.7818648
]
},
"properties": {
"ign_id": "PAIHYDRO0000000320297712",
"name": "",
"state": "En service",
"ign_confirmed": ""
}
},
{
"type": "Feature",
"geometry": {
"type": "Point",
"coordinates": [
9.4585402,
42.778908
]
},
"properties": {
"ign_id": "PAIHYDRO0000000320297728",
"name": "",
"state": "En service",
"ign_confirmed": ""
}
},
{
"type": "Feature",
"geometry": {
"type": "Point",
"coordinates": [
9.3794069,
42.7826187
]
},
"properties": {
"ign_id": "PAIHYDRO0000000320297731",
"name": "",
"state": "En service",
"ign_confirmed": ""
}
},
{
"type": "Feature",
"geometry": {
"type": "Point",
"coordinates": [
9.3416213,
42.768086
]
},
"properties": {
"ign_id": "PAIHYDRO0000000320297736",
"name": "",
"state": "En service",
"ign_confirmed": ""
}
},
{
"type": "Feature",
"geometry": {
"type": "Point",
"coordinates": [
9.3511903,
42.7903634
]
},
"properties": {
"ign_id": "PAIHYDRO0000000320297743",
"name": "",
"state": "En service",
"ign_confirmed": ""
}
},
{
"type": "Feature",
"geometry": {
"type": "Point",
"coordinates": [
9.3710775,
42.6026127
]
},
"properties": {
"ign_id": "PAIHYDRO0000000320298397",
"name": "Funtana di u Lancone",
"state": "En service",
"ign_confirmed": "2025-03-21"
}
},
{
"type": "Feature",
"geometry": {
"type": "Point",
"coordinates": [
9.4600351,
42.5659406
]
},
"properties": {
"ign_id": "PAIHYDRO0000000320298399",
"name": "",
"state": "En service",
"ign_confirmed": ""
}
},
{
"type": "Feature",
"geometry": {
"type": "Point",
"coordinates": [
9.3437436,
42.5948439
]
},
"properties": {
"ign_id": "PAIHYDRO0000000320298407",
"name": "",
"state": "En service",
"ign_confirmed": ""
}
},
{
"type": "Feature",
"geometry": {
"type": "Point",
"coordinates": [
9.356468,
42.635078
]
},
"properties": {
"ign_id": "PAIHYDRO0000000320298414",
"name": "",
"state": "En service",
"ign_confirmed": "2025-03-27"
}
},
{
"type": "Feature",
"geometry": {
"type": "Point",
"coordinates": [
9.3607339,
42.6405766
]
},
"properties": {
"ign_id": "PAIHYDRO0000000320298415",
"name": "",
"state": "En service",
"ign_confirmed": "2015-04-15"
}
},
{
"type": "Feature",
"geometry": {
"type": "Point",
"coordinates": [
9.3665486,
42.5793119
]
},
"properties": {
"ign_id": "PAIHYDRO0000000320298416",
"name": "",
"state": "En service",
"ign_confirmed": ""
}
},
{
"type": "Feature",
"geometry": {
"type": "Point",
"coordinates": [
9.4674712,
42.5674001
]
},
"properties": {
"ign_id": "PAIHYDRO0000000320298417",
"name": "",
"state": "En service",
"ign_confirmed": ""
}
},
{
"type": "Feature",
"geometry": {
"type": "Point",
"coordinates": [
9.4346704,
42.6186914
]
},
"properties": {
"ign_id": "PAIHYDRO0000000320298418",
"name": "",
"state": "En service",
"ign_confirmed": ""
}
},
{
"type": "Feature",
"geometry": {
"type": "Point",
"coordinates": [
9.4192369,
42.6270078
]
},
"properties": {
"ign_id": "PAIHYDRO0000000320298419",
"name": "",
"state": "En service",
"ign_confirmed": ""
}
},
{
"type": "Feature",
"geometry": {
"type": "Point",
"coordinates": [
9.4241063,
42.6236506
]
},
"properties": {
"ign_id": "PAIHYDRO0000000320298420",
"name": "",
"state": "En service",
"ign_confirmed": ""
}
},
{
"type": "Feature",
"geometry": {
"type": "Point",
"coordinates": [
9.4478859,
42.6421856
]
},
"properties": {
"ign_id": "PAIHYDRO0000000320298421",
"name": "",
"state": "En service",
"ign_confirmed": ""
}
},
{
"type": "Feature",
"geometry": {
"type": "Point",
"coordinates": [
9.3982688,
42.6796888
]
},
"properties": {
"ign_id": "PAIHYDRO0000000320298423",
"name": "",
"state": "En service",
"ign_confirmed": "2015-04-01"
}
},
{
"type": "Feature",
"geometry": {
"type": "Point",
"coordinates": [
9.2646138,
42.5982669
]
},
"properties": {
"ign_id": "PAIHYDRO0000000320298426",
"name": "",
"state": "En service",
"ign_confirmed": "2025-03-25"
}
},
{
"type": "Feature",
"geometry": {
"type": "Point",
"coordinates": [
9.2567005,
42.6057216
]
},
"properties": {
"ign_id": "PAIHYDRO0000000320298429",
"name": "",
"state": "En service",
"ign_confirmed": ""
}
},
{
"type": "Feature",
"geometry": {
"type": "Point",
"coordinates": [
9.2533657,
42.6042948
]
},
"properties": {
"ign_id": "PAIHYDRO0000000320298445",
"name": "",
"state": "En service",
"ign_confirmed": ""
}
},
{
"type": "Feature",
"geometry": {
"type": "Point",
"coordinates": [
9.2145998,
42.6638577
]
},
"properties": {
"ign_id": "PAIHYDRO0000000320298446",
"name": "",
"state": "En service",
"ign_confirmed": ""
}
},
{
"type": "Feature",
"geometry": {
"type": "Point",
"coordinates": [
9.219914,
42.6622901
]
},
"properties": {
"ign_id": "PAIHYDRO0000000320298447",
"name": "",
"state": "En service",
"ign_confirmed": "2015-04-09"
}
},
{
"type": "Feature",
"geometry": {
"type": "Point",
"coordinates": [
9.2787158,
42.6241458
]
},
"properties": {
"ign_id": "PAIHYDRO0000000320298449",
"name": "",
"state": "En service",
"ign_confirmed": "2015-04-09"
}
},
{
"type": "Feature",
"geometry": {
"type": "Point",
"coordinates": [
9.3289806,
42.588165
]
},
"properties": {
"ign_id": "PAIHYDRO0000000320298453",
"name": "",
"state": "En service",
"ign_confirmed": ""
}
},
{
"type": "Feature",
"geometry": {
"type": "Point",
"coordinates": [
9.1171823,
42.5857976
]
},
"properties": {
"ign_id": "PAIHYDRO0000000320298454",
"name": "",
"state": "En service",
"ign_confirmed": "2025-05-05"
}
},
{
"type": "Feature",
"geometry": {
"type": "Point",
"coordinates": [
9.1709866,
42.5973575
]
},
"properties": {
"ign_id": "PAIHYDRO0000000320298472",
"name": "",
"state": "En service",
"ign_confirmed": "2025-05-05"
}
},
{
"type": "Feature",
"geometry": {
"type": "Point",
"coordinates": [
8.9590952,
42.6111318
]
},
"properties": {
"ign_id": "PAIHYDRO0000000320298476",
"name": "",
"state": "En service",
"ign_confirmed": "2007-07-01"
}
},
{
"type": "Feature",
"geometry": {
"type": "Point",
"coordinates": [
8.9379213,
42.6132202
]
},
"properties": {
"ign_id": "PAIHYDRO0000000320298477",
"name": "",
"state": "En service",
"ign_confirmed": "2007-07-01"
}
},
{
"type": "Feature",
"geometry": {
"type": "Point",
"coordinates": [
8.9568609,
42.6165291
]
},
"properties": {
"ign_id": "PAIHYDRO0000000320298478",
"name": "",
"state": "En service",
"ign_confirmed": "2007-07-01"
}
},
{
"type": "Feature",
"geometry": {
"type": "Point",
"coordinates": [
8.9229301,
42.6162694
]
},
"properties": {
"ign_id": "PAIHYDRO0000000320298479",
"name": "",
"state": "En service",
"ign_confirmed": "2007-07-01"
}
},
{
"type": "Feature",
"geometry": {
"type": "Point",
"coordinates": [
8.9547939,
42.6232198
]
},
"properties": {
"ign_id": "PAIHYDRO0000000320298480",
"name": "",
"state": "En service",
"ign_confirmed": "2007-07-01"
}
},
{
"type": "Feature",
"geometry": {
"type": "Point",
"coordinates": [
8.9255676,
42.6024039
]
},
"properties": {
"ign_id": "PAIHYDRO0000000320298481",
"name": "",
"state": "En service",
"ign_confirmed": "2007-07-01"
}
},
{
"type": "Feature",
"geometry": {
"type": "Point",
"coordinates": [
8.9448325,
42.6265963
]
},
"properties": {
"ign_id": "PAIHYDRO0000000320298482",
"name": "",
"state": "En service",
"ign_confirmed": "2007-07-01"
}
},
{
"type": "Feature",
"geometry": {
"type": "Point",
"coordinates": [
8.9652407,
42.6103791
]
},
"properties": {
"ign_id": "PAIHYDRO0000000320298483",
"name": "",
"state": "En service",
"ign_confirmed": ""
}
},
{
"type": "Feature",
"geometry": {
"type": "Point",
"coordinates": [
8.974196,
42.6183703
]
},
"properties": {
"ign_id": "PAIHYDRO0000000320298484",
"name": "",
"state": "En service",
"ign_confirmed": ""
}
},
{
"type": "Feature",
"geometry": {
"type": "Point",
"coordinates": [
8.978901,
42.6381129
]
},
"properties": {
"ign_id": "PAIHYDRO0000000320298485",
"name": "",
"state": "En service",
"ign_confirmed": ""
}
},
{
"type": "Feature",
"geometry": {
"type": "Point",
"coordinates": [
8.9554225,
42.6142824
]
},
"properties": {
"ign_id": "PAIHYDRO0000000320298486",
"name": "",
"state": "En service",
"ign_confirmed": ""
}
},
{
"type": "Feature",
"geometry": {
"type": "Point",
"coordinates": [
8.9082705,
42.6135309
]
},
"properties": {
"ign_id": "PAIHYDRO0000000320298487",
"name": "",
"state": "En service",
"ign_confirmed": ""
}
},
{
"type": "Feature",
"geometry": {
"type": "Point",
"coordinates": [
8.9907285,
42.6052364
]
},
"properties": {
"ign_id": "PAIHYDRO0000000320298488",
"name": "",
"state": "En service",
"ign_confirmed": ""
}
},
{
"type": "Feature",
"geometry": {
"type": "Point",
"coordinates": [
8.9804973,
42.6329347
]
},
"properties": {
"ign_id": "PAIHYDRO0000000320298489",
"name": "",
"state": "En service",
"ign_confirmed": ""
}
},
{
"type": "Feature",
"geometry": {
"type": "Point",
"coordinates": [
8.9925373,
42.6301739
]
},
"properties": {
"ign_id": "PAIHYDRO0000000320298491",
"name": "",
"state": "En service",
"ign_confirmed": ""
}
},
{
"type": "Feature",
"geometry": {
"type": "Point",
"coordinates": [
8.9633395,
42.6166631
]
},
"properties": {
"ign_id": "PAIHYDRO0000000320298492",
"name": "",
"state": "En service",
"ign_confirmed": ""
}
},
{
"type": "Feature",
"geometry": {
"type": "Point",
"coordinates": [
8.9963416,
42.6391993
]
},
"properties": {
"ign_id": "PAIHYDRO0000000320298493",
"name": "",
"state": "En service",
"ign_confirmed": ""
}
},
{
"type": "Feature",
"geometry": {
"type": "Point",
"coordinates": [
8.9782757,
42.631658
]
},
"properties": {
"ign_id": "PAIHYDRO0000000320298494",
"name": "",
"state": "En service",
"ign_confirmed": ""
}
},
{
"type": "Feature",
"geometry": {
"type": "Point",
"coordinates": [
8.919961,
42.6072752
]
},
"properties": {
"ign_id": "PAIHYDRO0000000320298497",
"name": "",
"state": "En service",
"ign_confirmed": ""
}
},
{
"type": "Feature",
"geometry": {
"type": "Point",
"coordinates": [
8.9728427,
42.6350078
]
},
"properties": {
"ign_id": "PAIHYDRO0000000320298498",
"name": "",
"state": "En service",
"ign_confirmed": ""
}
},
{
"type": "Feature",
"geometry": {
"type": "Point",
"coordinates": [
8.9602193,
42.6168176
]
},
"properties": {
"ign_id": "PAIHYDRO0000000320298505",
"name": "",
"state": "En service",
"ign_confirmed": ""
}
},
{
"type": "Feature",
"geometry": {
"type": "Point",
"coordinates": [
8.978742,
42.6215788
]
},
"properties": {
"ign_id": "PAIHYDRO0000000320298506",
"name": "",
"state": "En service",
"ign_confirmed": ""
}
},
{
"type": "Feature",
"geometry": {
"type": "Point",
"coordinates": [
8.9919559,
42.5948801
]
},
"properties": {
"ign_id": "PAIHYDRO0000000320298507",
"name": "",
"state": "En service",
"ign_confirmed": ""
}
},
{
"type": "Feature",
"geometry": {
"type": "Point",
"coordinates": [
8.9651358,
42.6224232
]
},
"properties": {
"ign_id": "PAIHYDRO0000000320298508",
"name": "",
"state": "En service",
"ign_confirmed": ""
}
},
{
"type": "Feature",
"geometry": {
"type": "Point",
"coordinates": [
8.8865591,
42.6239121
]
},
"properties": {
"ign_id": "PAIHYDRO0000000320298509",
"name": "",
"state": "En service",
"ign_confirmed": ""
}
},
{
"type": "Feature",
"geometry": {
"type": "Point",
"coordinates": [
8.9108409,
42.6018929
]
},
"properties": {
"ign_id": "PAIHYDRO0000000320298510",
"name": "",
"state": "En service",
"ign_confirmed": ""
}
},
{
"type": "Feature",
"geometry": {
"type": "Point",
"coordinates": [
8.90248,
42.5984459
]
},
"properties": {
"ign_id": "PAIHYDRO0000000320298511",
"name": "",
"state": "En service",
"ign_confirmed": ""
}
},
{
"type": "Feature",
"geometry": {
"type": "Point",
"coordinates": [
8.9908385,
42.5928196
]
},
"properties": {
"ign_id": "PAIHYDRO0000000320298512",
"name": "",
"state": "En service",
"ign_confirmed": ""
}
},
{
"type": "Feature",
"geometry": {
"type": "Point",
"coordinates": [
8.9217567,
42.6222055
]
},
"properties": {
"ign_id": "PAIHYDRO0000000320298513",
"name": "",
"state": "En service",
"ign_confirmed": ""
}
},
{
"type": "Feature",
"geometry": {
"type": "Point",
"coordinates": [
8.9418149,
42.6139005
]
},
"properties": {
"ign_id": "PAIHYDRO0000000320298514",
"name": "",
"state": "En service",
"ign_confirmed": ""
}
},
{
"type": "Feature",
"geometry": {
"type": "Point",
"coordinates": [
8.9149105,
42.6023228
]
},
"properties": {
"ign_id": "PAIHYDRO0000000320298515",
"name": "",
"state": "En service",
"ign_confirmed": ""
}
},
{
"type": "Feature",
"geometry": {
"type": "Point",
"coordinates": [
8.9456756,
42.6151893
]
},
"properties": {
"ign_id": "PAIHYDRO0000000320298516",
"name": "",
"state": "En service",
"ign_confirmed": ""
}
},
{
"type": "Feature",
"geometry": {
"type": "Point",
"coordinates": [
8.9586089,
42.6263311
]
},
"properties": {
"ign_id": "PAIHYDRO0000000320298517",
"name": "",
"state": "En service",
"ign_confirmed": ""
}
},
{
"type": "Feature",
"geometry": {
"type": "Point",
"coordinates": [
8.9827276,
42.603783
]
},
"properties": {
"ign_id": "PAIHYDRO0000000320298518",
"name": "",
"state": "En service",
"ign_confirmed": ""
}
},
{
"type": "Feature",
"geometry": {
"type": "Point",
"coordinates": [
8.9849165,
42.5933288
]
},
"properties": {
"ign_id": "PAIHYDRO0000000320298519",
"name": "",
"state": "En service",
"ign_confirmed": ""
}
},
{
"type": "Feature",
"geometry": {
"type": "Point",
"coordinates": [
8.9719356,
42.6140681
]
},
"properties": {
"ign_id": "PAIHYDRO0000000320298522",
"name": "",
"state": "En service",
"ign_confirmed": ""
}
},
{
"type": "Feature",
"geometry": {
"type": "Point",
"coordinates": [
8.85051,
42.6008343
]
},
"properties": {
"ign_id": "PAIHYDRO0000000320298524",
"name": "",
"state": "En service",
"ign_confirmed": ""
}
},
{
"type": "Feature",
"geometry": {
"type": "Point",
"coordinates": [
9.5012187,
42.4569763
]
},
"properties": {
"ign_id": "PAIHYDRO0000000320299081",
"name": "",
"state": "En service",
"ign_confirmed": ""
}
},
{
"type": "Feature",
"geometry": {
"type": "Point",
"coordinates": [
9.5085257,
42.441036
]
},
"properties": {
"ign_id": "PAIHYDRO0000000320299086",
"name": "",
"state": "En service",
"ign_confirmed": ""
}
},
{
"type": "Feature",
"geometry": {
"type": "Point",
"coordinates": [
9.4282889,
42.4765374
]
},
"properties": {
"ign_id": "PAIHYDRO0000000320299088",
"name": "",
"state": "En service",
"ign_confirmed": ""
}
},
{
"type": "Feature",
"geometry": {
"type": "Point",
"coordinates": [
9.3456088,
42.4628383
]
},
"properties": {
"ign_id": "PAIHYDRO0000000320299089",
"name": "",
"state": "En service",
"ign_confirmed": "2015-05-29"
}
},
{
"type": "Feature",
"geometry": {
"type": "Point",
"coordinates": [
9.4699621,
42.5424033
]
},
"properties": {
"ign_id": "PAIHYDRO0000000320299090",
"name": "",
"state": "En service",
"ign_confirmed": ""
}
},
{
"type": "Feature",
"geometry": {
"type": "Point",
"coordinates": [
9.4699925,
42.5423915
]
},
"properties": {
"ign_id": "PAIHYDRO0000000320299094",
"name": "",
"state": "En service",
"ign_confirmed": ""
}
},
{
"type": "Feature",
"geometry": {
"type": "Point",
"coordinates": [
9.4008228,
42.5224637
]
},
"properties": {
"ign_id": "PAIHYDRO0000000320299107",
"name": "",
"state": "En service",
"ign_confirmed": ""
}
},
{
"type": "Feature",
"geometry": {
"type": "Point",
"coordinates": [
9.4192608,
42.5446817
]
},
"properties": {
"ign_id": "PAIHYDRO0000000320299117",
"name": "",
"state": "En service",
"ign_confirmed": ""
}
},
{
"type": "Feature",
"geometry": {
"type": "Point",
"coordinates": [
9.4531119,
42.5100355
]
},
"properties": {
"ign_id": "PAIHYDRO0000000320299135",
"name": "",
"state": "En service",
"ign_confirmed": ""
}
},
{
"type": "Feature",
"geometry": {
"type": "Point",
"coordinates": [
9.3510731,
42.4922797
]
},
"properties": {
"ign_id": "PAIHYDRO0000000320299136",
"name": "",
"state": "En service",
"ign_confirmed": ""
}
},
{
"type": "Feature",
"geometry": {
"type": "Point",
"coordinates": [
9.4543878,
42.4746575
]
},
"properties": {
"ign_id": "PAIHYDRO0000000320299141",
"name": "",
"state": "En service",
"ign_confirmed": ""
}
},
{
"type": "Feature",
"geometry": {
"type": "Point",
"coordinates": [
9.4789558,
42.4879602
]
},
"properties": {
"ign_id": "PAIHYDRO0000000320299146",
"name": "",
"state": "En service",
"ign_confirmed": ""
}
},
{
"type": "Feature",
"geometry": {
"type": "Point",
"coordinates": [
9.2946241,
42.459296
]
},
"properties": {
"ign_id": "PAIHYDRO0000000320299151",
"name": "",
"state": "En service",
"ign_confirmed": ""
}
},
{
"type": "Feature",
"geometry": {
"type": "Point",
"coordinates": [
9.2925518,
42.4573238
]
},
"properties": {
"ign_id": "PAIHYDRO0000000320299153",
"name": "",
"state": "En service",
"ign_confirmed": ""
}
},
{
"type": "Feature",
"geometry": {
"type": "Point",
"coordinates": [
9.3139058,
42.4829933
]
},
"properties": {
"ign_id": "PAIHYDRO0000000320299154",
"name": "",
"state": "En service",
"ign_confirmed": ""
}
},
{
"type": "Feature",
"geometry": {
"type": "Point",
"coordinates": [
9.185525,
42.5361521
]
},
"properties": {
"ign_id": "PAIHYDRO0000000320299155",
"name": "",
"state": "En service",
"ign_confirmed": ""
}
},
{
"type": "Feature",
"geometry": {
"type": "Point",
"coordinates": [
9.3158792,
42.462054
]
},
"properties": {
"ign_id": "PAIHYDRO0000000320299156",
"name": "Funtana Maio",
"state": "En service",
"ign_confirmed": ""
}
},
{
"type": "Feature",
"geometry": {
"type": "Point",
"coordinates": [
9.2995946,
42.5311857
]
},
"properties": {
"ign_id": "PAIHYDRO0000000320299157",
"name": "",
"state": "En service",
"ign_confirmed": ""
}
},
{
"type": "Feature",
"geometry": {
"type": "Point",
"coordinates": [
9.2948204,
42.4583944
]
},
"properties": {
"ign_id": "PAIHYDRO0000000320299158",
"name": "",
"state": "En service",
"ign_confirmed": ""
}
},
{
"type": "Feature",
"geometry": {
"type": "Point",
"coordinates": [
9.2947706,
42.4573459
]
},
"properties": {
"ign_id": "PAIHYDRO0000000320299185",
"name": "",
"state": "En service",
"ign_confirmed": ""
}
},
{
"type": "Feature",
"geometry": {
"type": "Point",
"coordinates": [
9.2644431,
42.5025997
]
},
"properties": {
"ign_id": "PAIHYDRO0000000320299191",
"name": "",
"state": "En service",
"ign_confirmed": "2025-05-12"
}
},
{
"type": "Feature",
"geometry": {
"type": "Point",
"coordinates": [
9.1129553,
42.4858684
]
},
"properties": {
"ign_id": "PAIHYDRO0000000320299192",
"name": "",
"state": "En service",
"ign_confirmed": "2017-06-22"
}
},
{
"type": "Feature",
"geometry": {
"type": "Point",
"coordinates": [
9.0661195,
42.5825848
]
},
"properties": {
"ign_id": "PAIHYDRO0000000320299205",
"name": "",
"state": "En service",
"ign_confirmed": ""
}
},
{
"type": "Feature",
"geometry": {
"type": "Point",
"coordinates": [
9.046881,
42.5259243
]
},
"properties": {
"ign_id": "PAIHYDRO0000000320299212",
"name": "",
"state": "En service",
"ign_confirmed": ""
}
},
{
"type": "Feature",
"geometry": {
"type": "Point",
"coordinates": [
9.0200292,
42.5872332
]
},
"properties": {
"ign_id": "PAIHYDRO0000000320299213",
"name": "",
"state": "En service",
"ign_confirmed": ""
}
},
{
"type": "Feature",
"geometry": {
"type": "Point",
"coordinates": [
8.9924563,
42.493989
]
},
"properties": {
"ign_id": "PAIHYDRO0000000320299217",
"name": "",
"state": "En service",
"ign_confirmed": "2025-05-05"
}
},
{
"type": "Feature",
"geometry": {
"type": "Point",
"coordinates": [
8.9356431,
42.5734477
]
},
"properties": {
"ign_id": "PAIHYDRO0000000320299218",
"name": "",
"state": "En service",
"ign_confirmed": ""
}
},
{
"type": "Feature",
"geometry": {
"type": "Point",
"coordinates": [
8.993506,
42.5703904
]
},
"properties": {
"ign_id": "PAIHYDRO0000000320299219",
"name": "",
"state": "En service",
"ign_confirmed": ""
}
},
{
"type": "Feature",
"geometry": {
"type": "Point",
"coordinates": [
8.9687193,
42.5738193
]
},
"properties": {
"ign_id": "PAIHYDRO0000000320299220",
"name": "",
"state": "En service",
"ign_confirmed": ""
}
},
{
"type": "Feature",
"geometry": {
"type": "Point",
"coordinates": [
8.9466464,
42.581952
]
},
"properties": {
"ign_id": "PAIHYDRO0000000320299221",
"name": "",
"state": "En service",
"ign_confirmed": ""
}
},
{
"type": "Feature",
"geometry": {
"type": "Point",
"coordinates": [
8.993136,
42.5376644
]
},
"properties": {
"ign_id": "PAIHYDRO0000000320299227",
"name": "",
"state": "En service",
"ign_confirmed": ""
}
},
{
"type": "Feature",
"geometry": {
"type": "Point",
"coordinates": [
8.9075517,
42.5847017
]
},
"properties": {
"ign_id": "PAIHYDRO0000000320299228",
"name": "",
"state": "En service",
"ign_confirmed": ""
}
},
{
"type": "Feature",
"geometry": {
"type": "Point",
"coordinates": [
8.9861991,
42.5655546
]
},
"properties": {
"ign_id": "PAIHYDRO0000000320299229",
"name": "a Funtanaccia",
"state": "En service",
"ign_confirmed": "2025-05-05"
}
},
{
"type": "Feature",
"geometry": {
"type": "Point",
"coordinates": [
9.0018058,
42.5736616
]
},
"properties": {
"ign_id": "PAIHYDRO0000000320299230",
"name": "",
"state": "En service",
"ign_confirmed": ""
}
},
{
"type": "Feature",
"geometry": {
"type": "Point",
"coordinates": [
8.9432939,
42.5433008
]
},
"properties": {
"ign_id": "PAIHYDRO0000000320299231",
"name": "",
"state": "En service",
"ign_confirmed": ""
}
},
{
"type": "Feature",
"geometry": {
"type": "Point",
"coordinates": [
8.9935429,
42.5872274
]
},
"properties": {
"ign_id": "PAIHYDRO0000000320299232",
"name": "",
"state": "En service",
"ign_confirmed": ""
}
},
{
"type": "Feature",
"geometry": {
"type": "Point",
"coordinates": [
8.8921662,
42.5396939
]
},
"properties": {
"ign_id": "PAIHYDRO0000000320299233",
"name": "",
"state": "En service",
"ign_confirmed": "2017-08-03"
}
},
{
"type": "Feature",
"geometry": {
"type": "Point",
"coordinates": [
9.0004684,
42.5730174
]
},
"properties": {
"ign_id": "PAIHYDRO0000000320299234",
"name": "",
"state": "En service",
"ign_confirmed": ""
}
},
{
"type": "Feature",
"geometry": {
"type": "Point",
"coordinates": [
8.9150439,
42.550998
]
},
"properties": {
"ign_id": "PAIHYDRO0000000320299243",
"name": "",
"state": "En service",
"ign_confirmed": ""
}
},
{
"type": "Feature",
"geometry": {
"type": "Point",
"coordinates": [
8.9853119,
42.5862895
]
},
"properties": {
"ign_id": "PAIHYDRO0000000320299255",
"name": "",
"state": "En service",
"ign_confirmed": ""
}
},
{
"type": "Feature",
"geometry": {
"type": "Point",
"coordinates": [
8.9124741,
42.580601
]
},
"properties": {
"ign_id": "PAIHYDRO0000000320299256",
"name": "",
"state": "En service",
"ign_confirmed": ""
}
},
{
"type": "Feature",
"geometry": {
"type": "Point",
"coordinates": [
8.9145479,
42.5925909
]
},
"properties": {
"ign_id": "PAIHYDRO0000000320299291",
"name": "",
"state": "En service",
"ign_confirmed": ""
}
},
{
"type": "Feature",
"geometry": {
"type": "Point",
"coordinates": [
9.0010767,
42.5736765
]
},
"properties": {
"ign_id": "PAIHYDRO0000000320299295",
"name": "",
"state": "En service",
"ign_confirmed": ""
}
},
{
"type": "Feature",
"geometry": {
"type": "Point",
"coordinates": [
8.8924554,
42.5844324
]
},
"properties": {
"ign_id": "PAIHYDRO0000000320299296",
"name": "",
"state": "En service",
"ign_confirmed": ""
}
},
{
"type": "Feature",
"geometry": {
"type": "Point",
"coordinates": [
8.8997282,
42.5834868
]
},
"properties": {
"ign_id": "PAIHYDRO0000000320299297",
"name": "",
"state": "En service",
"ign_confirmed": ""
}
},
{
"type": "Feature",
"geometry": {
"type": "Point",
"coordinates": [
8.9039996,
42.5928174
]
},
"properties": {
"ign_id": "PAIHYDRO0000000320299299",
"name": "",
"state": "En service",
"ign_confirmed": ""
}
},
{
"type": "Feature",
"geometry": {
"type": "Point",
"coordinates": [
8.9151079,
42.5895749
]
},
"properties": {
"ign_id": "PAIHYDRO0000000320299300",
"name": "",
"state": "En service",
"ign_confirmed": ""
}
},
{
"type": "Feature",
"geometry": {
"type": "Point",
"coordinates": [
8.9666639,
42.5729381
]
},
"properties": {
"ign_id": "PAIHYDRO0000000320299301",
"name": "",
"state": "En service",
"ign_confirmed": ""
}
},
{
"type": "Feature",
"geometry": {
"type": "Point",
"coordinates": [
8.949165,
42.5502477
]
},
"properties": {
"ign_id": "PAIHYDRO0000000320299302",
"name": "",
"state": "En service",
"ign_confirmed": ""
}
},
{
"type": "Feature",
"geometry": {
"type": "Point",
"coordinates": [
8.876661,
42.5738549
]
},
"properties": {
"ign_id": "PAIHYDRO0000000320299303",
"name": "",
"state": "En service",
"ign_confirmed": ""
}
},
{
"type": "Feature",
"geometry": {
"type": "Point",
"coordinates": [
8.8933563,
42.5608913
]
},
"properties": {
"ign_id": "PAIHYDRO0000000320299308",
"name": "",
"state": "En service",
"ign_confirmed": ""
}
},
{
"type": "Feature",
"geometry": {
"type": "Point",
"coordinates": [
8.9089001,
42.5719102
]
},
"properties": {
"ign_id": "PAIHYDRO0000000320299310",
"name": "",
"state": "En service",
"ign_confirmed": ""
}
},
{
"type": "Feature",
"geometry": {
"type": "Point",
"coordinates": [
9.0007091,
42.5749873
]
},
"properties": {
"ign_id": "PAIHYDRO0000000320299311",
"name": "",
"state": "En service",
"ign_confirmed": ""
}
},
{
"type": "Feature",
"geometry": {
"type": "Point",
"coordinates": [
8.9862871,
42.5836697
]
},
"properties": {
"ign_id": "PAIHYDRO0000000320299319",
"name": "",
"state": "En service",
"ign_confirmed": ""
}
},
{
"type": "Feature",
"geometry": {
"type": "Point",
"coordinates": [
8.7288895,
42.5253031
]
},
"properties": {
"ign_id": "PAIHYDRO0000000320299321",
"name": "",
"state": "En service",
"ign_confirmed": "2017-07-27"
}
},
{
"type": "Feature",
"geometry": {
"type": "Point",
"coordinates": [
8.8446407,
42.5855416
]
},
"properties": {
"ign_id": "PAIHYDRO0000000320299322",
"name": "",
"state": "En service",
"ign_confirmed": ""
}
},
{
"type": "Feature",
"geometry": {
"type": "Point",
"coordinates": [
8.7365638,
42.5637454
]
},
"properties": {
"ign_id": "PAIHYDRO0000000320299331",
"name": "",
"state": "En service",
"ign_confirmed": ""
}
},
{
"type": "Feature",
"geometry": {
"type": "Point",
"coordinates": [
8.7302359,
42.5586298
]
},
"properties": {
"ign_id": "PAIHYDRO0000000320299332",
"name": "",
"state": "En service",
"ign_confirmed": ""
}
},
{
"type": "Feature",
"geometry": {
"type": "Point",
"coordinates": [
8.8336468,
42.5699028
]
},
"properties": {
"ign_id": "PAIHYDRO0000000320299333",
"name": "",
"state": "En service",
"ign_confirmed": ""
}
},
{
"type": "Feature",
"geometry": {
"type": "Point",
"coordinates": [
8.7556288,
42.5145839
]
},
"properties": {
"ign_id": "PAIHYDRO0000000320299334",
"name": "",
"state": "En service",
"ign_confirmed": ""
}
},
{
"type": "Feature",
"geometry": {
"type": "Point",
"coordinates": [
8.841992,
42.5871443
]
},
"properties": {
"ign_id": "PAIHYDRO0000000320299335",
"name": "",
"state": "En service",
"ign_confirmed": ""
}
},
{
"type": "Feature",
"geometry": {
"type": "Point",
"coordinates": [
9.3480741,
42.4441702
]
},
"properties": {
"ign_id": "PAIHYDRO0000000320299709",
"name": "",
"state": "En service",
"ign_confirmed": ""
}
},
{
"type": "Feature",
"geometry": {
"type": "Point",
"coordinates": [
9.4086842,
42.3437337
]
},
"properties": {
"ign_id": "PAIHYDRO0000000320299711",
"name": "",
"state": "En service",
"ign_confirmed": ""
}
},
{
"type": "Feature",
"geometry": {
"type": "Point",
"coordinates": [
9.39622,
42.3429125
]
},
"properties": {
"ign_id": "PAIHYDRO0000000320299713",
"name": "",
"state": "En service",
"ign_confirmed": ""
}
},
{
"type": "Feature",
"geometry": {
"type": "Point",
"coordinates": [
9.4093528,
42.3696624
]
},
"properties": {
"ign_id": "PAIHYDRO0000000320299714",
"name": "",
"state": "En service",
"ign_confirmed": ""
}
},
{
"type": "Feature",
"geometry": {
"type": "Point",
"coordinates": [
9.4114355,
42.429523
]
},
"properties": {
"ign_id": "PAIHYDRO0000000320299723",
"name": "",
"state": "En service",
"ign_confirmed": "2015-05-21"
}
},
{
"type": "Feature",
"geometry": {
"type": "Point",
"coordinates": [
9.4244695,
42.3803384
]
},
"properties": {
"ign_id": "PAIHYDRO0000000320299728",
"name": "",
"state": "En service",
"ign_confirmed": ""
}
},
{
"type": "Feature",
"geometry": {
"type": "Point",
"coordinates": [
9.3715778,
42.4224737
]
},
"properties": {
"ign_id": "PAIHYDRO0000000320299729",
"name": "",
"state": "En service",
"ign_confirmed": ""
}
},
{
"type": "Feature",
"geometry": {
"type": "Point",
"coordinates": [
9.418724,
42.3426748
]
},
"properties": {
"ign_id": "PAIHYDRO0000000320299730",
"name": "",
"state": "En service",
"ign_confirmed": ""
}
},
{
"type": "Feature",
"geometry": {
"type": "Point",
"coordinates": [
9.3517237,
42.4110854
]
},
"properties": {
"ign_id": "PAIHYDRO0000000320299731",
"name": "",
"state": "En service",
"ign_confirmed": ""
}
},
{
"type": "Feature",
"geometry": {
"type": "Point",
"coordinates": [
9.4172593,
42.3502587
]
},
"properties": {
"ign_id": "PAIHYDRO0000000320299732",
"name": "",
"state": "En service",
"ign_confirmed": ""
}
},
{
"type": "Feature",
"geometry": {
"type": "Point",
"coordinates": [
9.3525256,
42.4365639
]
},
"properties": {
"ign_id": "PAIHYDRO0000000320299734",
"name": "",
"state": "En service",
"ign_confirmed": ""
}
},
{
"type": "Feature",
"geometry": {
"type": "Point",
"coordinates": [
9.3822234,
42.3436255
]
},
"properties": {
"ign_id": "PAIHYDRO0000000320299736",
"name": "",
"state": "En service",
"ign_confirmed": ""
}
},
{
"type": "Feature",
"geometry": {
"type": "Point",
"coordinates": [
9.3809211,
42.3762232
]
},
"properties": {
"ign_id": "PAIHYDRO0000000320299737",
"name": "",
"state": "En service",
"ign_confirmed": ""
}
},
{
"type": "Feature",
"geometry": {
"type": "Point",
"coordinates": [
9.4706209,
42.3998283
]
},
"properties": {
"ign_id": "PAIHYDRO0000000320299740",
"name": "",
"state": "En service",
"ign_confirmed": ""
}
},
{
"type": "Feature",
"geometry": {
"type": "Point",
"coordinates": [
9.2922325,
42.3891071
]
},
"properties": {
"ign_id": "PAIHYDRO0000000320299744",
"name": "",
"state": "En service",
"ign_confirmed": ""
}
},
{
"type": "Feature",
"geometry": {
"type": "Point",
"coordinates": [
9.2813956,
42.3839341
]
},
"properties": {
"ign_id": "PAIHYDRO0000000320299745",
"name": "",
"state": "En service",
"ign_confirmed": ""
}
},
{
"type": "Feature",
"geometry": {
"type": "Point",
"coordinates": [
9.2917047,
42.3865225
]
},
"properties": {
"ign_id": "PAIHYDRO0000000320299746",
"name": "",
"state": "En service",
"ign_confirmed": ""
}
},
{
"type": "Feature",
"geometry": {
"type": "Point",
"coordinates": [
9.2605268,
42.3619111
]
},
"properties": {
"ign_id": "PAIHYDRO0000000320299747",
"name": "",
"state": "En service",
"ign_confirmed": ""
}
},
{
"type": "Feature",
"geometry": {
"type": "Point",
"coordinates": [
9.2465997,
42.4311138
]
},
"properties": {
"ign_id": "PAIHYDRO0000000320299749",
"name": "",
"state": "En service",
"ign_confirmed": ""
}
},
{
"type": "Feature",
"geometry": {
"type": "Point",
"coordinates": [
9.2610567,
42.3624091
]
},
"properties": {
"ign_id": "PAIHYDRO0000000320299750",
"name": "",
"state": "En service",
"ign_confirmed": ""
}
},
{
"type": "Feature",
"geometry": {
"type": "Point",
"coordinates": [
9.2824685,
42.4120167
]
},
"properties": {
"ign_id": "PAIHYDRO0000000320299751",
"name": "",
"state": "En service",
"ign_confirmed": ""
}
},
{
"type": "Feature",
"geometry": {
"type": "Point",
"coordinates": [
9.2838095,
42.4106372
]
},
"properties": {
"ign_id": "PAIHYDRO0000000320299752",
"name": "",
"state": "En service",
"ign_confirmed": ""
}
},
{
"type": "Feature",
"geometry": {
"type": "Point",
"coordinates": [
9.2872058,
42.4059613
]
},
"properties": {
"ign_id": "PAIHYDRO0000000320299754",
"name": "",
"state": "En service",
"ign_confirmed": ""
}
},
{
"type": "Feature",
"geometry": {
"type": "Point",
"coordinates": [
9.2977016,
42.4350617
]
},
"properties": {
"ign_id": "PAIHYDRO0000000320299758",
"name": "",
"state": "En service",
"ign_confirmed": ""
}
},
{
"type": "Feature",
"geometry": {
"type": "Point",
"coordinates": [
9.2003619,
42.3696322
]
},
"properties": {
"ign_id": "PAIHYDRO0000000320299759",
"name": "",
"state": "En service",
"ign_confirmed": ""
}
},
{
"type": "Feature",
"geometry": {
"type": "Point",
"coordinates": [
9.2435159,
42.3987664
]
},
"properties": {
"ign_id": "PAIHYDRO0000000320299760",
"name": "",
"state": "En service",
"ign_confirmed": ""
}
},
{
"type": "Feature",
"geometry": {
"type": "Point",
"coordinates": [
9.2960704,
42.4002249
]
},
"properties": {
"ign_id": "PAIHYDRO0000000320299771",
"name": "",
"state": "En service",
"ign_confirmed": ""
}
},
{
"type": "Feature",
"geometry": {
"type": "Point",
"coordinates": [
9.307914,
42.438207
]
},
"properties": {
"ign_id": "PAIHYDRO0000000320299772",
"name": "",
"state": "En service",
"ign_confirmed": ""
}
},
{
"type": "Feature",
"geometry": {
"type": "Point",
"coordinates": [
9.2961336,
42.4231895
]
},
"properties": {
"ign_id": "PAIHYDRO0000000320299773",
"name": "",
"state": "En service",
"ign_confirmed": ""
}
},
{
"type": "Feature",
"geometry": {
"type": "Point",
"coordinates": [
9.2889444,
42.4492988
]
},
"properties": {
"ign_id": "PAIHYDRO0000000320299774",
"name": "",
"state": "En service",
"ign_confirmed": ""
}
},
{
"type": "Feature",
"geometry": {
"type": "Point",
"coordinates": [
9.2975081,
42.4237574
]
},
"properties": {
"ign_id": "PAIHYDRO0000000320299775",
"name": "",
"state": "En service",
"ign_confirmed": ""
}
},
{
"type": "Feature",
"geometry": {
"type": "Point",
"coordinates": [
9.2867753,
42.4536787
]
},
"properties": {
"ign_id": "PAIHYDRO0000000320299777",
"name": "",
"state": "En service",
"ign_confirmed": ""
}
},
{
"type": "Feature",
"geometry": {
"type": "Point",
"coordinates": [
9.2858328,
42.3741834
]
},
"properties": {
"ign_id": "PAIHYDRO0000000320299778",
"name": "",
"state": "En service",
"ign_confirmed": ""
}
},
{
"type": "Feature",
"geometry": {
"type": "Point",
"coordinates": [
9.2971695,
42.4369219
]
},
"properties": {
"ign_id": "PAIHYDRO0000000320299779",
"name": "",
"state": "En service",
"ign_confirmed": ""
}
},
{
"type": "Feature",
"geometry": {
"type": "Point",
"coordinates": [
9.1986663,
42.3694192
]
},
"properties": {
"ign_id": "PAIHYDRO0000000320299780",
"name": "",
"state": "En service",
"ign_confirmed": ""
}
},
{
"type": "Feature",
"geometry": {
"type": "Point",
"coordinates": [
9.1631137,
42.4234972
]
},
"properties": {
"ign_id": "PAIHYDRO0000000320299781",
"name": "",
"state": "En service",
"ign_confirmed": ""
}
},
{
"type": "Feature",
"geometry": {
"type": "Point",
"coordinates": [
9.2942206,
42.3785019
]
},
"properties": {
"ign_id": "PAIHYDRO0000000320299782",
"name": "",
"state": "En service",
"ign_confirmed": ""
}
},
{
"type": "Feature",
"geometry": {
"type": "Point",
"coordinates": [
9.2945711,
42.3635603
]
},
"properties": {
"ign_id": "PAIHYDRO0000000320299784",
"name": "",
"state": "En service",
"ign_confirmed": ""
}
},
{
"type": "Feature",
"geometry": {
"type": "Point",
"coordinates": [
9.029266,
42.4516545
]
},
"properties": {
"ign_id": "PAIHYDRO0000000320299785",
"name": "",
"state": "En service",
"ign_confirmed": ""
}
},
{
"type": "Feature",
"geometry": {
"type": "Point",
"coordinates": [
9.1385054,
42.3832077
]
},
"properties": {
"ign_id": "PAIHYDRO0000000320299786",
"name": "",
"state": "En service",
"ign_confirmed": ""
}
},
{
"type": "Feature",
"geometry": {
"type": "Point",
"coordinates": [
9.1308904,
42.4328849
]
},
"properties": {
"ign_id": "PAIHYDRO0000000320299789",
"name": "",
"state": "En service",
"ign_confirmed": ""
}
},
{
"type": "Feature",
"geometry": {
"type": "Point",
"coordinates": [
9.0124676,
42.4441471
]
},
"properties": {
"ign_id": "PAIHYDRO0000000320299803",
"name": "",
"state": "En service",
"ign_confirmed": ""
}
},
{
"type": "Feature",
"geometry": {
"type": "Point",
"coordinates": [
9.0890266,
42.4589073
]
},
"properties": {
"ign_id": "PAIHYDRO0000000320299804",
"name": "",
"state": "En service",
"ign_confirmed": ""
}
},
{
"type": "Feature",
"geometry": {
"type": "Point",
"coordinates": [
9.0905612,
42.3770939
]
},
"properties": {
"ign_id": "PAIHYDRO0000000320299805",
"name": "",
"state": "En service",
"ign_confirmed": ""
}
},
{
"type": "Feature",
"geometry": {
"type": "Point",
"coordinates": [
9.1228429,
42.3786712
]
},
"properties": {
"ign_id": "PAIHYDRO0000000320299806",
"name": "",
"state": "En service",
"ign_confirmed": ""
}
},
{
"type": "Feature",
"geometry": {
"type": "Point",
"coordinates": [
9.1441035,
42.3731765
]
},
"properties": {
"ign_id": "PAIHYDRO0000000320299807",
"name": "",
"state": "En service",
"ign_confirmed": ""
}
},
{
"type": "Feature",
"geometry": {
"type": "Point",
"coordinates": [
8.9761227,
42.4277914
]
},
"properties": {
"ign_id": "PAIHYDRO0000000320299812",
"name": "",
"state": "En service",
"ign_confirmed": ""
}
},
{
"type": "Feature",
"geometry": {
"type": "Point",
"coordinates": [
8.7790338,
42.3791087
]
},
"properties": {
"ign_id": "PAIHYDRO0000000320299823",
"name": "",
"state": "En service",
"ign_confirmed": ""
}
},
{
"type": "Feature",
"geometry": {
"type": "Point",
"coordinates": [
8.7527945,
42.4453613
]
},
"properties": {
"ign_id": "PAIHYDRO0000000320299824",
"name": "",
"state": "En service",
"ign_confirmed": ""
}
},
{
"type": "Feature",
"geometry": {
"type": "Point",
"coordinates": [
8.8162925,
42.4290662
]
},
"properties": {
"ign_id": "PAIHYDRO0000000320299825",
"name": "",
"state": "En service",
"ign_confirmed": "2017-07-31"
}
},
{
"type": "Feature",
"geometry": {
"type": "Point",
"coordinates": [
9.4242733,
42.3201498
]
},
"properties": {
"ign_id": "PAIHYDRO0000000320300061",
"name": "",
"state": "En service",
"ign_confirmed": ""
}
},
{
"type": "Feature",
"geometry": {
"type": "Point",
"coordinates": [
9.4204153,
42.3223733
]
},
"properties": {
"ign_id": "PAIHYDRO0000000320300068",
"name": "",
"state": "En service",
"ign_confirmed": ""
}
},
{
"type": "Feature",
"geometry": {
"type": "Point",
"coordinates": [
9.3649952,
42.2165468
]
},
"properties": {
"ign_id": "PAIHYDRO0000000320300071",
"name": "",
"state": "En service",
"ign_confirmed": ""
}
},
{
"type": "Feature",
"geometry": {
"type": "Point",
"coordinates": [
9.392132,
42.3222593
]
},
"properties": {
"ign_id": "PAIHYDRO0000000320300072",
"name": "",
"state": "En service",
"ign_confirmed": ""
}
},
{
"type": "Feature",
"geometry": {
"type": "Point",
"coordinates": [
9.2956568,
42.2501969
]
},
"properties": {
"ign_id": "PAIHYDRO0000000320300073",
"name": "Acqua di a Quarceta",
"state": "En service",
"ign_confirmed": ""
}
},
{
"type": "Feature",
"geometry": {
"type": "Point",
"coordinates": [
9.1727961,
42.2486597
]
},
"properties": {
"ign_id": "PAIHYDRO0000000320300076",
"name": "",
"state": "En service",
"ign_confirmed": ""
}
},
{
"type": "Feature",
"geometry": {
"type": "Point",
"coordinates": [
9.176289,
42.2548683
]
},
"properties": {
"ign_id": "PAIHYDRO0000000320300092",
"name": "",
"state": "En service",
"ign_confirmed": "2017-09-07"
}
},
{
"type": "Feature",
"geometry": {
"type": "Point",
"coordinates": [
9.1746328,
42.2288014
]
},
"properties": {
"ign_id": "PAIHYDRO0000000320300094",
"name": "",
"state": "En service",
"ign_confirmed": ""
}
},
{
"type": "Feature",
"geometry": {
"type": "Point",
"coordinates": [
9.1728257,
42.2296422
]
},
"properties": {
"ign_id": "PAIHYDRO0000000320300095",
"name": "",
"state": "En service",
"ign_confirmed": ""
}
},
{
"type": "Feature",
"geometry": {
"type": "Point",
"coordinates": [
9.2807397,
42.2312196
]
},
"properties": {
"ign_id": "PAIHYDRO0000000320300097",
"name": "",
"state": "En service",
"ign_confirmed": "2025-03-31"
}
},
{
"type": "Feature",
"geometry": {
"type": "Point",
"coordinates": [
9.2465568,
42.3105625
]
},
"properties": {
"ign_id": "PAIHYDRO0000000320300098",
"name": "",
"state": "En service",
"ign_confirmed": ""
}
},
{
"type": "Feature",
"geometry": {
"type": "Point",
"coordinates": [
9.2353095,
42.2320015
]
},
"properties": {
"ign_id": "PAIHYDRO0000000320300099",
"name": "",
"state": "En service",
"ign_confirmed": ""
}
},
{
"type": "Feature",
"geometry": {
"type": "Point",
"coordinates": [
9.3045472,
42.294529
]
},
"properties": {
"ign_id": "PAIHYDRO0000000320300100",
"name": "",
"state": "En service",
"ign_confirmed": ""
}
},
{
"type": "Feature",
"geometry": {
"type": "Point",
"coordinates": [
8.9389607,
42.2955374
]
},
"properties": {
"ign_id": "PAIHYDRO0000000320300148",
"name": "",
"state": "En service",
"ign_confirmed": ""
}
},
{
"type": "Feature",
"geometry": {
"type": "Point",
"coordinates": [
8.6533054,
42.3528523
]
},
"properties": {
"ign_id": "PAIHYDRO0000000320300161",
"name": "",
"state": "En service",
"ign_confirmed": ""
}
},
{
"type": "Feature",
"geometry": {
"type": "Point",
"coordinates": [
9.5046474,
42.1478463
]
},
"properties": {
"ign_id": "PAIHYDRO0000000320300419",
"name": "",
"state": "En service",
"ign_confirmed": ""
}
},
{
"type": "Feature",
"geometry": {
"type": "Point",
"coordinates": [
9.3492669,
42.1673657
]
},
"properties": {
"ign_id": "PAIHYDRO0000000320300424",
"name": "",
"state": "En service",
"ign_confirmed": ""
}
},
{
"type": "Feature",
"geometry": {
"type": "Point",
"coordinates": [
9.3872365,
42.104629
]
},
"properties": {
"ign_id": "PAIHYDRO0000000320300425",
"name": "",
"state": "En service",
"ign_confirmed": ""
}
},
{
"type": "Feature",
"geometry": {
"type": "Point",
"coordinates": [
9.3406562,
42.1333938
]
},
"properties": {
"ign_id": "PAIHYDRO0000000320300426",
"name": "",
"state": "En service",
"ign_confirmed": ""
}
},
{
"type": "Feature",
"geometry": {
"type": "Point",
"coordinates": [
9.3992766,
42.1094196
]
},
"properties": {
"ign_id": "PAIHYDRO0000000320300427",
"name": "",
"state": "En service",
"ign_confirmed": ""
}
},
{
"type": "Feature",
"geometry": {
"type": "Point",
"coordinates": [
9.3719545,
42.1609717
]
},
"properties": {
"ign_id": "PAIHYDRO0000000320300430",
"name": "Fontaine All Olive",
"state": "En service",
"ign_confirmed": "2017-02-27"
}
},
{
"type": "Feature",
"geometry": {
"type": "Point",
"coordinates": [
9.3452557,
42.1695823
]
},
"properties": {
"ign_id": "PAIHYDRO0000000320300433",
"name": "",
"state": "En service",
"ign_confirmed": ""
}
},
{
"type": "Feature",
"geometry": {
"type": "Point",
"coordinates": [
9.339881,
42.2124946
]
},
"properties": {
"ign_id": "PAIHYDRO0000000320300434",
"name": "",
"state": "En service",
"ign_confirmed": "2017-03-08"
}
},
{
"type": "Feature",
"geometry": {
"type": "Point",
"coordinates": [
9.4206117,
42.1740378
]
},
"properties": {
"ign_id": "PAIHYDRO0000000320300436",
"name": "",
"state": "En service",
"ign_confirmed": ""
}
},
{
"type": "Feature",
"geometry": {
"type": "Point",
"coordinates": [
9.3295542,
42.1123564
]
},
"properties": {
"ign_id": "PAIHYDRO0000000320300440",
"name": "",
"state": "En service",
"ign_confirmed": ""
}
},
{
"type": "Feature",
"geometry": {
"type": "Point",
"coordinates": [
9.3402033,
42.169727
]
},
"properties": {
"ign_id": "PAIHYDRO0000000320300441",
"name": "",
"state": "En service",
"ign_confirmed": ""
}
},
{
"type": "Feature",
"geometry": {
"type": "Point",
"coordinates": [
9.1910166,
42.1289156
]
},
"properties": {
"ign_id": "PAIHYDRO0000000320300444",
"name": "Fontaine Castagno",
"state": "En service",
"ign_confirmed": "2025-04-09"
}
},
{
"type": "Feature",
"geometry": {
"type": "Point",
"coordinates": [
9.1349901,
42.13281
]
},
"properties": {
"ign_id": "PAIHYDRO0000000320300445",
"name": "",
"state": "En service",
"ign_confirmed": ""
}
},
{
"type": "Feature",
"geometry": {
"type": "Point",
"coordinates": [
9.2798497,
42.1370238
]
},
"properties": {
"ign_id": "PAIHYDRO0000000320300468",
"name": "",
"state": "En service",
"ign_confirmed": ""
}
},
{
"type": "Feature",
"geometry": {
"type": "Point",
"coordinates": [
9.2206704,
42.1797113
]
},
"properties": {
"ign_id": "PAIHYDRO0000000320300469",
"name": "",
"state": "En service",
"ign_confirmed": ""
}
},
{
"type": "Feature",
"geometry": {
"type": "Point",
"coordinates": [
9.1919677,
42.1810574
]
},
"properties": {
"ign_id": "PAIHYDRO0000000320300470",
"name": "",
"state": "En service",
"ign_confirmed": ""
}
},
{
"type": "Feature",
"geometry": {
"type": "Point",
"coordinates": [
9.1824058,
42.1767961
]
},
"properties": {
"ign_id": "PAIHYDRO0000000320300471",
"name": "",
"state": "En service",
"ign_confirmed": ""
}
},
{
"type": "Feature",
"geometry": {
"type": "Point",
"coordinates": [
9.2678692,
42.1169193
]
},
"properties": {
"ign_id": "PAIHYDRO0000000320300473",
"name": "",
"state": "En service",
"ign_confirmed": "2025-04-09"
}
},
{
"type": "Feature",
"geometry": {
"type": "Point",
"coordinates": [
9.1328885,
42.1299421
]
},
"properties": {
"ign_id": "PAIHYDRO0000000320300474",
"name": "",
"state": "En service",
"ign_confirmed": ""
}
},
{
"type": "Feature",
"geometry": {
"type": "Point",
"coordinates": [
9.1578255,
42.161814
]
},
"properties": {
"ign_id": "PAIHYDRO0000000320300475",
"name": "",
"state": "En service",
"ign_confirmed": ""
}
},
{
"type": "Feature",
"geometry": {
"type": "Point",
"coordinates": [
9.1865346,
42.1466358
]
},
"properties": {
"ign_id": "PAIHYDRO0000000320300480",
"name": "",
"state": "En service",
"ign_confirmed": "2025-04-09"
}
},
{
"type": "Feature",
"geometry": {
"type": "Point",
"coordinates": [
9.1188972,
42.1134897
]
},
"properties": {
"ign_id": "PAIHYDRO0000000320300497",
"name": "",
"state": "En service",
"ign_confirmed": "2025-07-05"
}
},
{
"type": "Feature",
"geometry": {
"type": "Point",
"coordinates": [
8.9238844,
42.1829274
]
},
"properties": {
"ign_id": "PAIHYDRO0000000320300516",
"name": "",
"state": "En service",
"ign_confirmed": ""
}
},
{
"type": "Feature",
"geometry": {
"type": "Point",
"coordinates": [
8.9108117,
42.1902547
]
},
"properties": {
"ign_id": "PAIHYDRO0000000320300518",
"name": "",
"state": "En service",
"ign_confirmed": ""
}
},
{
"type": "Feature",
"geometry": {
"type": "Point",
"coordinates": [
8.9387227,
42.1675863
]
},
"properties": {
"ign_id": "PAIHYDRO0000000320300519",
"name": "",
"state": "En service",
"ign_confirmed": ""
}
},
{
"type": "Feature",
"geometry": {
"type": "Point",
"coordinates": [
8.9065052,
42.1764883
]
},
"properties": {
"ign_id": "PAIHYDRO0000000320300521",
"name": "",
"state": "En service",
"ign_confirmed": ""
}
},
{
"type": "Feature",
"geometry": {
"type": "Point",
"coordinates": [
8.8007982,
42.232424
]
},
"properties": {
"ign_id": "PAIHYDRO0000000320300522",
"name": "",
"state": "En service",
"ign_confirmed": "2025-06-26"
}
},
{
"type": "Feature",
"geometry": {
"type": "Point",
"coordinates": [
8.7733215,
42.1505569
]
},
"properties": {
"ign_id": "PAIHYDRO0000000320300523",
"name": "",
"state": "En service",
"ign_confirmed": "2025-06-26"
}
},
{
"type": "Feature",
"geometry": {
"type": "Point",
"coordinates": [
8.8080554,
42.1764922
]
},
"properties": {
"ign_id": "PAIHYDRO0000000320300524",
"name": "",
"state": "En service",
"ign_confirmed": ""
}
},
{
"type": "Feature",
"geometry": {
"type": "Point",
"coordinates": [
8.6977409,
42.1580403
]
},
"properties": {
"ign_id": "PAIHYDRO0000000320300532",
"name": "",
"state": "En service",
"ign_confirmed": ""
}
},
{
"type": "Feature",
"geometry": {
"type": "Point",
"coordinates": [
8.5773734,
42.2134519
]
},
"properties": {
"ign_id": "PAIHYDRO0000000320300537",
"name": "",
"state": "En service",
"ign_confirmed": ""
}
},
{
"type": "Feature",
"geometry": {
"type": "Point",
"coordinates": [
8.6195957,
42.1375301
]
},
"properties": {
"ign_id": "PAIHYDRO0000000320300538",
"name": "",
"state": "En service",
"ign_confirmed": "2025-06-26"
}
},
{
"type": "Feature",
"geometry": {
"type": "Point",
"coordinates": [
8.6448048,
42.1491461
]
},
"properties": {
"ign_id": "PAIHYDRO0000000320300540",
"name": "",
"state": "En service",
"ign_confirmed": "2025-06-26"
}
},
{
"type": "Feature",
"geometry": {
"type": "Point",
"coordinates": [
8.5972233,
42.2278542
]
},
"properties": {
"ign_id": "PAIHYDRO0000000320300547",
"name": "",
"state": "En service",
"ign_confirmed": ""
}
},
{
"type": "Feature",
"geometry": {
"type": "Point",
"coordinates": [
8.6212733,
42.1823791
]
},
"properties": {
"ign_id": "PAIHYDRO0000000320300548",
"name": "",
"state": "En service",
"ign_confirmed": ""
}
},
{
"type": "Feature",
"geometry": {
"type": "Point",
"coordinates": [
9.2990355,
42.0573957
]
},
"properties": {
"ign_id": "PAIHYDRO0000000320300591",
"name": "",
"state": "En service",
"ign_confirmed": ""
}
},
{
"type": "Feature",
"geometry": {
"type": "Point",
"coordinates": [
9.3009848,
42.0745698
]
},
"properties": {
"ign_id": "PAIHYDRO0000000320300592",
"name": "",
"state": "En service",
"ign_confirmed": ""
}
},
{
"type": "Feature",
"geometry": {
"type": "Point",
"coordinates": [
9.2951206,
42.011966
]
},
"properties": {
"ign_id": "PAIHYDRO0000000320300593",
"name": "",
"state": "En service",
"ign_confirmed": ""
}
},
{
"type": "Feature",
"geometry": {
"type": "Point",
"coordinates": [
9.2864862,
42.0149335
]
},
"properties": {
"ign_id": "PAIHYDRO0000000320300594",
"name": "",
"state": "En service",
"ign_confirmed": "2017-02-12"
}
},
{
"type": "Feature",
"geometry": {
"type": "Point",
"coordinates": [
9.3219421,
42.0112965
]
},
"properties": {
"ign_id": "PAIHYDRO0000000320300595",
"name": "",
"state": "En service",
"ign_confirmed": ""
}
},
{
"type": "Feature",
"geometry": {
"type": "Point",
"coordinates": [
9.2771936,
42.0093941
]
},
"properties": {
"ign_id": "PAIHYDRO0000000320300598",
"name": "",
"state": "En service",
"ign_confirmed": "2017-02-12"
}
},
{
"type": "Feature",
"geometry": {
"type": "Point",
"coordinates": [
9.2626345,
42.0520859
]
},
"properties": {
"ign_id": "PAIHYDRO0000000320300610",
"name": "",
"state": "En service",
"ign_confirmed": ""
}
},
{
"type": "Feature",
"geometry": {
"type": "Point",
"coordinates": [
9.1968122,
42.0397514
]
},
"properties": {
"ign_id": "PAIHYDRO0000000320300611",
"name": "",
"state": "En service",
"ign_confirmed": "2025-07-15"
}
},
{
"type": "Feature",
"geometry": {
"type": "Point",
"coordinates": [
9.0931705,
42.0794413
]
},
"properties": {
"ign_id": "PAIHYDRO0000000320300614",
"name": "",
"state": "En service",
"ign_confirmed": "2025-04-09"
}
},
{
"type": "Feature",
"geometry": {
"type": "Point",
"coordinates": [
9.0655874,
42.0875601
]
},
"properties": {
"ign_id": "PAIHYDRO0000000320300615",
"name": "",
"state": "En service",
"ign_confirmed": "2025-04-09"
}
},
{
"type": "Feature",
"geometry": {
"type": "Point",
"coordinates": [
9.0153348,
42.0697065
]
},
"properties": {
"ign_id": "PAIHYDRO0000000320300621",
"name": "",
"state": "En service",
"ign_confirmed": "2025-04-09"
}
},
{
"type": "Feature",
"geometry": {
"type": "Point",
"coordinates": [
9.0508055,
41.9982907
]
},
"properties": {
"ign_id": "PAIHYDRO0000000320300622",
"name": "Funtana Maïo",
"state": "En service",
"ign_confirmed": "2025-07-01"
}
},
{
"type": "Feature",
"geometry": {
"type": "Point",
"coordinates": [
8.9667605,
42.0431296
]
},
"properties": {
"ign_id": "PAIHYDRO0000000320300628",
"name": "",
"state": "En service",
"ign_confirmed": "2025-04-09"
}
},
{
"type": "Feature",
"geometry": {
"type": "Point",
"coordinates": [
9.0150187,
42.0680376
]
},
"properties": {
"ign_id": "PAIHYDRO0000000320300630",
"name": "",
"state": "En service",
"ign_confirmed": "2025-04-09"
}
},
{
"type": "Feature",
"geometry": {
"type": "Point",
"coordinates": [
9.0460178,
42.0878611
]
},
"properties": {
"ign_id": "PAIHYDRO0000000320300652",
"name": "",
"state": "En service",
"ign_confirmed": "2025-04-08"
}
},
{
"type": "Feature",
"geometry": {
"type": "Point",
"coordinates": [
9.0665043,
42.0881555
]
},
"properties": {
"ign_id": "PAIHYDRO0000000320300653",
"name": "",
"state": "En service",
"ign_confirmed": "2025-04-09"
}
},
{
"type": "Feature",
"geometry": {
"type": "Point",
"coordinates": [
9.0206827,
42.0683723
]
},
"properties": {
"ign_id": "PAIHYDRO0000000320300654",
"name": "",
"state": "En service",
"ign_confirmed": "2025-04-09"
}
},
{
"type": "Feature",
"geometry": {
"type": "Point",
"coordinates": [
9.0158305,
42.0634489
]
},
"properties": {
"ign_id": "PAIHYDRO0000000320300655",
"name": "",
"state": "En service",
"ign_confirmed": "2025-04-08"
}
},
{
"type": "Feature",
"geometry": {
"type": "Point",
"coordinates": [
9.0880811,
42.0939753
]
},
"properties": {
"ign_id": "PAIHYDRO0000000320300656",
"name": "",
"state": "En service",
"ign_confirmed": "2025-04-09"
}
},
{
"type": "Feature",
"geometry": {
"type": "Point",
"coordinates": [
8.9690169,
42.0654317
]
},
"properties": {
"ign_id": "PAIHYDRO0000000320300657",
"name": "",
"state": "En service",
"ign_confirmed": "2025-04-09"
}
},
{
"type": "Feature",
"geometry": {
"type": "Point",
"coordinates": [
8.9797642,
42.0035508
]
},
"properties": {
"ign_id": "PAIHYDRO0000000320300663",
"name": "",
"state": "En service",
"ign_confirmed": "2025-04-09"
}
},
{
"type": "Feature",
"geometry": {
"type": "Point",
"coordinates": [
9.0667237,
42.0920928
]
},
"properties": {
"ign_id": "PAIHYDRO0000000320300664",
"name": "",
"state": "En service",
"ign_confirmed": "2025-07-06"
}
},
{
"type": "Feature",
"geometry": {
"type": "Point",
"coordinates": [
8.9067203,
42.1015271
]
},
"properties": {
"ign_id": "PAIHYDRO0000000320300670",
"name": "",
"state": "En service",
"ign_confirmed": "2025-04-09"
}
},
{
"type": "Feature",
"geometry": {
"type": "Point",
"coordinates": [
8.9272916,
42.1122091
]
},
"properties": {
"ign_id": "PAIHYDRO0000000320300672",
"name": "",
"state": "En service",
"ign_confirmed": "2025-04-09"
}
},
{
"type": "Feature",
"geometry": {
"type": "Point",
"coordinates": [
8.8223856,
42.0603439
]
},
"properties": {
"ign_id": "PAIHYDRO0000000320300673",
"name": "Funtana u Marginale",
"state": "En service",
"ign_confirmed": "2025-06-26"
}
},
{
"type": "Feature",
"geometry": {
"type": "Point",
"coordinates": [
8.9003539,
42.1161425
]
},
"properties": {
"ign_id": "PAIHYDRO0000000320300674",
"name": "",
"state": "En service",
"ign_confirmed": "2025-04-09"
}
},
{
"type": "Feature",
"geometry": {
"type": "Point",
"coordinates": [
8.9350645,
42.0440747
]
},
"properties": {
"ign_id": "PAIHYDRO0000000320300675",
"name": "",
"state": "En service",
"ign_confirmed": "2025-04-09"
}
},
{
"type": "Feature",
"geometry": {
"type": "Point",
"coordinates": [
8.8088706,
42.0603978
]
},
"properties": {
"ign_id": "PAIHYDRO0000000320300676",
"name": "",
"state": "En service",
"ign_confirmed": "2025-06-26"
}
},
{
"type": "Feature",
"geometry": {
"type": "Point",
"coordinates": [
8.9041793,
42.1136747
]
},
"properties": {
"ign_id": "PAIHYDRO0000000320300677",
"name": "",
"state": "En service",
"ign_confirmed": "2025-04-09"
}
},
{
"type": "Feature",
"geometry": {
"type": "Point",
"coordinates": [
8.944589,
42.0298025
]
},
"properties": {
"ign_id": "PAIHYDRO0000000320300679",
"name": "",
"state": "En service",
"ign_confirmed": "2025-04-09"
}
},
{
"type": "Feature",
"geometry": {
"type": "Point",
"coordinates": [
8.8248669,
42.0796348
]
},
"properties": {
"ign_id": "PAIHYDRO0000000320300680",
"name": "",
"state": "En service",
"ign_confirmed": "2025-04-09"
}
},
{
"type": "Feature",
"geometry": {
"type": "Point",
"coordinates": [
8.9527582,
42.0453777
]
},
"properties": {
"ign_id": "PAIHYDRO0000000320300681",
"name": "",
"state": "En service",
"ign_confirmed": "2025-04-09"
}
},
{
"type": "Feature",
"geometry": {
"type": "Point",
"coordinates": [
8.8546932,
42.0594822
]
},
"properties": {
"ign_id": "PAIHYDRO0000000320300723",
"name": "Fontaine de Salavo",
"state": "En service",
"ign_confirmed": "2025-06-26"
}
},
{
"type": "Feature",
"geometry": {
"type": "Point",
"coordinates": [
8.9500083,
42.0382547
]
},
"properties": {
"ign_id": "PAIHYDRO0000000320300724",
"name": "",
"state": "En service",
"ign_confirmed": "2025-04-09"
}
},
{
"type": "Feature",
"geometry": {
"type": "Point",
"coordinates": [
8.8686193,
42.1077085
]
},
"properties": {
"ign_id": "PAIHYDRO0000000320300725",
"name": "",
"state": "En service",
"ign_confirmed": "2025-04-09"
}
},
{
"type": "Feature",
"geometry": {
"type": "Point",
"coordinates": [
8.8318974,
42.0608605
]
},
"properties": {
"ign_id": "PAIHYDRO0000000320300726",
"name": "",
"state": "En service",
"ign_confirmed": "2025-06-26"
}
},
{
"type": "Feature",
"geometry": {
"type": "Point",
"coordinates": [
8.8690317,
42.1124134
]
},
"properties": {
"ign_id": "PAIHYDRO0000000320300727",
"name": "",
"state": "En service",
"ign_confirmed": "2025-04-09"
}
},
{
"type": "Feature",
"geometry": {
"type": "Point",
"coordinates": [
8.9147291,
42.035768
]
},
"properties": {
"ign_id": "PAIHYDRO0000000320300728",
"name": "",
"state": "En service",
"ign_confirmed": "2025-04-09"
}
},
{
"type": "Feature",
"geometry": {
"type": "Point",
"coordinates": [
8.8467939,
42.094018
]
},
"properties": {
"ign_id": "PAIHYDRO0000000320300729",
"name": "",
"state": "En service",
"ign_confirmed": "2025-04-09"
}
},
{
"type": "Feature",
"geometry": {
"type": "Point",
"coordinates": [
8.9259642,
42.0039633
]
},
"properties": {
"ign_id": "PAIHYDRO0000000320300730",
"name": "",
"state": "En service",
"ign_confirmed": ""
}
},
{
"type": "Feature",
"geometry": {
"type": "Point",
"coordinates": [
8.8588745,
42.0526871
]
},
"properties": {
"ign_id": "PAIHYDRO0000000320300731",
"name": "",
"state": "En service",
"ign_confirmed": ""
}
},
{
"type": "Feature",
"geometry": {
"type": "Point",
"coordinates": [
8.9598374,
42.0550906
]
},
"properties": {
"ign_id": "PAIHYDRO0000000320300732",
"name": "",
"state": "En service",
"ign_confirmed": "2025-04-09"
}
},
{
"type": "Feature",
"geometry": {
"type": "Point",
"coordinates": [
8.9332011,
42.0350203
]
},
"properties": {
"ign_id": "PAIHYDRO0000000320300733",
"name": "",
"state": "En service",
"ign_confirmed": "2025-04-09"
}
},
{
"type": "Feature",
"geometry": {
"type": "Point",
"coordinates": [
8.8950242,
42.1132658
]
},
"properties": {
"ign_id": "PAIHYDRO0000000320300734",
"name": "",
"state": "En service",
"ign_confirmed": "2025-04-09"
}
},
{
"type": "Feature",
"geometry": {
"type": "Point",
"coordinates": [
8.9431469,
42.0280193
]
},
"properties": {
"ign_id": "PAIHYDRO0000000320300735",
"name": "",
"state": "En service",
"ign_confirmed": "2025-04-09"
}
},
{
"type": "Feature",
"geometry": {
"type": "Point",
"coordinates": [
8.8378863,
42.0259797
]
},
"properties": {
"ign_id": "PAIHYDRO0000000320300736",
"name": "",
"state": "En service",
"ign_confirmed": ""
}
},
{
"type": "Feature",
"geometry": {
"type": "Point",
"coordinates": [
8.8778864,
42.0750563
]
},
"properties": {
"ign_id": "PAIHYDRO0000000320300737",
"name": "",
"state": "En service",
"ign_confirmed": "2025-04-09"
}
},
{
"type": "Feature",
"geometry": {
"type": "Point",
"coordinates": [
8.9533951,
42.0495272
]
},
"properties": {
"ign_id": "PAIHYDRO0000000320300740",
"name": "",
"state": "En service",
"ign_confirmed": "2025-04-09"
}
},
{
"type": "Feature",
"geometry": {
"type": "Point",
"coordinates": [
8.9323506,
42.0202644
]
},
"properties": {
"ign_id": "PAIHYDRO0000000320300742",
"name": "",
"state": "En service",
"ign_confirmed": "2025-04-09"
}
},
{
"type": "Feature",
"geometry": {
"type": "Point",
"coordinates": [
8.7498939,
42.0169659
]
},
"properties": {
"ign_id": "PAIHYDRO0000000320300744",
"name": "",
"state": "En service",
"ign_confirmed": ""
}
},
{
"type": "Feature",
"geometry": {
"type": "Point",
"coordinates": [
8.7830834,
42.085218
]
},
"properties": {
"ign_id": "PAIHYDRO0000000320300745",
"name": "",
"state": "En service",
"ign_confirmed": ""
}
},
{
"type": "Feature",
"geometry": {
"type": "Point",
"coordinates": [
8.7563045,
42.1240402
]
},
"properties": {
"ign_id": "PAIHYDRO0000000320300746",
"name": "",
"state": "En service",
"ign_confirmed": "2025-06-26"
}
},
{
"type": "Feature",
"geometry": {
"type": "Point",
"coordinates": [
8.767552,
42.0147751
]
},
"properties": {
"ign_id": "PAIHYDRO0000000320300747",
"name": "",
"state": "En service",
"ign_confirmed": ""
}
},
{
"type": "Feature",
"geometry": {
"type": "Point",
"coordinates": [
8.7881421,
42.0705029
]
},
"properties": {
"ign_id": "PAIHYDRO0000000320300748",
"name": "Funtana di Mascarone",
"state": "En service",
"ign_confirmed": "2025-06-26"
}
},
{
"type": "Feature",
"geometry": {
"type": "Point",
"coordinates": [
8.747616,
42.1235815
]
},
"properties": {
"ign_id": "PAIHYDRO0000000320300750",
"name": "",
"state": "En service",
"ign_confirmed": "2025-06-26"
}
},
{
"type": "Feature",
"geometry": {
"type": "Point",
"coordinates": [
8.7514801,
42.0272628
]
},
"properties": {
"ign_id": "PAIHYDRO0000000320300754",
"name": "",
"state": "En service",
"ign_confirmed": ""
}
},
{
"type": "Feature",
"geometry": {
"type": "Point",
"coordinates": [
8.7512628,
42.072899
]
},
"properties": {
"ign_id": "PAIHYDRO0000000320300756",
"name": "",
"state": "En service",
"ign_confirmed": ""
}
},
{
"type": "Feature",
"geometry": {
"type": "Point",
"coordinates": [
8.7412469,
42.0743934
]
},
"properties": {
"ign_id": "PAIHYDRO0000000320300757",
"name": "",
"state": "En service",
"ign_confirmed": ""
}
},
{
"type": "Feature",
"geometry": {
"type": "Point",
"coordinates": [
8.7269935,
42.095119
]
},
"properties": {
"ign_id": "PAIHYDRO0000000320300763",
"name": "",
"state": "En service",
"ign_confirmed": ""
}
},
{
"type": "Feature",
"geometry": {
"type": "Point",
"coordinates": [
8.758476,
42.1226996
]
},
"properties": {
"ign_id": "PAIHYDRO0000000320300764",
"name": "",
"state": "En service",
"ign_confirmed": ""
}
},
{
"type": "Feature",
"geometry": {
"type": "Point",
"coordinates": [
8.7374127,
42.0917474
]
},
"properties": {
"ign_id": "PAIHYDRO0000000320300765",
"name": "",
"state": "En service",
"ign_confirmed": ""
}
},
{
"type": "Feature",
"geometry": {
"type": "Point",
"coordinates": [
8.7210403,
42.0922698
]
},
"properties": {
"ign_id": "PAIHYDRO0000000320300766",
"name": "",
"state": "En service",
"ign_confirmed": ""
}
},
{
"type": "Feature",
"geometry": {
"type": "Point",
"coordinates": [
8.657165,
42.1339264
]
},
"properties": {
"ign_id": "PAIHYDRO0000000320300767",
"name": "",
"state": "En service",
"ign_confirmed": ""
}
},
{
"type": "Feature",
"geometry": {
"type": "Point",
"coordinates": [
9.3286407,
41.9017249
]
},
"properties": {
"ign_id": "PAIHYDRO0000000320300768",
"name": "",
"state": "En service",
"ign_confirmed": ""
}
},
{
"type": "Feature",
"geometry": {
"type": "Point",
"coordinates": [
9.390012,
41.8938315
]
},
"properties": {
"ign_id": "PAIHYDRO0000000320300779",
"name": "",
"state": "En service",
"ign_confirmed": ""
}
},
{
"type": "Feature",
"geometry": {
"type": "Point",
"coordinates": [
9.3345128,
41.9454305
]
},
"properties": {
"ign_id": "PAIHYDRO0000000320300780",
"name": "Fontana di Bove",
"state": "En service",
"ign_confirmed": ""
}
},
{
"type": "Feature",
"geometry": {
"type": "Point",
"coordinates": [
9.1302701,
41.9058346
]
},
"properties": {
"ign_id": "PAIHYDRO0000000320300791",
"name": "",
"state": "En service",
"ign_confirmed": ""
}
},
{
"type": "Feature",
"geometry": {
"type": "Point",
"coordinates": [
9.1471675,
41.9526834
]
},
"properties": {
"ign_id": "PAIHYDRO0000000320300796",
"name": "",
"state": "En service",
"ign_confirmed": "2025-04-09"
}
},
{
"type": "Feature",
"geometry": {
"type": "Point",
"coordinates": [
9.1306337,
41.9102521
]
},
"properties": {
"ign_id": "PAIHYDRO0000000320300797",
"name": "",
"state": "En service",
"ign_confirmed": ""
}
},
{
"type": "Feature",
"geometry": {
"type": "Point",
"coordinates": [
9.0121093,
41.900676
]
},
"properties": {
"ign_id": "PAIHYDRO0000000320300802",
"name": "Source Funtanella",
"state": "En service",
"ign_confirmed": "2018-10-29"
}
},
{
"type": "Feature",
"geometry": {
"type": "Point",
"coordinates": [
9.0043926,
41.8895619
]
},
"properties": {
"ign_id": "PAIHYDRO0000000320300807",
"name": "",
"state": "En service",
"ign_confirmed": ""
}
},
{
"type": "Feature",
"geometry": {
"type": "Point",
"coordinates": [
9.0047806,
41.8922201
]
},
"properties": {
"ign_id": "PAIHYDRO0000000320300808",
"name": "",
"state": "En service",
"ign_confirmed": "2025-07-15"
}
},
{
"type": "Feature",
"geometry": {
"type": "Point",
"coordinates": [
8.9784512,
41.952241
]
},
"properties": {
"ign_id": "PAIHYDRO0000000320300809",
"name": "",
"state": "En service",
"ign_confirmed": "2025-04-08"
}
},
{
"type": "Feature",
"geometry": {
"type": "Point",
"coordinates": [
8.9652864,
41.9748063
]
},
"properties": {
"ign_id": "PAIHYDRO0000000320300813",
"name": "",
"state": "En service",
"ign_confirmed": "2025-04-09"
}
},
{
"type": "Feature",
"geometry": {
"type": "Point",
"coordinates": [
9.0646646,
41.8916102
]
},
"properties": {
"ign_id": "PAIHYDRO0000000320300814",
"name": "",
"state": "En service",
"ign_confirmed": ""
}
},
{
"type": "Feature",
"geometry": {
"type": "Point",
"coordinates": [
8.9759513,
41.9799599
]
},
"properties": {
"ign_id": "PAIHYDRO0000000320300815",
"name": "",
"state": "En service",
"ign_confirmed": "2025-04-09"
}
},
{
"type": "Feature",
"geometry": {
"type": "Point",
"coordinates": [
9.0126536,
41.8992278
]
},
"properties": {
"ign_id": "PAIHYDRO0000000320300876",
"name": "",
"state": "En service",
"ign_confirmed": ""
}
},
{
"type": "Feature",
"geometry": {
"type": "Point",
"coordinates": [
8.9694738,
41.9248717
]
},
"properties": {
"ign_id": "PAIHYDRO0000000320300882",
"name": "",
"state": "En service",
"ign_confirmed": "2025-04-08"
}
},
{
"type": "Feature",
"geometry": {
"type": "Point",
"coordinates": [
8.9817492,
41.9598206
]
},
"properties": {
"ign_id": "PAIHYDRO0000000320300883",
"name": "",
"state": "En service",
"ign_confirmed": "2025-04-09"
}
},
{
"type": "Feature",
"geometry": {
"type": "Point",
"coordinates": [
9.0853765,
41.9131291
]
},
"properties": {
"ign_id": "PAIHYDRO0000000320300884",
"name": "",
"state": "En service",
"ign_confirmed": ""
}
},
{
"type": "Feature",
"geometry": {
"type": "Point",
"coordinates": [
9.0057281,
41.960011
]
},
"properties": {
"ign_id": "PAIHYDRO0000000320300885",
"name": "",
"state": "En service",
"ign_confirmed": "2025-04-09"
}
},
{
"type": "Feature",
"geometry": {
"type": "Point",
"coordinates": [
8.9819557,
41.9834907
]
},
"properties": {
"ign_id": "PAIHYDRO0000000320300886",
"name": "",
"state": "En service",
"ign_confirmed": "2025-07-15"
}
},
{
"type": "Feature",
"geometry": {
"type": "Point",
"coordinates": [
8.980384,
41.9009189
]
},
"properties": {
"ign_id": "PAIHYDRO0000000320300890",
"name": "",
"state": "En service",
"ign_confirmed": "2025-04-09"
}
},
{
"type": "Feature",
"geometry": {
"type": "Point",
"coordinates": [
8.9744823,
41.9988047
]
},
"properties": {
"ign_id": "PAIHYDRO0000000320300894",
"name": "",
"state": "En service",
"ign_confirmed": "2025-04-09"
}
},
{
"type": "Feature",
"geometry": {
"type": "Point",
"coordinates": [
9.0481824,
41.8935495
]
},
"properties": {
"ign_id": "PAIHYDRO0000000320300900",
"name": "",
"state": "En service",
"ign_confirmed": ""
}
},
{
"type": "Feature",
"geometry": {
"type": "Point",
"coordinates": [
8.8711284,
41.9445427
]
},
"properties": {
"ign_id": "PAIHYDRO0000000320300903",
"name": "",
"state": "En service",
"ign_confirmed": "2025-04-09"
}
},
{
"type": "Feature",
"geometry": {
"type": "Point",
"coordinates": [
8.8899697,
41.933788
]
},
"properties": {
"ign_id": "PAIHYDRO0000000320300904",
"name": "",
"state": "En service",
"ign_confirmed": "2025-04-09"
}
},
{
"type": "Feature",
"geometry": {
"type": "Point",
"coordinates": [
8.9304642,
41.9571501
]
},
"properties": {
"ign_id": "PAIHYDRO0000000320300905",
"name": "",
"state": "En service",
"ign_confirmed": "2025-04-09"
}
},
{
"type": "Feature",
"geometry": {
"type": "Point",
"coordinates": [
8.9125103,
41.9149164
]
},
"properties": {
"ign_id": "PAIHYDRO0000000320300906",
"name": "",
"state": "En service",
"ign_confirmed": ""
}
},
{
"type": "Feature",
"geometry": {
"type": "Point",
"coordinates": [
8.8718748,
41.9462066
]
},
"properties": {
"ign_id": "PAIHYDRO0000000320300907",
"name": "",
"state": "En service",
"ign_confirmed": "2025-04-09"
}
},
{
"type": "Feature",
"geometry": {
"type": "Point",
"coordinates": [
8.8843705,
41.94471
]
},
"properties": {
"ign_id": "PAIHYDRO0000000320300908",
"name": "",
"state": "En service",
"ign_confirmed": "2025-04-09"
}
},
{
"type": "Feature",
"geometry": {
"type": "Point",
"coordinates": [
8.9147134,
41.9485369
]
},
"properties": {
"ign_id": "PAIHYDRO0000000320300909",
"name": "",
"state": "En service",
"ign_confirmed": "2025-04-09"
}
},
{
"type": "Feature",
"geometry": {
"type": "Point",
"coordinates": [
8.9498385,
41.9687645
]
},
"properties": {
"ign_id": "PAIHYDRO0000000320300910",
"name": "",
"state": "En service",
"ign_confirmed": "2025-04-09"
}
},
{
"type": "Feature",
"geometry": {
"type": "Point",
"coordinates": [
8.8942049,
41.9803168
]
},
"properties": {
"ign_id": "PAIHYDRO0000000320300911",
"name": "",
"state": "En service",
"ign_confirmed": "2025-04-09"
}
},
{
"type": "Feature",
"geometry": {
"type": "Point",
"coordinates": [
8.8604014,
41.9761579
]
},
"properties": {
"ign_id": "PAIHYDRO0000000320300913",
"name": "",
"state": "En service",
"ign_confirmed": "2025-04-09"
}
},
{
"type": "Feature",
"geometry": {
"type": "Point",
"coordinates": [
8.8551883,
41.946764
]
},
"properties": {
"ign_id": "PAIHYDRO0000000320300914",
"name": "",
"state": "En service",
"ign_confirmed": "2025-04-09"
}
},
{
"type": "Feature",
"geometry": {
"type": "Point",
"coordinates": [
8.906205,
41.9235756
]
},
"properties": {
"ign_id": "PAIHYDRO0000000320300915",
"name": "",
"state": "En service",
"ign_confirmed": ""
}
},
{
"type": "Feature",
"geometry": {
"type": "Point",
"coordinates": [
8.9396034,
41.9562733
]
},
"properties": {
"ign_id": "PAIHYDRO0000000320300916",
"name": "",
"state": "En service",
"ign_confirmed": "2025-04-09"
}
},
{
"type": "Feature",
"geometry": {
"type": "Point",
"coordinates": [
8.8413873,
41.9299908
]
},
"properties": {
"ign_id": "PAIHYDRO0000000320300917",
"name": "",
"state": "En service",
"ign_confirmed": ""
}
},
{
"type": "Feature",
"geometry": {
"type": "Point",
"coordinates": [
8.9152279,
41.9159145
]
},
"properties": {
"ign_id": "PAIHYDRO0000000320300918",
"name": "",
"state": "En service",
"ign_confirmed": ""
}
},
{
"type": "Feature",
"geometry": {
"type": "Point",
"coordinates": [
8.8117063,
41.9890857
]
},
"properties": {
"ign_id": "PAIHYDRO0000000320300957",
"name": "",
"state": "En service",
"ign_confirmed": ""
}
},
{
"type": "Feature",
"geometry": {
"type": "Point",
"coordinates": [
8.9053531,
41.9502294
]
},
"properties": {
"ign_id": "PAIHYDRO0000000320300958",
"name": "",
"state": "En service",
"ign_confirmed": "2025-04-09"
}
},
{
"type": "Feature",
"geometry": {
"type": "Point",
"coordinates": [
8.8960802,
41.9507882
]
},
"properties": {
"ign_id": "PAIHYDRO0000000320300959",
"name": "",
"state": "En service",
"ign_confirmed": "2025-04-09"
}
},
{
"type": "Feature",
"geometry": {
"type": "Point",
"coordinates": [
8.9298896,
41.9020323
]
},
"properties": {
"ign_id": "PAIHYDRO0000000320300960",
"name": "",
"state": "En service",
"ign_confirmed": ""
}
},
{
"type": "Feature",
"geometry": {
"type": "Point",
"coordinates": [
8.9248544,
41.9483575
]
},
"properties": {
"ign_id": "PAIHYDRO0000000320300961",
"name": "",
"state": "En service",
"ign_confirmed": "2025-04-09"
}
},
{
"type": "Feature",
"geometry": {
"type": "Point",
"coordinates": [
8.8394375,
41.9371253
]
},
"properties": {
"ign_id": "PAIHYDRO0000000320300962",
"name": "",
"state": "En service",
"ign_confirmed": ""
}
},
{
"type": "Feature",
"geometry": {
"type": "Point",
"coordinates": [
8.9244169,
41.9151287
]
},
"properties": {
"ign_id": "PAIHYDRO0000000320300963",
"name": "",
"state": "En service",
"ign_confirmed": ""
}
},
{
"type": "Feature",
"geometry": {
"type": "Point",
"coordinates": [
8.9229065,
42.0019697
]
},
"properties": {
"ign_id": "PAIHYDRO0000000320300964",
"name": "",
"state": "En service",
"ign_confirmed": ""
}
},
{
"type": "Feature",
"geometry": {
"type": "Point",
"coordinates": [
8.873663,
41.9788321
]
},
"properties": {
"ign_id": "PAIHYDRO0000000320300965",
"name": "",
"state": "En service",
"ign_confirmed": "2025-04-09"
}
},
{
"type": "Feature",
"geometry": {
"type": "Point",
"coordinates": [
8.9167506,
41.9260479
]
},
"properties": {
"ign_id": "PAIHYDRO0000000320300968",
"name": "",
"state": "En service",
"ign_confirmed": ""
}
},
{
"type": "Feature",
"geometry": {
"type": "Point",
"coordinates": [
8.936432,
41.9023238
]
},
"properties": {
"ign_id": "PAIHYDRO0000000320300969",
"name": "",
"state": "En service",
"ign_confirmed": ""
}
},
{
"type": "Feature",
"geometry": {
"type": "Point",
"coordinates": [
8.9097786,
41.9576783
]
},
"properties": {
"ign_id": "PAIHYDRO0000000320300971",
"name": "",
"state": "En service",
"ign_confirmed": "2025-04-09"
}
},
{
"type": "Feature",
"geometry": {
"type": "Point",
"coordinates": [
8.9140038,
41.9996132
]
},
"properties": {
"ign_id": "PAIHYDRO0000000320300975",
"name": "",
"state": "En service",
"ign_confirmed": "2025-04-09"
}
},
{
"type": "Feature",
"geometry": {
"type": "Point",
"coordinates": [
8.8418327,
41.9146548
]
},
"properties": {
"ign_id": "PAIHYDRO0000000320300976",
"name": "",
"state": "En service",
"ign_confirmed": ""
}
},
{
"type": "Feature",
"geometry": {
"type": "Point",
"coordinates": [
8.6864909,
41.9638769
]
},
"properties": {
"ign_id": "PAIHYDRO0000000320300978",
"name": "",
"state": "En service",
"ign_confirmed": ""
}
},
{
"type": "Feature",
"geometry": {
"type": "Point",
"coordinates": [
8.782917,
41.9515425
]
},
"properties": {
"ign_id": "PAIHYDRO0000000320300979",
"name": "",
"state": "En service",
"ign_confirmed": ""
}
},
{
"type": "Feature",
"geometry": {
"type": "Point",
"coordinates": [
8.7732513,
41.9864241
]
},
"properties": {
"ign_id": "PAIHYDRO0000000320300991",
"name": "",
"state": "En service",
"ign_confirmed": "2015-04-01"
}
},
{
"type": "Feature",
"geometry": {
"type": "Point",
"coordinates": [
8.7506931,
42.0010073
]
},
"properties": {
"ign_id": "PAIHYDRO0000000320300992",
"name": "",
"state": "En service",
"ign_confirmed": ""
}
},
{
"type": "Feature",
"geometry": {
"type": "Point",
"coordinates": [
8.6994666,
41.9285768
]
},
"properties": {
"ign_id": "PAIHYDRO0000000320300993",
"name": "",
"state": "En service",
"ign_confirmed": ""
}
},
{
"type": "Feature",
"geometry": {
"type": "Point",
"coordinates": [
8.694968,
41.969811
]
},
"properties": {
"ign_id": "PAIHYDRO0000000320300994",
"name": "",
"state": "En service",
"ign_confirmed": ""
}
},
{
"type": "Feature",
"geometry": {
"type": "Point",
"coordinates": [
8.7488568,
41.9686545
]
},
"properties": {
"ign_id": "PAIHYDRO0000000320300995",
"name": "Funtana di Casce",
"state": "En service",
"ign_confirmed": "2015-04-02"
}
},
{
"type": "Feature",
"geometry": {
"type": "Point",
"coordinates": [
9.0994379,
41.8009895
]
},
"properties": {
"ign_id": "PAIHYDRO0000000320301023",
"name": "",
"state": "En service",
"ign_confirmed": ""
}
},
{
"type": "Feature",
"geometry": {
"type": "Point",
"coordinates": [
9.0158905,
41.8657574
]
},
"properties": {
"ign_id": "PAIHYDRO0000000320301032",
"name": "",
"state": "En service",
"ign_confirmed": ""
}
},
{
"type": "Feature",
"geometry": {
"type": "Point",
"coordinates": [
8.9810167,
41.7847252
]
},
"properties": {
"ign_id": "PAIHYDRO0000000320301033",
"name": "",
"state": "En service",
"ign_confirmed": ""
}
},
{
"type": "Feature",
"geometry": {
"type": "Point",
"coordinates": [
8.9704188,
41.8183592
]
},
"properties": {
"ign_id": "PAIHYDRO0000000320301040",
"name": "",
"state": "En service",
"ign_confirmed": ""
}
},
{
"type": "Feature",
"geometry": {
"type": "Point",
"coordinates": [
8.979789,
41.7840481
]
},
"properties": {
"ign_id": "PAIHYDRO0000000320301041",
"name": "",
"state": "En service",
"ign_confirmed": "2025-06-16"
}
},
{
"type": "Feature",
"geometry": {
"type": "Point",
"coordinates": [
8.9906945,
41.8486734
]
},
"properties": {
"ign_id": "PAIHYDRO0000000320301042",
"name": "",
"state": "En service",
"ign_confirmed": ""
}
},
{
"type": "Feature",
"geometry": {
"type": "Point",
"coordinates": [
8.9559144,
41.8556503
]
},
"properties": {
"ign_id": "PAIHYDRO0000000320301043",
"name": "",
"state": "En service",
"ign_confirmed": ""
}
},
{
"type": "Feature",
"geometry": {
"type": "Point",
"coordinates": [
8.9829607,
41.798125
]
},
"properties": {
"ign_id": "PAIHYDRO0000000320301044",
"name": "",
"state": "En service",
"ign_confirmed": ""
}
},
{
"type": "Feature",
"geometry": {
"type": "Point",
"coordinates": [
9.0886012,
41.8284334
]
},
"properties": {
"ign_id": "PAIHYDRO0000000320301055",
"name": "",
"state": "En service",
"ign_confirmed": ""
}
},
{
"type": "Feature",
"geometry": {
"type": "Point",
"coordinates": [
8.9779732,
41.8766878
]
},
"properties": {
"ign_id": "PAIHYDRO0000000320301056",
"name": "",
"state": "En service",
"ign_confirmed": ""
}
},
{
"type": "Feature",
"geometry": {
"type": "Point",
"coordinates": [
8.9999593,
41.7848411
]
},
"properties": {
"ign_id": "PAIHYDRO0000000320301080",
"name": "",
"state": "En service",
"ign_confirmed": ""
}
},
{
"type": "Feature",
"geometry": {
"type": "Point",
"coordinates": [
8.9710979,
41.8058615
]
},
"properties": {
"ign_id": "PAIHYDRO0000000320301081",
"name": "",
"state": "En service",
"ign_confirmed": ""
}
},
{
"type": "Feature",
"geometry": {
"type": "Point",
"coordinates": [
8.9788442,
41.8265465
]
},
"properties": {
"ign_id": "PAIHYDRO0000000320301083",
"name": "",
"state": "En service",
"ign_confirmed": ""
}
},
{
"type": "Feature",
"geometry": {
"type": "Point",
"coordinates": [
8.9530362,
41.7721497
]
},
"properties": {
"ign_id": "PAIHYDRO0000000320301126",
"name": "",
"state": "En service",
"ign_confirmed": ""
}
},
{
"type": "Feature",
"geometry": {
"type": "Point",
"coordinates": [
8.9861105,
41.7768069
]
},
"properties": {
"ign_id": "PAIHYDRO0000000320301127",
"name": "",
"state": "En service",
"ign_confirmed": ""
}
},
{
"type": "Feature",
"geometry": {
"type": "Point",
"coordinates": [
8.9851237,
41.8070067
]
},
"properties": {
"ign_id": "PAIHYDRO0000000320301128",
"name": "",
"state": "En service",
"ign_confirmed": ""
}
},
{
"type": "Feature",
"geometry": {
"type": "Point",
"coordinates": [
9.0912833,
41.7903379
]
},
"properties": {
"ign_id": "PAIHYDRO0000000320301129",
"name": "",
"state": "En service",
"ign_confirmed": ""
}
},
{
"type": "Feature",
"geometry": {
"type": "Point",
"coordinates": [
9.0751921,
41.7578849
]
},
"properties": {
"ign_id": "PAIHYDRO0000000320301130",
"name": "",
"state": "En service",
"ign_confirmed": ""
}
},
{
"type": "Feature",
"geometry": {
"type": "Point",
"coordinates": [
8.991828,
41.829653
]
},
"properties": {
"ign_id": "PAIHYDRO0000000320301131",
"name": "",
"state": "En service",
"ign_confirmed": ""
}
},
{
"type": "Feature",
"geometry": {
"type": "Point",
"coordinates": [
8.9399805,
41.8238261
]
},
"properties": {
"ign_id": "PAIHYDRO0000000320301132",
"name": "",
"state": "En service",
"ign_confirmed": ""
}
},
{
"type": "Feature",
"geometry": {
"type": "Point",
"coordinates": [
9.0105561,
41.8536615
]
},
"properties": {
"ign_id": "PAIHYDRO0000000320301133",
"name": "",
"state": "En service",
"ign_confirmed": "2025-07-15"
}
},
{
"type": "Feature",
"geometry": {
"type": "Point",
"coordinates": [
8.9747706,
41.8103474
]
},
"properties": {
"ign_id": "PAIHYDRO0000000320301134",
"name": "",
"state": "En service",
"ign_confirmed": ""
}
},
{
"type": "Feature",
"geometry": {
"type": "Point",
"coordinates": [
8.9661748,
41.7872975
]
},
"properties": {
"ign_id": "PAIHYDRO0000000320301135",
"name": "",
"state": "En service",
"ign_confirmed": ""
}
},
{
"type": "Feature",
"geometry": {
"type": "Point",
"coordinates": [
9.023939,
41.8167494
]
},
"properties": {
"ign_id": "PAIHYDRO0000000320301136",
"name": "",
"state": "En service",
"ign_confirmed": ""
}
},
{
"type": "Feature",
"geometry": {
"type": "Point",
"coordinates": [
8.9466535,
41.8362656
]
},
"properties": {
"ign_id": "PAIHYDRO0000000320301137",
"name": "",
"state": "En service",
"ign_confirmed": ""
}
},
{
"type": "Feature",
"geometry": {
"type": "Point",
"coordinates": [
8.9902494,
41.8292905
]
},
"properties": {
"ign_id": "PAIHYDRO0000000320301138",
"name": "",
"state": "En service",
"ign_confirmed": ""
}
},
{
"type": "Feature",
"geometry": {
"type": "Point",
"coordinates": [
8.9342263,
41.8810981
]
},
"properties": {
"ign_id": "PAIHYDRO0000000320301148",
"name": "Fontaine Saint-George",
"state": "En service",
"ign_confirmed": ""
}
},
{
"type": "Feature",
"geometry": {
"type": "Point",
"coordinates": [
8.8466088,
41.8332716
]
},
"properties": {
"ign_id": "PAIHYDRO0000000320301150",
"name": "",
"state": "En service",
"ign_confirmed": ""
}
},
{
"type": "Feature",
"geometry": {
"type": "Point",
"coordinates": [
8.919428,
41.7955094
]
},
"properties": {
"ign_id": "PAIHYDRO0000000320301151",
"name": "",
"state": "En service",
"ign_confirmed": ""
}
},
{
"type": "Feature",
"geometry": {
"type": "Point",
"coordinates": [
8.9086128,
41.8145651
]
},
"properties": {
"ign_id": "PAIHYDRO0000000320301152",
"name": "",
"state": "En service",
"ign_confirmed": ""
}
},
{
"type": "Feature",
"geometry": {
"type": "Point",
"coordinates": [
8.8711017,
41.8421615
]
},
"properties": {
"ign_id": "PAIHYDRO0000000320301153",
"name": "",
"state": "En service",
"ign_confirmed": "2025-06-27"
}
},
{
"type": "Feature",
"geometry": {
"type": "Point",
"coordinates": [
8.9421148,
41.8635322
]
},
"properties": {
"ign_id": "PAIHYDRO0000000320301158",
"name": "",
"state": "En service",
"ign_confirmed": ""
}
},
{
"type": "Feature",
"geometry": {
"type": "Point",
"coordinates": [
8.8104559,
41.8237772
]
},
"properties": {
"ign_id": "PAIHYDRO0000000320301159",
"name": "",
"state": "En service",
"ign_confirmed": ""
}
},
{
"type": "Feature",
"geometry": {
"type": "Point",
"coordinates": [
8.8676094,
41.8368479
]
},
"properties": {
"ign_id": "PAIHYDRO0000000320301160",
"name": "",
"state": "En service",
"ign_confirmed": ""
}
},
{
"type": "Feature",
"geometry": {
"type": "Point",
"coordinates": [
8.8450598,
41.8350311
]
},
"properties": {
"ign_id": "PAIHYDRO0000000320301161",
"name": "",
"state": "En service",
"ign_confirmed": ""
}
},
{
"type": "Feature",
"geometry": {
"type": "Point",
"coordinates": [
8.9214067,
41.7916348
]
},
"properties": {
"ign_id": "PAIHYDRO0000000320301162",
"name": "",
"state": "En service",
"ign_confirmed": ""
}
},
{
"type": "Feature",
"geometry": {
"type": "Point",
"coordinates": [
8.8819133,
41.7747789
]
},
"properties": {
"ign_id": "PAIHYDRO0000000320301213",
"name": "",
"state": "En service",
"ign_confirmed": ""
}
},
{
"type": "Feature",
"geometry": {
"type": "Point",
"coordinates": [
8.8651122,
41.8666222
]
},
"properties": {
"ign_id": "PAIHYDRO0000000320301214",
"name": "",
"state": "En service",
"ign_confirmed": ""
}
},
{
"type": "Feature",
"geometry": {
"type": "Point",
"coordinates": [
8.9361576,
41.8447161
]
},
"properties": {
"ign_id": "PAIHYDRO0000000320301217",
"name": "",
"state": "En service",
"ign_confirmed": ""
}
},
{
"type": "Feature",
"geometry": {
"type": "Point",
"coordinates": [
8.8766782,
41.8242859
]
},
"properties": {
"ign_id": "PAIHYDRO0000000320301220",
"name": "",
"state": "En service",
"ign_confirmed": ""
}
},
{
"type": "Feature",
"geometry": {
"type": "Point",
"coordinates": [
8.9145725,
41.8098314
]
},
"properties": {
"ign_id": "PAIHYDRO0000000320301221",
"name": "",
"state": "En service",
"ign_confirmed": ""
}
},
{
"type": "Feature",
"geometry": {
"type": "Point",
"coordinates": [
8.9301949,
41.8363895
]
},
"properties": {
"ign_id": "PAIHYDRO0000000320301229",
"name": "",
"state": "En service",
"ign_confirmed": ""
}
},
{
"type": "Feature",
"geometry": {
"type": "Point",
"coordinates": [
8.7759095,
41.7766824
]
},
"properties": {
"ign_id": "PAIHYDRO0000000320301230",
"name": "",
"state": "En service",
"ign_confirmed": ""
}
},
{
"type": "Feature",
"geometry": {
"type": "Point",
"coordinates": [
9.1718565,
41.7406547
]
},
"properties": {
"ign_id": "PAIHYDRO0000000320301241",
"name": "",
"state": "En service",
"ign_confirmed": ""
}
},
{
"type": "Feature",
"geometry": {
"type": "Point",
"coordinates": [
9.1746717,
41.6562939
]
},
"properties": {
"ign_id": "PAIHYDRO0000000320301253",
"name": "",
"state": "En service",
"ign_confirmed": ""
}
},
{
"type": "Feature",
"geometry": {
"type": "Point",
"coordinates": [
9.1450743,
41.668345
]
},
"properties": {
"ign_id": "PAIHYDRO0000000320301254",
"name": "",
"state": "En service",
"ign_confirmed": ""
}
},
{
"type": "Feature",
"geometry": {
"type": "Point",
"coordinates": [
9.0013603,
41.696514
]
},
"properties": {
"ign_id": "PAIHYDRO0000000320301260",
"name": "",
"state": "En service",
"ign_confirmed": ""
}
},
{
"type": "Feature",
"geometry": {
"type": "Point",
"coordinates": [
8.9518365,
41.6820052
]
},
"properties": {
"ign_id": "PAIHYDRO0000000320301262",
"name": "Funtana di a Ghjesgia",
"state": "En service",
"ign_confirmed": ""
}
},
{
"type": "Feature",
"geometry": {
"type": "Point",
"coordinates": [
8.9944544,
41.6828326
]
},
"properties": {
"ign_id": "PAIHYDRO0000000320301263",
"name": "",
"state": "En service",
"ign_confirmed": ""
}
},
{
"type": "Feature",
"geometry": {
"type": "Point",
"coordinates": [
9.0675822,
41.6997341
]
},
"properties": {
"ign_id": "PAIHYDRO0000000320301274",
"name": "",
"state": "En service",
"ign_confirmed": ""
}
},
{
"type": "Feature",
"geometry": {
"type": "Point",
"coordinates": [
9.0602812,
41.6943056
]
},
"properties": {
"ign_id": "PAIHYDRO0000000320301287",
"name": "",
"state": "En service",
"ign_confirmed": ""
}
},
{
"type": "Feature",
"geometry": {
"type": "Point",
"coordinates": [
9.067556,
41.6960515
]
},
"properties": {
"ign_id": "PAIHYDRO0000000320301304",
"name": "",
"state": "En service",
"ign_confirmed": ""
}
},
{
"type": "Feature",
"geometry": {
"type": "Point",
"coordinates": [
8.9425829,
41.7621926
]
},
"properties": {
"ign_id": "PAIHYDRO0000000320301305",
"name": "",
"state": "En service",
"ign_confirmed": ""
}
},
{
"type": "Feature",
"geometry": {
"type": "Point",
"coordinates": [
8.9384214,
41.7526518
]
},
"properties": {
"ign_id": "PAIHYDRO0000000320301306",
"name": "",
"state": "En service",
"ign_confirmed": ""
}
},
{
"type": "Feature",
"geometry": {
"type": "Point",
"coordinates": [
9.0165367,
41.6523075
]
},
"properties": {
"ign_id": "PAIHYDRO0000000320301307",
"name": "",
"state": "En service",
"ign_confirmed": ""
}
},
{
"type": "Feature",
"geometry": {
"type": "Point",
"coordinates": [
8.9523478,
41.679866
]
},
"properties": {
"ign_id": "PAIHYDRO0000000320301308",
"name": "",
"state": "En service",
"ign_confirmed": ""
}
},
{
"type": "Feature",
"geometry": {
"type": "Point",
"coordinates": [
8.9908385,
41.678964
]
},
"properties": {
"ign_id": "PAIHYDRO0000000320301312",
"name": "",
"state": "En service",
"ign_confirmed": ""
}
},
{
"type": "Feature",
"geometry": {
"type": "Point",
"coordinates": [
8.9553837,
41.6777559
]
},
"properties": {
"ign_id": "PAIHYDRO0000000320301314",
"name": "Funtana di u Peru Biancu",
"state": "En service",
"ign_confirmed": ""
}
},
{
"type": "Feature",
"geometry": {
"type": "Point",
"coordinates": [
9.0165255,
41.725808
]
},
"properties": {
"ign_id": "PAIHYDRO0000000320301315",
"name": "",
"state": "En service",
"ign_confirmed": ""
}
},
{
"type": "Feature",
"geometry": {
"type": "Point",
"coordinates": [
8.9344258,
41.7570448
]
},
"properties": {
"ign_id": "PAIHYDRO0000000320301316",
"name": "",
"state": "En service",
"ign_confirmed": ""
}
},
{
"type": "Feature",
"geometry": {
"type": "Point",
"coordinates": [
9.0606059,
41.6991924
]
},
"properties": {
"ign_id": "PAIHYDRO0000000320301319",
"name": "",
"state": "En service",
"ign_confirmed": ""
}
},
{
"type": "Feature",
"geometry": {
"type": "Point",
"coordinates": [
8.9149949,
41.715916
]
},
"properties": {
"ign_id": "PAIHYDRO0000000320301325",
"name": "",
"state": "En service",
"ign_confirmed": ""
}
},
{
"type": "Feature",
"geometry": {
"type": "Point",
"coordinates": [
8.8397014,
41.7670645
]
},
"properties": {
"ign_id": "PAIHYDRO0000000320301330",
"name": "",
"state": "En service",
"ign_confirmed": ""
}
},
{
"type": "Feature",
"geometry": {
"type": "Point",
"coordinates": [
8.9221546,
41.7240083
]
},
"properties": {
"ign_id": "PAIHYDRO0000000320301345",
"name": "",
"state": "En service",
"ign_confirmed": ""
}
},
{
"type": "Feature",
"geometry": {
"type": "Point",
"coordinates": [
8.9148214,
41.7629229
]
},
"properties": {
"ign_id": "PAIHYDRO0000000320301346",
"name": "",
"state": "En service",
"ign_confirmed": ""
}
},
{
"type": "Feature",
"geometry": {
"type": "Point",
"coordinates": [
8.8632997,
41.7456762
]
},
"properties": {
"ign_id": "PAIHYDRO0000000320301367",
"name": "",
"state": "En service",
"ign_confirmed": ""
}
},
{
"type": "Feature",
"geometry": {
"type": "Point",
"coordinates": [
8.9103044,
41.7431081
]
},
"properties": {
"ign_id": "PAIHYDRO0000000320301375",
"name": "",
"state": "En service",
"ign_confirmed": ""
}
},
{
"type": "Feature",
"geometry": {
"type": "Point",
"coordinates": [
8.7695017,
41.7709131
]
},
"properties": {
"ign_id": "PAIHYDRO0000000320301377",
"name": "",
"state": "En service",
"ign_confirmed": ""
}
},
{
"type": "Feature",
"geometry": {
"type": "Point",
"coordinates": [
9.1668302,
41.6118948
]
},
"properties": {
"ign_id": "PAIHYDRO0000000320301402",
"name": "",
"state": "En service",
"ign_confirmed": ""
}
},
{
"type": "Feature",
"geometry": {
"type": "Point",
"coordinates": [
9.1896817,
41.5443919
]
},
"properties": {
"ign_id": "PAIHYDRO0000000320301414",
"name": "",
"state": "En service",
"ign_confirmed": ""
}
},
{
"type": "Feature",
"geometry": {
"type": "Point",
"coordinates": [
9.0093928,
41.5956982
]
},
"properties": {
"ign_id": "PAIHYDRO0000000320301419",
"name": "",
"state": "En service",
"ign_confirmed": ""
}
},
{
"type": "Feature",
"geometry": {
"type": "Point",
"coordinates": [
9.054555,
41.6278458
]
},
"properties": {
"ign_id": "PAIHYDRO0000000320301421",
"name": "",
"state": "En service",
"ign_confirmed": ""
}
},
{
"type": "Feature",
"geometry": {
"type": "Point",
"coordinates": [
8.9172574,
41.572898
]
},
"properties": {
"ign_id": "PAIHYDRO0000000320301422",
"name": "",
"state": "En service",
"ign_confirmed": ""
}
},
{
"type": "Feature",
"geometry": {
"type": "Point",
"coordinates": [
9.0357109,
41.6331301
]
},
"properties": {
"ign_id": "PAIHYDRO0000000320301423",
"name": "",
"state": "En service",
"ign_confirmed": ""
}
},
{
"type": "Feature",
"geometry": {
"type": "Point",
"coordinates": [
8.9525687,
41.6156158
]
},
"properties": {
"ign_id": "PAIHYDRO0000000320301424",
"name": "Fontaine de Bocca Albitrina",
"state": "En service",
"ign_confirmed": ""
}
},
{
"type": "Feature",
"geometry": {
"type": "Point",
"coordinates": [
9.0154447,
41.5682922
]
},
"properties": {
"ign_id": "PAIHYDRO0000000320301425",
"name": "",
"state": "En service",
"ign_confirmed": ""
}
},
{
"type": "Feature",
"geometry": {
"type": "Point",
"coordinates": [
8.9873497,
41.6275487
]
},
"properties": {
"ign_id": "PAIHYDRO0000000320301426",
"name": "",
"state": "En service",
"ign_confirmed": ""
}
},
{
"type": "Feature",
"geometry": {
"type": "Point",
"coordinates": [
9.0285275,
41.6419198
]
},
"properties": {
"ign_id": "PAIHYDRO0000000320301437",
"name": "",
"state": "En service",
"ign_confirmed": ""
}
},
{
"type": "Feature",
"geometry": {
"type": "Point",
"coordinates": [
8.9232415,
41.5972474
]
},
"properties": {
"ign_id": "PAIHYDRO0000000320301461",
"name": "",
"state": "En service",
"ign_confirmed": ""
}
},
{
"type": "Feature",
"geometry": {
"type": "Point",
"coordinates": [
8.9393521,
41.6087425
]
},
"properties": {
"ign_id": "PAIHYDRO0000000320301462",
"name": "",
"state": "En service",
"ign_confirmed": ""
}
},
{
"type": "Feature",
"geometry": {
"type": "Point",
"coordinates": [
9.01152,
41.6129018
]
},
"properties": {
"ign_id": "PAIHYDRO0000000320301463",
"name": "",
"state": "En service",
"ign_confirmed": ""
}
},
{
"type": "Feature",
"geometry": {
"type": "Point",
"coordinates": [
8.9859476,
41.5967539
]
},
"properties": {
"ign_id": "PAIHYDRO0000000320301464",
"name": "",
"state": "En service",
"ign_confirmed": ""
}
},
{
"type": "Feature",
"geometry": {
"type": "Point",
"coordinates": [
8.9719398,
41.6245326
]
},
"properties": {
"ign_id": "PAIHYDRO0000000320301465",
"name": "",
"state": "En service",
"ign_confirmed": ""
}
},
{
"type": "Feature",
"geometry": {
"type": "Point",
"coordinates": [
8.9582741,
41.6423852
]
},
"properties": {
"ign_id": "PAIHYDRO0000000320301466",
"name": "",
"state": "En service",
"ign_confirmed": ""
}
},
{
"type": "Feature",
"geometry": {
"type": "Point",
"coordinates": [
8.8807976,
41.627263
]
},
"properties": {
"ign_id": "PAIHYDRO0000000320301474",
"name": "",
"state": "En service",
"ign_confirmed": ""
}
},
{
"type": "Feature",
"geometry": {
"type": "Point",
"coordinates": [
8.8199573,
41.6278669
]
},
"properties": {
"ign_id": "PAIHYDRO0000000320301484",
"name": "",
"state": "En service",
"ign_confirmed": ""
}
},
{
"type": "Feature",
"geometry": {
"type": "Point",
"coordinates": [
8.8512956,
41.6320623
]
},
"properties": {
"ign_id": "PAIHYDRO0000000320301485",
"name": "",
"state": "En service",
"ign_confirmed": ""
}
},
{
"type": "Feature",
"geometry": {
"type": "Point",
"coordinates": [
9.0737084,
41.4608487
]
},
"properties": {
"ign_id": "PAIHYDRO0000000320301495",
"name": "Fontaine de Bruno",
"state": "En service",
"ign_confirmed": ""
}
},
{
"type": "Feature",
"geometry": {
"type": "Point",
"coordinates": [
9.1238584,
41.404864
]
},
"properties": {
"ign_id": "PAIHYDRO0000000320301502",
"name": "",
"state": "En service",
"ign_confirmed": ""
}
},
{
"type": "Feature",
"geometry": {
"type": "Point",
"coordinates": [
9.0549817,
41.4956058
]
},
"properties": {
"ign_id": "PAIHYDRO0000000320301503",
"name": "",
"state": "En service",
"ign_confirmed": ""
}
},
{
"type": "Feature",
"geometry": {
"type": "Point",
"coordinates": [
8.9370785,
41.5140095
]
},
"properties": {
"ign_id": "PAIHYDRO0000000320301504",
"name": "",
"state": "En service",
"ign_confirmed": ""
}
},
{
"type": "Feature",
"geometry": {
"type": "Point",
"coordinates": [
9.0116721,
41.5156513
]
},
"properties": {
"ign_id": "PAIHYDRO0000000320301511",
"name": "",
"state": "En service",
"ign_confirmed": ""
}
},
{
"type": "Feature",
"geometry": {
"type": "Point",
"coordinates": [
9.0622805,
41.4887765
]
},
"properties": {
"ign_id": "PAIHYDRO0000000320301512",
"name": "",
"state": "En service",
"ign_confirmed": ""
}
},
{
"type": "Feature",
"geometry": {
"type": "Point",
"coordinates": [
8.9489696,
41.5007868
]
},
"properties": {
"ign_id": "PAIHYDRO0000000320301514",
"name": "",
"state": "En service",
"ign_confirmed": ""
}
},
{
"type": "Feature",
"geometry": {
"type": "Point",
"coordinates": [
8.9547538,
42.0398779
]
},
"properties": {
"ign_id": "PAIHYDRO0000000323105742",
"name": "",
"state": "En service",
"ign_confirmed": "2025-04-09"
}
},
{
"type": "Feature",
"geometry": {
"type": "Point",
"coordinates": [
9.3511061,
42.9677081
]
},
"properties": {
"ign_id": "PAIHYDRO0000000329824256",
"name": "Funtana Vecchja",
"state": "En service",
"ign_confirmed": "2025-03-05"
}
},
{
"type": "Feature",
"geometry": {
"type": "Point",
"coordinates": [
9.1773557,
41.6476234
]
},
"properties": {
"ign_id": "PAIHYDRO0000000332363952",
"name": "Fontaine de Cartalavonu",
"state": "En service",
"ign_confirmed": ""
}
},
{
"type": "Feature",
"geometry": {
"type": "Point",
"coordinates": [
8.7859604,
42.1981502
]
},
"properties": {
"ign_id": "PAIHYDRO0000000342810216",
"name": "",
"state": "En service",
"ign_confirmed": ""
}
},
{
"type": "Feature",
"geometry": {
"type": "Point",
"coordinates": [
8.7972814,
42.197319
]
},
"properties": {
"ign_id": "PAIHYDRO0000000342810218",
"name": "",
"state": "En service",
"ign_confirmed": ""
}
},
{
"type": "Feature",
"geometry": {
"type": "Point",
"coordinates": [
8.6397594,
42.2002003
]
},
"properties": {
"ign_id": "PAIHYDRO0000000342810221",
"name": "",
"state": "En service",
"ign_confirmed": ""
}
},
{
"type": "Feature",
"geometry": {
"type": "Point",
"coordinates": [
8.7785729,
42.1589896
]
},
"properties": {
"ign_id": "PAIHYDRO0000000342810226",
"name": "",
"state": "En service",
"ign_confirmed": "2025-06-26"
}
},
{
"type": "Feature",
"geometry": {
"type": "Point",
"coordinates": [
8.8022161,
42.1591561
]
},
"properties": {
"ign_id": "PAIHYDRO0000000342810229",
"name": "",
"state": "En service",
"ign_confirmed": "2025-06-26"
}
},
{
"type": "Feature",
"geometry": {
"type": "Point",
"coordinates": [
8.7557772,
42.1570248
]
},
"properties": {
"ign_id": "PAIHYDRO0000000342810231",
"name": "",
"state": "En service",
"ign_confirmed": ""
}
},
{
"type": "Feature",
"geometry": {
"type": "Point",
"coordinates": [
8.6101721,
42.1521282
]
},
"properties": {
"ign_id": "PAIHYDRO0000000342810232",
"name": "",
"state": "En service",
"ign_confirmed": ""
}
},
{
"type": "Feature",
"geometry": {
"type": "Point",
"coordinates": [
8.7872634,
42.1395552
]
},
"properties": {
"ign_id": "PAIHYDRO0000000342810233",
"name": "",
"state": "En service",
"ign_confirmed": "2025-06-26"
}
},
{
"type": "Feature",
"geometry": {
"type": "Point",
"coordinates": [
8.6858532,
42.1359531
]
},
"properties": {
"ign_id": "PAIHYDRO0000000342810234",
"name": "",
"state": "En service",
"ign_confirmed": ""
}
},
{
"type": "Feature",
"geometry": {
"type": "Point",
"coordinates": [
8.7522367,
42.1269525
]
},
"properties": {
"ign_id": "PAIHYDRO0000000342810238",
"name": "",
"state": "En service",
"ign_confirmed": "2025-06-26"
}
},
{
"type": "Feature",
"geometry": {
"type": "Point",
"coordinates": [
8.764181,
42.1294023
]
},
"properties": {
"ign_id": "PAIHYDRO0000000342810239",
"name": "",
"state": "En service",
"ign_confirmed": ""
}
},
{
"type": "Feature",
"geometry": {
"type": "Point",
"coordinates": [
8.7463763,
42.117398
]
},
"properties": {
"ign_id": "PAIHYDRO0000000342810242",
"name": "",
"state": "En service",
"ign_confirmed": "2025-06-26"
}
},
{
"type": "Feature",
"geometry": {
"type": "Point",
"coordinates": [
8.7445566,
42.1142489
]
},
"properties": {
"ign_id": "PAIHYDRO0000000342810243",
"name": "",
"state": "En service",
"ign_confirmed": "2025-06-26"
}
},
{
"type": "Feature",
"geometry": {
"type": "Point",
"coordinates": [
8.7022099,
42.1120193
]
},
"properties": {
"ign_id": "PAIHYDRO0000000342810246",
"name": "",
"state": "En service",
"ign_confirmed": ""
}
},
{
"type": "Feature",
"geometry": {
"type": "Point",
"coordinates": [
9.0997911,
41.465456
]
},
"properties": {
"ign_id": "PAIHYDRO0000000342992367",
"name": "",
"state": "En service",
"ign_confirmed": ""
}
},
{
"type": "Feature",
"geometry": {
"type": "Point",
"coordinates": [
9.0844043,
41.4588989
]
},
"properties": {
"ign_id": "PAIHYDRO0000000343048285",
"name": "",
"state": "En service",
"ign_confirmed": ""
}
},
{
"type": "Feature",
"geometry": {
"type": "Point",
"coordinates": [
9.1970934,
41.3746268
]
},
"properties": {
"ign_id": "PAIHYDRO0000000343049099",
"name": "",
"state": "En service",
"ign_confirmed": ""
}
},
{
"type": "Feature",
"geometry": {
"type": "Point",
"coordinates": [
9.2012904,
41.3864092
]
},
"properties": {
"ign_id": "PAIHYDRO0000000343049118",
"name": "",
"state": "En service",
"ign_confirmed": ""
}
},
{
"type": "Feature",
"geometry": {
"type": "Point",
"coordinates": [
8.9342239,
41.6517698
]
},
"properties": {
"ign_id": "PAIHYDRO0000000343323045",
"name": "",
"state": "En service",
"ign_confirmed": ""
}
},
{
"type": "Feature",
"geometry": {
"type": "Point",
"coordinates": [
8.9549486,
41.6233286
]
},
"properties": {
"ign_id": "PAIHYDRO0000000343323048",
"name": "",
"state": "En service",
"ign_confirmed": ""
}
},
{
"type": "Feature",
"geometry": {
"type": "Point",
"coordinates": [
8.7638589,
42.0278562
]
},
"properties": {
"ign_id": "PAIHYDRO0000000343399598",
"name": "",
"state": "En service",
"ign_confirmed": "2025-06-26"
}
},
{
"type": "Feature",
"geometry": {
"type": "Point",
"coordinates": [
9.2168644,
41.5327502
]
},
"properties": {
"ign_id": "PAIHYDRO0000000343420917",
"name": "",
"state": "En service",
"ign_confirmed": ""
}
},
{
"type": "Feature",
"geometry": {
"type": "Point",
"coordinates": [
9.220996,
41.5388616
]
},
"properties": {
"ign_id": "PAIHYDRO0000000343420948",
"name": "",
"state": "En service",
"ign_confirmed": "2025-04-03"
}
},
{
"type": "Feature",
"geometry": {
"type": "Point",
"coordinates": [
9.0034263,
41.6257746
]
},
"properties": {
"ign_id": "PAIHYDRO0000000343425982",
"name": "",
"state": "En service",
"ign_confirmed": ""
}
},
{
"type": "Feature",
"geometry": {
"type": "Point",
"coordinates": [
9.0112859,
41.5209839
]
},
"properties": {
"ign_id": "PAIHYDRO0000000343426405",
"name": "",
"state": "En service",
"ign_confirmed": ""
}
},
{
"type": "Feature",
"geometry": {
"type": "Point",
"coordinates": [
9.0769587,
41.6361454
]
},
"properties": {
"ign_id": "PAIHYDRO0000000343426603",
"name": "",
"state": "En service",
"ign_confirmed": ""
}
},
{
"type": "Feature",
"geometry": {
"type": "Point",
"coordinates": [
9.1759177,
41.6285171
]
},
"properties": {
"ign_id": "PAIHYDRO0000000343426714",
"name": "",
"state": "En service",
"ign_confirmed": ""
}
},
{
"type": "Feature",
"geometry": {
"type": "Point",
"coordinates": [
9.1486238,
41.6272856
]
},
"properties": {
"ign_id": "PAIHYDRO0000000343426715",
"name": "",
"state": "En service",
"ign_confirmed": ""
}
},
{
"type": "Feature",
"geometry": {
"type": "Point",
"coordinates": [
8.9464229,
41.8363678
]
},
"properties": {
"ign_id": "PAIHYDRO0000000343471751",
"name": "",
"state": "En service",
"ign_confirmed": ""
}
},
{
"type": "Feature",
"geometry": {
"type": "Point",
"coordinates": [
8.8713773,
42.003285
]
},
"properties": {
"ign_id": "PAIHYDRO0000000343471752",
"name": "",
"state": "En service",
"ign_confirmed": ""
}
},
{
"type": "Feature",
"geometry": {
"type": "Point",
"coordinates": [
8.9010582,
41.9107666
]
},
"properties": {
"ign_id": "PAIHYDRO0000000343471753",
"name": "",
"state": "En service",
"ign_confirmed": ""
}
},
{
"type": "Feature",
"geometry": {
"type": "Point",
"coordinates": [
9.1414738,
41.5942115
]
},
"properties": {
"ign_id": "PAIHYDRO0000000343481815",
"name": "",
"state": "En service",
"ign_confirmed": ""
}
},
{
"type": "Feature",
"geometry": {
"type": "Point",
"coordinates": [
9.1465592,
41.5964557
]
},
"properties": {
"ign_id": "PAIHYDRO0000000343482108",
"name": "",
"state": "En service",
"ign_confirmed": ""
}
},
{
"type": "Feature",
"geometry": {
"type": "Point",
"coordinates": [
9.0979976,
41.5629167
]
},
"properties": {
"ign_id": "PAIHYDRO0000000343487395",
"name": "",
"state": "En service",
"ign_confirmed": ""
}
},
{
"type": "Feature",
"geometry": {
"type": "Point",
"coordinates": [
9.1352329,
41.5681433
]
},
"properties": {
"ign_id": "PAIHYDRO0000000343487430",
"name": "",
"state": "En service",
"ign_confirmed": ""
}
},
{
"type": "Feature",
"geometry": {
"type": "Point",
"coordinates": [
9.1410828,
41.5655494
]
},
"properties": {
"ign_id": "PAIHYDRO0000000343487431",
"name": "",
"state": "En service",
"ign_confirmed": ""
}
},
{
"type": "Feature",
"geometry": {
"type": "Point",
"coordinates": [
9.1590462,
41.5680642
]
},
"properties": {
"ign_id": "PAIHYDRO0000000343487439",
"name": "",
"state": "En service",
"ign_confirmed": ""
}
},
{
"type": "Feature",
"geometry": {
"type": "Point",
"coordinates": [
9.170397,
41.5443329
]
},
"properties": {
"ign_id": "PAIHYDRO0000000343513210",
"name": "",
"state": "En service",
"ign_confirmed": "2025-04-03"
}
},
{
"type": "Feature",
"geometry": {
"type": "Point",
"coordinates": [
9.1180441,
41.5478183
]
},
"properties": {
"ign_id": "PAIHYDRO0000000343524413",
"name": "",
"state": "En service",
"ign_confirmed": ""
}
},
{
"type": "Feature",
"geometry": {
"type": "Point",
"coordinates": [
9.1724216,
41.5295416
]
},
"properties": {
"ign_id": "PAIHYDRO0000000343524491",
"name": "",
"state": "En service",
"ign_confirmed": ""
}
},
{
"type": "Feature",
"geometry": {
"type": "Point",
"coordinates": [
9.1755679,
41.5241054
]
},
"properties": {
"ign_id": "PAIHYDRO0000000343524519",
"name": "",
"state": "En service",
"ign_confirmed": ""
}
},
{
"type": "Feature",
"geometry": {
"type": "Point",
"coordinates": [
9.1546245,
41.5051946
]
},
"properties": {
"ign_id": "PAIHYDRO0000000343528286",
"name": "",
"state": "En service",
"ign_confirmed": ""
}
},
{
"type": "Feature",
"geometry": {
"type": "Point",
"coordinates": [
9.1593612,
41.4852548
]
},
"properties": {
"ign_id": "PAIHYDRO0000000347427193",
"name": "",
"state": "En service",
"ign_confirmed": ""
}
},
{
"type": "Feature",
"geometry": {
"type": "Point",
"coordinates": [
9.2029824,
41.4777634
]
},
"properties": {
"ign_id": "PAIHYDRO0000000347428313",
"name": "",
"state": "En service",
"ign_confirmed": ""
}
},
{
"type": "Feature",
"geometry": {
"type": "Point",
"coordinates": [
9.2618732,
41.60681
]
},
"properties": {
"ign_id": "PAIHYDRO0000000347770689",
"name": "",
"state": "En service",
"ign_confirmed": ""
}
},
{
"type": "Feature",
"geometry": {
"type": "Point",
"coordinates": [
9.2609192,
41.5620519
]
},
"properties": {
"ign_id": "PAIHYDRO0000000347771904",
"name": "",
"state": "En service",
"ign_confirmed": ""
}
},
{
"type": "Feature",
"geometry": {
"type": "Point",
"coordinates": [
9.2287402,
41.531405
]
},
"properties": {
"ign_id": "PAIHYDRO0000000347807615",
"name": "",
"state": "En service",
"ign_confirmed": "2025-04-03"
}
},
{
"type": "Feature",
"geometry": {
"type": "Point",
"coordinates": [
9.2348766,
41.5285724
]
},
"properties": {
"ign_id": "PAIHYDRO0000000347807651",
"name": "",
"state": "En service",
"ign_confirmed": ""
}
},
{
"type": "Feature",
"geometry": {
"type": "Point",
"coordinates": [
9.243329,
41.5585467
]
},
"properties": {
"ign_id": "PAIHYDRO0000000347807679",
"name": "Cuparchjata",
"state": "En service",
"ign_confirmed": "2025-04-03"
}
},
{
"type": "Feature",
"geometry": {
"type": "Point",
"coordinates": [
9.2834873,
41.5497109
]
},
"properties": {
"ign_id": "PAIHYDRO0000000347807831",
"name": "",
"state": "En service",
"ign_confirmed": ""
}
},
{
"type": "Feature",
"geometry": {
"type": "Point",
"coordinates": [
9.2235926,
41.5173406
]
},
"properties": {
"ign_id": "PAIHYDRO0000000347821464",
"name": "",
"state": "En service",
"ign_confirmed": ""
}
},
{
"type": "Feature",
"geometry": {
"type": "Point",
"coordinates": [
9.2340484,
41.5143415
]
},
"properties": {
"ign_id": "PAIHYDRO0000000347821465",
"name": "",
"state": "En service",
"ign_confirmed": ""
}
},
{
"type": "Feature",
"geometry": {
"type": "Point",
"coordinates": [
9.2386438,
41.4824273
]
},
"properties": {
"ign_id": "PAIHYDRO0000000347821541",
"name": "",
"state": "En service",
"ign_confirmed": ""
}
},
{
"type": "Feature",
"geometry": {
"type": "Point",
"coordinates": [
9.2463299,
41.8098899
]
},
"properties": {
"ign_id": "PAIHYDRO0000000348113377",
"name": "",
"state": "En service",
"ign_confirmed": ""
}
},
{
"type": "Feature",
"geometry": {
"type": "Point",
"coordinates": [
9.2299492,
41.792133
]
},
"properties": {
"ign_id": "PAIHYDRO0000000348115138",
"name": "",
"state": "En service",
"ign_confirmed": "2025-07-21"
}
},
{
"type": "Feature",
"geometry": {
"type": "Point",
"coordinates": [
8.7382815,
41.9188599
]
},
"properties": {
"ign_id": "PAIHYDRO0000000348250190",
"name": "Fontaine des Quatre Lions",
"state": "En service",
"ign_confirmed": ""
}
},
{
"type": "Feature",
"geometry": {
"type": "Point",
"coordinates": [
9.1468411,
41.7204835
]
},
"properties": {
"ign_id": "PAIHYDRO0000000348260874",
"name": "",
"state": "En service",
"ign_confirmed": "2018-07-26"
}
},
{
"type": "Feature",
"geometry": {
"type": "Point",
"coordinates": [
9.2106132,
41.7128919
]
},
"properties": {
"ign_id": "PAIHYDRO0000000348260952",
"name": "",
"state": "En service",
"ign_confirmed": ""
}
},
{
"type": "Feature",
"geometry": {
"type": "Point",
"coordinates": [
9.1576333,
41.7093029
]
},
"properties": {
"ign_id": "PAIHYDRO0000000348279633",
"name": "",
"state": "En service",
"ign_confirmed": ""
}
},
{
"type": "Feature",
"geometry": {
"type": "Point",
"coordinates": [
9.0295667,
41.7068875
]
},
"properties": {
"ign_id": "PAIHYDRO0000000348372244",
"name": "",
"state": "En service",
"ign_confirmed": ""
}
},
{
"type": "Feature",
"geometry": {
"type": "Point",
"coordinates": [
9.0480617,
41.6560127
]
},
"properties": {
"ign_id": "PAIHYDRO0000000348411584",
"name": "",
"state": "En service",
"ign_confirmed": ""
}
},
{
"type": "Feature",
"geometry": {
"type": "Point",
"coordinates": [
9.0902451,
41.6569604
]
},
"properties": {
"ign_id": "PAIHYDRO0000000348411638",
"name": "",
"state": "En service",
"ign_confirmed": ""
}
},
{
"type": "Feature",
"geometry": {
"type": "Point",
"coordinates": [
9.1350876,
41.9173036
]
},
"properties": {
"ign_id": "PAIHYDRO0000000348840151",
"name": "",
"state": "En service",
"ign_confirmed": ""
}
},
{
"type": "Feature",
"geometry": {
"type": "Point",
"coordinates": [
9.1982547,
41.866446
]
},
"properties": {
"ign_id": "PAIHYDRO0000000348840154",
"name": "",
"state": "En service",
"ign_confirmed": ""
}
},
{
"type": "Feature",
"geometry": {
"type": "Point",
"coordinates": [
9.063859,
41.8922764
]
},
"properties": {
"ign_id": "PAIHYDRO0000000348840157",
"name": "",
"state": "En service",
"ign_confirmed": ""
}
},
{
"type": "Feature",
"geometry": {
"type": "Point",
"coordinates": [
9.0494955,
42.0008095
]
},
"properties": {
"ign_id": "PAIHYDRO0000000348840158",
"name": "",
"state": "En service",
"ign_confirmed": "2025-04-09"
}
},
{
"type": "Feature",
"geometry": {
"type": "Point",
"coordinates": [
8.8030275,
42.0763058
]
},
"properties": {
"ign_id": "PAIHYDRO0000000348995146",
"name": "",
"state": "En service",
"ign_confirmed": ""
}
},
{
"type": "Feature",
"geometry": {
"type": "Point",
"coordinates": [
8.8331392,
42.2033824
]
},
"properties": {
"ign_id": "PAIHYDRO0000000348995167",
"name": "Fontaine de Tarsanile",
"state": "En service",
"ign_confirmed": ""
}
},
{
"type": "Feature",
"geometry": {
"type": "Point",
"coordinates": [
8.838778,
42.1850094
]
},
"properties": {
"ign_id": "PAIHYDRO0000000348995178",
"name": "",
"state": "En service",
"ign_confirmed": ""
}
},
{
"type": "Feature",
"geometry": {
"type": "Point",
"coordinates": [
8.8500425,
42.1908879
]
},
"properties": {
"ign_id": "PAIHYDRO0000000348995202",
"name": "",
"state": "En service",
"ign_confirmed": ""
}
},
{
"type": "Feature",
"geometry": {
"type": "Point",
"coordinates": [
8.8425588,
42.0318371
]
},
"properties": {
"ign_id": "PAIHYDRO0000000348995225",
"name": "Funtana l'Umbria",
"state": "En service",
"ign_confirmed": ""
}
},
{
"type": "Feature",
"geometry": {
"type": "Point",
"coordinates": [
8.8476492,
42.0703854
]
},
"properties": {
"ign_id": "PAIHYDRO0000000348995227",
"name": "",
"state": "En service",
"ign_confirmed": ""
}
},
{
"type": "Feature",
"geometry": {
"type": "Point",
"coordinates": [
8.8595118,
42.1171297
]
},
"properties": {
"ign_id": "PAIHYDRO0000000348995234",
"name": "",
"state": "En service",
"ign_confirmed": "2025-04-09"
}
},
{
"type": "Feature",
"geometry": {
"type": "Point",
"coordinates": [
8.8816956,
42.1508207
]
},
"properties": {
"ign_id": "PAIHYDRO0000000348995244",
"name": "",
"state": "En service",
"ign_confirmed": "2025-04-08"
}
},
{
"type": "Feature",
"geometry": {
"type": "Point",
"coordinates": [
8.9022231,
42.1222611
]
},
"properties": {
"ign_id": "PAIHYDRO0000000348995262",
"name": "",
"state": "En service",
"ign_confirmed": ""
}
},
{
"type": "Feature",
"geometry": {
"type": "Point",
"coordinates": [
8.8977707,
42.0345475
]
},
"properties": {
"ign_id": "PAIHYDRO0000000348995269",
"name": "",
"state": "En service",
"ign_confirmed": "2025-07-15"
}
},
{
"type": "Feature",
"geometry": {
"type": "Point",
"coordinates": [
8.9306788,
42.1842758
]
},
"properties": {
"ign_id": "PAIHYDRO0000000348995280",
"name": "",
"state": "En service",
"ign_confirmed": ""
}
},
{
"type": "Feature",
"geometry": {
"type": "Point",
"coordinates": [
8.9297017,
42.1315939
]
},
"properties": {
"ign_id": "PAIHYDRO0000000348995283",
"name": "",
"state": "En service",
"ign_confirmed": "2025-04-09"
}
},
{
"type": "Feature",
"geometry": {
"type": "Point",
"coordinates": [
8.9381072,
42.1470133
]
},
"properties": {
"ign_id": "PAIHYDRO0000000348995289",
"name": "",
"state": "En service",
"ign_confirmed": "2025-04-08"
}
},
{
"type": "Feature",
"geometry": {
"type": "Point",
"coordinates": [
9.0094349,
42.0690651
]
},
"properties": {
"ign_id": "PAIHYDRO0000000348995328",
"name": "",
"state": "En service",
"ign_confirmed": "2025-07-15"
}
},
{
"type": "Feature",
"geometry": {
"type": "Point",
"coordinates": [
9.0189108,
42.0911197
]
},
"properties": {
"ign_id": "PAIHYDRO0000000348995332",
"name": "",
"state": "En service",
"ign_confirmed": "2025-04-08"
}
},
{
"type": "Feature",
"geometry": {
"type": "Point",
"coordinates": [
9.1545388,
41.9339602
]
},
"properties": {
"ign_id": "PAIHYDRO0000000349008819",
"name": "",
"state": "En service",
"ign_confirmed": "2025-04-08"
}
},
{
"type": "Feature",
"geometry": {
"type": "Point",
"coordinates": [
8.8274482,
42.1679936
]
},
"properties": {
"ign_id": "PAIHYDRO0000000349060218",
"name": "",
"state": "En service",
"ign_confirmed": ""
}
},
{
"type": "Feature",
"geometry": {
"type": "Point",
"coordinates": [
8.8501829,
42.1718985
]
},
"properties": {
"ign_id": "PAIHYDRO0000000349060219",
"name": "",
"state": "En service",
"ign_confirmed": ""
}
},
{
"type": "Feature",
"geometry": {
"type": "Point",
"coordinates": [
8.8275925,
41.7965756
]
},
"properties": {
"ign_id": "PAIHYDRO0000000349076602",
"name": "",
"state": "En service",
"ign_confirmed": ""
}
},
{
"type": "Feature",
"geometry": {
"type": "Point",
"coordinates": [
8.9814518,
41.7825241
]
},
"properties": {
"ign_id": "PAIHYDRO0000000349096851",
"name": "",
"state": "En service",
"ign_confirmed": "2018-10-03"
}
},
{
"type": "Feature",
"geometry": {
"type": "Point",
"coordinates": [
8.9025636,
42.1205445
]
},
"properties": {
"ign_id": "PAIHYDRO0000000349100074",
"name": "",
"state": "En service",
"ign_confirmed": "2025-04-08"
}
},
{
"type": "Feature",
"geometry": {
"type": "Point",
"coordinates": [
8.9316166,
42.0642919
]
},
"properties": {
"ign_id": "PAIHYDRO0000000349183783",
"name": "",
"state": "En service",
"ign_confirmed": "2025-04-08"
}
},
{
"type": "Feature",
"geometry": {
"type": "Point",
"coordinates": [
8.8250554,
42.024519
]
},
"properties": {
"ign_id": "PAIHYDRO0000000349359568",
"name": "",
"state": "En service",
"ign_confirmed": ""
}
},
{
"type": "Feature",
"geometry": {
"type": "Point",
"coordinates": [
8.7324627,
41.9876416
]
},
"properties": {
"ign_id": "PAIHYDRO0000000349360650",
"name": "",
"state": "En service",
"ign_confirmed": "2015-03-31"
}
},
{
"type": "Feature",
"geometry": {
"type": "Point",
"coordinates": [
8.766566,
42.0151658
]
},
"properties": {
"ign_id": "PAIHYDRO0000000349360654",
"name": "",
"state": "En service",
"ign_confirmed": ""
}
},
{
"type": "Feature",
"geometry": {
"type": "Point",
"coordinates": [
8.6779873,
41.9600884
]
},
"properties": {
"ign_id": "PAIHYDRO0000000349360659",
"name": "",
"state": "En service",
"ign_confirmed": "2015-04-01"
}
},
{
"type": "Feature",
"geometry": {
"type": "Point",
"coordinates": [
8.7423559,
41.9754948
]
},
"properties": {
"ign_id": "PAIHYDRO0000000349386916",
"name": "",
"state": "En service",
"ign_confirmed": "2015-04-02"
}
},
{
"type": "Feature",
"geometry": {
"type": "Point",
"coordinates": [
9.3295646,
41.7417337
]
},
"properties": {
"ign_id": "PAIHYDRO0000000349419722",
"name": "",
"state": "En service",
"ign_confirmed": ""
}
},
{
"type": "Feature",
"geometry": {
"type": "Point",
"coordinates": [
9.3972532,
41.7300933
]
},
"properties": {
"ign_id": "PAIHYDRO0000000349432352",
"name": "",
"state": "En service",
"ign_confirmed": ""
}
},
{
"type": "Feature",
"geometry": {
"type": "Point",
"coordinates": [
9.3511182,
41.6842426
]
},
"properties": {
"ign_id": "PAIHYDRO0000000349437705",
"name": "",
"state": "En service",
"ign_confirmed": ""
}
},
{
"type": "Feature",
"geometry": {
"type": "Point",
"coordinates": [
9.2633136,
41.6450499
]
},
"properties": {
"ign_id": "PAIHYDRO0000000349445774",
"name": "",
"state": "En service",
"ign_confirmed": ""
}
},
{
"type": "Feature",
"geometry": {
"type": "Point",
"coordinates": [
9.257371,
41.6372348
]
},
"properties": {
"ign_id": "PAIHYDRO0000000349475328",
"name": "",
"state": "En service",
"ign_confirmed": ""
}
},
{
"type": "Feature",
"geometry": {
"type": "Point",
"coordinates": [
9.2969708,
42.3075174
]
},
"properties": {
"ign_id": "PAIHYDRO0000000349636222",
"name": "",
"state": "En service",
"ign_confirmed": ""
}
},
{
"type": "Feature",
"geometry": {
"type": "Point",
"coordinates": [
9.2737389,
42.2951825
]
},
"properties": {
"ign_id": "PAIHYDRO0000000349636445",
"name": "",
"state": "En service",
"ign_confirmed": ""
}
},
{
"type": "Feature",
"geometry": {
"type": "Point",
"coordinates": [
9.169369,
42.2520033
]
},
"properties": {
"ign_id": "PAIHYDRO0000000349700109",
"name": "",
"state": "En service",
"ign_confirmed": ""
}
},
{
"type": "Feature",
"geometry": {
"type": "Point",
"coordinates": [
9.2147071,
42.248171
]
},
"properties": {
"ign_id": "PAIHYDRO0000000349730108",
"name": "",
"state": "En service",
"ign_confirmed": "2017-09-06"
}
},
{
"type": "Feature",
"geometry": {
"type": "Point",
"coordinates": [
9.3366705,
41.9862618
]
},
"properties": {
"ign_id": "PAIHYDRO0000000350214362",
"name": "",
"state": "En service",
"ign_confirmed": ""
}
},
{
"type": "Feature",
"geometry": {
"type": "Point",
"coordinates": [
9.3402423,
41.9935376
]
},
"properties": {
"ign_id": "PAIHYDRO0000000350218242",
"name": "",
"state": "En service",
"ign_confirmed": ""
}
},
{
"type": "Feature",
"geometry": {
"type": "Point",
"coordinates": [
9.314135,
41.8795531
]
},
"properties": {
"ign_id": "PAIHYDRO0000000350218246",
"name": "",
"state": "En service",
"ign_confirmed": ""
}
},
{
"type": "Feature",
"geometry": {
"type": "Point",
"coordinates": [
9.3736291,
41.8449267
]
},
"properties": {
"ign_id": "PAIHYDRO0000000350218254",
"name": "",
"state": "En service",
"ign_confirmed": ""
}
},
{
"type": "Feature",
"geometry": {
"type": "Point",
"coordinates": [
9.3461051,
41.9647017
]
},
"properties": {
"ign_id": "PAIHYDRO0000000350218257",
"name": "",
"state": "En service",
"ign_confirmed": ""
}
},
{
"type": "Feature",
"geometry": {
"type": "Point",
"coordinates": [
9.3749849,
41.8325621
]
},
"properties": {
"ign_id": "PAIHYDRO0000000350218260",
"name": "",
"state": "En service",
"ign_confirmed": ""
}
},
{
"type": "Feature",
"geometry": {
"type": "Point",
"coordinates": [
9.4904895,
42.1177698
]
},
"properties": {
"ign_id": "PAIHYDRO0000000350354842",
"name": "",
"state": "En service",
"ign_confirmed": ""
}
},
{
"type": "Feature",
"geometry": {
"type": "Point",
"coordinates": [
9.4952024,
42.1134694
]
},
"properties": {
"ign_id": "PAIHYDRO0000000350366200",
"name": "",
"state": "En service",
"ign_confirmed": ""
}
},
{
"type": "Feature",
"geometry": {
"type": "Point",
"coordinates": [
9.307276,
42.1158626
]
},
"properties": {
"ign_id": "PAIHYDRO0000000350551328",
"name": "",
"state": "En service",
"ign_confirmed": ""
}
},
{
"type": "Feature",
"geometry": {
"type": "Point",
"coordinates": [
8.8078055,
42.2345646
]
},
"properties": {
"ign_id": "PAIHYDRO0000000350727088",
"name": "",
"state": "En service",
"ign_confirmed": ""
}
},
{
"type": "Feature",
"geometry": {
"type": "Point",
"coordinates": [
9.0434493,
42.3556703
]
},
"properties": {
"ign_id": "PAIHYDRO0000000350727090",
"name": "",
"state": "En service",
"ign_confirmed": ""
}
},
{
"type": "Feature",
"geometry": {
"type": "Point",
"coordinates": [
8.8252036,
42.2107131
]
},
"properties": {
"ign_id": "PAIHYDRO0000000350727092",
"name": "",
"state": "En service",
"ign_confirmed": "2025-06-26"
}
},
{
"type": "Feature",
"geometry": {
"type": "Point",
"coordinates": [
9.0476956,
42.2428362
]
},
"properties": {
"ign_id": "PAIHYDRO0000000350727093",
"name": "",
"state": "En service",
"ign_confirmed": ""
}
},
{
"type": "Feature",
"geometry": {
"type": "Point",
"coordinates": [
8.8791676,
42.2787132
]
},
"properties": {
"ign_id": "PAIHYDRO0000000350727094",
"name": "",
"state": "En service",
"ign_confirmed": ""
}
},
{
"type": "Feature",
"geometry": {
"type": "Point",
"coordinates": [
9.3326938,
42.5860244
]
},
"properties": {
"ign_id": "PAIHYDRO0000000350728506",
"name": "",
"state": "En service",
"ign_confirmed": "2025-03-21"
}
},
{
"type": "Feature",
"geometry": {
"type": "Point",
"coordinates": [
9.3567378,
42.6589346
]
},
"properties": {
"ign_id": "PAIHYDRO0000000350728577",
"name": "",
"state": "En service",
"ign_confirmed": ""
}
},
{
"type": "Feature",
"geometry": {
"type": "Point",
"coordinates": [
9.3588472,
42.6426517
]
},
"properties": {
"ign_id": "PAIHYDRO0000000350728579",
"name": "",
"state": "En service",
"ign_confirmed": "2015-04-15"
}
},
{
"type": "Feature",
"geometry": {
"type": "Point",
"coordinates": [
9.3650803,
42.579322
]
},
"properties": {
"ign_id": "PAIHYDRO0000000350728709",
"name": "",
"state": "En service",
"ign_confirmed": "2025-03-21"
}
},
{
"type": "Feature",
"geometry": {
"type": "Point",
"coordinates": [
9.4157241,
42.6583481
]
},
"properties": {
"ign_id": "PAIHYDRO0000000350728870",
"name": "",
"state": "En service",
"ign_confirmed": "2025-03-20"
}
},
{
"type": "Feature",
"geometry": {
"type": "Point",
"coordinates": [
9.3638239,
42.0797837
]
},
"properties": {
"ign_id": "PAIHYDRO0000000350745296",
"name": "",
"state": "En service",
"ign_confirmed": ""
}
},
{
"type": "Feature",
"geometry": {
"type": "Point",
"coordinates": [
9.2864765,
42.0883905
]
},
"properties": {
"ign_id": "PAIHYDRO0000000350745308",
"name": "",
"state": "En service",
"ign_confirmed": ""
}
},
{
"type": "Feature",
"geometry": {
"type": "Point",
"coordinates": [
9.299632,
42.0747369
]
},
"properties": {
"ign_id": "PAIHYDRO0000000350755686",
"name": "",
"state": "En service",
"ign_confirmed": ""
}
},
{
"type": "Feature",
"geometry": {
"type": "Point",
"coordinates": [
9.2933634,
42.0609892
]
},
"properties": {
"ign_id": "PAIHYDRO0000000350768713",
"name": "",
"state": "En service",
"ign_confirmed": ""
}
},
{
"type": "Feature",
"geometry": {
"type": "Point",
"coordinates": [
9.2928762,
42.0526283
]
},
"properties": {
"ign_id": "PAIHYDRO0000000350773056",
"name": "",
"state": "En service",
"ign_confirmed": ""
}
},
{
"type": "Feature",
"geometry": {
"type": "Point",
"coordinates": [
9.2861704,
42.0513093
]
},
"properties": {
"ign_id": "PAIHYDRO0000000350773086",
"name": "Preti Mortu",
"state": "En service",
"ign_confirmed": "2025-05-07"
}
},
{
"type": "Feature",
"geometry": {
"type": "Point",
"coordinates": [
9.2792388,
42.0486224
]
},
"properties": {
"ign_id": "PAIHYDRO0000000350773087",
"name": "",
"state": "En service",
"ign_confirmed": "2017-02-12"
}
},
{
"type": "Feature",
"geometry": {
"type": "Point",
"coordinates": [
9.2881807,
42.0398941
]
},
"properties": {
"ign_id": "PAIHYDRO0000000350835859",
"name": "",
"state": "En service",
"ign_confirmed": ""
}
},
{
"type": "Feature",
"geometry": {
"type": "Point",
"coordinates": [
9.286549,
42.0343641
]
},
"properties": {
"ign_id": "PAIHYDRO0000000350842559",
"name": "",
"state": "En service",
"ign_confirmed": ""
}
},
{
"type": "Feature",
"geometry": {
"type": "Point",
"coordinates": [
9.2873846,
42.0328065
]
},
"properties": {
"ign_id": "PAIHYDRO0000000350842560",
"name": "",
"state": "En service",
"ign_confirmed": ""
}
},
{
"type": "Feature",
"geometry": {
"type": "Point",
"coordinates": [
9.2898574,
42.0205374
]
},
"properties": {
"ign_id": "PAIHYDRO0000000350848872",
"name": "",
"state": "En service",
"ign_confirmed": ""
}
},
{
"type": "Feature",
"geometry": {
"type": "Point",
"coordinates": [
9.3113232,
42.0088065
]
},
"properties": {
"ign_id": "PAIHYDRO0000000351033081",
"name": "",
"state": "En service",
"ign_confirmed": ""
}
},
{
"type": "Feature",
"geometry": {
"type": "Point",
"coordinates": [
9.2950091,
42.004618
]
},
"properties": {
"ign_id": "PAIHYDRO0000000351046446",
"name": "",
"state": "En service",
"ign_confirmed": ""
}
},
{
"type": "Feature",
"geometry": {
"type": "Point",
"coordinates": [
9.2969327,
42.0097598
]
},
"properties": {
"ign_id": "PAIHYDRO0000000351046447",
"name": "",
"state": "En service",
"ign_confirmed": ""
}
},
{
"type": "Feature",
"geometry": {
"type": "Point",
"coordinates": [
9.2992849,
42.0029201
]
},
"properties": {
"ign_id": "PAIHYDRO0000000351046562",
"name": "",
"state": "En service",
"ign_confirmed": ""
}
},
{
"type": "Feature",
"geometry": {
"type": "Point",
"coordinates": [
9.3262022,
41.996868
]
},
"properties": {
"ign_id": "PAIHYDRO0000000351047192",
"name": "",
"state": "En service",
"ign_confirmed": ""
}
},
{
"type": "Feature",
"geometry": {
"type": "Point",
"coordinates": [
9.4033127,
42.6454331
]
},
"properties": {
"ign_id": "PAIHYDRO0000000351072738",
"name": "",
"state": "En service",
"ign_confirmed": ""
}
},
{
"type": "Feature",
"geometry": {
"type": "Point",
"coordinates": [
9.3941266,
42.610364
]
},
"properties": {
"ign_id": "PAIHYDRO0000000351072748",
"name": "",
"state": "En service",
"ign_confirmed": ""
}
},
{
"type": "Feature",
"geometry": {
"type": "Point",
"coordinates": [
9.4278355,
42.7019229
]
},
"properties": {
"ign_id": "PAIHYDRO0000000351072854",
"name": "",
"state": "En service",
"ign_confirmed": ""
}
},
{
"type": "Feature",
"geometry": {
"type": "Point",
"coordinates": [
9.4265263,
42.5932316
]
},
"properties": {
"ign_id": "PAIHYDRO0000000351072962",
"name": "",
"state": "En service",
"ign_confirmed": ""
}
},
{
"type": "Feature",
"geometry": {
"type": "Point",
"coordinates": [
9.440173,
42.5712457
]
},
"properties": {
"ign_id": "PAIHYDRO0000000351073121",
"name": "",
"state": "En service",
"ign_confirmed": ""
}
},
{
"type": "Feature",
"geometry": {
"type": "Point",
"coordinates": [
9.0573385,
42.0806178
]
},
"properties": {
"ign_id": "PAIHYDRO0000000351150525",
"name": "",
"state": "En service",
"ign_confirmed": "2025-04-09"
}
},
{
"type": "Feature",
"geometry": {
"type": "Point",
"coordinates": [
9.0502143,
42.0809903
]
},
"properties": {
"ign_id": "PAIHYDRO0000000351209392",
"name": "",
"state": "En service",
"ign_confirmed": "2025-04-09"
}
},
{
"type": "Feature",
"geometry": {
"type": "Point",
"coordinates": [
9.0498646,
42.0805904
]
},
"properties": {
"ign_id": "PAIHYDRO0000000351209393",
"name": "",
"state": "En service",
"ign_confirmed": "2025-04-09"
}
},
{
"type": "Feature",
"geometry": {
"type": "Point",
"coordinates": [
9.0588272,
42.0769675
]
},
"properties": {
"ign_id": "PAIHYDRO0000000351209394",
"name": "",
"state": "En service",
"ign_confirmed": "2025-04-09"
}
},
{
"type": "Feature",
"geometry": {
"type": "Point",
"coordinates": [
9.0587412,
42.0764389
]
},
"properties": {
"ign_id": "PAIHYDRO0000000351209395",
"name": "",
"state": "En service",
"ign_confirmed": "2025-04-09"
}
},
{
"type": "Feature",
"geometry": {
"type": "Point",
"coordinates": [
9.0599392,
42.0752601
]
},
"properties": {
"ign_id": "PAIHYDRO0000000351209396",
"name": "",
"state": "En service",
"ign_confirmed": "2025-04-09"
}
},
{
"type": "Feature",
"geometry": {
"type": "Point",
"coordinates": [
9.0598753,
42.0810754
]
},
"properties": {
"ign_id": "PAIHYDRO0000000351209397",
"name": "",
"state": "En service",
"ign_confirmed": "2025-04-09"
}
},
{
"type": "Feature",
"geometry": {
"type": "Point",
"coordinates": [
9.117185,
42.0227173
]
},
"properties": {
"ign_id": "PAIHYDRO0000000351209407",
"name": "",
"state": "En service",
"ign_confirmed": "2025-04-09"
}
},
{
"type": "Feature",
"geometry": {
"type": "Point",
"coordinates": [
9.168389,
42.1742429
]
},
"properties": {
"ign_id": "PAIHYDRO0000000351209410",
"name": "",
"state": "En service",
"ign_confirmed": ""
}
},
{
"type": "Feature",
"geometry": {
"type": "Point",
"coordinates": [
9.1694875,
42.1726952
]
},
"properties": {
"ign_id": "PAIHYDRO0000000351209412",
"name": "",
"state": "En service",
"ign_confirmed": ""
}
},
{
"type": "Feature",
"geometry": {
"type": "Point",
"coordinates": [
9.1710416,
42.1713086
]
},
"properties": {
"ign_id": "PAIHYDRO0000000351209413",
"name": "",
"state": "En service",
"ign_confirmed": ""
}
},
{
"type": "Feature",
"geometry": {
"type": "Point",
"coordinates": [
9.1704691,
42.1711076
]
},
"properties": {
"ign_id": "PAIHYDRO0000000351209414",
"name": "",
"state": "En service",
"ign_confirmed": ""
}
},
{
"type": "Feature",
"geometry": {
"type": "Point",
"coordinates": [
9.1961896,
42.0861849
]
},
"properties": {
"ign_id": "PAIHYDRO0000000351209435",
"name": "a Mazzania",
"state": "En service",
"ign_confirmed": "2025-04-09"
}
},
{
"type": "Feature",
"geometry": {
"type": "Point",
"coordinates": [
9.2020309,
42.085081
]
},
"properties": {
"ign_id": "PAIHYDRO0000000351209438",
"name": "",
"state": "En service",
"ign_confirmed": "2025-04-09"
}
},
{
"type": "Feature",
"geometry": {
"type": "Point",
"coordinates": [
9.2203205,
42.1299514
]
},
"properties": {
"ign_id": "PAIHYDRO0000000351209444",
"name": "",
"state": "En service",
"ign_confirmed": "2025-04-09"
}
},
{
"type": "Feature",
"geometry": {
"type": "Point",
"coordinates": [
9.2705412,
42.1567806
]
},
"properties": {
"ign_id": "PAIHYDRO0000000351209457",
"name": "",
"state": "En service",
"ign_confirmed": ""
}
},
{
"type": "Feature",
"geometry": {
"type": "Point",
"coordinates": [
9.2643815,
42.0426483
]
},
"properties": {
"ign_id": "PAIHYDRO0000000351209458",
"name": "",
"state": "En service",
"ign_confirmed": ""
}
},
{
"type": "Feature",
"geometry": {
"type": "Point",
"coordinates": [
9.4007206,
42.3503224
]
},
"properties": {
"ign_id": "PAIHYDRO0000000351242610",
"name": "",
"state": "En service",
"ign_confirmed": "2015-05-28"
}
},
{
"type": "Feature",
"geometry": {
"type": "Point",
"coordinates": [
9.4992179,
42.3466135
]
},
"properties": {
"ign_id": "PAIHYDRO0000000351242611",
"name": "",
"state": "En service",
"ign_confirmed": "2025-03-27"
}
},
{
"type": "Feature",
"geometry": {
"type": "Point",
"coordinates": [
9.4957824,
42.36708
]
},
"properties": {
"ign_id": "PAIHYDRO0000000351242613",
"name": "",
"state": "En service",
"ign_confirmed": "2015-05-18"
}
},
{
"type": "Feature",
"geometry": {
"type": "Point",
"coordinates": [
9.4704814,
42.3750918
]
},
"properties": {
"ign_id": "PAIHYDRO0000000351242614",
"name": "",
"state": "En service",
"ign_confirmed": "2015-05-18"
}
},
{
"type": "Feature",
"geometry": {
"type": "Point",
"coordinates": [
9.4710406,
42.3727834
]
},
"properties": {
"ign_id": "PAIHYDRO0000000351242615",
"name": "",
"state": "En service",
"ign_confirmed": "2015-05-18"
}
},
{
"type": "Feature",
"geometry": {
"type": "Point",
"coordinates": [
9.4803453,
42.3991673
]
},
"properties": {
"ign_id": "PAIHYDRO0000000351242617",
"name": "",
"state": "En service",
"ign_confirmed": ""
}
},
{
"type": "Feature",
"geometry": {
"type": "Point",
"coordinates": [
9.4707834,
42.4021732
]
},
"properties": {
"ign_id": "PAIHYDRO0000000351242618",
"name": "",
"state": "En service",
"ign_confirmed": ""
}
},
{
"type": "Feature",
"geometry": {
"type": "Point",
"coordinates": [
9.4789474,
42.409423
]
},
"properties": {
"ign_id": "PAIHYDRO0000000351242619",
"name": "",
"state": "En service",
"ign_confirmed": "2015-05-19"
}
},
{
"type": "Feature",
"geometry": {
"type": "Point",
"coordinates": [
9.4403483,
42.4280484
]
},
"properties": {
"ign_id": "PAIHYDRO0000000351242620",
"name": "",
"state": "En service",
"ign_confirmed": "2015-05-21"
}
},
{
"type": "Feature",
"geometry": {
"type": "Point",
"coordinates": [
9.4435432,
42.4136407
]
},
"properties": {
"ign_id": "PAIHYDRO0000000351242621",
"name": "",
"state": "En service",
"ign_confirmed": "2015-05-21"
}
},
{
"type": "Feature",
"geometry": {
"type": "Point",
"coordinates": [
9.4043493,
42.4133249
]
},
"properties": {
"ign_id": "PAIHYDRO0000000351242622",
"name": "",
"state": "En service",
"ign_confirmed": "2015-05-21"
}
},
{
"type": "Feature",
"geometry": {
"type": "Point",
"coordinates": [
9.3547103,
42.4198542
]
},
"properties": {
"ign_id": "PAIHYDRO0000000351242626",
"name": "",
"state": "En service",
"ign_confirmed": ""
}
},
{
"type": "Feature",
"geometry": {
"type": "Point",
"coordinates": [
9.3696493,
42.4206621
]
},
"properties": {
"ign_id": "PAIHYDRO0000000351242627",
"name": "",
"state": "En service",
"ign_confirmed": "2015-05-22"
}
},
{
"type": "Feature",
"geometry": {
"type": "Point",
"coordinates": [
9.3519072,
42.4238236
]
},
"properties": {
"ign_id": "PAIHYDRO0000000351242628",
"name": "",
"state": "En service",
"ign_confirmed": "2015-05-22"
}
},
{
"type": "Feature",
"geometry": {
"type": "Point",
"coordinates": [
9.3578205,
42.4112214
]
},
"properties": {
"ign_id": "PAIHYDRO0000000351242633",
"name": "a u Chjosu",
"state": "En service",
"ign_confirmed": "2015-05-22"
}
},
{
"type": "Feature",
"geometry": {
"type": "Point",
"coordinates": [
9.3655676,
42.3777834
]
},
"properties": {
"ign_id": "PAIHYDRO0000000351242635",
"name": "",
"state": "En service",
"ign_confirmed": "2015-05-27"
}
},
{
"type": "Feature",
"geometry": {
"type": "Point",
"coordinates": [
9.3715698,
42.3710384
]
},
"properties": {
"ign_id": "PAIHYDRO0000000351242637",
"name": "",
"state": "En service",
"ign_confirmed": "2015-05-27"
}
},
{
"type": "Feature",
"geometry": {
"type": "Point",
"coordinates": [
9.3539082,
42.3734143
]
},
"properties": {
"ign_id": "PAIHYDRO0000000351242639",
"name": "",
"state": "En service",
"ign_confirmed": "2015-05-27"
}
},
{
"type": "Feature",
"geometry": {
"type": "Point",
"coordinates": [
9.3564583,
42.3658577
]
},
"properties": {
"ign_id": "PAIHYDRO0000000351242640",
"name": "",
"state": "En service",
"ign_confirmed": "2015-05-27"
}
},
{
"type": "Feature",
"geometry": {
"type": "Point",
"coordinates": [
9.3663466,
42.3642296
]
},
"properties": {
"ign_id": "PAIHYDRO0000000351242641",
"name": "",
"state": "En service",
"ign_confirmed": "2015-05-27"
}
},
{
"type": "Feature",
"geometry": {
"type": "Point",
"coordinates": [
9.3658008,
42.3579024
]
},
"properties": {
"ign_id": "PAIHYDRO0000000351242642",
"name": "",
"state": "En service",
"ign_confirmed": "2015-05-28"
}
},
{
"type": "Feature",
"geometry": {
"type": "Point",
"coordinates": [
9.3810865,
42.3557914
]
},
"properties": {
"ign_id": "PAIHYDRO0000000351242644",
"name": "",
"state": "En service",
"ign_confirmed": "2015-05-28"
}
},
{
"type": "Feature",
"geometry": {
"type": "Point",
"coordinates": [
9.4202426,
42.3503138
]
},
"properties": {
"ign_id": "PAIHYDRO0000000351242646",
"name": "",
"state": "En service",
"ign_confirmed": ""
}
},
{
"type": "Feature",
"geometry": {
"type": "Point",
"coordinates": [
9.3900263,
42.3679678
]
},
"properties": {
"ign_id": "PAIHYDRO0000000351242649",
"name": "Fontaine de la Madone",
"state": "En service",
"ign_confirmed": "2015-05-28"
}
},
{
"type": "Feature",
"geometry": {
"type": "Point",
"coordinates": [
9.3974062,
42.3660557
]
},
"properties": {
"ign_id": "PAIHYDRO0000000351242650",
"name": "Funtana Maïo",
"state": "En service",
"ign_confirmed": "2015-05-28"
}
},
{
"type": "Feature",
"geometry": {
"type": "Point",
"coordinates": [
9.4026437,
42.3779411
]
},
"properties": {
"ign_id": "PAIHYDRO0000000351242652",
"name": "",
"state": "En service",
"ign_confirmed": ""
}
},
{
"type": "Feature",
"geometry": {
"type": "Point",
"coordinates": [
9.3997995,
42.3836539
]
},
"properties": {
"ign_id": "PAIHYDRO0000000351242653",
"name": "",
"state": "En service",
"ign_confirmed": ""
}
},
{
"type": "Feature",
"geometry": {
"type": "Point",
"coordinates": [
9.390655,
42.3958632
]
},
"properties": {
"ign_id": "PAIHYDRO0000000351242654",
"name": "Funtagna Santugna",
"state": "En service",
"ign_confirmed": "2015-05-28"
}
},
{
"type": "Feature",
"geometry": {
"type": "Point",
"coordinates": [
9.3472129,
42.4566149
]
},
"properties": {
"ign_id": "PAIHYDRO0000000351242656",
"name": "",
"state": "En service",
"ign_confirmed": "2015-05-29"
}
},
{
"type": "Feature",
"geometry": {
"type": "Point",
"coordinates": [
9.3504714,
42.4749383
]
},
"properties": {
"ign_id": "PAIHYDRO0000000351242657",
"name": "",
"state": "En service",
"ign_confirmed": "2015-05-29"
}
},
{
"type": "Feature",
"geometry": {
"type": "Point",
"coordinates": [
9.3468439,
42.4987662
]
},
"properties": {
"ign_id": "PAIHYDRO0000000351242661",
"name": "",
"state": "En service",
"ign_confirmed": "2015-06-01"
}
},
{
"type": "Feature",
"geometry": {
"type": "Point",
"coordinates": [
9.4091603,
42.4508867
]
},
"properties": {
"ign_id": "PAIHYDRO0000000351242673",
"name": "",
"state": "En service",
"ign_confirmed": "2015-06-04"
}
},
{
"type": "Feature",
"geometry": {
"type": "Point",
"coordinates": [
9.2448913,
42.1732283
]
},
"properties": {
"ign_id": "PAIHYDRO0000000351259814",
"name": "Fontaine des Trois Grâces",
"state": "En service",
"ign_confirmed": "2025-03-17"
}
},
{
"type": "Feature",
"geometry": {
"type": "Point",
"coordinates": [
9.2710361,
42.1596287
]
},
"properties": {
"ign_id": "PAIHYDRO0000000351289486",
"name": "",
"state": "En service",
"ign_confirmed": ""
}
},
{
"type": "Feature",
"geometry": {
"type": "Point",
"coordinates": [
9.2073936,
42.131205
]
},
"properties": {
"ign_id": "PAIHYDRO0000000351512294",
"name": "",
"state": "En service",
"ign_confirmed": "2025-04-09"
}
},
{
"type": "Feature",
"geometry": {
"type": "Point",
"coordinates": [
9.3870889,
42.3363816
]
},
"properties": {
"ign_id": "PAIHYDRO0000000351649109",
"name": "",
"state": "En service",
"ign_confirmed": ""
}
},
{
"type": "Feature",
"geometry": {
"type": "Point",
"coordinates": [
9.4112441,
42.3064323
]
},
"properties": {
"ign_id": "PAIHYDRO0000000351649115",
"name": "",
"state": "En service",
"ign_confirmed": ""
}
},
{
"type": "Feature",
"geometry": {
"type": "Point",
"coordinates": [
9.4753042,
42.275708
]
},
"properties": {
"ign_id": "PAIHYDRO0000000351649120",
"name": "",
"state": "En service",
"ign_confirmed": ""
}
},
{
"type": "Feature",
"geometry": {
"type": "Point",
"coordinates": [
9.4635258,
42.3113394
]
},
"properties": {
"ign_id": "PAIHYDRO0000000351649125",
"name": "",
"state": "En service",
"ign_confirmed": ""
}
},
{
"type": "Feature",
"geometry": {
"type": "Point",
"coordinates": [
9.3469096,
42.2698851
]
},
"properties": {
"ign_id": "PAIHYDRO0000000351649127",
"name": "",
"state": "En service",
"ign_confirmed": ""
}
},
{
"type": "Feature",
"geometry": {
"type": "Point",
"coordinates": [
9.3478485,
42.2703825
]
},
"properties": {
"ign_id": "PAIHYDRO0000000351649128",
"name": "",
"state": "En service",
"ign_confirmed": ""
}
},
{
"type": "Feature",
"geometry": {
"type": "Point",
"coordinates": [
9.3248344,
42.212337
]
},
"properties": {
"ign_id": "PAIHYDRO0000000351649130",
"name": "",
"state": "En service",
"ign_confirmed": "2017-03-08"
}
},
{
"type": "Feature",
"geometry": {
"type": "Point",
"coordinates": [
9.3966223,
42.281903
]
},
"properties": {
"ign_id": "PAIHYDRO0000000351649133",
"name": "",
"state": "En service",
"ign_confirmed": ""
}
},
{
"type": "Feature",
"geometry": {
"type": "Point",
"coordinates": [
9.3450918,
42.2720414
]
},
"properties": {
"ign_id": "PAIHYDRO0000000351649134",
"name": "",
"state": "En service",
"ign_confirmed": ""
}
},
{
"type": "Feature",
"geometry": {
"type": "Point",
"coordinates": [
9.3442794,
42.2711658
]
},
"properties": {
"ign_id": "PAIHYDRO0000000351649135",
"name": "",
"state": "En service",
"ign_confirmed": ""
}
},
{
"type": "Feature",
"geometry": {
"type": "Point",
"coordinates": [
9.5160929,
42.3025666
]
},
"properties": {
"ign_id": "PAIHYDRO0000000351649143",
"name": "",
"state": "En service",
"ign_confirmed": ""
}
},
{
"type": "Feature",
"geometry": {
"type": "Point",
"coordinates": [
9.3682039,
42.2196313
]
},
"properties": {
"ign_id": "PAIHYDRO0000000351649155",
"name": "",
"state": "En service",
"ign_confirmed": ""
}
},
{
"type": "Feature",
"geometry": {
"type": "Point",
"coordinates": [
9.3245707,
42.2417039
]
},
"properties": {
"ign_id": "PAIHYDRO0000000351649159",
"name": "",
"state": "En service",
"ign_confirmed": ""
}
},
{
"type": "Feature",
"geometry": {
"type": "Point",
"coordinates": [
9.4133396,
42.2323136
]
},
"properties": {
"ign_id": "PAIHYDRO0000000351649162",
"name": "",
"state": "En service",
"ign_confirmed": ""
}
},
{
"type": "Feature",
"geometry": {
"type": "Point",
"coordinates": [
9.372002,
42.2600822
]
},
"properties": {
"ign_id": "PAIHYDRO0000000351649164",
"name": "",
"state": "En service",
"ign_confirmed": ""
}
},
{
"type": "Feature",
"geometry": {
"type": "Point",
"coordinates": [
9.3903233,
42.3337046
]
},
"properties": {
"ign_id": "PAIHYDRO0000000351649167",
"name": "",
"state": "En service",
"ign_confirmed": ""
}
},
{
"type": "Feature",
"geometry": {
"type": "Point",
"coordinates": [
9.4957607,
42.3365423
]
},
"properties": {
"ign_id": "PAIHYDRO0000000351649168",
"name": "",
"state": "En service",
"ign_confirmed": ""
}
},
{
"type": "Feature",
"geometry": {
"type": "Point",
"coordinates": [
9.4109493,
42.1897617
]
},
"properties": {
"ign_id": "PAIHYDRO0000000351649169",
"name": "",
"state": "En service",
"ign_confirmed": ""
}
},
{
"type": "Feature",
"geometry": {
"type": "Point",
"coordinates": [
9.3671572,
42.2155712
]
},
"properties": {
"ign_id": "PAIHYDRO0000000351649170",
"name": "",
"state": "En service",
"ign_confirmed": ""
}
},
{
"type": "Feature",
"geometry": {
"type": "Point",
"coordinates": [
9.4190527,
42.3431996
]
},
"properties": {
"ign_id": "PAIHYDRO0000000351649172",
"name": "",
"state": "En service",
"ign_confirmed": ""
}
},
{
"type": "Feature",
"geometry": {
"type": "Point",
"coordinates": [
9.4589006,
42.3360357
]
},
"properties": {
"ign_id": "PAIHYDRO0000000351649173",
"name": "",
"state": "En service",
"ign_confirmed": ""
}
},
{
"type": "Feature",
"geometry": {
"type": "Point",
"coordinates": [
9.3525994,
42.2878225
]
},
"properties": {
"ign_id": "PAIHYDRO0000000351649174",
"name": "",
"state": "En service",
"ign_confirmed": ""
}
},
{
"type": "Feature",
"geometry": {
"type": "Point",
"coordinates": [
9.3569717,
42.2869241
]
},
"properties": {
"ign_id": "PAIHYDRO0000000351649175",
"name": "",
"state": "En service",
"ign_confirmed": ""
}
},
{
"type": "Feature",
"geometry": {
"type": "Point",
"coordinates": [
9.4152424,
42.176453
]
},
"properties": {
"ign_id": "PAIHYDRO0000000351649176",
"name": "",
"state": "En service",
"ign_confirmed": ""
}
},
{
"type": "Feature",
"geometry": {
"type": "Point",
"coordinates": [
9.4464897,
42.4703841
]
},
"properties": {
"ign_id": "PAIHYDRO0000000351831575",
"name": "",
"state": "En service",
"ign_confirmed": ""
}
},
{
"type": "Feature",
"geometry": {
"type": "Point",
"coordinates": [
9.4526957,
42.4845594
]
},
"properties": {
"ign_id": "PAIHYDRO0000000351831577",
"name": "",
"state": "En service",
"ign_confirmed": "2015-06-25"
}
},
{
"type": "Feature",
"geometry": {
"type": "Point",
"coordinates": [
9.3516252,
42.5264241
]
},
"properties": {
"ign_id": "PAIHYDRO0000000351831578",
"name": "",
"state": "En service",
"ign_confirmed": ""
}
},
{
"type": "Feature",
"geometry": {
"type": "Point",
"coordinates": [
9.2676599,
42.599383
]
},
"properties": {
"ign_id": "PAIHYDRO0000000351865205",
"name": "",
"state": "En service",
"ign_confirmed": ""
}
},
{
"type": "Feature",
"geometry": {
"type": "Point",
"coordinates": [
9.2298453,
42.6607407
]
},
"properties": {
"ign_id": "PAIHYDRO0000000351865350",
"name": "",
"state": "En service",
"ign_confirmed": "2015-04-09"
}
},
{
"type": "Feature",
"geometry": {
"type": "Point",
"coordinates": [
8.9713462,
41.6204965
]
},
"properties": {
"ign_id": "PAIHYDRO0000000352082889",
"name": "",
"state": "En service",
"ign_confirmed": ""
}
},
{
"type": "Feature",
"geometry": {
"type": "Point",
"coordinates": [
9.3039548,
42.5898909
]
},
"properties": {
"ign_id": "PAIHYDRO0000000352108892",
"name": "",
"state": "En service",
"ign_confirmed": "2015-07-02"
}
},
{
"type": "Feature",
"geometry": {
"type": "Point",
"coordinates": [
9.3015242,
42.5909021
]
},
"properties": {
"ign_id": "PAIHYDRO0000000352109543",
"name": "",
"state": "En service",
"ign_confirmed": "2015-03-27"
}
},
{
"type": "Feature",
"geometry": {
"type": "Point",
"coordinates": [
9.3244617,
42.5774535
]
},
"properties": {
"ign_id": "PAIHYDRO0000000352109642",
"name": "",
"state": "En service",
"ign_confirmed": "2015-04-01"
}
},
{
"type": "Feature",
"geometry": {
"type": "Point",
"coordinates": [
9.2734265,
42.5831047
]
},
"properties": {
"ign_id": "PAIHYDRO0000000352109742",
"name": "",
"state": "En service",
"ign_confirmed": "2025-03-25"
}
},
{
"type": "Feature",
"geometry": {
"type": "Point",
"coordinates": [
9.2874878,
42.5803924
]
},
"properties": {
"ign_id": "PAIHYDRO0000000352109743",
"name": "",
"state": "En service",
"ign_confirmed": "2015-07-02"
}
},
{
"type": "Feature",
"geometry": {
"type": "Point",
"coordinates": [
9.251965,
42.6017444
]
},
"properties": {
"ign_id": "PAIHYDRO0000000352133560",
"name": "",
"state": "En service",
"ign_confirmed": "2015-07-08"
}
},
{
"type": "Feature",
"geometry": {
"type": "Point",
"coordinates": [
9.2533172,
42.6027861
]
},
"properties": {
"ign_id": "PAIHYDRO0000000352133561",
"name": "",
"state": "En service",
"ign_confirmed": ""
}
},
{
"type": "Feature",
"geometry": {
"type": "Point",
"coordinates": [
9.3572352,
42.9724473
]
},
"properties": {
"ign_id": "PAIHYDRO0000000353100740",
"name": "Fontaine Frères Palmieri",
"state": "En service",
"ign_confirmed": "2025-06-03"
}
},
{
"type": "Feature",
"geometry": {
"type": "Point",
"coordinates": [
8.9517579,
42.6077133
]
},
"properties": {
"ign_id": "PAIHYDRO0000000353102151",
"name": "",
"state": "En service",
"ign_confirmed": ""
}
},
{
"type": "Feature",
"geometry": {
"type": "Point",
"coordinates": [
8.9251921,
42.595536
]
},
"properties": {
"ign_id": "PAIHYDRO0000000353159281",
"name": "",
"state": "En service",
"ign_confirmed": ""
}
},
{
"type": "Feature",
"geometry": {
"type": "Point",
"coordinates": [
9.0771688,
42.5747838
]
},
"properties": {
"ign_id": "PAIHYDRO0000000353173129",
"name": "",
"state": "En service",
"ign_confirmed": "2025-05-05"
}
},
{
"type": "Feature",
"geometry": {
"type": "Point",
"coordinates": [
9.0639553,
41.6976905
]
},
"properties": {
"ign_id": "PAIHYDRO0000000353176563",
"name": "",
"state": "En service",
"ign_confirmed": ""
}
},
{
"type": "Feature",
"geometry": {
"type": "Point",
"coordinates": [
9.0978597,
41.7535011
]
},
"properties": {
"ign_id": "PAIHYDRO0000000353176567",
"name": "",
"state": "En service",
"ign_confirmed": ""
}
},
{
"type": "Feature",
"geometry": {
"type": "Point",
"coordinates": [
8.9665222,
42.5722815
]
},
"properties": {
"ign_id": "PAIHYDRO0000000353214828",
"name": "",
"state": "En service",
"ign_confirmed": ""
}
},
{
"type": "Feature",
"geometry": {
"type": "Point",
"coordinates": [
9.00966,
42.5714692
]
},
"properties": {
"ign_id": "PAIHYDRO0000000353214829",
"name": "",
"state": "En service",
"ign_confirmed": "2025-05-05"
}
},
{
"type": "Feature",
"geometry": {
"type": "Point",
"coordinates": [
8.8808067,
42.5752193
]
},
"properties": {
"ign_id": "PAIHYDRO0000000353255212",
"name": "",
"state": "En service",
"ign_confirmed": ""
}
},
{
"type": "Feature",
"geometry": {
"type": "Point",
"coordinates": [
8.8957757,
42.560241
]
},
"properties": {
"ign_id": "PAIHYDRO0000000353264500",
"name": "",
"state": "En service",
"ign_confirmed": ""
}
},
{
"type": "Feature",
"geometry": {
"type": "Point",
"coordinates": [
8.9874185,
42.5469797
]
},
"properties": {
"ign_id": "PAIHYDRO0000000353302487",
"name": "",
"state": "En service",
"ign_confirmed": ""
}
},
{
"type": "Feature",
"geometry": {
"type": "Point",
"coordinates": [
8.8737155,
42.5363574
]
},
"properties": {
"ign_id": "PAIHYDRO0000000353333039",
"name": "",
"state": "En service",
"ign_confirmed": ""
}
},
{
"type": "Feature",
"geometry": {
"type": "Point",
"coordinates": [
8.9038673,
42.5256099
]
},
"properties": {
"ign_id": "PAIHYDRO0000000353334547",
"name": "",
"state": "En service",
"ign_confirmed": ""
}
},
{
"type": "Feature",
"geometry": {
"type": "Point",
"coordinates": [
9.0530541,
42.5207872
]
},
"properties": {
"ign_id": "PAIHYDRO0000000353334548",
"name": "",
"state": "En service",
"ign_confirmed": ""
}
},
{
"type": "Feature",
"geometry": {
"type": "Point",
"coordinates": [
8.9630242,
42.4127569
]
},
"properties": {
"ign_id": "PAIHYDRO0000000353344056",
"name": "",
"state": "En service",
"ign_confirmed": ""
}
},
{
"type": "Feature",
"geometry": {
"type": "Point",
"coordinates": [
8.9383464,
42.4720387
]
},
"properties": {
"ign_id": "PAIHYDRO0000000353357462",
"name": "",
"state": "En service",
"ign_confirmed": ""
}
},
{
"type": "Feature",
"geometry": {
"type": "Point",
"coordinates": [
8.8553297,
42.5060744
]
},
"properties": {
"ign_id": "PAIHYDRO0000000353380661",
"name": "",
"state": "En service",
"ign_confirmed": "2017-08-02"
}
},
{
"type": "Feature",
"geometry": {
"type": "Point",
"coordinates": [
8.9225417,
42.61238
]
},
"properties": {
"ign_id": "PAIHYDRO0000000353381166",
"name": "",
"state": "En service",
"ign_confirmed": ""
}
},
{
"type": "Feature",
"geometry": {
"type": "Point",
"coordinates": [
9.0219793,
41.8959641
]
},
"properties": {
"ign_id": "PAIHYDRO0000000353430158",
"name": "",
"state": "En service",
"ign_confirmed": ""
}
},
{
"type": "Feature",
"geometry": {
"type": "Point",
"coordinates": [
8.8414716,
42.1027148
]
},
"properties": {
"ign_id": "PAIHYDRO0000000353432595",
"name": "",
"state": "En service",
"ign_confirmed": "2025-04-09"
}
},
{
"type": "Feature",
"geometry": {
"type": "Point",
"coordinates": [
8.9767316,
41.7882131
]
},
"properties": {
"ign_id": "PAIHYDRO0000000353433322",
"name": "",
"state": "En service",
"ign_confirmed": ""
}
},
{
"type": "Feature",
"geometry": {
"type": "Point",
"coordinates": [
8.9914922,
41.6818792
]
},
"properties": {
"ign_id": "PAIHYDRO0000000353433323",
"name": "",
"state": "En service",
"ign_confirmed": ""
}
},
{
"type": "Feature",
"geometry": {
"type": "Point",
"coordinates": [
9.086119,
42.5423782
]
},
"properties": {
"ign_id": "PAIHYDRO0000000353520854",
"name": "",
"state": "En service",
"ign_confirmed": ""
}
},
{
"type": "Feature",
"geometry": {
"type": "Point",
"coordinates": [
9.3019946,
42.5291706
]
},
"properties": {
"ign_id": "PAIHYDRO0000000353520859",
"name": "",
"state": "En service",
"ign_confirmed": ""
}
},
{
"type": "Feature",
"geometry": {
"type": "Point",
"coordinates": [
9.1731181,
42.2458104
]
},
"properties": {
"ign_id": "PAIHYDRO0000000353547268",
"name": "",
"state": "En service",
"ign_confirmed": ""
}
},
{
"type": "Feature",
"geometry": {
"type": "Point",
"coordinates": [
9.2211526,
42.3265638
]
},
"properties": {
"ign_id": "PAIHYDRO0000000353547276",
"name": "",
"state": "En service",
"ign_confirmed": ""
}
},
{
"type": "Feature",
"geometry": {
"type": "Point",
"coordinates": [
9.2088167,
42.1976282
]
},
"properties": {
"ign_id": "PAIHYDRO0000000353547278",
"name": "",
"state": "En service",
"ign_confirmed": ""
}
},
{
"type": "Feature",
"geometry": {
"type": "Point",
"coordinates": [
9.2907269,
42.3066091
]
},
"properties": {
"ign_id": "PAIHYDRO0000000353547282",
"name": "",
"state": "En service",
"ign_confirmed": "2025-04-03"
}
},
{
"type": "Feature",
"geometry": {
"type": "Point",
"coordinates": [
9.2960061,
42.3202207
]
},
"properties": {
"ign_id": "PAIHYDRO0000000353547284",
"name": "",
"state": "En service",
"ign_confirmed": ""
}
},
{
"type": "Feature",
"geometry": {
"type": "Point",
"coordinates": [
9.3024354,
42.3036488
]
},
"properties": {
"ign_id": "PAIHYDRO0000000353547288",
"name": "",
"state": "En service",
"ign_confirmed": ""
}
},
{
"type": "Feature",
"geometry": {
"type": "Point",
"coordinates": [
9.1124631,
42.510593
]
},
"properties": {
"ign_id": "PAIHYDRO0000000353583526",
"name": "",
"state": "En service",
"ign_confirmed": ""
}
},
{
"type": "Feature",
"geometry": {
"type": "Point",
"coordinates": [
9.1109318,
42.5028547
]
},
"properties": {
"ign_id": "PAIHYDRO0000000353587439",
"name": "Funtana di u Puzzatellu",
"state": "En service",
"ign_confirmed": "2025-05-05"
}
},
{
"type": "Feature",
"geometry": {
"type": "Point",
"coordinates": [
9.1164835,
42.4885212
]
},
"properties": {
"ign_id": "PAIHYDRO0000000353634242",
"name": "",
"state": "En service",
"ign_confirmed": ""
}
},
{
"type": "Feature",
"geometry": {
"type": "Point",
"coordinates": [
9.1311492,
42.4331585
]
},
"properties": {
"ign_id": "PAIHYDRO0000000353672535",
"name": "",
"state": "En service",
"ign_confirmed": ""
}
},
{
"type": "Feature",
"geometry": {
"type": "Point",
"coordinates": [
8.6864996,
42.3862799
]
},
"properties": {
"ign_id": "PAIHYDRO0000000353803274",
"name": "",
"state": "En service",
"ign_confirmed": ""
}
},
{
"type": "Feature",
"geometry": {
"type": "Point",
"coordinates": [
8.7499878,
42.3789388
]
},
"properties": {
"ign_id": "PAIHYDRO0000000353803276",
"name": "",
"state": "En service",
"ign_confirmed": ""
}
},
{
"type": "Feature",
"geometry": {
"type": "Point",
"coordinates": [
8.6065876,
42.3516102
]
},
"properties": {
"ign_id": "PAIHYDRO0000000353803280",
"name": "",
"state": "En service",
"ign_confirmed": ""
}
},
{
"type": "Feature",
"geometry": {
"type": "Point",
"coordinates": [
8.6697216,
42.3215162
]
},
"properties": {
"ign_id": "PAIHYDRO0000000353803282",
"name": "Funtana Vehja",
"state": "En service",
"ign_confirmed": ""
}
},
{
"type": "Feature",
"geometry": {
"type": "Point",
"coordinates": [
8.6831308,
42.3131962
]
},
"properties": {
"ign_id": "PAIHYDRO0000000353803283",
"name": "",
"state": "En service",
"ign_confirmed": ""
}
},
{
"type": "Feature",
"geometry": {
"type": "Point",
"coordinates": [
8.7017116,
42.2942415
]
},
"properties": {
"ign_id": "PAIHYDRO0000000353803286",
"name": "",
"state": "En service",
"ign_confirmed": ""
}
},
{
"type": "Feature",
"geometry": {
"type": "Point",
"coordinates": [
8.6996897,
42.2847221
]
},
"properties": {
"ign_id": "PAIHYDRO0000000353803290",
"name": "",
"state": "En service",
"ign_confirmed": ""
}
},
{
"type": "Feature",
"geometry": {
"type": "Point",
"coordinates": [
8.7092041,
42.261649
]
},
"properties": {
"ign_id": "PAIHYDRO0000000353803299",
"name": "",
"state": "En service",
"ign_confirmed": ""
}
},
{
"type": "Feature",
"geometry": {
"type": "Point",
"coordinates": [
8.6602955,
42.2484598
]
},
"properties": {
"ign_id": "PAIHYDRO0000000353803309",
"name": "",
"state": "En service",
"ign_confirmed": ""
}
},
{
"type": "Feature",
"geometry": {
"type": "Point",
"coordinates": [
8.642224,
42.2187036
]
},
"properties": {
"ign_id": "PAIHYDRO0000000353803319",
"name": "",
"state": "En service",
"ign_confirmed": ""
}
},
{
"type": "Feature",
"geometry": {
"type": "Point",
"coordinates": [
8.9215497,
42.2847413
]
},
"properties": {
"ign_id": "PAIHYDRO0000000353866460",
"name": "",
"state": "En service",
"ign_confirmed": ""
}
},
{
"type": "Feature",
"geometry": {
"type": "Point",
"coordinates": [
9.3283275,
42.2360712
]
},
"properties": {
"ign_id": "PAIHYDRO0000000353866893",
"name": "",
"state": "En service",
"ign_confirmed": ""
}
},
{
"type": "Feature",
"geometry": {
"type": "Point",
"coordinates": [
9.3668778,
42.2169728
]
},
"properties": {
"ign_id": "PAIHYDRO0000000353866901",
"name": "",
"state": "En service",
"ign_confirmed": ""
}
},
{
"type": "Feature",
"geometry": {
"type": "Point",
"coordinates": [
9.3910717,
42.2811446
]
},
"properties": {
"ign_id": "PAIHYDRO0000000353866913",
"name": "",
"state": "En service",
"ign_confirmed": ""
}
},
{
"type": "Feature",
"geometry": {
"type": "Point",
"coordinates": [
9.4121394,
42.2792423
]
},
"properties": {
"ign_id": "PAIHYDRO0000000353866918",
"name": "",
"state": "En service",
"ign_confirmed": ""
}
},
{
"type": "Feature",
"geometry": {
"type": "Point",
"coordinates": [
9.4750767,
42.291306
]
},
"properties": {
"ign_id": "PAIHYDRO0000000353866929",
"name": "",
"state": "En service",
"ign_confirmed": ""
}
},
{
"type": "Feature",
"geometry": {
"type": "Point",
"coordinates": [
9.4726667,
42.2643573
]
},
"properties": {
"ign_id": "PAIHYDRO0000000353866930",
"name": "",
"state": "En service",
"ign_confirmed": ""
}
},
{
"type": "Feature",
"geometry": {
"type": "Point",
"coordinates": [
9.1438301,
42.3741614
]
},
"properties": {
"ign_id": "PAIHYDRO0000000355983101",
"name": "",
"state": "En service",
"ign_confirmed": ""
}
},
{
"type": "Feature",
"geometry": {
"type": "Point",
"coordinates": [
9.082685,
42.477626
]
},
"properties": {
"ign_id": "PAIHYDRO0000000355983104",
"name": "",
"state": "En service",
"ign_confirmed": ""
}
},
{
"type": "Feature",
"geometry": {
"type": "Point",
"coordinates": [
9.2654881,
42.4964928
]
},
"properties": {
"ign_id": "PAIHYDRO0000000355983106",
"name": "",
"state": "En service",
"ign_confirmed": ""
}
},
{
"type": "Feature",
"geometry": {
"type": "Point",
"coordinates": [
9.3567459,
42.8747736
]
},
"properties": {
"ign_id": "PAIHYDRO0000000356367453",
"name": "",
"state": "En service",
"ign_confirmed": ""
}
},
{
"type": "Feature",
"geometry": {
"type": "Point",
"coordinates": [
9.4361034,
42.8172408
]
},
"properties": {
"ign_id": "PAIHYDRO0000000356367454",
"name": "",
"state": "En service",
"ign_confirmed": ""
}
},
{
"type": "Feature",
"geometry": {
"type": "Point",
"coordinates": [
9.4226953,
42.8561534
]
},
"properties": {
"ign_id": "PAIHYDRO0000000356367455",
"name": "",
"state": "En service",
"ign_confirmed": "2017-03-21"
}
},
{
"type": "Feature",
"geometry": {
"type": "Point",
"coordinates": [
9.4315179,
42.8483881
]
},
"properties": {
"ign_id": "PAIHYDRO0000000356367456",
"name": "",
"state": "En service",
"ign_confirmed": ""
}
},
{
"type": "Feature",
"geometry": {
"type": "Point",
"coordinates": [
9.3669368,
42.7323923
]
},
"properties": {
"ign_id": "PAIHYDRO0000000356367457",
"name": "Funtana Vechja",
"state": "En service",
"ign_confirmed": "2025-03-31"
}
},
{
"type": "Feature",
"geometry": {
"type": "Point",
"coordinates": [
9.4305817,
42.7166378
]
},
"properties": {
"ign_id": "PAIHYDRO0000000356367458",
"name": "",
"state": "En service",
"ign_confirmed": ""
}
},
{
"type": "Feature",
"geometry": {
"type": "Point",
"coordinates": [
9.4719416,
42.7883685
]
},
"properties": {
"ign_id": "PAIHYDRO0000000356367459",
"name": "",
"state": "En service",
"ign_confirmed": ""
}
},
{
"type": "Feature",
"geometry": {
"type": "Point",
"coordinates": [
9.4532202,
42.7239594
]
},
"properties": {
"ign_id": "PAIHYDRO0000000356367460",
"name": "",
"state": "En service",
"ign_confirmed": ""
}
},
{
"type": "Feature",
"geometry": {
"type": "Point",
"coordinates": [
9.3632557,
42.7290818
]
},
"properties": {
"ign_id": "PAIHYDRO0000000356367462",
"name": "a Ciucciaghja",
"state": "En service",
"ign_confirmed": "2025-03-31"
}
},
{
"type": "Feature",
"geometry": {
"type": "Point",
"coordinates": [
9.4272737,
42.8492465
]
},
"properties": {
"ign_id": "PAIHYDRO0000000356367463",
"name": "",
"state": "En service",
"ign_confirmed": ""
}
},
{
"type": "Feature",
"geometry": {
"type": "Point",
"coordinates": [
8.7084886,
42.3013051
]
},
"properties": {
"ign_id": "PAIHYDRO0000000356379021",
"name": "",
"state": "En service",
"ign_confirmed": "2016-01-28"
}
},
{
"type": "Feature",
"geometry": {
"type": "Point",
"coordinates": [
8.6508589,
42.2383743
]
},
"properties": {
"ign_id": "PAIHYDRO0000000356379028",
"name": "",
"state": "En service",
"ign_confirmed": ""
}
},
{
"type": "Feature",
"geometry": {
"type": "Point",
"coordinates": [
9.0311038,
42.6510131
]
},
"properties": {
"ign_id": "PAIHYDRO0000000356474682",
"name": "",
"state": "En service",
"ign_confirmed": ""
}
},
{
"type": "Feature",
"geometry": {
"type": "Point",
"coordinates": [
8.8141855,
42.4968464
]
},
"properties": {
"ign_id": "PAIHYDRO0000000356492604",
"name": "",
"state": "En service",
"ign_confirmed": ""
}
},
{
"type": "Feature",
"geometry": {
"type": "Point",
"coordinates": [
8.708229,
42.3981196
]
},
"properties": {
"ign_id": "PAIHYDRO0000000356492623",
"name": "",
"state": "En service",
"ign_confirmed": "2017-07-28"
}
},
{
"type": "Feature",
"geometry": {
"type": "Point",
"coordinates": [
8.7753798,
42.4786921
]
},
"properties": {
"ign_id": "PAIHYDRO0000000356492649",
"name": "",
"state": "En service",
"ign_confirmed": ""
}
},
{
"type": "Feature",
"geometry": {
"type": "Point",
"coordinates": [
9.1456918,
41.6233443
]
},
"properties": {
"ign_id": "PAIHYDRO0000002000508611",
"name": "",
"state": "En service",
"ign_confirmed": ""
}
},
{
"type": "Feature",
"geometry": {
"type": "Point",
"coordinates": [
9.3267154,
42.0476837
]
},
"properties": {
"ign_id": "PAIHYDRO0000002002184765",
"name": "",
"state": "En service",
"ign_confirmed": "2017-02-12"
}
},
{
"type": "Feature",
"geometry": {
"type": "Point",
"coordinates": [
9.3397357,
42.1065491
]
},
"properties": {
"ign_id": "PAIHYDRO0000002002184767",
"name": "",
"state": "En service",
"ign_confirmed": "2017-02-27"
}
},
{
"type": "Feature",
"geometry": {
"type": "Point",
"coordinates": [
9.3244858,
42.0109108
]
},
"properties": {
"ign_id": "PAIHYDRO0000002002184768",
"name": "",
"state": "En service",
"ign_confirmed": ""
}
},
{
"type": "Feature",
"geometry": {
"type": "Point",
"coordinates": [
9.2977871,
42.0569428
]
},
"properties": {
"ign_id": "PAIHYDRO0000002002184769",
"name": "",
"state": "En service",
"ign_confirmed": "2017-03-06"
}
},
{
"type": "Feature",
"geometry": {
"type": "Point",
"coordinates": [
9.4716423,
42.2909474
]
},
"properties": {
"ign_id": "PAIHYDRO0000002002710634",
"name": "",
"state": "En service",
"ign_confirmed": ""
}
},
{
"type": "Feature",
"geometry": {
"type": "Point",
"coordinates": [
9.4742397,
42.267448
]
},
"properties": {
"ign_id": "PAIHYDRO0000002002710636",
"name": "",
"state": "En service",
"ign_confirmed": ""
}
},
{
"type": "Feature",
"geometry": {
"type": "Point",
"coordinates": [
9.3135306,
42.303287
]
},
"properties": {
"ign_id": "PAIHYDRO0000002002710788",
"name": "",
"state": "En service",
"ign_confirmed": ""
}
},
{
"type": "Feature",
"geometry": {
"type": "Point",
"coordinates": [
9.3161776,
42.3028969
]
},
"properties": {
"ign_id": "PAIHYDRO0000002002710789",
"name": "",
"state": "En service",
"ign_confirmed": ""
}
},
{
"type": "Feature",
"geometry": {
"type": "Point",
"coordinates": [
9.3191254,
42.3037394
]
},
"properties": {
"ign_id": "PAIHYDRO0000002002710790",
"name": "",
"state": "En service",
"ign_confirmed": ""
}
},
{
"type": "Feature",
"geometry": {
"type": "Point",
"coordinates": [
9.3880836,
42.3351297
]
},
"properties": {
"ign_id": "PAIHYDRO0000002002710955",
"name": "",
"state": "En service",
"ign_confirmed": "2025-03-28"
}
},
{
"type": "Feature",
"geometry": {
"type": "Point",
"coordinates": [
9.3967645,
42.3239082
]
},
"properties": {
"ign_id": "PAIHYDRO0000002002711455",
"name": "",
"state": "En service",
"ign_confirmed": ""
}
},
{
"type": "Feature",
"geometry": {
"type": "Point",
"coordinates": [
9.3884341,
42.3212998
]
},
"properties": {
"ign_id": "PAIHYDRO0000002002711456",
"name": "",
"state": "En service",
"ign_confirmed": ""
}
},
{
"type": "Feature",
"geometry": {
"type": "Point",
"coordinates": [
9.3904031,
42.3212272
]
},
"properties": {
"ign_id": "PAIHYDRO0000002002711457",
"name": "",
"state": "En service",
"ign_confirmed": "2025-03-28"
}
},
{
"type": "Feature",
"geometry": {
"type": "Point",
"coordinates": [
9.3933595,
42.3233171
]
},
"properties": {
"ign_id": "PAIHYDRO0000002002711458",
"name": "",
"state": "En service",
"ign_confirmed": ""
}
},
{
"type": "Feature",
"geometry": {
"type": "Point",
"coordinates": [
9.4381961,
42.2469687
]
},
"properties": {
"ign_id": "PAIHYDRO0000002002711602",
"name": "",
"state": "En service",
"ign_confirmed": ""
}
},
{
"type": "Feature",
"geometry": {
"type": "Point",
"coordinates": [
9.4696776,
42.263004
]
},
"properties": {
"ign_id": "PAIHYDRO0000002002711604",
"name": "Fontaine des 5 Canons",
"state": "En service",
"ign_confirmed": "2025-03-31"
}
},
{
"type": "Feature",
"geometry": {
"type": "Point",
"coordinates": [
9.4685588,
42.3341582
]
},
"properties": {
"ign_id": "PAIHYDRO0000002002711684",
"name": "",
"state": "En service",
"ign_confirmed": ""
}
},
{
"type": "Feature",
"geometry": {
"type": "Point",
"coordinates": [
9.4769983,
42.3281202
]
},
"properties": {
"ign_id": "PAIHYDRO0000002002711685",
"name": "",
"state": "En service",
"ign_confirmed": ""
}
},
{
"type": "Feature",
"geometry": {
"type": "Point",
"coordinates": [
9.4127412,
42.2795378
]
},
"properties": {
"ign_id": "PAIHYDRO0000002002711787",
"name": "",
"state": "En service",
"ign_confirmed": "2014-09-01"
}
},
{
"type": "Feature",
"geometry": {
"type": "Point",
"coordinates": [
9.4284177,
42.269508
]
},
"properties": {
"ign_id": "PAIHYDRO0000002002711788",
"name": "",
"state": "En service",
"ign_confirmed": ""
}
},
{
"type": "Feature",
"geometry": {
"type": "Point",
"coordinates": [
9.4523009,
42.2992941
]
},
"properties": {
"ign_id": "PAIHYDRO0000002002711940",
"name": "",
"state": "En service",
"ign_confirmed": ""
}
},
{
"type": "Feature",
"geometry": {
"type": "Point",
"coordinates": [
9.4156508,
42.3040127
]
},
"properties": {
"ign_id": "PAIHYDRO0000002002712077",
"name": "",
"state": "En service",
"ign_confirmed": ""
}
},
{
"type": "Feature",
"geometry": {
"type": "Point",
"coordinates": [
9.4143228,
42.3325426
]
},
"properties": {
"ign_id": "PAIHYDRO0000002002712457",
"name": "",
"state": "En service",
"ign_confirmed": ""
}
},
{
"type": "Feature",
"geometry": {
"type": "Point",
"coordinates": [
9.4174642,
42.3482607
]
},
"properties": {
"ign_id": "PAIHYDRO0000002002712458",
"name": "",
"state": "En service",
"ign_confirmed": ""
}
},
{
"type": "Feature",
"geometry": {
"type": "Point",
"coordinates": [
9.3580093,
42.2914883
]
},
"properties": {
"ign_id": "PAIHYDRO0000002002712867",
"name": "",
"state": "En service",
"ign_confirmed": ""
}
},
{
"type": "Feature",
"geometry": {
"type": "Point",
"coordinates": [
9.3594788,
42.2893887
]
},
"properties": {
"ign_id": "PAIHYDRO0000002002712868",
"name": "",
"state": "En service",
"ign_confirmed": ""
}
},
{
"type": "Feature",
"geometry": {
"type": "Point",
"coordinates": [
9.3919298,
42.2825194
]
},
"properties": {
"ign_id": "PAIHYDRO0000002002712984",
"name": "",
"state": "En service",
"ign_confirmed": ""
}
},
{
"type": "Feature",
"geometry": {
"type": "Point",
"coordinates": [
9.4838674,
42.315377
]
},
"properties": {
"ign_id": "PAIHYDRO0000002002713103",
"name": "",
"state": "En service",
"ign_confirmed": ""
}
},
{
"type": "Feature",
"geometry": {
"type": "Point",
"coordinates": [
9.4882408,
42.3307985
]
},
"properties": {
"ign_id": "PAIHYDRO0000002002713550",
"name": "Funtana di a Piuvannaccia",
"state": "En service",
"ign_confirmed": ""
}
},
{
"type": "Feature",
"geometry": {
"type": "Point",
"coordinates": [
9.3049381,
42.2885335
]
},
"properties": {
"ign_id": "PAIHYDRO0000002002713792",
"name": "",
"state": "En service",
"ign_confirmed": ""
}
},
{
"type": "Feature",
"geometry": {
"type": "Point",
"coordinates": [
9.3095031,
42.2959917
]
},
"properties": {
"ign_id": "PAIHYDRO0000002002713793",
"name": "",
"state": "En service",
"ign_confirmed": ""
}
},
{
"type": "Feature",
"geometry": {
"type": "Point",
"coordinates": [
9.3353085,
42.8871147
]
},
"properties": {
"ign_id": "PAIHYDRO0000002002838756",
"name": "",
"state": "En service",
"ign_confirmed": ""
}
},
{
"type": "Feature",
"geometry": {
"type": "Point",
"coordinates": [
9.4124659,
42.7598414
]
},
"properties": {
"ign_id": "PAIHYDRO0000002002838757",
"name": "",
"state": "En service",
"ign_confirmed": "2017-03-09"
}
},
{
"type": "Feature",
"geometry": {
"type": "Point",
"coordinates": [
9.4571992,
42.7684407
]
},
"properties": {
"ign_id": "PAIHYDRO0000002002838767",
"name": "",
"state": "En service",
"ign_confirmed": "2017-03-22"
}
},
{
"type": "Feature",
"geometry": {
"type": "Point",
"coordinates": [
9.4489092,
42.7498784
]
},
"properties": {
"ign_id": "PAIHYDRO0000002002838768",
"name": "",
"state": "En service",
"ign_confirmed": "2025-03-18"
}
},
{
"type": "Feature",
"geometry": {
"type": "Point",
"coordinates": [
9.4274044,
42.8131553
]
},
"properties": {
"ign_id": "PAIHYDRO0000002002838770",
"name": "",
"state": "En service",
"ign_confirmed": "2017-03-22"
}
},
{
"type": "Feature",
"geometry": {
"type": "Point",
"coordinates": [
9.4382344,
42.8168086
]
},
"properties": {
"ign_id": "PAIHYDRO0000002002838771",
"name": "",
"state": "En service",
"ign_confirmed": "2017-03-22"
}
},
{
"type": "Feature",
"geometry": {
"type": "Point",
"coordinates": [
9.3715358,
42.8096371
]
},
"properties": {
"ign_id": "PAIHYDRO0000002002838772",
"name": "",
"state": "En service",
"ign_confirmed": "2017-03-23"
}
},
{
"type": "Feature",
"geometry": {
"type": "Point",
"coordinates": [
9.3504264,
42.816558
]
},
"properties": {
"ign_id": "PAIHYDRO0000002002838774",
"name": "",
"state": "En service",
"ign_confirmed": "2017-03-23"
}
},
{
"type": "Feature",
"geometry": {
"type": "Point",
"coordinates": [
9.3515346,
42.8762004
]
},
"properties": {
"ign_id": "PAIHYDRO0000002002838775",
"name": "",
"state": "En service",
"ign_confirmed": "2017-03-23"
}
},
{
"type": "Feature",
"geometry": {
"type": "Point",
"coordinates": [
9.3443032,
42.8754796
]
},
"properties": {
"ign_id": "PAIHYDRO0000002002838776",
"name": "",
"state": "En service",
"ign_confirmed": "2017-03-23"
}
},
{
"type": "Feature",
"geometry": {
"type": "Point",
"coordinates": [
9.387023,
42.9774038
]
},
"properties": {
"ign_id": "PAIHYDRO0000002003124475",
"name": "",
"state": "En service",
"ign_confirmed": ""
}
},
{
"type": "Feature",
"geometry": {
"type": "Point",
"coordinates": [
9.3797848,
42.9752268
]
},
"properties": {
"ign_id": "PAIHYDRO0000002003124476",
"name": "",
"state": "En service",
"ign_confirmed": ""
}
},
{
"type": "Feature",
"geometry": {
"type": "Point",
"coordinates": [
9.366526,
42.9445945
]
},
"properties": {
"ign_id": "PAIHYDRO0000002003124477",
"name": "",
"state": "En service",
"ign_confirmed": ""
}
},
{
"type": "Feature",
"geometry": {
"type": "Point",
"coordinates": [
9.3673397,
42.9495239
]
},
"properties": {
"ign_id": "PAIHYDRO0000002003124478",
"name": "",
"state": "En service",
"ign_confirmed": ""
}
},
{
"type": "Feature",
"geometry": {
"type": "Point",
"coordinates": [
9.4526959,
42.9260415
]
},
"properties": {
"ign_id": "PAIHYDRO0000002003124482",
"name": "",
"state": "En service",
"ign_confirmed": ""
}
},
{
"type": "Feature",
"geometry": {
"type": "Point",
"coordinates": [
9.3687642,
42.9081004
]
},
"properties": {
"ign_id": "PAIHYDRO0000002003124484",
"name": "Funtana di Navacchi",
"state": "En service",
"ign_confirmed": ""
}
},
{
"type": "Feature",
"geometry": {
"type": "Point",
"coordinates": [
8.9806805,
42.3301373
]
},
"properties": {
"ign_id": "PAIHYDRO0000002003824077",
"name": "",
"state": "En service",
"ign_confirmed": ""
}
},
{
"type": "Feature",
"geometry": {
"type": "Point",
"coordinates": [
8.8281365,
42.2125488
]
},
"properties": {
"ign_id": "PAIHYDRO0000002003892036",
"name": "",
"state": "En service",
"ign_confirmed": ""
}
},
{
"type": "Feature",
"geometry": {
"type": "Point",
"coordinates": [
8.8765989,
42.4999237
]
},
"properties": {
"ign_id": "PAIHYDRO0000002005071645",
"name": "Funtana di e Partine",
"state": "En service",
"ign_confirmed": "2017-08-02"
}
},
{
"type": "Feature",
"geometry": {
"type": "Point",
"coordinates": [
8.9021129,
42.5302631
]
},
"properties": {
"ign_id": "PAIHYDRO0000002005071649",
"name": "",
"state": "En service",
"ign_confirmed": "2017-08-02"
}
},
{
"type": "Feature",
"geometry": {
"type": "Point",
"coordinates": [
8.8863169,
42.5420914
]
},
"properties": {
"ign_id": "PAIHYDRO0000002005071650",
"name": "",
"state": "En service",
"ign_confirmed": "2017-08-03"
}
},
{
"type": "Feature",
"geometry": {
"type": "Point",
"coordinates": [
8.906973,
42.4637197
]
},
"properties": {
"ign_id": "PAIHYDRO0000002005071652",
"name": "",
"state": "En service",
"ign_confirmed": "2017-08-04"
}
},
{
"type": "Feature",
"geometry": {
"type": "Point",
"coordinates": [
9.0176671,
42.5859709
]
},
"properties": {
"ign_id": "PAIHYDRO0000002005115197",
"name": "",
"state": "En service",
"ign_confirmed": "2025-05-05"
}
},
{
"type": "Feature",
"geometry": {
"type": "Point",
"coordinates": [
9.2231495,
42.3212511
]
},
"properties": {
"ign_id": "PAIHYDRO0000002005131911",
"name": "",
"state": "En service",
"ign_confirmed": "2017-08-09"
}
},
{
"type": "Feature",
"geometry": {
"type": "Point",
"coordinates": [
9.2895012,
42.3316502
]
},
"properties": {
"ign_id": "PAIHYDRO0000002005131914",
"name": "",
"state": "En service",
"ign_confirmed": "2017-08-10"
}
},
{
"type": "Feature",
"geometry": {
"type": "Point",
"coordinates": [
8.6934633,
41.9158433
]
},
"properties": {
"ign_id": "PAIHYDRO0000002005199109",
"name": "Fontaine de Cupetta",
"state": "En service",
"ign_confirmed": "2015-03-17"
}
},
{
"type": "Feature",
"geometry": {
"type": "Point",
"coordinates": [
8.8849353,
41.9526496
]
},
"properties": {
"ign_id": "PAIHYDRO0000002005200391",
"name": "",
"state": "En service",
"ign_confirmed": "2025-04-08"
}
},
{
"type": "Feature",
"geometry": {
"type": "Point",
"coordinates": [
8.845689,
41.8372949
]
},
"properties": {
"ign_id": "PAIHYDRO0000002005201549",
"name": "",
"state": "En service",
"ign_confirmed": ""
}
},
{
"type": "Feature",
"geometry": {
"type": "Point",
"coordinates": [
8.9226123,
42.4034295
]
},
"properties": {
"ign_id": "PAIHYDRO0000002005290243",
"name": "",
"state": "En service",
"ign_confirmed": ""
}
},
{
"type": "Feature",
"geometry": {
"type": "Point",
"coordinates": [
9.0578422,
42.5221658
]
},
"properties": {
"ign_id": "PAIHYDRO0000002005290357",
"name": "",
"state": "En service",
"ign_confirmed": ""
}
},
{
"type": "Feature",
"geometry": {
"type": "Point",
"coordinates": [
9.0533791,
42.5211943
]
},
"properties": {
"ign_id": "PAIHYDRO0000002005290358",
"name": "",
"state": "En service",
"ign_confirmed": "2025-05-05"
}
},
{
"type": "Feature",
"geometry": {
"type": "Point",
"coordinates": [
8.9143994,
42.5451768
]
},
"properties": {
"ign_id": "PAIHYDRO0000002005290620",
"name": "",
"state": "En service",
"ign_confirmed": "2017-09-06"
}
},
{
"type": "Feature",
"geometry": {
"type": "Point",
"coordinates": [
8.9150754,
42.547164
]
},
"properties": {
"ign_id": "PAIHYDRO0000002005290621",
"name": "",
"state": "En service",
"ign_confirmed": ""
}
},
{
"type": "Feature",
"geometry": {
"type": "Point",
"coordinates": [
8.9975685,
42.5269417
]
},
"properties": {
"ign_id": "PAIHYDRO0000002005291010",
"name": "",
"state": "En service",
"ign_confirmed": ""
}
},
{
"type": "Feature",
"geometry": {
"type": "Point",
"coordinates": [
8.9911335,
42.5278374
]
},
"properties": {
"ign_id": "PAIHYDRO0000002005291011",
"name": "",
"state": "En service",
"ign_confirmed": ""
}
},
{
"type": "Feature",
"geometry": {
"type": "Point",
"coordinates": [
8.7962036,
41.7110901
]
},
"properties": {
"ign_id": "PAIHYDRO0000002005306258",
"name": "",
"state": "En service",
"ign_confirmed": ""
}
},
{
"type": "Feature",
"geometry": {
"type": "Point",
"coordinates": [
8.9129938,
41.7469417
]
},
"properties": {
"ign_id": "PAIHYDRO0000002005306303",
"name": "",
"state": "En service",
"ign_confirmed": ""
}
},
{
"type": "Feature",
"geometry": {
"type": "Point",
"coordinates": [
8.9014547,
41.6756933
]
},
"properties": {
"ign_id": "PAIHYDRO0000002005306446",
"name": "",
"state": "En service",
"ign_confirmed": ""
}
},
{
"type": "Feature",
"geometry": {
"type": "Point",
"coordinates": [
8.9809812,
41.7921975
]
},
"properties": {
"ign_id": "PAIHYDRO0000002005306639",
"name": "",
"state": "En service",
"ign_confirmed": ""
}
},
{
"type": "Feature",
"geometry": {
"type": "Point",
"coordinates": [
8.9805625,
41.7851843
]
},
"properties": {
"ign_id": "PAIHYDRO0000002005306640",
"name": "",
"state": "En service",
"ign_confirmed": ""
}
},
{
"type": "Feature",
"geometry": {
"type": "Point",
"coordinates": [
9.2820084,
42.2921022
]
},
"properties": {
"ign_id": "PAIHYDRO0000002005318188",
"name": "",
"state": "En service",
"ign_confirmed": "2017-08-21"
}
},
{
"type": "Feature",
"geometry": {
"type": "Point",
"coordinates": [
9.0518039,
42.1980691
]
},
"properties": {
"ign_id": "PAIHYDRO0000002005318190",
"name": "",
"state": "En service",
"ign_confirmed": "2017-08-21"
}
},
{
"type": "Feature",
"geometry": {
"type": "Point",
"coordinates": [
9.2922163,
42.244019
]
},
"properties": {
"ign_id": "PAIHYDRO0000002005318196",
"name": "Funtana Nova",
"state": "En service",
"ign_confirmed": "2017-09-06"
}
},
{
"type": "Feature",
"geometry": {
"type": "Point",
"coordinates": [
9.0645763,
41.69757
]
},
"properties": {
"ign_id": "PAIHYDRO0000002006053128",
"name": "",
"state": "En service",
"ign_confirmed": ""
}
},
{
"type": "Feature",
"geometry": {
"type": "Point",
"coordinates": [
9.2653679,
41.5478024
]
},
"properties": {
"ign_id": "PAIHYDRO0000002006075511",
"name": "",
"state": "En service",
"ign_confirmed": "2025-04-03"
}
},
{
"type": "Feature",
"geometry": {
"type": "Point",
"coordinates": [
9.3153681,
42.4628571
]
},
"properties": {
"ign_id": "PAIHYDRO0000002006081735",
"name": "",
"state": "En service",
"ign_confirmed": "2017-10-12"
}
},
{
"type": "Feature",
"geometry": {
"type": "Point",
"coordinates": [
9.3042427,
42.4703315
]
},
"properties": {
"ign_id": "PAIHYDRO0000002006081736",
"name": "Funtana di Pursighjani",
"state": "En service",
"ign_confirmed": ""
}
},
{
"type": "Feature",
"geometry": {
"type": "Point",
"coordinates": [
9.2910022,
42.3567685
]
},
"properties": {
"ign_id": "PAIHYDRO0000002006081817",
"name": "",
"state": "En service",
"ign_confirmed": "2017-06-22"
}
},
{
"type": "Feature",
"geometry": {
"type": "Point",
"coordinates": [
9.2869732,
42.3840921
]
},
"properties": {
"ign_id": "PAIHYDRO0000002006081946",
"name": "",
"state": "En service",
"ign_confirmed": "2017-06-22"
}
},
{
"type": "Feature",
"geometry": {
"type": "Point",
"coordinates": [
9.2989642,
42.4230057
]
},
"properties": {
"ign_id": "PAIHYDRO0000002006082002",
"name": "",
"state": "En service",
"ign_confirmed": "2017-06-22"
}
},
{
"type": "Feature",
"geometry": {
"type": "Point",
"coordinates": [
9.1600264,
42.4220089
]
},
"properties": {
"ign_id": "PAIHYDRO0000002006082062",
"name": "",
"state": "En service",
"ign_confirmed": "2017-06-22"
}
},
{
"type": "Feature",
"geometry": {
"type": "Point",
"coordinates": [
9.3011098,
42.5242567
]
},
"properties": {
"ign_id": "PAIHYDRO0000002006082125",
"name": "",
"state": "En service",
"ign_confirmed": "2017-06-22"
}
},
{
"type": "Feature",
"geometry": {
"type": "Point",
"coordinates": [
9.2993335,
42.5233436
]
},
"properties": {
"ign_id": "PAIHYDRO0000002006082126",
"name": "",
"state": "En service",
"ign_confirmed": "2017-06-22"
}
},
{
"type": "Feature",
"geometry": {
"type": "Point",
"coordinates": [
9.1177713,
42.5033655
]
},
"properties": {
"ign_id": "PAIHYDRO0000002006082193",
"name": "",
"state": "En service",
"ign_confirmed": "2017-06-22"
}
},
{
"type": "Feature",
"geometry": {
"type": "Point",
"coordinates": [
9.1122343,
42.5043759
]
},
"properties": {
"ign_id": "PAIHYDRO0000002006082194",
"name": "",
"state": "En service",
"ign_confirmed": "2017-06-22"
}
},
{
"type": "Feature",
"geometry": {
"type": "Point",
"coordinates": [
9.1277561,
42.417681
]
},
"properties": {
"ign_id": "PAIHYDRO0000002006082215",
"name": "",
"state": "En service",
"ign_confirmed": "2017-06-22"
}
},
{
"type": "Feature",
"geometry": {
"type": "Point",
"coordinates": [
9.2824933,
42.4595314
]
},
"properties": {
"ign_id": "PAIHYDRO0000002006082274",
"name": "",
"state": "En service",
"ign_confirmed": "2017-06-22"
}
},
{
"type": "Feature",
"geometry": {
"type": "Point",
"coordinates": [
9.17513,
42.4141348
]
},
"properties": {
"ign_id": "PAIHYDRO0000002006082299",
"name": "",
"state": "En service",
"ign_confirmed": "2017-06-22"
}
},
{
"type": "Feature",
"geometry": {
"type": "Point",
"coordinates": [
9.0085284,
41.6460043
]
},
"properties": {
"ign_id": "PAIHYDRO0000002006188769",
"name": "",
"state": "En service",
"ign_confirmed": ""
}
},
{
"type": "Feature",
"geometry": {
"type": "Point",
"coordinates": [
9.0283959,
41.6460453
]
},
"properties": {
"ign_id": "PAIHYDRO0000002006188770",
"name": "",
"state": "En service",
"ign_confirmed": ""
}
},
{
"type": "Feature",
"geometry": {
"type": "Point",
"coordinates": [
9.1568245,
41.7849025
]
},
"properties": {
"ign_id": "PAIHYDRO0000002006293519",
"name": "",
"state": "En service",
"ign_confirmed": ""
}
},
{
"type": "Feature",
"geometry": {
"type": "Point",
"coordinates": [
9.1784986,
41.7170403
]
},
"properties": {
"ign_id": "PAIHYDRO0000002006293525",
"name": "",
"state": "En service",
"ign_confirmed": ""
}
},
{
"type": "Feature",
"geometry": {
"type": "Point",
"coordinates": [
9.1213513,
41.70409
]
},
"properties": {
"ign_id": "PAIHYDRO0000002006293526",
"name": "Fontaine de Vitalbetu",
"state": "En service",
"ign_confirmed": ""
}
},
{
"type": "Feature",
"geometry": {
"type": "Point",
"coordinates": [
9.1249183,
41.7014861
]
},
"properties": {
"ign_id": "PAIHYDRO0000002006293528",
"name": "",
"state": "En service",
"ign_confirmed": ""
}
},
{
"type": "Feature",
"geometry": {
"type": "Point",
"coordinates": [
9.1512423,
41.6782707
]
},
"properties": {
"ign_id": "PAIHYDRO0000002006293529",
"name": "Funtana di a Liccia",
"state": "En service",
"ign_confirmed": ""
}
},
{
"type": "Feature",
"geometry": {
"type": "Point",
"coordinates": [
9.1937541,
41.6507053
]
},
"properties": {
"ign_id": "PAIHYDRO0000002006293532",
"name": "",
"state": "En service",
"ign_confirmed": "2025-04-08"
}
},
{
"type": "Feature",
"geometry": {
"type": "Point",
"coordinates": [
9.1814109,
41.6601352
]
},
"properties": {
"ign_id": "PAIHYDRO0000002006293534",
"name": "",
"state": "En service",
"ign_confirmed": ""
}
},
{
"type": "Feature",
"geometry": {
"type": "Point",
"coordinates": [
9.1226054,
41.7014605
]
},
"properties": {
"ign_id": "PAIHYDRO0000002006293535",
"name": "",
"state": "En service",
"ign_confirmed": ""
}
},
{
"type": "Feature",
"geometry": {
"type": "Point",
"coordinates": [
9.0800197,
41.7719505
]
},
"properties": {
"ign_id": "PAIHYDRO0000002006592672",
"name": "",
"state": "En service",
"ign_confirmed": ""
}
},
{
"type": "Feature",
"geometry": {
"type": "Point",
"coordinates": [
9.079563,
41.7708463
]
},
"properties": {
"ign_id": "PAIHYDRO0000002006592673",
"name": "",
"state": "En service",
"ign_confirmed": ""
}
},
{
"type": "Feature",
"geometry": {
"type": "Point",
"coordinates": [
9.1095408,
41.7517408
]
},
"properties": {
"ign_id": "PAIHYDRO0000002006592675",
"name": "",
"state": "En service",
"ign_confirmed": ""
}
},
{
"type": "Feature",
"geometry": {
"type": "Point",
"coordinates": [
9.0014731,
41.6963355
]
},
"properties": {
"ign_id": "PAIHYDRO0000002006592757",
"name": "",
"state": "En service",
"ign_confirmed": ""
}
},
{
"type": "Feature",
"geometry": {
"type": "Point",
"coordinates": [
9.0025435,
41.6987325
]
},
"properties": {
"ign_id": "PAIHYDRO0000002006592758",
"name": "",
"state": "En service",
"ign_confirmed": ""
}
},
{
"type": "Feature",
"geometry": {
"type": "Point",
"coordinates": [
9.0040559,
41.7069536
]
},
"properties": {
"ign_id": "PAIHYDRO0000002006592759",
"name": "",
"state": "En service",
"ign_confirmed": ""
}
},
{
"type": "Feature",
"geometry": {
"type": "Point",
"coordinates": [
9.0375484,
41.7192475
]
},
"properties": {
"ign_id": "PAIHYDRO0000002006592760",
"name": "",
"state": "En service",
"ign_confirmed": ""
}
},
{
"type": "Feature",
"geometry": {
"type": "Point",
"coordinates": [
9.0481703,
41.7317555
]
},
"properties": {
"ign_id": "PAIHYDRO0000002006592761",
"name": "",
"state": "En service",
"ign_confirmed": ""
}
},
{
"type": "Feature",
"geometry": {
"type": "Point",
"coordinates": [
9.0232442,
41.8134145
]
},
"properties": {
"ign_id": "PAIHYDRO0000002006592788",
"name": "",
"state": "En service",
"ign_confirmed": ""
}
},
{
"type": "Feature",
"geometry": {
"type": "Point",
"coordinates": [
9.012046,
41.8086148
]
},
"properties": {
"ign_id": "PAIHYDRO0000002006592789",
"name": "",
"state": "En service",
"ign_confirmed": ""
}
},
{
"type": "Feature",
"geometry": {
"type": "Point",
"coordinates": [
9.0099487,
41.802025
]
},
"properties": {
"ign_id": "PAIHYDRO0000002006592791",
"name": "",
"state": "En service",
"ign_confirmed": ""
}
},
{
"type": "Feature",
"geometry": {
"type": "Point",
"coordinates": [
9.0414727,
42.3543368
]
},
"properties": {
"ign_id": "PAIHYDRO0000002007124975",
"name": "",
"state": "En service",
"ign_confirmed": ""
}
},
{
"type": "Feature",
"geometry": {
"type": "Point",
"coordinates": [
8.983495,
42.3278093
]
},
"properties": {
"ign_id": "PAIHYDRO0000002007301934",
"name": "",
"state": "En service",
"ign_confirmed": ""
}
},
{
"type": "Feature",
"geometry": {
"type": "Point",
"coordinates": [
8.9380608,
42.2544091
]
},
"properties": {
"ign_id": "PAIHYDRO0000002007470804",
"name": "Fontaine de Ninu",
"state": "En service",
"ign_confirmed": ""
}
},
{
"type": "Feature",
"geometry": {
"type": "Point",
"coordinates": [
8.7981094,
41.5682678
]
},
"properties": {
"ign_id": "PAIHYDRO0000002007490761",
"name": "Fontaine di l'Agula",
"state": "En service",
"ign_confirmed": ""
}
},
{
"type": "Feature",
"geometry": {
"type": "Point",
"coordinates": [
8.9209698,
42.2838562
]
},
"properties": {
"ign_id": "PAIHYDRO0000002007571221",
"name": "",
"state": "En service",
"ign_confirmed": ""
}
},
{
"type": "Feature",
"geometry": {
"type": "Point",
"coordinates": [
8.8399346,
42.2391489
]
},
"properties": {
"ign_id": "PAIHYDRO0000002007796007",
"name": "",
"state": "En service",
"ign_confirmed": ""
}
},
{
"type": "Feature",
"geometry": {
"type": "Point",
"coordinates": [
8.9081224,
42.3530009
]
},
"properties": {
"ign_id": "PAIHYDRO0000002008159327",
"name": "",
"state": "En service",
"ign_confirmed": ""
}
},
{
"type": "Feature",
"geometry": {
"type": "Point",
"coordinates": [
8.7908517,
42.3665017
]
},
"properties": {
"ign_id": "PAIHYDRO0000002008258660",
"name": "",
"state": "En service",
"ign_confirmed": ""
}
},
{
"type": "Feature",
"geometry": {
"type": "Point",
"coordinates": [
8.7950381,
42.3647451
]
},
"properties": {
"ign_id": "PAIHYDRO0000002008258661",
"name": "",
"state": "En service",
"ign_confirmed": "2025-03-14"
}
},
{
"type": "Feature",
"geometry": {
"type": "Point",
"coordinates": [
8.929975,
42.0633153
]
},
"properties": {
"ign_id": "PAIHYDRO0000002008277957",
"name": "Funtana di Vazzalina",
"state": "En service",
"ign_confirmed": "2025-04-09"
}
},
{
"type": "Feature",
"geometry": {
"type": "Point",
"coordinates": [
8.9965973,
41.9798349
]
},
"properties": {
"ign_id": "PAIHYDRO0000002008288058",
"name": "",
"state": "En service",
"ign_confirmed": "2025-04-09"
}
},
{
"type": "Feature",
"geometry": {
"type": "Point",
"coordinates": [
8.8623522,
41.9745569
]
},
"properties": {
"ign_id": "PAIHYDRO0000002008288065",
"name": "",
"state": "En service",
"ign_confirmed": "2025-04-09"
}
},
{
"type": "Feature",
"geometry": {
"type": "Point",
"coordinates": [
8.8022814,
42.2535543
]
},
"properties": {
"ign_id": "PAIHYDRO0000002008299610",
"name": "",
"state": "En service",
"ign_confirmed": ""
}
},
{
"type": "Feature",
"geometry": {
"type": "Point",
"coordinates": [
8.7981776,
42.2533425
]
},
"properties": {
"ign_id": "PAIHYDRO0000002008299638",
"name": "",
"state": "En service",
"ign_confirmed": ""
}
},
{
"type": "Feature",
"geometry": {
"type": "Point",
"coordinates": [
8.8011925,
42.2339803
]
},
"properties": {
"ign_id": "PAIHYDRO0000002008299672",
"name": "",
"state": "En service",
"ign_confirmed": ""
}
},
{
"type": "Feature",
"geometry": {
"type": "Point",
"coordinates": [
8.6317652,
42.3239354
]
},
"properties": {
"ign_id": "PAIHYDRO0000002008351567",
"name": "",
"state": "En service",
"ign_confirmed": ""
}
},
{
"type": "Feature",
"geometry": {
"type": "Point",
"coordinates": [
8.7950621,
42.1602045
]
},
"properties": {
"ign_id": "PAIHYDRO0000002008402749",
"name": "",
"state": "En service",
"ign_confirmed": "2025-06-26"
}
},
{
"type": "Feature",
"geometry": {
"type": "Point",
"coordinates": [
8.777132,
42.1772707
]
},
"properties": {
"ign_id": "PAIHYDRO0000002008402750",
"name": "",
"state": "En service",
"ign_confirmed": "2025-06-26"
}
},
{
"type": "Feature",
"geometry": {
"type": "Point",
"coordinates": [
8.6382198,
42.1980136
]
},
"properties": {
"ign_id": "PAIHYDRO0000002008402753",
"name": "",
"state": "En service",
"ign_confirmed": ""
}
},
{
"type": "Feature",
"geometry": {
"type": "Point",
"coordinates": [
8.5662674,
42.1525406
]
},
"properties": {
"ign_id": "PAIHYDRO0000002008402754",
"name": "",
"state": "En service",
"ign_confirmed": ""
}
},
{
"type": "Feature",
"geometry": {
"type": "Point",
"coordinates": [
8.5887042,
42.1610796
]
},
"properties": {
"ign_id": "PAIHYDRO0000002008402755",
"name": "",
"state": "En service",
"ign_confirmed": ""
}
},
{
"type": "Feature",
"geometry": {
"type": "Point",
"coordinates": [
9.0959031,
41.8999475
]
},
"properties": {
"ign_id": "PAIHYDRO0000002008446669",
"name": "",
"state": "En service",
"ign_confirmed": ""
}
},
{
"type": "Feature",
"geometry": {
"type": "Point",
"coordinates": [
9.0212943,
41.8942293
]
},
"properties": {
"ign_id": "PAIHYDRO0000002008446671",
"name": "",
"state": "En service",
"ign_confirmed": ""
}
},
{
"type": "Feature",
"geometry": {
"type": "Point",
"coordinates": [
9.4661297,
42.7771593
]
},
"properties": {
"ign_id": "PAIHYDRO0000002008644378",
"name": "",
"state": "En service",
"ign_confirmed": ""
}
},
{
"type": "Feature",
"geometry": {
"type": "Point",
"coordinates": [
9.1520553,
42.305717
]
},
"properties": {
"ign_id": "PAIHYDRO0000002008644593",
"name": "",
"state": "En service",
"ign_confirmed": ""
}
},
{
"type": "Feature",
"geometry": {
"type": "Point",
"coordinates": [
9.1510063,
42.3051647
]
},
"properties": {
"ign_id": "PAIHYDRO0000002008644594",
"name": "",
"state": "En service",
"ign_confirmed": ""
}
},
{
"type": "Feature",
"geometry": {
"type": "Point",
"coordinates": [
8.9788321,
42.5601809
]
},
"properties": {
"ign_id": "PAIHYDRO0000002008824898",
"name": "",
"state": "En service",
"ign_confirmed": "2025-05-05"
}
},
{
"type": "Feature",
"geometry": {
"type": "Point",
"coordinates": [
9.3288043,
41.9019791
]
},
"properties": {
"ign_id": "PAIHYDRO0000002008824899",
"name": "Fontaine u Mascarone",
"state": "En service",
"ign_confirmed": ""
}
},
{
"type": "Feature",
"geometry": {
"type": "Point",
"coordinates": [
9.1729068,
42.4477418
]
},
"properties": {
"ign_id": "PAIHYDRO0000002008824901",
"name": "",
"state": "En service",
"ign_confirmed": ""
}
},
{
"type": "Feature",
"geometry": {
"type": "Point",
"coordinates": [
8.8762279,
42.5753049
]
},
"properties": {
"ign_id": "PAIHYDRO0000002008824903",
"name": "",
"state": "En service",
"ign_confirmed": ""
}
},
{
"type": "Feature",
"geometry": {
"type": "Point",
"coordinates": [
9.4809015,
42.3159802
]
},
"properties": {
"ign_id": "PAIHYDRO0000002008824904",
"name": "",
"state": "En service",
"ign_confirmed": ""
}
},
{
"type": "Feature",
"geometry": {
"type": "Point",
"coordinates": [
9.0021357,
42.5747673
]
},
"properties": {
"ign_id": "PAIHYDRO0000002008824908",
"name": "",
"state": "En service",
"ign_confirmed": ""
}
},
{
"type": "Feature",
"geometry": {
"type": "Point",
"coordinates": [
8.9811694,
42.5615653
]
},
"properties": {
"ign_id": "PAIHYDRO0000002008824911",
"name": "",
"state": "En service",
"ign_confirmed": ""
}
},
{
"type": "Feature",
"geometry": {
"type": "Point",
"coordinates": [
8.8619214,
42.6082962
]
},
"properties": {
"ign_id": "PAIHYDRO0000002008824913",
"name": "Fontaine Concerca",
"state": "En service",
"ign_confirmed": "2018-07-24"
}
},
{
"type": "Feature",
"geometry": {
"type": "Point",
"coordinates": [
9.4942536,
42.335023
]
},
"properties": {
"ign_id": "PAIHYDRO0000002008824925",
"name": "Fontaine Scotti",
"state": "En service",
"ign_confirmed": ""
}
},
{
"type": "Feature",
"geometry": {
"type": "Point",
"coordinates": [
9.1498004,
42.3110338
]
},
"properties": {
"ign_id": "PAIHYDRO0000002008900190",
"name": "",
"state": "En service",
"ign_confirmed": ""
}
},
{
"type": "Feature",
"geometry": {
"type": "Point",
"coordinates": [
9.1500048,
42.3045917
]
},
"properties": {
"ign_id": "PAIHYDRO0000002008900191",
"name": "",
"state": "En service",
"ign_confirmed": ""
}
},
{
"type": "Feature",
"geometry": {
"type": "Point",
"coordinates": [
9.1493165,
42.304271
]
},
"properties": {
"ign_id": "PAIHYDRO0000002008900192",
"name": "",
"state": "En service",
"ign_confirmed": ""
}
},
{
"type": "Feature",
"geometry": {
"type": "Point",
"coordinates": [
8.6503726,
42.40936
]
},
"properties": {
"ign_id": "PAIHYDRO0000002008900440",
"name": "",
"state": "En service",
"ign_confirmed": ""
}
},
{
"type": "Feature",
"geometry": {
"type": "Point",
"coordinates": [
9.1734002,
42.232377
]
},
"properties": {
"ign_id": "PAIHYDRO0000002008900450",
"name": "",
"state": "En service",
"ign_confirmed": ""
}
},
{
"type": "Feature",
"geometry": {
"type": "Point",
"coordinates": [
9.3002778,
42.681511
]
},
"properties": {
"ign_id": "PAIHYDRO0000002008900454",
"name": "",
"state": "En service",
"ign_confirmed": ""
}
},
{
"type": "Feature",
"geometry": {
"type": "Point",
"coordinates": [
9.3448995,
42.7848055
]
},
"properties": {
"ign_id": "PAIHYDRO0000002008900483",
"name": "",
"state": "En service",
"ign_confirmed": ""
}
},
{
"type": "Feature",
"geometry": {
"type": "Point",
"coordinates": [
9.3572218,
42.632798
]
},
"properties": {
"ign_id": "PAIHYDRO0000002008900497",
"name": "",
"state": "En service",
"ign_confirmed": ""
}
},
{
"type": "Feature",
"geometry": {
"type": "Point",
"coordinates": [
9.3487584,
42.4438119
]
},
"properties": {
"ign_id": "PAIHYDRO0000002008900509",
"name": "",
"state": "En service",
"ign_confirmed": ""
}
},
{
"type": "Feature",
"geometry": {
"type": "Point",
"coordinates": [
9.3564585,
42.492742
]
},
"properties": {
"ign_id": "PAIHYDRO0000002008900511",
"name": "",
"state": "En service",
"ign_confirmed": ""
}
},
{
"type": "Feature",
"geometry": {
"type": "Point",
"coordinates": [
9.3495818,
42.4256983
]
},
"properties": {
"ign_id": "PAIHYDRO0000002008900512",
"name": "",
"state": "En service",
"ign_confirmed": ""
}
},
{
"type": "Feature",
"geometry": {
"type": "Point",
"coordinates": [
9.2691587,
42.1579685
]
},
"properties": {
"ign_id": "PAIHYDRO0000002009133996",
"name": "",
"state": "En service",
"ign_confirmed": ""
}
},
{
"type": "Feature",
"geometry": {
"type": "Point",
"coordinates": [
9.1489059,
42.3042578
]
},
"properties": {
"ign_id": "PAIHYDRO0000002009134045",
"name": "",
"state": "En service",
"ign_confirmed": ""
}
},
{
"type": "Feature",
"geometry": {
"type": "Point",
"coordinates": [
9.1505075,
42.3038748
]
},
"properties": {
"ign_id": "PAIHYDRO0000002009134046",
"name": "",
"state": "En service",
"ign_confirmed": ""
}
},
{
"type": "Feature",
"geometry": {
"type": "Point",
"coordinates": [
9.1496452,
42.3065192
]
},
"properties": {
"ign_id": "PAIHYDRO0000002009134047",
"name": "",
"state": "En service",
"ign_confirmed": ""
}
},
{
"type": "Feature",
"geometry": {
"type": "Point",
"coordinates": [
9.1505562,
42.3065205
]
},
"properties": {
"ign_id": "PAIHYDRO0000002009134048",
"name": "",
"state": "En service",
"ign_confirmed": ""
}
},
{
"type": "Feature",
"geometry": {
"type": "Point",
"coordinates": [
9.149366,
42.3046954
]
},
"properties": {
"ign_id": "PAIHYDRO0000002009134049",
"name": "",
"state": "En service",
"ign_confirmed": ""
}
},
{
"type": "Feature",
"geometry": {
"type": "Point",
"coordinates": [
9.1785288,
42.2542574
]
},
"properties": {
"ign_id": "PAIHYDRO0000002009134078",
"name": "",
"state": "En service",
"ign_confirmed": ""
}
},
{
"type": "Feature",
"geometry": {
"type": "Point",
"coordinates": [
9.1854999,
42.2568981
]
},
"properties": {
"ign_id": "PAIHYDRO0000002009134079",
"name": "",
"state": "En service",
"ign_confirmed": ""
}
},
{
"type": "Feature",
"geometry": {
"type": "Point",
"coordinates": [
9.3528826,
42.4224974
]
},
"properties": {
"ign_id": "PAIHYDRO0000002009134365",
"name": "",
"state": "En service",
"ign_confirmed": ""
}
},
{
"type": "Feature",
"geometry": {
"type": "Point",
"coordinates": [
9.3540066,
42.4362572
]
},
"properties": {
"ign_id": "PAIHYDRO0000002009134366",
"name": "",
"state": "En service",
"ign_confirmed": ""
}
},
{
"type": "Feature",
"geometry": {
"type": "Point",
"coordinates": [
9.3503365,
42.4437574
]
},
"properties": {
"ign_id": "PAIHYDRO0000002009134396",
"name": "",
"state": "En service",
"ign_confirmed": ""
}
},
{
"type": "Feature",
"geometry": {
"type": "Point",
"coordinates": [
9.3513034,
42.4437917
]
},
"properties": {
"ign_id": "PAIHYDRO0000002009134397",
"name": "",
"state": "En service",
"ign_confirmed": ""
}
},
{
"type": "Feature",
"geometry": {
"type": "Point",
"coordinates": [
9.3536732,
42.4924997
]
},
"properties": {
"ign_id": "PAIHYDRO0000002009134408",
"name": "",
"state": "En service",
"ign_confirmed": ""
}
},
{
"type": "Feature",
"geometry": {
"type": "Point",
"coordinates": [
9.3894805,
42.4690647
]
},
"properties": {
"ign_id": "PAIHYDRO0000002009134413",
"name": "",
"state": "En service",
"ign_confirmed": ""
}
},
{
"type": "Feature",
"geometry": {
"type": "Point",
"coordinates": [
9.4298646,
42.4762095
]
},
"properties": {
"ign_id": "PAIHYDRO0000002009134414",
"name": "",
"state": "En service",
"ign_confirmed": ""
}
},
{
"type": "Feature",
"geometry": {
"type": "Point",
"coordinates": [
9.4159846,
42.4513944
]
},
"properties": {
"ign_id": "PAIHYDRO0000002009134415",
"name": "",
"state": "En service",
"ign_confirmed": ""
}
},
{
"type": "Feature",
"geometry": {
"type": "Point",
"coordinates": [
9.4075167,
42.4959926
]
},
"properties": {
"ign_id": "PAIHYDRO0000002009134423",
"name": "",
"state": "En service",
"ign_confirmed": ""
}
},
{
"type": "Feature",
"geometry": {
"type": "Point",
"coordinates": [
9.4385889,
42.4932251
]
},
"properties": {
"ign_id": "PAIHYDRO0000002009134424",
"name": "",
"state": "En service",
"ign_confirmed": ""
}
},
{
"type": "Feature",
"geometry": {
"type": "Point",
"coordinates": [
9.4596656,
42.4665826
]
},
"properties": {
"ign_id": "PAIHYDRO0000002009134448",
"name": "",
"state": "En service",
"ign_confirmed": ""
}
},
{
"type": "Feature",
"geometry": {
"type": "Point",
"coordinates": [
9.3573998,
42.6315544
]
},
"properties": {
"ign_id": "PAIHYDRO0000002009134487",
"name": "",
"state": "En service",
"ign_confirmed": ""
}
},
{
"type": "Feature",
"geometry": {
"type": "Point",
"coordinates": [
9.3548666,
42.634128
]
},
"properties": {
"ign_id": "PAIHYDRO0000002009134488",
"name": "",
"state": "En service",
"ign_confirmed": ""
}
},
{
"type": "Feature",
"geometry": {
"type": "Point",
"coordinates": [
9.4276764,
42.7020994
]
},
"properties": {
"ign_id": "PAIHYDRO0000002009134517",
"name": "",
"state": "En service",
"ign_confirmed": ""
}
},
{
"type": "Feature",
"geometry": {
"type": "Point",
"coordinates": [
9.3264932,
42.8484152
]
},
"properties": {
"ign_id": "PAIHYDRO0000002009134569",
"name": "",
"state": "En service",
"ign_confirmed": ""
}
},
{
"type": "Feature",
"geometry": {
"type": "Point",
"coordinates": [
9.4671906,
42.7772278
]
},
"properties": {
"ign_id": "PAIHYDRO0000002009134635",
"name": "",
"state": "En service",
"ign_confirmed": ""
}
},
{
"type": "Feature",
"geometry": {
"type": "Point",
"coordinates": [
9.4545561,
42.9575303
]
},
"properties": {
"ign_id": "PAIHYDRO0000002009134678",
"name": "",
"state": "En service",
"ign_confirmed": ""
}
},
{
"type": "Feature",
"geometry": {
"type": "Point",
"coordinates": [
8.6365004,
42.2392274
]
},
"properties": {
"ign_id": "PAIHYDRO0000002009140476",
"name": "",
"state": "En service",
"ign_confirmed": ""
}
},
{
"type": "Feature",
"geometry": {
"type": "Point",
"coordinates": [
9.4242462,
42.7162981
]
},
"properties": {
"ign_id": "PAIHYDRO0000002012227191",
"name": "u Luvu",
"state": "En service",
"ign_confirmed": ""
}
},
{
"type": "Feature",
"geometry": {
"type": "Point",
"coordinates": [
9.4288992,
42.7169221
]
},
"properties": {
"ign_id": "PAIHYDRO0000002012227193",
"name": "Aghja",
"state": "En service",
"ign_confirmed": ""
}
},
{
"type": "Feature",
"geometry": {
"type": "Point",
"coordinates": [
8.903933,
42.6138124
]
},
"properties": {
"ign_id": "PAIHYDRO0000002012237135",
"name": "a Funtanella",
"state": "En service",
"ign_confirmed": "2018-07-23"
}
},
{
"type": "Feature",
"geometry": {
"type": "Point",
"coordinates": [
8.9287893,
42.6021997
]
},
"properties": {
"ign_id": "PAIHYDRO0000002012263113",
"name": "",
"state": "En service",
"ign_confirmed": "2018-07-27"
}
},
{
"type": "Feature",
"geometry": {
"type": "Point",
"coordinates": [
9.0492924,
41.8925578
]
},
"properties": {
"ign_id": "PAIHYDRO0000002101099406",
"name": "",
"state": "En service",
"ign_confirmed": "2018-10-16"
}
},
{
"type": "Feature",
"geometry": {
"type": "Point",
"coordinates": [
8.9080053,
41.9872912
]
},
"properties": {
"ign_id": "PAIHYDRO0000002101148900",
"name": "",
"state": "En service",
"ign_confirmed": "2025-04-09"
}
},
{
"type": "Feature",
"geometry": {
"type": "Point",
"coordinates": [
8.9091555,
41.9875368
]
},
"properties": {
"ign_id": "PAIHYDRO0000002101148901",
"name": "",
"state": "En service",
"ign_confirmed": "2025-04-09"
}
},
{
"type": "Feature",
"geometry": {
"type": "Point",
"coordinates": [
8.9321246,
42.0633714
]
},
"properties": {
"ign_id": "PAIHYDRO0000002101238195",
"name": "",
"state": "En service",
"ign_confirmed": "2025-04-09"
}
},
{
"type": "Feature",
"geometry": {
"type": "Point",
"coordinates": [
8.8420532,
42.029146
]
},
"properties": {
"ign_id": "PAIHYDRO0000002101441458",
"name": "",
"state": "En service",
"ign_confirmed": "2018-10-23"
}
},
{
"type": "Feature",
"geometry": {
"type": "Point",
"coordinates": [
8.9429611,
41.8630576
]
},
"properties": {
"ign_id": "PAIHYDRO0000002101444314",
"name": "",
"state": "En service",
"ign_confirmed": ""
}
},
{
"type": "Feature",
"geometry": {
"type": "Point",
"coordinates": [
8.9164949,
41.9176479
]
},
"properties": {
"ign_id": "PAIHYDRO0000002101528468",
"name": "",
"state": "En service",
"ign_confirmed": "2018-10-25"
}
},
{
"type": "Feature",
"geometry": {
"type": "Point",
"coordinates": [
9.129481,
41.4872183
]
},
"properties": {
"ign_id": "PAIHYDRO0000002101533813",
"name": "",
"state": "En service",
"ign_confirmed": ""
}
},
{
"type": "Feature",
"geometry": {
"type": "Point",
"coordinates": [
8.9808619,
41.8731429
]
},
"properties": {
"ign_id": "PAIHYDRO0000002101584059",
"name": "",
"state": "En service",
"ign_confirmed": "2018-10-29"
}
},
{
"type": "Feature",
"geometry": {
"type": "Point",
"coordinates": [
9.0501525,
42.0013359
]
},
"properties": {
"ign_id": "PAIHYDRO0000002101849962",
"name": "Funtana di Frati",
"state": "En service",
"ign_confirmed": "2025-04-09"
}
},
{
"type": "Feature",
"geometry": {
"type": "Point",
"coordinates": [
9.0527883,
42.0032701
]
},
"properties": {
"ign_id": "PAIHYDRO0000002101849964",
"name": "",
"state": "En service",
"ign_confirmed": "2025-06-24"
}
},
{
"type": "Feature",
"geometry": {
"type": "Point",
"coordinates": [
9.0563339,
42.0040184
]
},
"properties": {
"ign_id": "PAIHYDRO0000002101849965",
"name": "Funtana Vechja",
"state": "En service",
"ign_confirmed": "2025-04-09"
}
},
{
"type": "Feature",
"geometry": {
"type": "Point",
"coordinates": [
8.8394811,
42.2391865
]
},
"properties": {
"ign_id": "PAIHYDRO0000002200322831",
"name": "",
"state": "En service",
"ign_confirmed": ""
}
},
{
"type": "Feature",
"geometry": {
"type": "Point",
"coordinates": [
8.74431,
41.9767766
]
},
"properties": {
"ign_id": "PAIHYDRO0000002202512323",
"name": "|a Funtana di u Mulinellu",
"state": "En service",
"ign_confirmed": ""
}
},
{
"type": "Feature",
"geometry": {
"type": "Point",
"coordinates": [
8.8051114,
41.8919901
]
},
"properties": {
"ign_id": "PAIHYDRO0000002203757188",
"name": "",
"state": "En service",
"ign_confirmed": ""
}
},
{
"type": "Feature",
"geometry": {
"type": "Point",
"coordinates": [
8.8308528,
42.0598379
]
},
"properties": {
"ign_id": "PAIHYDRO0000002244484137",
"name": "",
"state": "En service",
"ign_confirmed": "2025-06-26"
}
},
{
"type": "Feature",
"geometry": {
"type": "Point",
"coordinates": [
9.0165512,
42.5292064
]
},
"properties": {
"ign_id": "PAIHYDRO0000002275664727",
"name": "",
"state": "En service",
"ign_confirmed": ""
}
},
{
"type": "Feature",
"geometry": {
"type": "Point",
"coordinates": [
9.0172291,
42.5280276
]
},
"properties": {
"ign_id": "PAIHYDRO0000002275664728",
"name": "",
"state": "En service",
"ign_confirmed": ""
}
},
{
"type": "Feature",
"geometry": {
"type": "Point",
"coordinates": [
9.2609427,
42.6067416
]
},
"properties": {
"ign_id": "PAIHYDRO0000002276436176",
"name": "",
"state": "En service",
"ign_confirmed": ""
}
},
{
"type": "Feature",
"geometry": {
"type": "Point",
"coordinates": [
9.0421399,
42.5899727
]
},
"properties": {
"ign_id": "PAIHYDRO0000002285520299",
"name": "",
"state": "En service",
"ign_confirmed": ""
}
},
{
"type": "Feature",
"geometry": {
"type": "Point",
"coordinates": [
9.0781301,
41.7508066
]
},
"properties": {
"ign_id": "PAIHYDRO0000002330099967",
"name": "Fontaine du Tisoro",
"state": "En service",
"ign_confirmed": ""
}
},
{
"type": "Feature",
"geometry": {
"type": "Point",
"coordinates": [
8.79306,
41.9841371
]
},
"properties": {
"ign_id": "PAIHYDRO0000002331671801",
"name": "Fontaine de Biancamaria",
"state": "En service",
"ign_confirmed": ""
}
},
{
"type": "Feature",
"geometry": {
"type": "Point",
"coordinates": [
8.7989038,
41.983903
]
},
"properties": {
"ign_id": "PAIHYDRO0000002331671802",
"name": "Fontaine de l'Ochju",
"state": "En service",
"ign_confirmed": ""
}
},
{
"type": "Feature",
"geometry": {
"type": "Point",
"coordinates": [
9.1233465,
41.7040297
]
},
"properties": {
"ign_id": "PAIHYDRO0000002332705522",
"name": "",
"state": "En service",
"ign_confirmed": ""
}
},
{
"type": "Feature",
"geometry": {
"type": "Point",
"coordinates": [
8.710116,
42.3018114
]
},
"properties": {
"ign_id": "PAIHYDRO0000002488601809",
"name": "",
"state": "En service",
"ign_confirmed": ""
}
},
{
"type": "Feature",
"geometry": {
"type": "Point",
"coordinates": [
9.1253028,
41.70524
]
},
"properties": {
"ign_id": "PAIHYDRO0000002488668248",
"name": "a Funtana di Paradiseddu",
"state": "En service",
"ign_confirmed": ""
}
},
{
"type": "Feature",
"geometry": {
"type": "Point",
"coordinates": [
9.2733292,
42.5832781
]
},
"properties": {
"ign_id": "PAIHYDRO0000002488817065",
"name": "",
"state": "En service",
"ign_confirmed": ""
}
},
{
"type": "Feature",
"geometry": {
"type": "Point",
"coordinates": [
9.1849443,
41.6645243
]
},
"properties": {
"ign_id": "PAIHYDRO0000002489540109",
"name": "Fontaine d'Agnaronu",
"state": "En service",
"ign_confirmed": "2025-04-08"
}
},
{
"type": "Feature",
"geometry": {
"type": "Point",
"coordinates": [
9.4305169,
42.7177548
]
},
"properties": {
"ign_id": "PAIHYDRO0000002489541603",
"name": "",
"state": "En service",
"ign_confirmed": "2025-03-18"
}
},
{
"type": "Feature",
"geometry": {
"type": "Point",
"coordinates": [
9.4193588,
42.6262861
]
},
"properties": {
"ign_id": "PAIHYDRO0000002489543469",
"name": "",
"state": "En service",
"ign_confirmed": "2025-03-19"
}
},
{
"type": "Feature",
"geometry": {
"type": "Point",
"coordinates": [
9.3789321,
42.5901057
]
},
"properties": {
"ign_id": "PAIHYDRO0000002489605426",
"name": "",
"state": "En service",
"ign_confirmed": "2025-03-26"
}
},
{
"type": "Feature",
"geometry": {
"type": "Point",
"coordinates": [
9.3662053,
42.5793865
]
},
"properties": {
"ign_id": "PAIHYDRO0000002489605427",
"name": "",
"state": "En service",
"ign_confirmed": "2025-03-21"
}
},
{
"type": "Feature",
"geometry": {
"type": "Point",
"coordinates": [
8.9537532,
41.5860037
]
},
"properties": {
"ign_id": "PAIHYDRO0000002489633196",
"name": "",
"state": "En service",
"ign_confirmed": ""
}
},
{
"type": "Feature",
"geometry": {
"type": "Point",
"coordinates": [
9.1043017,
41.6586489
]
},
"properties": {
"ign_id": "PAIHYDRO0000002489633221",
"name": "",
"state": "En service",
"ign_confirmed": ""
}
},
{
"type": "Feature",
"geometry": {
"type": "Point",
"coordinates": [
8.7995772,
41.6052391
]
},
"properties": {
"ign_id": "PAIHYDRO0000002489633798",
"name": "Funtana d'Auccia",
"state": "En service",
"ign_confirmed": ""
}
},
{
"type": "Feature",
"geometry": {
"type": "Point",
"coordinates": [
8.9325611,
41.4972648
]
},
"properties": {
"ign_id": "PAIHYDRO0000002489635905",
"name": "",
"state": "En service",
"ign_confirmed": ""
}
},
{
"type": "Feature",
"geometry": {
"type": "Point",
"coordinates": [
9.0627047,
41.6967826
]
},
"properties": {
"ign_id": "PAIHYDRO0000002489635941",
"name": "",
"state": "En service",
"ign_confirmed": ""
}
},
{
"type": "Feature",
"geometry": {
"type": "Point",
"coordinates": [
9.4761547,
42.7745877
]
},
"properties": {
"ign_id": "PAIHYDRO0000002489793762",
"name": "",
"state": "En service",
"ign_confirmed": "2025-04-28"
}
},
{
"type": "Feature",
"geometry": {
"type": "Point",
"coordinates": [
9.2971084,
42.0563432
]
},
"properties": {
"ign_id": "PAIHYDRO0000002489794131",
"name": "",
"state": "En service",
"ign_confirmed": ""
}
},
{
"type": "Feature",
"geometry": {
"type": "Point",
"coordinates": [
9.3233805,
41.7310767
]
},
"properties": {
"ign_id": "PAIHYDRO0000002489794332",
"name": "",
"state": "En service",
"ign_confirmed": "2025-04-28"
}
},
{
"type": "Feature",
"geometry": {
"type": "Point",
"coordinates": [
9.373767,
42.8098155
]
},
"properties": {
"ign_id": "PAIHYDRO0000002489816779",
"name": "Fontaine di Busselli",
"state": "En service",
"ign_confirmed": ""
}
},
{
"type": "Feature",
"geometry": {
"type": "Point",
"coordinates": [
9.3058063,
41.6833145
]
},
"properties": {
"ign_id": "PAIHYDRO0000002489817878",
"name": "",
"state": "En service",
"ign_confirmed": "2025-04-03"
}
},
{
"type": "Feature",
"geometry": {
"type": "Point",
"coordinates": [
9.3491347,
42.8171272
]
},
"properties": {
"ign_id": "PAIHYDRO0000002489870678",
"name": "",
"state": "En service",
"ign_confirmed": ""
}
},
{
"type": "Feature",
"geometry": {
"type": "Point",
"coordinates": [
9.491103,
42.3309076
]
},
"properties": {
"ign_id": "PAIHYDRO0000002489883090",
"name": "",
"state": "En service",
"ign_confirmed": ""
}
},
{
"type": "Feature",
"geometry": {
"type": "Point",
"coordinates": [
9.4283529,
42.8784517
]
},
"properties": {
"ign_id": "PAIHYDRO0000002489883516",
"name": "",
"state": "En service",
"ign_confirmed": "2025-05-06"
}
},
{
"type": "Feature",
"geometry": {
"type": "Point",
"coordinates": [
8.8964459,
42.5830462
]
},
"properties": {
"ign_id": "PAIHYDRO0000002489886944",
"name": "",
"state": "En service",
"ign_confirmed": ""
}
},
{
"type": "Feature",
"geometry": {
"type": "Point",
"coordinates": [
9.2790369,
41.9993874
]
},
"properties": {
"ign_id": "PAIHYDRO0000002489889568",
"name": "Fontaine de Bartoli",
"state": "En service",
"ign_confirmed": ""
}
},
{
"type": "Feature",
"geometry": {
"type": "Point",
"coordinates": [
9.2877172,
41.9722679
]
},
"properties": {
"ign_id": "PAIHYDRO0000002489889571",
"name": "",
"state": "En service",
"ign_confirmed": ""
}
},
{
"type": "Feature",
"geometry": {
"type": "Point",
"coordinates": [
9.3368258,
41.9858082
]
},
"properties": {
"ign_id": "PAIHYDRO0000002489889586",
"name": "",
"state": "En service",
"ign_confirmed": ""
}
},
{
"type": "Feature",
"geometry": {
"type": "Point",
"coordinates": [
9.3358591,
41.9855146
]
},
"properties": {
"ign_id": "PAIHYDRO0000002489889587",
"name": "",
"state": "En service",
"ign_confirmed": ""
}
},
{
"type": "Feature",
"geometry": {
"type": "Point",
"coordinates": [
9.336006,
41.9846018
]
},
"properties": {
"ign_id": "PAIHYDRO0000002489889588",
"name": "",
"state": "En service",
"ign_confirmed": ""
}
},
{
"type": "Feature",
"geometry": {
"type": "Point",
"coordinates": [
9.3395004,
41.9836115
]
},
"properties": {
"ign_id": "PAIHYDRO0000002489889592",
"name": "",
"state": "En service",
"ign_confirmed": ""
}
},
{
"type": "Feature",
"geometry": {
"type": "Point",
"coordinates": [
9.3885523,
42.3343693
]
},
"properties": {
"ign_id": "PAIHYDRO0000002489890229",
"name": "",
"state": "En service",
"ign_confirmed": ""
}
},
{
"type": "Feature",
"geometry": {
"type": "Point",
"coordinates": [
9.3005264,
42.3209831
]
},
"properties": {
"ign_id": "PAIHYDRO0000002489932716",
"name": "",
"state": "En service",
"ign_confirmed": ""
}
},
{
"type": "Feature",
"geometry": {
"type": "Point",
"coordinates": [
9.3002712,
42.3231027
]
},
"properties": {
"ign_id": "PAIHYDRO0000002489932717",
"name": "",
"state": "En service",
"ign_confirmed": ""
}
},
{
"type": "Feature",
"geometry": {
"type": "Point",
"coordinates": [
9.2665108,
42.3151008
]
},
"properties": {
"ign_id": "PAIHYDRO0000002489932718",
"name": "",
"state": "En service",
"ign_confirmed": ""
}
},
{
"type": "Feature",
"geometry": {
"type": "Point",
"coordinates": [
9.2664636,
42.3152037
]
},
"properties": {
"ign_id": "PAIHYDRO0000002489932719",
"name": "",
"state": "En service",
"ign_confirmed": ""
}
},
{
"type": "Feature",
"geometry": {
"type": "Point",
"coordinates": [
9.3633547,
42.3651942
]
},
"properties": {
"ign_id": "PAIHYDRO0000002489933451",
"name": "Fontaine di Onda",
"state": "En service",
"ign_confirmed": ""
}
},
{
"type": "Feature",
"geometry": {
"type": "Point",
"coordinates": [
9.3695329,
42.359282
]
},
"properties": {
"ign_id": "PAIHYDRO0000002489933452",
"name": "",
"state": "En service",
"ign_confirmed": ""
}
},
{
"type": "Feature",
"geometry": {
"type": "Point",
"coordinates": [
8.9024069,
42.5990377
]
},
"properties": {
"ign_id": "PAIHYDRO0000002489934110",
"name": "",
"state": "En service",
"ign_confirmed": ""
}
},
{
"type": "Feature",
"geometry": {
"type": "Point",
"coordinates": [
8.8167745,
41.6293687
]
},
"properties": {
"ign_id": "PAIHYDRO0000002489935770",
"name": "",
"state": "En service",
"ign_confirmed": ""
}
},
{
"type": "Feature",
"geometry": {
"type": "Point",
"coordinates": [
9.3316994,
41.9960438
]
},
"properties": {
"ign_id": "PAIHYDRO0000002489937289",
"name": "",
"state": "En service",
"ign_confirmed": "2025-05-14"
}
},
{
"type": "Feature",
"geometry": {
"type": "Point",
"coordinates": [
9.3434919,
41.9927818
]
},
"properties": {
"ign_id": "PAIHYDRO0000002489937318",
"name": "a Funtana di l'Olmarédu",
"state": "En service",
"ign_confirmed": ""
}
},
{
"type": "Feature",
"geometry": {
"type": "Point",
"coordinates": [
9.3621623,
42.0828413
]
},
"properties": {
"ign_id": "PAIHYDRO0000002489937413",
"name": "",
"state": "En service",
"ign_confirmed": ""
}
},
{
"type": "Feature",
"geometry": {
"type": "Point",
"coordinates": [
9.2459844,
42.3108549
]
},
"properties": {
"ign_id": "PAIHYDRO0000002489940879",
"name": "",
"state": "En service",
"ign_confirmed": ""
}
},
{
"type": "Feature",
"geometry": {
"type": "Point",
"coordinates": [
8.9075473,
41.6248804
]
},
"properties": {
"ign_id": "PAIHYDRO0000002489944717",
"name": "",
"state": "En service",
"ign_confirmed": ""
}
},
{
"type": "Feature",
"geometry": {
"type": "Point",
"coordinates": [
8.9196673,
41.6261154
]
},
"properties": {
"ign_id": "PAIHYDRO0000002489944780",
"name": "",
"state": "En service",
"ign_confirmed": ""
}
},
{
"type": "Feature",
"geometry": {
"type": "Point",
"coordinates": [
9.3142916,
42.3032255
]
},
"properties": {
"ign_id": "PAIHYDRO0000002489960759",
"name": "Fontaine a Paula Bianca",
"state": "En service",
"ign_confirmed": ""
}
},
{
"type": "Feature",
"geometry": {
"type": "Point",
"coordinates": [
9.361731,
42.2977148
]
},
"properties": {
"ign_id": "PAIHYDRO0000002489960761",
"name": "",
"state": "En service",
"ign_confirmed": ""
}
},
{
"type": "Feature",
"geometry": {
"type": "Point",
"coordinates": [
9.4333175,
42.251949
]
},
"properties": {
"ign_id": "PAIHYDRO0000002489962037",
"name": "Reniccia",
"state": "En service",
"ign_confirmed": ""
}
},
{
"type": "Feature",
"geometry": {
"type": "Point",
"coordinates": [
8.6731696,
42.455851
]
},
"properties": {
"ign_id": "PAIHYDRO0000002489964405",
"name": "",
"state": "En service",
"ign_confirmed": ""
}
},
{
"type": "Feature",
"geometry": {
"type": "Point",
"coordinates": [
9.1725416,
41.9693664
]
},
"properties": {
"ign_id": "PAIHYDRO0000002489997469",
"name": "",
"state": "En service",
"ign_confirmed": "2025-05-16"
}
},
{
"type": "Feature",
"geometry": {
"type": "Point",
"coordinates": [
9.3545757,
42.4746266
]
},
"properties": {
"ign_id": "PAIHYDRO0000002489999816",
"name": "",
"state": "En service",
"ign_confirmed": "2025-05-19"
}
},
{
"type": "Feature",
"geometry": {
"type": "Point",
"coordinates": [
9.3480886,
42.4664762
]
},
"properties": {
"ign_id": "PAIHYDRO0000002489999817",
"name": "",
"state": "En service",
"ign_confirmed": ""
}
},
{
"type": "Feature",
"geometry": {
"type": "Point",
"coordinates": [
9.1736335,
42.4474761
]
},
"properties": {
"ign_id": "PAIHYDRO0000002490001612",
"name": "",
"state": "En service",
"ign_confirmed": "2025-05-19"
}
},
{
"type": "Feature",
"geometry": {
"type": "Point",
"coordinates": [
8.6805077,
42.5075081
]
},
"properties": {
"ign_id": "PAIHYDRO0000002490004232",
"name": "",
"state": "En service",
"ign_confirmed": ""
}
},
{
"type": "Feature",
"geometry": {
"type": "Point",
"coordinates": [
8.8773118,
41.6103535
]
},
"properties": {
"ign_id": "PAIHYDRO0000002490031583",
"name": "",
"state": "En service",
"ign_confirmed": ""
}
},
{
"type": "Feature",
"geometry": {
"type": "Point",
"coordinates": [
9.0757042,
41.7533709
]
},
"properties": {
"ign_id": "PAIHYDRO0000002490036671",
"name": "",
"state": "En service",
"ign_confirmed": ""
}
},
{
"type": "Feature",
"geometry": {
"type": "Point",
"coordinates": [
9.3282828,
42.2360621
]
},
"properties": {
"ign_id": "PAIHYDRO0000002490037166",
"name": "",
"state": "En service",
"ign_confirmed": ""
}
},
{
"type": "Feature",
"geometry": {
"type": "Point",
"coordinates": [
8.8142314,
42.093119
]
},
"properties": {
"ign_id": "PAIHYDRO0000002490037239",
"name": "",
"state": "En service",
"ign_confirmed": "2025-05-20"
}
},
{
"type": "Feature",
"geometry": {
"type": "Point",
"coordinates": [
9.4071918,
42.4949876
]
},
"properties": {
"ign_id": "PAIHYDRO0000002490037922",
"name": "",
"state": "En service",
"ign_confirmed": ""
}
},
{
"type": "Feature",
"geometry": {
"type": "Point",
"coordinates": [
9.4064711,
42.4958715
]
},
"properties": {
"ign_id": "PAIHYDRO0000002490037923",
"name": "",
"state": "En service",
"ign_confirmed": ""
}
},
{
"type": "Feature",
"geometry": {
"type": "Point",
"coordinates": [
9.4740473,
42.4679968
]
},
"properties": {
"ign_id": "PAIHYDRO0000002490037924",
"name": "",
"state": "En service",
"ign_confirmed": ""
}
},
{
"type": "Feature",
"geometry": {
"type": "Point",
"coordinates": [
9.4751203,
42.4676871
]
},
"properties": {
"ign_id": "PAIHYDRO0000002490037925",
"name": "",
"state": "En service",
"ign_confirmed": ""
}
},
{
"type": "Feature",
"geometry": {
"type": "Point",
"coordinates": [
9.3719356,
42.2175534
]
},
"properties": {
"ign_id": "PAIHYDRO0000002490041651",
"name": "",
"state": "En service",
"ign_confirmed": ""
}
},
{
"type": "Feature",
"geometry": {
"type": "Point",
"coordinates": [
8.9804085,
41.598452
]
},
"properties": {
"ign_id": "PAIHYDRO0000002490047976",
"name": "",
"state": "En service",
"ign_confirmed": ""
}
},
{
"type": "Feature",
"geometry": {
"type": "Point",
"coordinates": [
8.9727567,
41.6224841
]
},
"properties": {
"ign_id": "PAIHYDRO0000002490066153",
"name": "Fontaine de Sartène",
"state": "En service",
"ign_confirmed": ""
}
},
{
"type": "Feature",
"geometry": {
"type": "Point",
"coordinates": [
9.3637971,
42.4466514
]
},
"properties": {
"ign_id": "PAIHYDRO0000002490080903",
"name": "",
"state": "En service",
"ign_confirmed": ""
}
},
{
"type": "Feature",
"geometry": {
"type": "Point",
"coordinates": [
9.3543973,
42.435104
]
},
"properties": {
"ign_id": "PAIHYDRO0000002490080904",
"name": "",
"state": "En service",
"ign_confirmed": ""
}
},
{
"type": "Feature",
"geometry": {
"type": "Point",
"coordinates": [
9.3526254,
42.4216886
]
},
"properties": {
"ign_id": "PAIHYDRO0000002490080905",
"name": "",
"state": "En service",
"ign_confirmed": ""
}
},
{
"type": "Feature",
"geometry": {
"type": "Point",
"coordinates": [
9.4101577,
42.4414871
]
},
"properties": {
"ign_id": "PAIHYDRO0000002490080906",
"name": "",
"state": "En service",
"ign_confirmed": ""
}
},
{
"type": "Feature",
"geometry": {
"type": "Point",
"coordinates": [
9.3638638,
42.4133777
]
},
"properties": {
"ign_id": "PAIHYDRO0000002490080907",
"name": "",
"state": "En service",
"ign_confirmed": ""
}
},
{
"type": "Feature",
"geometry": {
"type": "Point",
"coordinates": [
9.4594264,
42.4663365
]
},
"properties": {
"ign_id": "PAIHYDRO0000002490080908",
"name": "",
"state": "En service",
"ign_confirmed": ""
}
},
{
"type": "Feature",
"geometry": {
"type": "Point",
"coordinates": [
9.4743601,
42.4238412
]
},
"properties": {
"ign_id": "PAIHYDRO0000002490080909",
"name": "",
"state": "En service",
"ign_confirmed": ""
}
},
{
"type": "Feature",
"geometry": {
"type": "Point",
"coordinates": [
9.4942942,
42.346581
]
},
"properties": {
"ign_id": "PAIHYDRO0000002490082468",
"name": "",
"state": "En service",
"ign_confirmed": ""
}
},
{
"type": "Feature",
"geometry": {
"type": "Point",
"coordinates": [
9.4140675,
42.3097685
]
},
"properties": {
"ign_id": "PAIHYDRO0000002490082469",
"name": "",
"state": "En service",
"ign_confirmed": ""
}
},
{
"type": "Feature",
"geometry": {
"type": "Point",
"coordinates": [
9.3677284,
42.3746547
]
},
"properties": {
"ign_id": "PAIHYDRO0000002490082470",
"name": "",
"state": "En service",
"ign_confirmed": ""
}
},
{
"type": "Feature",
"geometry": {
"type": "Point",
"coordinates": [
9.4082007,
42.2312872
]
},
"properties": {
"ign_id": "PAIHYDRO0000002490082471",
"name": "",
"state": "En service",
"ign_confirmed": ""
}
},
{
"type": "Feature",
"geometry": {
"type": "Point",
"coordinates": [
9.4496641,
42.26657
]
},
"properties": {
"ign_id": "PAIHYDRO0000002490082472",
"name": "Fontaine a Campana",
"state": "En service",
"ign_confirmed": ""
}
},
{
"type": "Feature",
"geometry": {
"type": "Point",
"coordinates": [
9.4116118,
42.2284121
]
},
"properties": {
"ign_id": "PAIHYDRO0000002490082473",
"name": "",
"state": "En service",
"ign_confirmed": ""
}
},
{
"type": "Feature",
"geometry": {
"type": "Point",
"coordinates": [
9.184012,
42.1388405
]
},
"properties": {
"ign_id": "PAIHYDRO0000002490082892",
"name": "",
"state": "En service",
"ign_confirmed": ""
}
},
{
"type": "Feature",
"geometry": {
"type": "Point",
"coordinates": [
8.6572893,
42.3033756
]
},
"properties": {
"ign_id": "PAIHYDRO0000002490088986",
"name": "",
"state": "En service",
"ign_confirmed": ""
}
},
{
"type": "Feature",
"geometry": {
"type": "Point",
"coordinates": [
8.6702324,
42.323228
]
},
"properties": {
"ign_id": "PAIHYDRO0000002490088988",
"name": "",
"state": "En service",
"ign_confirmed": ""
}
},
{
"type": "Feature",
"geometry": {
"type": "Point",
"coordinates": [
9.1142758,
42.486357
]
},
"properties": {
"ign_id": "PAIHYDRO0000002490089055",
"name": "",
"state": "En service",
"ign_confirmed": ""
}
},
{
"type": "Feature",
"geometry": {
"type": "Point",
"coordinates": [
8.9480742,
42.5499534
]
},
"properties": {
"ign_id": "PAIHYDRO0000002490091725",
"name": "",
"state": "En service",
"ign_confirmed": "2025-05-05"
}
},
{
"type": "Feature",
"geometry": {
"type": "Point",
"coordinates": [
9.0048582,
42.3442264
]
},
"properties": {
"ign_id": "PAIHYDRO0000002490096560",
"name": "",
"state": "En service",
"ign_confirmed": ""
}
},
{
"type": "Feature",
"geometry": {
"type": "Point",
"coordinates": [
9.0028472,
42.3328772
]
},
"properties": {
"ign_id": "PAIHYDRO0000002490096562",
"name": "",
"state": "En service",
"ign_confirmed": "2025-05-19"
}
},
{
"type": "Feature",
"geometry": {
"type": "Point",
"coordinates": [
9.199217,
42.3701516
]
},
"properties": {
"ign_id": "PAIHYDRO0000002490173720",
"name": "",
"state": "En service",
"ign_confirmed": ""
}
},
{
"type": "Feature",
"geometry": {
"type": "Point",
"coordinates": [
9.3646641,
42.3926315
]
},
"properties": {
"ign_id": "PAIHYDRO0000002490173797",
"name": "",
"state": "En service",
"ign_confirmed": ""
}
},
{
"type": "Feature",
"geometry": {
"type": "Point",
"coordinates": [
9.4138809,
42.4066559
]
},
"properties": {
"ign_id": "PAIHYDRO0000002490173798",
"name": "",
"state": "En service",
"ign_confirmed": ""
}
},
{
"type": "Feature",
"geometry": {
"type": "Point",
"coordinates": [
9.3571846,
42.4093261
]
},
"properties": {
"ign_id": "PAIHYDRO0000002490173799",
"name": "",
"state": "En service",
"ign_confirmed": ""
}
},
{
"type": "Feature",
"geometry": {
"type": "Point",
"coordinates": [
9.3534569,
42.388879
]
},
"properties": {
"ign_id": "PAIHYDRO0000002490173800",
"name": "",
"state": "En service",
"ign_confirmed": ""
}
},
{
"type": "Feature",
"geometry": {
"type": "Point",
"coordinates": [
9.3641332,
42.4007206
]
},
"properties": {
"ign_id": "PAIHYDRO0000002490173802",
"name": "",
"state": "En service",
"ign_confirmed": ""
}
},
{
"type": "Feature",
"geometry": {
"type": "Point",
"coordinates": [
9.4946201,
42.3978578
]
},
"properties": {
"ign_id": "PAIHYDRO0000002490173803",
"name": "",
"state": "En service",
"ign_confirmed": ""
}
},
{
"type": "Feature",
"geometry": {
"type": "Point",
"coordinates": [
9.4090772,
42.3702651
]
},
"properties": {
"ign_id": "PAIHYDRO0000002490173804",
"name": "",
"state": "En service",
"ign_confirmed": ""
}
},
{
"type": "Feature",
"geometry": {
"type": "Point",
"coordinates": [
9.4097864,
42.3699563
]
},
"properties": {
"ign_id": "PAIHYDRO0000002490173805",
"name": "",
"state": "En service",
"ign_confirmed": ""
}
},
{
"type": "Feature",
"geometry": {
"type": "Point",
"coordinates": [
8.9135424,
42.5454298
]
},
"properties": {
"ign_id": "PAIHYDRO0000002490182761",
"name": "",
"state": "En service",
"ign_confirmed": ""
}
},
{
"type": "Feature",
"geometry": {
"type": "Point",
"coordinates": [
8.888852,
42.5368256
]
},
"properties": {
"ign_id": "PAIHYDRO0000002490182927",
"name": "",
"state": "En service",
"ign_confirmed": ""
}
},
{
"type": "Feature",
"geometry": {
"type": "Point",
"coordinates": [
8.8932317,
42.5606368
]
},
"properties": {
"ign_id": "PAIHYDRO0000002490183032",
"name": "",
"state": "En service",
"ign_confirmed": ""
}
},
{
"type": "Feature",
"geometry": {
"type": "Point",
"coordinates": [
9.067506,
41.6998583
]
},
"properties": {
"ign_id": "PAIHYDRO0000002490184225",
"name": "",
"state": "En service",
"ign_confirmed": ""
}
},
{
"type": "Feature",
"geometry": {
"type": "Point",
"coordinates": [
9.1780656,
41.7192675
]
},
"properties": {
"ign_id": "PAIHYDRO0000002490184512",
"name": "",
"state": "En service",
"ign_confirmed": ""
}
},
{
"type": "Feature",
"geometry": {
"type": "Point",
"coordinates": [
9.2086251,
42.3430761
]
},
"properties": {
"ign_id": "PAIHYDRO0000002490198250",
"name": "",
"state": "En service",
"ign_confirmed": ""
}
},
{
"type": "Feature",
"geometry": {
"type": "Point",
"coordinates": [
8.9180942,
41.7174791
]
},
"properties": {
"ign_id": "PAIHYDRO0000002490255677",
"name": "",
"state": "En service",
"ign_confirmed": ""
}
},
{
"type": "Feature",
"geometry": {
"type": "Point",
"coordinates": [
8.9189727,
41.718016
]
},
"properties": {
"ign_id": "PAIHYDRO0000002490255678",
"name": "",
"state": "En service",
"ign_confirmed": ""
}
},
{
"type": "Feature",
"geometry": {
"type": "Point",
"coordinates": [
8.9187729,
41.7181578
]
},
"properties": {
"ign_id": "PAIHYDRO0000002490255679",
"name": "",
"state": "En service",
"ign_confirmed": ""
}
},
{
"type": "Feature",
"geometry": {
"type": "Point",
"coordinates": [
8.9141826,
41.7457346
]
},
"properties": {
"ign_id": "PAIHYDRO0000002490267392",
"name": "",
"state": "En service",
"ign_confirmed": ""
}
},
{
"type": "Feature",
"geometry": {
"type": "Point",
"coordinates": [
8.6711604,
42.2974312
]
},
"properties": {
"ign_id": "PAIHYDRO0000002490280373",
"name": "",
"state": "En service",
"ign_confirmed": ""
}
},
{
"type": "Feature",
"geometry": {
"type": "Point",
"coordinates": [
9.1043963,
41.9450712
]
},
"properties": {
"ign_id": "PAIHYDRO0000002490283969",
"name": "",
"state": "En service",
"ign_confirmed": "2025-06-05"
}
},
{
"type": "Feature",
"geometry": {
"type": "Point",
"coordinates": [
8.9800985,
42.5603397
]
},
"properties": {
"ign_id": "PAIHYDRO0000002490375857",
"name": "",
"state": "En service",
"ign_confirmed": "2025-05-05"
}
},
{
"type": "Feature",
"geometry": {
"type": "Point",
"coordinates": [
9.0427467,
42.5889411
]
},
"properties": {
"ign_id": "PAIHYDRO0000002490375877",
"name": "Fnutana di Santa Croce",
"state": "En service",
"ign_confirmed": "2025-05-05"
}
},
{
"type": "Feature",
"geometry": {
"type": "Point",
"coordinates": [
8.8021732,
42.252879
]
},
"properties": {
"ign_id": "PAIHYDRO0000002490385110",
"name": "",
"state": "En service",
"ign_confirmed": "2025-06-10"
}
},
{
"type": "Feature",
"geometry": {
"type": "Point",
"coordinates": [
8.8390902,
42.305357
]
},
"properties": {
"ign_id": "PAIHYDRO0000002490385188",
"name": "",
"state": "En service",
"ign_confirmed": ""
}
},
{
"type": "Feature",
"geometry": {
"type": "Point",
"coordinates": [
8.7428634,
42.2582314
]
},
"properties": {
"ign_id": "PAIHYDRO0000002490388883",
"name": "",
"state": "En service",
"ign_confirmed": ""
}
},
{
"type": "Feature",
"geometry": {
"type": "Point",
"coordinates": [
8.554135,
42.2322038
]
},
"properties": {
"ign_id": "PAIHYDRO0000002490389959",
"name": "",
"state": "En service",
"ign_confirmed": ""
}
},
{
"type": "Feature",
"geometry": {
"type": "Point",
"coordinates": [
8.6110976,
42.2398965
]
},
"properties": {
"ign_id": "PAIHYDRO0000002490389963",
"name": "",
"state": "En service",
"ign_confirmed": ""
}
},
{
"type": "Feature",
"geometry": {
"type": "Point",
"coordinates": [
8.6310548,
42.2394256
]
},
"properties": {
"ign_id": "PAIHYDRO0000002490389968",
"name": "",
"state": "En service",
"ign_confirmed": ""
}
},
{
"type": "Feature",
"geometry": {
"type": "Point",
"coordinates": [
8.6323495,
42.2436735
]
},
"properties": {
"ign_id": "PAIHYDRO0000002490389971",
"name": "",
"state": "En service",
"ign_confirmed": ""
}
},
{
"type": "Feature",
"geometry": {
"type": "Point",
"coordinates": [
8.6376897,
42.2379542
]
},
"properties": {
"ign_id": "PAIHYDRO0000002490389972",
"name": "",
"state": "En service",
"ign_confirmed": ""
}
},
{
"type": "Feature",
"geometry": {
"type": "Point",
"coordinates": [
8.6302084,
42.2411535
]
},
"properties": {
"ign_id": "PAIHYDRO0000002490558145",
"name": "",
"state": "En service",
"ign_confirmed": ""
}
},
{
"type": "Feature",
"geometry": {
"type": "Point",
"coordinates": [
8.733802,
42.2773415
]
},
"properties": {
"ign_id": "PAIHYDRO0000002490591215",
"name": "",
"state": "En service",
"ign_confirmed": "2025-06-17"
}
},
{
"type": "Feature",
"geometry": {
"type": "Point",
"coordinates": [
9.0522959,
42.0052104
]
},
"properties": {
"ign_id": "PAIHYDRO0000002490679275",
"name": "Fontaine de Stazzona",
"state": "En service",
"ign_confirmed": "2025-06-24"
}
},
{
"type": "Feature",
"geometry": {
"type": "Point",
"coordinates": [
8.7677498,
42.0285854
]
},
"properties": {
"ign_id": "PAIHYDRO0000002490936301",
"name": "",
"state": "En service",
"ign_confirmed": "2025-06-26"
}
},
{
"type": "Feature",
"geometry": {
"type": "Point",
"coordinates": [
8.8258094,
42.0259207
]
},
"properties": {
"ign_id": "PAIHYDRO0000002490963913",
"name": "",
"state": "En service",
"ign_confirmed": "2025-06-26"
}
},
{
"type": "Feature",
"geometry": {
"type": "Point",
"coordinates": [
8.8115939,
42.045399
]
},
"properties": {
"ign_id": "PAIHYDRO0000002490964423",
"name": "",
"state": "En service",
"ign_confirmed": "2025-06-26"
}
},
{
"type": "Feature",
"geometry": {
"type": "Point",
"coordinates": [
8.8219222,
42.0487536
]
},
"properties": {
"ign_id": "PAIHYDRO0000002490964424",
"name": "",
"state": "En service",
"ign_confirmed": "2025-06-26"
}
},
{
"type": "Feature",
"geometry": {
"type": "Point",
"coordinates": [
8.8250114,
42.0619517
]
},
"properties": {
"ign_id": "PAIHYDRO0000002490964425",
"name": "",
"state": "En service",
"ign_confirmed": "2025-06-26"
}
},
{
"type": "Feature",
"geometry": {
"type": "Point",
"coordinates": [
8.8281241,
42.0595819
]
},
"properties": {
"ign_id": "PAIHYDRO0000002490964426",
"name": "Fontaine Pascal Albertini",
"state": "En service",
"ign_confirmed": "2025-06-26"
}
},
{
"type": "Feature",
"geometry": {
"type": "Point",
"coordinates": [
9.0144195,
42.5745268
]
},
"properties": {
"ign_id": "PAIHYDRO0000002490966830",
"name": "",
"state": "En service",
"ign_confirmed": ""
}
},
{
"type": "Feature",
"geometry": {
"type": "Point",
"coordinates": [
8.8922128,
42.1739282
]
},
"properties": {
"ign_id": "PAIHYDRO0000002490967002",
"name": "",
"state": "En service",
"ign_confirmed": "2025-06-30"
}
},
{
"type": "Feature",
"geometry": {
"type": "Point",
"coordinates": [
8.596986,
42.1349401
]
},
"properties": {
"ign_id": "PAIHYDRO0000002491018155",
"name": "",
"state": "En service",
"ign_confirmed": "2025-06-26"
}
},
{
"type": "Feature",
"geometry": {
"type": "Point",
"coordinates": [
9.1757941,
42.2370305
]
},
"properties": {
"ign_id": "PAIHYDRO0000002491019111",
"name": "",
"state": "En service",
"ign_confirmed": "2025-07-04"
}
},
{
"type": "Feature",
"geometry": {
"type": "Point",
"coordinates": [
9.1182263,
42.1050819
]
},
"properties": {
"ign_id": "PAIHYDRO0000002491168209",
"name": "",
"state": "En service",
"ign_confirmed": "2025-07-05"
}
},
{
"type": "Feature",
"geometry": {
"type": "Point",
"coordinates": [
8.7773935,
42.1775772
]
},
"properties": {
"ign_id": "PAIHYDRO0000002491174164",
"name": "",
"state": "En service",
"ign_confirmed": "2025-06-26"
}
},
{
"type": "Feature",
"geometry": {
"type": "Point",
"coordinates": [
8.7997266,
42.1667881
]
},
"properties": {
"ign_id": "PAIHYDRO0000002491180257",
"name": "",
"state": "En service",
"ign_confirmed": "2025-06-26"
}
},
{
"type": "Feature",
"geometry": {
"type": "Point",
"coordinates": [
8.7879261,
42.236118
]
},
"properties": {
"ign_id": "PAIHYDRO0000002491184361",
"name": "",
"state": "En service",
"ign_confirmed": "2025-06-26"
}
},
{
"type": "Feature",
"geometry": {
"type": "Point",
"coordinates": [
8.6579586,
42.1876552
]
},
"properties": {
"ign_id": "PAIHYDRO0000002491184376",
"name": "",
"state": "En service",
"ign_confirmed": "2025-06-26"
}
},
{
"type": "Feature",
"geometry": {
"type": "Point",
"coordinates": [
9.2090936,
42.1978617
]
},
"properties": {
"ign_id": "PAIHYDRO0000002491227680",
"name": "",
"state": "En service",
"ign_confirmed": ""
}
},
{
"type": "Feature",
"geometry": {
"type": "Point",
"coordinates": [
9.1862869,
42.2581908
]
},
"properties": {
"ign_id": "PAIHYDRO0000002491227704",
"name": "",
"state": "En service",
"ign_confirmed": "2025-07-07"
}
},
{
"type": "Feature",
"geometry": {
"type": "Point",
"coordinates": [
8.948692,
42.1680029
]
},
"properties": {
"ign_id": "PAIHYDRO0000002491227707",
"name": "",
"state": "En service",
"ign_confirmed": ""
}
},
{
"type": "Feature",
"geometry": {
"type": "Point",
"coordinates": [
9.1387335,
42.1614296
]
},
"properties": {
"ign_id": "PAIHYDRO0000002491227715",
"name": "",
"state": "En service",
"ign_confirmed": ""
}
},
{
"type": "Feature",
"geometry": {
"type": "Point",
"coordinates": [
9.1823689,
42.2510823
]
},
"properties": {
"ign_id": "PAIHYDRO0000002491227724",
"name": "",
"state": "En service",
"ign_confirmed": "2025-07-07"
}
},
{
"type": "Feature",
"geometry": {
"type": "Point",
"coordinates": [
8.8420959,
42.1902908
]
},
"properties": {
"ign_id": "PAIHYDRO0000002491264190",
"name": "",
"state": "En service",
"ign_confirmed": "2025-07-10"
}
},
{
"type": "Feature",
"geometry": {
"type": "Point",
"coordinates": [
8.8503377,
42.1901056
]
},
"properties": {
"ign_id": "PAIHYDRO0000002491264193",
"name": "",
"state": "En service",
"ign_confirmed": "2025-07-10"
}
},
{
"type": "Feature",
"geometry": {
"type": "Point",
"coordinates": [
8.9091267,
42.1894674
]
},
"properties": {
"ign_id": "PAIHYDRO0000002491264201",
"name": "",
"state": "En service",
"ign_confirmed": "2025-07-10"
}
},
{
"type": "Feature",
"geometry": {
"type": "Point",
"coordinates": [
8.9317619,
42.1875189
]
},
"properties": {
"ign_id": "PAIHYDRO0000002491264205",
"name": "",
"state": "En service",
"ign_confirmed": "2025-07-10"
}
},
{
"type": "Feature",
"geometry": {
"type": "Point",
"coordinates": [
9.3723558,
41.8366423
]
},
"properties": {
"ign_id": "PAIHYDRO0000002491680685",
"name": "",
"state": "En service",
"ign_confirmed": "2025-07-21"
}
},
{
"type": "Feature",
"geometry": {
"type": "Point",
"coordinates": [
9.1375945,
41.7655156
]
},
"properties": {
"ign_id": "PAIHYDRO0000002491682225",
"name": "",
"state": "En service",
"ign_confirmed": "2025-07-21"
}
},
{
"type": "Feature",
"geometry": {
"type": "Point",
"coordinates": [
9.3041329,
41.8359811
]
},
"properties": {
"ign_id": "PAIHYDRO0000002491682239",
"name": "",
"state": "En service",
"ign_confirmed": "2025-07-21"
}
},
{
"type": "Feature",
"geometry": {
"type": "Point",
"coordinates": [
8.9726363,
41.9759388
]
},
"properties": {
"ign_id": "PAIHYDRO0000002491696755",
"name": "",
"state": "En service",
"ign_confirmed": "2025-07-09"
}
},
{
"type": "Feature",
"geometry": {
"type": "Point",
"coordinates": [
9.2430837,
42.1003172
]
},
"properties": {
"ign_id": "PAIHYDRO0000002491951480",
"name": "",
"state": "En service",
"ign_confirmed": "2025-07-15"
}
},
{
"type": "Feature",
"geometry": {
"type": "Point",
"coordinates": [
8.9743688,
41.7883427
]
},
"properties": {
"ign_id": "PAIHYDRO0000002491966779",
"name": "",
"state": "En service",
"ign_confirmed": "2025-08-25"
}
},
{
"type": "Feature",
"geometry": {
"type": "Point",
"coordinates": [
9.1147234,
42.4922648
]
},
"properties": {
"ign_id": "PAIHYDRO0000002491972218",
"name": "",
"state": "En service",
"ign_confirmed": ""
}
},
{
"type": "Feature",
"geometry": {
"type": "Point",
"coordinates": [
9.1947575,
42.0278572
]
},
"properties": {
"ign_id": "PAIHYDRO0000002491995790",
"name": "",
"state": "En service",
"ign_confirmed": "2025-07-15"
}
},
{
"type": "Feature",
"geometry": {
"type": "Point",
"coordinates": [
8.9048022,
42.0360751
]
},
"properties": {
"ign_id": "PAIHYDRO0000002491995816",
"name": "",
"state": "En service",
"ign_confirmed": "2025-08-25"
}
},
{
"type": "Feature",
"geometry": {
"type": "Point",
"coordinates": [
8.9781042,
42.0445072
]
},
"properties": {
"ign_id": "PAIHYDRO0000002492015465",
"name": "",
"state": "En service",
"ign_confirmed": ""
}
},
{
"type": "Feature",
"geometry": {
"type": "Point",
"coordinates": [
9.0040513,
41.8915841
]
},
"properties": {
"ign_id": "PAIHYDRO0000002492024301",
"name": "",
"state": "En service",
"ign_confirmed": "2025-07-15"
}
},
{
"type": "Feature",
"geometry": {
"type": "Point",
"coordinates": [
9.1291339,
41.9079091
]
},
"properties": {
"ign_id": "PAIHYDRO0000002492024478",
"name": "",
"state": "En service",
"ign_confirmed": "2025-07-15"
}
},
{
"type": "Feature",
"geometry": {
"type": "Point",
"coordinates": [
8.8748747,
42.1290273
]
},
"properties": {
"ign_id": "PAIHYDRO0000002492024581",
"name": "",
"state": "En service",
"ign_confirmed": "2025-08-27"
}
},
{
"type": "Feature",
"geometry": {
"type": "Point",
"coordinates": [
8.9297181,
42.0616691
]
},
"properties": {
"ign_id": "PAIHYDRO0000002492024676",
"name": "",
"state": "En service",
"ign_confirmed": ""
}
},
{
"type": "Feature",
"geometry": {
"type": "Point",
"coordinates": [
9.2711755,
42.09882
]
},
"properties": {
"ign_id": "PAIHYDRO0000002492025347",
"name": "",
"state": "En service",
"ign_confirmed": "2025-08-27"
}
},
{
"type": "Feature",
"geometry": {
"type": "Point",
"coordinates": [
8.9298697,
42.0617336
]
},
"properties": {
"ign_id": "PAIHYDRO0000002492025362",
"name": "",
"state": "En service",
"ign_confirmed": "2025-07-15"
}
},
{
"type": "Feature",
"geometry": {
"type": "Point",
"coordinates": [
9.0039537,
41.890804
]
},
"properties": {
"ign_id": "PAIHYDRO0000002492025365",
"name": "",
"state": "En service",
"ign_confirmed": "2025-08-19"
}
},
{
"type": "Feature",
"geometry": {
"type": "Point",
"coordinates": [
8.9163337,
41.9879585
]
},
"properties": {
"ign_id": "PAIHYDRO0000002492025367",
"name": "",
"state": "En service",
"ign_confirmed": "2025-07-15"
}
},
{
"type": "Feature",
"geometry": {
"type": "Point",
"coordinates": [
9.129255,
41.9057936
]
},
"properties": {
"ign_id": "PAIHYDRO0000002492025385",
"name": "",
"state": "En service",
"ign_confirmed": "2025-07-15"
}
},
{
"type": "Feature",
"geometry": {
"type": "Point",
"coordinates": [
8.9734242,
41.9753744
]
},
"properties": {
"ign_id": "PAIHYDRO0000002492025391",
"name": "",
"state": "En service",
"ign_confirmed": "2025-07-15"
}
},
{
"type": "Feature",
"geometry": {
"type": "Point",
"coordinates": [
8.9487766,
42.1258804
]
},
"properties": {
"ign_id": "PAIHYDRO0000002492025412",
"name": "",
"state": "En service",
"ign_confirmed": "2025-07-15"
}
},
{
"type": "Feature",
"geometry": {
"type": "Point",
"coordinates": [
8.89676,
41.9809805
]
},
"properties": {
"ign_id": "PAIHYDRO0000002492025415",
"name": "",
"state": "En service",
"ign_confirmed": "2025-07-15"
}
},
{
"type": "Feature",
"geometry": {
"type": "Point",
"coordinates": [
9.1940427,
42.0323251
]
},
"properties": {
"ign_id": "PAIHYDRO0000002492029700",
"name": "",
"state": "En service",
"ign_confirmed": "2025-08-28"
}
},
{
"type": "Feature",
"geometry": {
"type": "Point",
"coordinates": [
9.1634875,
41.9407704
]
},
"properties": {
"ign_id": "PAIHYDRO0000002492029711",
"name": "",
"state": "En service",
"ign_confirmed": "2025-08-28"
}
},
{
"type": "Feature",
"geometry": {
"type": "Point",
"coordinates": [
9.1850447,
41.9710427
]
},
"properties": {
"ign_id": "PAIHYDRO0000002492037900",
"name": "",
"state": "En service",
"ign_confirmed": "2025-08-28"
}
},
{
"type": "Feature",
"geometry": {
"type": "Point",
"coordinates": [
9.2108977,
42.1027954
]
},
"properties": {
"ign_id": "PAIHYDRO0000002492037910",
"name": "Fontaine Neptune",
"state": "En service",
"ign_confirmed": "2025-08-28"
}
},
{
"type": "Feature",
"geometry": {
"type": "Point",
"coordinates": [
9.2113787,
42.1043445
]
},
"properties": {
"ign_id": "PAIHYDRO0000002492037925",
"name": "",
"state": "En service",
"ign_confirmed": "2025-08-28"
}
},
{
"type": "Feature",
"geometry": {
"type": "Point",
"coordinates": [
8.904064,
42.1207447
]
},
"properties": {
"ign_id": "PAIHYDRO0000002492038116",
"name": "",
"state": "En service",
"ign_confirmed": "2025-08-28"
}
},
{
"type": "Feature",
"geometry": {
"type": "Point",
"coordinates": [
9.1849803,
41.9695343
]
},
"properties": {
"ign_id": "PAIHYDRO0000002492038125",
"name": "",
"state": "En service",
"ign_confirmed": "2025-08-28"
}
},
{
"type": "Feature",
"geometry": {
"type": "Point",
"coordinates": [
9.4065879,
42.897062
]
},
"properties": {
"ign_id": "PAIHYDRO0000002493086662",
"name": "",
"state": "En service",
"ign_confirmed": ""
}
},
{
"type": "Feature",
"geometry": {
"type": "Point",
"coordinates": [
9.2836648,
42.2628888
]
},
"properties": {
"ign_id": "PAIHYDRO0000002498821947",
"name": "",
"state": "En service",
"ign_confirmed": ""
}
},
{
"type": "Feature",
"geometry": {
"type": "Point",
"coordinates": [
9.3597319,
42.2898739
]
},
"properties": {
"ign_id": "PAIHYDRO0000002498821950",
"name": "",
"state": "En service",
"ign_confirmed": ""
}
},
{
"type": "Feature",
"geometry": {
"type": "Point",
"coordinates": [
9.4252517,
42.2711579
]
},
"properties": {
"ign_id": "PAIHYDRO0000002498821951",
"name": "",
"state": "En service",
"ign_confirmed": ""
}
},
{
"type": "Feature",
"geometry": {
"type": "Point",
"coordinates": [
9.4233094,
42.3171052
]
},
"properties": {
"ign_id": "PAIHYDRO0000002498821952",
"name": "",
"state": "En service",
"ign_confirmed": ""
}
},
{
"type": "Feature",
"geometry": {
"type": "Point",
"coordinates": [
9.3823394,
42.3467584
]
},
"properties": {
"ign_id": "PAIHYDRO0000002498821953",
"name": "",
"state": "En service",
"ign_confirmed": ""
}
},
{
"type": "Feature",
"geometry": {
"type": "Point",
"coordinates": [
8.8262254,
42.2092377
]
},
"properties": {
"ign_id": "PAIHYDRO0000002498828100",
"name": "",
"state": "En service",
"ign_confirmed": "2026-02-11"
}
},
{
"type": "Feature",
"geometry": {
"type": "Point",
"coordinates": [
9.4912739,
42.3314608
]
},
"properties": {
"ign_id": "PAIHYDRO0000002498831433",
"name": "",
"state": "En service",
"ign_confirmed": "2026-02-12"
}
},
{
"type": "Feature",
"geometry": {
"type": "Point",
"coordinates": [
9.4513756,
42.3136458
]
},
"properties": {
"ign_id": "PAIHYDRO0000002498831527",
"name": "",
"state": "En service",
"ign_confirmed": ""
}
},
{
"type": "Feature",
"geometry": {
"type": "Point",
"coordinates": [
9.4409251,
42.3147232
]
},
"properties": {
"ign_id": "PAIHYDRO0000002498831530",
"name": "",
"state": "En service",
"ign_confirmed": ""
}
},
{
"type": "Feature",
"geometry": {
"type": "Point",
"coordinates": [
9.4897501,
42.329625
]
},
"properties": {
"ign_id": "PAIHYDRO0000002498831556",
"name": "",
"state": "En service",
"ign_confirmed": ""
}
},
{
"type": "Feature",
"geometry": {
"type": "Point",
"coordinates": [
9.3789442,
42.3578624
]
},
"properties": {
"ign_id": "PAIHYDRO0000002498851681",
"name": "",
"state": "En service",
"ign_confirmed": ""
}
},
{
"type": "Feature",
"geometry": {
"type": "Point",
"coordinates": [
9.1171818,
42.4879076
]
},
"properties": {
"ign_id": "PAIHYDRO0000002498910971",
"name": "",
"state": "En service",
"ign_confirmed": ""
}
},
{
"type": "Feature",
"geometry": {
"type": "Point",
"coordinates": [
9.0005823,
42.3168446
]
},
"properties": {
"ign_id": "PAIHYDRO0000002498911858",
"name": "",
"state": "En service",
"ign_confirmed": ""
}
},
{
"type": "Feature",
"geometry": {
"type": "Point",
"coordinates": [
9.0052935,
42.3460866
]
},
"properties": {
"ign_id": "PAIHYDRO0000002498911859",
"name": "",
"state": "En service",
"ign_confirmed": ""
}
},
{
"type": "Feature",
"geometry": {
"type": "Point",
"coordinates": [
8.9627353,
41.8711606
]
},
"properties": {
"ign_id": "PAIHYDRO0000002498931110",
"name": "",
"state": "En service",
"ign_confirmed": ""
}
},
{
"type": "Feature",
"geometry": {
"type": "Point",
"coordinates": [
8.8548104,
42.5082069
]
},
"properties": {
"ign_id": "PAIHYDRO0000002498931377",
"name": "",
"state": "En service",
"ign_confirmed": ""
}
}
]
}