station,station_name,stream,lat,lon,date,code,flowing
Y7010001,L'Ancino au pont de la RD 18,Ruisseau de Bornalinco,42.39788,9.132306,2012-05-25,1a,1
Y7010001,L'Ancino au pont de la RD 18,Ruisseau de Bornalinco,42.39788,9.132306,2012-06-25,1f,1
Y7010001,L'Ancino au pont de la RD 18,Ruisseau de Bornalinco,42.39788,9.132306,2012-07-11,1f,1
Y7010001,L'Ancino au pont de la RD 18,Ruisseau de Bornalinco,42.39788,9.132306,2012-07-25,2,0
Y7010001,L'Ancino au pont de la RD 18,Ruisseau de Bornalinco,42.39788,9.132306,2012-08-23,2,0
Y7010001,L'Ancino au pont de la RD 18,Ruisseau de Bornalinco,42.39788,9.132306,2012-09-25,1a,1
Y7010001,L'Ancino au pont de la RD 18,Ruisseau de Bornalinco,42.39788,9.132306,2013-05-23,1a,1
Y7010001,L'Ancino au pont de la RD 18,Ruisseau de Bornalinco,42.39788,9.132306,2013-06-25,1f,1
Y7010001,L'Ancino au pont de la RD 18,Ruisseau de Bornalinco,42.39788,9.132306,2013-07-25,1a,1
Y7010001,L'Ancino au pont de la RD 18,Ruisseau de Bornalinco,42.39788,9.132306,2013-08-23,1f,1
Y7010001,L'Ancino au pont de la RD 18,Ruisseau de Bornalinco,42.39788,9.132306,2013-09-19,2,0
Y7010001,L'Ancino au pont de la RD 18,Ruisseau de Bornalinco,42.39788,9.132306,2013-10-24,1f,1
Y7010001,L'Ancino au pont de la RD 18,Ruisseau de Bornalinco,42.39788,9.132306,2014-05-26,1a,1
Y7010001,L'Ancino au pont de la RD 18,Ruisseau de Bornalinco,42.39788,9.132306,2014-06-25,1a,1
Y7010001,L'Ancino au pont de la RD 18,Ruisseau de Bornalinco,42.39788,9.132306,2014-07-24,1a,1
Y7010001,L'Ancino au pont de la RD 18,Ruisseau de Bornalinco,42.39788,9.132306,2014-08-26,1f,1
Y7010001,L'Ancino au pont de la RD 18,Ruisseau de Bornalinco,42.39788,9.132306,2014-09-25,2,0
Y7010001,L'Ancino au pont de la RD 18,Ruisseau de Bornalinco,42.39788,9.132306,2014-10-28,2,0
Y7010001,L'Ancino au pont de la RD 18,Ruisseau de Bornalinco,42.39788,9.132306,2015-05-26,1a,1
Y7010001,L'Ancino au pont de la RD 18,Ruisseau de Bornalinco,42.39788,9.132306,2015-06-23,1a,1
Y7010001,L'Ancino au pont de la RD 18,Ruisseau de Bornalinco,42.39788,9.132306,2015-07-23,1a,1
Y7010001,L'Ancino au pont de la RD 18,Ruisseau de Bornalinco,42.39788,9.132306,2015-08-27,2,0
Y7010001,L'Ancino au pont de la RD 18,Ruisseau de Bornalinco,42.39788,9.132306,2015-09-22,2,0
Y7010001,L'Ancino au pont de la RD 18,Ruisseau de Bornalinco,42.39788,9.132306,2016-05-18,1,1
Y7010001,L'Ancino au pont de la RD 18,Ruisseau de Bornalinco,42.39788,9.132306,2016-06-27,1,1
Y7010001,L'Ancino au pont de la RD 18,Ruisseau de Bornalinco,42.39788,9.132306,2016-07-22,1,1
Y7010001,L'Ancino au pont de la RD 18,Ruisseau de Bornalinco,42.39788,9.132306,2016-08-22,3,0
Y7010001,L'Ancino au pont de la RD 18,Ruisseau de Bornalinco,42.39788,9.132306,2016-09-06,1,1
Y7010001,L'Ancino au pont de la RD 18,Ruisseau de Bornalinco,42.39788,9.132306,2016-09-21,1,1
Y7010001,L'Ancino au pont de la RD 18,Ruisseau de Bornalinco,42.39788,9.132306,2017-05-22,1,1
Y7010001,L'Ancino au pont de la RD 18,Ruisseau de Bornalinco,42.39788,9.132306,2017-06-27,1,1
Y7010001,L'Ancino au pont de la RD 18,Ruisseau de Bornalinco,42.39788,9.132306,2017-06-28,1,1
Y7010001,L'Ancino au pont de la RD 18,Ruisseau de Bornalinco,42.39788,9.132306,2017-07-19,2,0
Y7010001,L'Ancino au pont de la RD 18,Ruisseau de Bornalinco,42.39788,9.132306,2017-08-02,2,0
Y7010001,L'Ancino au pont de la RD 18,Ruisseau de Bornalinco,42.39788,9.132306,2017-08-16,2,0
Y7010001,L'Ancino au pont de la RD 18,Ruisseau de Bornalinco,42.39788,9.132306,2017-08-29,2,0
Y7010001,L'Ancino au pont de la RD 18,Ruisseau de Bornalinco,42.39788,9.132306,2017-08-30,2,0
Y7010001,L'Ancino au pont de la RD 18,Ruisseau de Bornalinco,42.39788,9.132306,2017-09-27,2,0
Y7010001,L'Ancino au pont de la RD 18,Ruisseau de Bornalinco,42.39788,9.132306,2017-10-25,2,0
Y7010001,L'Ancino au pont de la RD 18,Ruisseau de Bornalinco,42.39788,9.132306,2017-11-07,1,1
Y7010001,L'Ancino au pont de la RD 18,Ruisseau de Bornalinco,42.39788,9.132306,2017-11-22,1,1
Y7010001,L'Ancino au pont de la RD 18,Ruisseau de Bornalinco,42.39788,9.132306,2018-02-06,1,1
Y7010001,L'Ancino au pont de la RD 18,Ruisseau de Bornalinco,42.39788,9.132306,2018-03-06,1,1
Y7010001,L'Ancino au pont de la RD 18,Ruisseau de Bornalinco,42.39788,9.132306,2018-03-21,1,1
Y7010001,L'Ancino au pont de la RD 18,Ruisseau de Bornalinco,42.39788,9.132306,2018-04-25,1,1
Y7010001,L'Ancino au pont de la RD 18,Ruisseau de Bornalinco,42.39788,9.132306,2018-05-29,1,1
Y7010001,L'Ancino au pont de la RD 18,Ruisseau de Bornalinco,42.39788,9.132306,2018-06-19,1,1
Y7010001,L'Ancino au pont de la RD 18,Ruisseau de Bornalinco,42.39788,9.132306,2018-07-25,1,1
Y7010001,L'Ancino au pont de la RD 18,Ruisseau de Bornalinco,42.39788,9.132306,2018-08-27,1,1
Y7010001,L'Ancino au pont de la RD 18,Ruisseau de Bornalinco,42.39788,9.132306,2018-09-25,1,1
Y7010001,L'Ancino au pont de la RD 18,Ruisseau de Bornalinco,42.39788,9.132306,2018-10-25,1,1
Y7010001,L'Ancino au pont de la RD 18,Ruisseau de Bornalinco,42.39788,9.132306,2019-04-02,1,1
Y7010001,L'Ancino au pont de la RD 18,Ruisseau de Bornalinco,42.39788,9.132306,2019-04-24,1,1
Y7010001,L'Ancino au pont de la RD 18,Ruisseau de Bornalinco,42.39788,9.132306,2019-05-27,1,1
Y7010001,L'Ancino au pont de la RD 18,Ruisseau de Bornalinco,42.39788,9.132306,2019-06-20,1,1
Y7010001,L'Ancino au pont de la RD 18,Ruisseau de Bornalinco,42.39788,9.132306,2019-07-25,1,1
Y7010001,L'Ancino au pont de la RD 18,Ruisseau de Bornalinco,42.39788,9.132306,2019-08-27,1,1
Y7010001,L'Ancino au pont de la RD 18,Ruisseau de Bornalinco,42.39788,9.132306,2019-09-25,1,1
Y7010001,L'Ancino au pont de la RD 18,Ruisseau de Bornalinco,42.39788,9.132306,2019-10-28,1,1
Y7010001,L'Ancino au pont de la RD 18,Ruisseau de Bornalinco,42.39788,9.132306,2020-05-27,1,1
Y7010001,L'Ancino au pont de la RD 18,Ruisseau de Bornalinco,42.39788,9.132306,2020-06-23,1,1
Y7010001,L'Ancino au pont de la RD 18,Ruisseau de Bornalinco,42.39788,9.132306,2020-07-24,3,0
Y7010001,L'Ancino au pont de la RD 18,Ruisseau de Bornalinco,42.39788,9.132306,2020-08-14,3,0
Y7010001,L'Ancino au pont de la RD 18,Ruisseau de Bornalinco,42.39788,9.132306,2020-08-25,3,0
Y7010001,L'Ancino au pont de la RD 18,Ruisseau de Bornalinco,42.39788,9.132306,2020-09-24,2,0
Y7010001,L'Ancino au pont de la RD 18,Ruisseau de Bornalinco,42.39788,9.132306,2020-10-26,1,1
Y7010001,L'Ancino au pont de la RD 18,Ruisseau de Bornalinco,42.39788,9.132306,2021-05-26,1,1
Y7010001,L'Ancino au pont de la RD 18,Ruisseau de Bornalinco,42.39788,9.132306,2021-06-30,1,1
Y7010001,L'Ancino au pont de la RD 18,Ruisseau de Bornalinco,42.39788,9.132306,2021-07-26,3,0
Y7010001,L'Ancino au pont de la RD 18,Ruisseau de Bornalinco,42.39788,9.132306,2021-08-16,3,0
Y7010001,L'Ancino au pont de la RD 18,Ruisseau de Bornalinco,42.39788,9.132306,2021-08-26,3,0
Y7010001,L'Ancino au pont de la RD 18,Ruisseau de Bornalinco,42.39788,9.132306,2021-09-24,3,0
Y7010001,L'Ancino au pont de la RD 18,Ruisseau de Bornalinco,42.39788,9.132306,2021-10-25,2,0
Y7010001,L'Ancino au pont de la RD 18,Ruisseau de Bornalinco,42.39788,9.132306,2022-03-25,1,1
Y7010001,L'Ancino au pont de la RD 18,Ruisseau de Bornalinco,42.39788,9.132306,2022-04-25,1,1
Y7010001,L'Ancino au pont de la RD 18,Ruisseau de Bornalinco,42.39788,9.132306,2022-05-23,1,1
Y7010001,L'Ancino au pont de la RD 18,Ruisseau de Bornalinco,42.39788,9.132306,2022-06-23,1,1
Y7010001,L'Ancino au pont de la RD 18,Ruisseau de Bornalinco,42.39788,9.132306,2022-07-11,2,0
Y7010001,L'Ancino au pont de la RD 18,Ruisseau de Bornalinco,42.39788,9.132306,2022-07-25,3,0
Y7010001,L'Ancino au pont de la RD 18,Ruisseau de Bornalinco,42.39788,9.132306,2022-08-10,3,0
Y7010001,L'Ancino au pont de la RD 18,Ruisseau de Bornalinco,42.39788,9.132306,2022-08-23,3,0
Y7010001,L'Ancino au pont de la RD 18,Ruisseau de Bornalinco,42.39788,9.132306,2022-09-09,3,0
Y7010001,L'Ancino au pont de la RD 18,Ruisseau de Bornalinco,42.39788,9.132306,2022-09-26,3,0
Y7010001,L'Ancino au pont de la RD 18,Ruisseau de Bornalinco,42.39788,9.132306,2022-10-10,1,1
Y7010001,L'Ancino au pont de la RD 18,Ruisseau de Bornalinco,42.39788,9.132306,2022-10-24,1,1
Y7010001,L'Ancino au pont de la RD 18,Ruisseau de Bornalinco,42.39788,9.132306,2022-11-11,3,0
Y7010001,L'Ancino au pont de la RD 18,Ruisseau de Bornalinco,42.39788,9.132306,2022-11-22,1,1
Y7010001,L'Ancino au pont de la RD 18,Ruisseau de Bornalinco,42.39788,9.132306,2022-12-14,1,1
Y7010001,L'Ancino au pont de la RD 18,Ruisseau de Bornalinco,42.39788,9.132306,2023-01-23,1,1
Y7010001,L'Ancino au pont de la RD 18,Ruisseau de Bornalinco,42.39788,9.132306,2023-02-22,1,1
Y7010001,L'Ancino au pont de la RD 18,Ruisseau de Bornalinco,42.39788,9.132306,2023-03-24,1a,1
Y7010001,L'Ancino au pont de la RD 18,Ruisseau de Bornalinco,42.39788,9.132306,2023-04-24,1a,1
Y7010001,L'Ancino au pont de la RD 18,Ruisseau de Bornalinco,42.39788,9.132306,2023-05-24,1a,1
Y7010001,L'Ancino au pont de la RD 18,Ruisseau de Bornalinco,42.39788,9.132306,2023-06-05,1a,1
Y7010001,L'Ancino au pont de la RD 18,Ruisseau de Bornalinco,42.39788,9.132306,2023-06-26,1a,1
Y7010001,L'Ancino au pont de la RD 18,Ruisseau de Bornalinco,42.39788,9.132306,2023-07-24,1f,1
Y7010001,L'Ancino au pont de la RD 18,Ruisseau de Bornalinco,42.39788,9.132306,2023-08-21,3,0
Y7010001,L'Ancino au pont de la RD 18,Ruisseau de Bornalinco,42.39788,9.132306,2023-09-12,3,0
Y7010001,L'Ancino au pont de la RD 18,Ruisseau de Bornalinco,42.39788,9.132306,2023-09-25,1f,1
Y7010001,L'Ancino au pont de la RD 18,Ruisseau de Bornalinco,42.39788,9.132306,2023-10-10,3,0
Y7010001,L'Ancino au pont de la RD 18,Ruisseau de Bornalinco,42.39788,9.132306,2023-10-23,3,0
Y7010001,L'Ancino au pont de la RD 18,Ruisseau de Bornalinco,42.39788,9.132306,2023-11-24,1a,1
Y7010001,L'Ancino au pont de la RD 18,Ruisseau de Bornalinco,42.39788,9.132306,2024-01-24,1a,1
Y7010001,L'Ancino au pont de la RD 18,Ruisseau de Bornalinco,42.39788,9.132306,2024-02-22,1a,1
Y7010001,L'Ancino au pont de la RD 18,Ruisseau de Bornalinco,42.39788,9.132306,2024-03-22,1a,1
Y7010001,L'Ancino au pont de la RD 18,Ruisseau de Bornalinco,42.39788,9.132306,2024-04-24,1a,1
Y7010001,L'Ancino au pont de la RD 18,Ruisseau de Bornalinco,42.39788,9.132306,2024-05-24,1a,1
Y7010001,L'Ancino au pont de la RD 18,Ruisseau de Bornalinco,42.39788,9.132306,2024-06-21,1a,1
Y7010001,L'Ancino au pont de la RD 18,Ruisseau de Bornalinco,42.39788,9.132306,2024-07-22,3,0
Y7010001,L'Ancino au pont de la RD 18,Ruisseau de Bornalinco,42.39788,9.132306,2024-08-22,3,0
Y7010001,L'Ancino au pont de la RD 18,Ruisseau de Bornalinco,42.39788,9.132306,2024-09-23,1a,1
Y7010001,L'Ancino au pont de la RD 18,Ruisseau de Bornalinco,42.39788,9.132306,2024-10-10,1a,1
Y7010001,L'Ancino au pont de la RD 18,Ruisseau de Bornalinco,42.39788,9.132306,2024-10-22,1a,1
Y7010001,L'Ancino au pont de la RD 18,Ruisseau de Bornalinco,42.39788,9.132306,2024-11-12,1a,1
Y7010001,L'Ancino au pont de la RD 18,Ruisseau de Bornalinco,42.39788,9.132306,2025-04-11,1a,1
Y7010001,L'Ancino au pont de la RD 18,Ruisseau de Bornalinco,42.39788,9.132306,2025-05-23,1a,1
Y7010001,L'Ancino au pont de la RD 18,Ruisseau de Bornalinco,42.39788,9.132306,2025-06-23,1a,1
Y7010001,L'Ancino au pont de la RD 18,Ruisseau de Bornalinco,42.39788,9.132306,2025-07-23,1a,1
Y7010001,L'Ancino au pont de la RD 18,Ruisseau de Bornalinco,42.39788,9.132306,2025-08-25,1f,1
Y7010001,L'Ancino au pont de la RD 18,Ruisseau de Bornalinco,42.39788,9.132306,2025-09-25,3,0
Y7010001,L'Ancino au pont de la RD 18,Ruisseau de Bornalinco,42.39788,9.132306,2025-10-24,3,0
Y7010001,L'Ancino au pont de la RD 18,Ruisseau de Bornalinco,42.39788,9.132306,2025-11-20,1f,1
Y7010001,L'Ancino au pont de la RD 18,Ruisseau de Bornalinco,42.39788,9.132306,2025-12-15,1a,1
Y7010001,L'Ancino au pont de la RD 18,Ruisseau de Bornalinco,42.39788,9.132306,2026-01-14,1a,1
Y7010001,L'Ancino au pont de la RD 18,Ruisseau de Bornalinco,42.39788,9.132306,2026-04-21,1a,1
Y7010001,L'Ancino au pont de la RD 18,Ruisseau de Bornalinco,42.39788,9.132306,2026-05-25,1a,1
Y7010001,L'Ancino au pont de la RD 18,Ruisseau de Bornalinco,42.39788,9.132306,2026-06-26,1f,1
Y7010001,L'Ancino au pont de la RD 18,Ruisseau de Bornalinco,42.39788,9.132306,2026-07-13,3,0
Y7010001,L'Ancino au pont de la RD 18,Ruisseau de Bornalinco,42.39788,9.132306,2026-07-23,3,0
Y7010001,L'Ancino au pont de la RD 18,Ruisseau de Bornalinco,42.39788,9.132306,2026-08-25,1a,1
Y7010001,L'Ancino au pont de la RD 18,Ruisseau de Bornalinco,42.39788,9.132306,2026-09-24,3,0
Y7110001,La Tartagine au pont de la RD 547 au hameau de Piana,Rivière de Tartagine,42.517187,9.122511,2012-05-25,1a,1
Y7110001,La Tartagine au pont de la RD 547 au hameau de Piana,Rivière de Tartagine,42.517187,9.122511,2012-06-25,1a,1
Y7110001,La Tartagine au pont de la RD 547 au hameau de Piana,Rivière de Tartagine,42.517187,9.122511,2012-07-11,1f,1
Y7110001,La Tartagine au pont de la RD 547 au hameau de Piana,Rivière de Tartagine,42.517187,9.122511,2012-07-25,1a,1
Y7110001,La Tartagine au pont de la RD 547 au hameau de Piana,Rivière de Tartagine,42.517187,9.122511,2012-08-23,2,0
Y7110001,La Tartagine au pont de la RD 547 au hameau de Piana,Rivière de Tartagine,42.517187,9.122511,2012-09-25,1a,1
Y7110001,La Tartagine au pont de la RD 547 au hameau de Piana,Rivière de Tartagine,42.517187,9.122511,2013-05-23,1a,1
Y7110001,La Tartagine au pont de la RD 547 au hameau de Piana,Rivière de Tartagine,42.517187,9.122511,2013-06-25,1a,1
Y7110001,La Tartagine au pont de la RD 547 au hameau de Piana,Rivière de Tartagine,42.517187,9.122511,2013-07-25,1a,1
Y7110001,La Tartagine au pont de la RD 547 au hameau de Piana,Rivière de Tartagine,42.517187,9.122511,2013-08-23,1f,1
Y7110001,La Tartagine au pont de la RD 547 au hameau de Piana,Rivière de Tartagine,42.517187,9.122511,2013-09-19,2,0
Y7110001,La Tartagine au pont de la RD 547 au hameau de Piana,Rivière de Tartagine,42.517187,9.122511,2013-10-25,2,0
Y7110001,La Tartagine au pont de la RD 547 au hameau de Piana,Rivière de Tartagine,42.517187,9.122511,2014-05-26,1a,1
Y7110001,La Tartagine au pont de la RD 547 au hameau de Piana,Rivière de Tartagine,42.517187,9.122511,2014-06-25,1a,1
Y7110001,La Tartagine au pont de la RD 547 au hameau de Piana,Rivière de Tartagine,42.517187,9.122511,2014-07-24,1a,1
Y7110001,La Tartagine au pont de la RD 547 au hameau de Piana,Rivière de Tartagine,42.517187,9.122511,2014-08-26,2,0
Y7110001,La Tartagine au pont de la RD 547 au hameau de Piana,Rivière de Tartagine,42.517187,9.122511,2014-09-25,3,0
Y7110001,La Tartagine au pont de la RD 547 au hameau de Piana,Rivière de Tartagine,42.517187,9.122511,2014-10-28,2,0
Y7110001,La Tartagine au pont de la RD 547 au hameau de Piana,Rivière de Tartagine,42.517187,9.122511,2015-05-26,1a,1
Y7110001,La Tartagine au pont de la RD 547 au hameau de Piana,Rivière de Tartagine,42.517187,9.122511,2015-06-23,1a,1
Y7110001,La Tartagine au pont de la RD 547 au hameau de Piana,Rivière de Tartagine,42.517187,9.122511,2015-07-23,1a,1
Y7110001,La Tartagine au pont de la RD 547 au hameau de Piana,Rivière de Tartagine,42.517187,9.122511,2015-08-27,1f,1
Y7110001,La Tartagine au pont de la RD 547 au hameau de Piana,Rivière de Tartagine,42.517187,9.122511,2015-09-22,3,0
Y7110001,La Tartagine au pont de la RD 547 au hameau de Piana,Rivière de Tartagine,42.517187,9.122511,2016-05-18,1,1
Y7110001,La Tartagine au pont de la RD 547 au hameau de Piana,Rivière de Tartagine,42.517187,9.122511,2016-06-27,1,1
Y7110001,La Tartagine au pont de la RD 547 au hameau de Piana,Rivière de Tartagine,42.517187,9.122511,2016-07-22,1,1
Y7110001,La Tartagine au pont de la RD 547 au hameau de Piana,Rivière de Tartagine,42.517187,9.122511,2016-08-22,3,0
Y7110001,La Tartagine au pont de la RD 547 au hameau de Piana,Rivière de Tartagine,42.517187,9.122511,2016-09-06,3,0
Y7110001,La Tartagine au pont de la RD 547 au hameau de Piana,Rivière de Tartagine,42.517187,9.122511,2016-09-21,1,1
Y7110001,La Tartagine au pont de la RD 547 au hameau de Piana,Rivière de Tartagine,42.517187,9.122511,2017-05-22,1,1
Y7110001,La Tartagine au pont de la RD 547 au hameau de Piana,Rivière de Tartagine,42.517187,9.122511,2017-06-26,1,1
Y7110001,La Tartagine au pont de la RD 547 au hameau de Piana,Rivière de Tartagine,42.517187,9.122511,2017-06-28,1,1
Y7110001,La Tartagine au pont de la RD 547 au hameau de Piana,Rivière de Tartagine,42.517187,9.122511,2017-07-19,2,0
Y7110001,La Tartagine au pont de la RD 547 au hameau de Piana,Rivière de Tartagine,42.517187,9.122511,2017-08-01,2,0
Y7110001,La Tartagine au pont de la RD 547 au hameau de Piana,Rivière de Tartagine,42.517187,9.122511,2017-08-16,3,0
Y7110001,La Tartagine au pont de la RD 547 au hameau de Piana,Rivière de Tartagine,42.517187,9.122511,2017-08-29,2,0
Y7110001,La Tartagine au pont de la RD 547 au hameau de Piana,Rivière de Tartagine,42.517187,9.122511,2017-08-30,1,1
Y7110001,La Tartagine au pont de la RD 547 au hameau de Piana,Rivière de Tartagine,42.517187,9.122511,2017-09-27,1,1
Y7110001,La Tartagine au pont de la RD 547 au hameau de Piana,Rivière de Tartagine,42.517187,9.122511,2017-10-25,1,1
Y7110001,La Tartagine au pont de la RD 547 au hameau de Piana,Rivière de Tartagine,42.517187,9.122511,2017-11-07,1,1
Y7110001,La Tartagine au pont de la RD 547 au hameau de Piana,Rivière de Tartagine,42.517187,9.122511,2017-11-22,1,1
Y7110001,La Tartagine au pont de la RD 547 au hameau de Piana,Rivière de Tartagine,42.517187,9.122511,2018-02-06,1,1
Y7110001,La Tartagine au pont de la RD 547 au hameau de Piana,Rivière de Tartagine,42.517187,9.122511,2018-03-06,1,1
Y7110001,La Tartagine au pont de la RD 547 au hameau de Piana,Rivière de Tartagine,42.517187,9.122511,2018-03-21,1,1
Y7110001,La Tartagine au pont de la RD 547 au hameau de Piana,Rivière de Tartagine,42.517187,9.122511,2018-04-25,1,1
Y7110001,La Tartagine au pont de la RD 547 au hameau de Piana,Rivière de Tartagine,42.517187,9.122511,2018-05-29,1,1
Y7110001,La Tartagine au pont de la RD 547 au hameau de Piana,Rivière de Tartagine,42.517187,9.122511,2018-06-19,1,1
Y7110001,La Tartagine au pont de la RD 547 au hameau de Piana,Rivière de Tartagine,42.517187,9.122511,2018-07-25,1,1
Y7110001,La Tartagine au pont de la RD 547 au hameau de Piana,Rivière de Tartagine,42.517187,9.122511,2018-08-27,1,1
Y7110001,La Tartagine au pont de la RD 547 au hameau de Piana,Rivière de Tartagine,42.517187,9.122511,2018-09-25,1,1
Y7110001,La Tartagine au pont de la RD 547 au hameau de Piana,Rivière de Tartagine,42.517187,9.122511,2018-10-25,1,1
Y7110001,La Tartagine au pont de la RD 547 au hameau de Piana,Rivière de Tartagine,42.517187,9.122511,2019-04-02,1,1
Y7110001,La Tartagine au pont de la RD 547 au hameau de Piana,Rivière de Tartagine,42.517187,9.122511,2019-04-24,1,1
Y7110001,La Tartagine au pont de la RD 547 au hameau de Piana,Rivière de Tartagine,42.517187,9.122511,2019-05-27,1,1
Y7110001,La Tartagine au pont de la RD 547 au hameau de Piana,Rivière de Tartagine,42.517187,9.122511,2019-06-20,1,1
Y7110001,La Tartagine au pont de la RD 547 au hameau de Piana,Rivière de Tartagine,42.517187,9.122511,2019-07-25,1,1
Y7110001,La Tartagine au pont de la RD 547 au hameau de Piana,Rivière de Tartagine,42.517187,9.122511,2019-08-27,1,1
Y7110001,La Tartagine au pont de la RD 547 au hameau de Piana,Rivière de Tartagine,42.517187,9.122511,2019-09-25,1,1
Y7110001,La Tartagine au pont de la RD 547 au hameau de Piana,Rivière de Tartagine,42.517187,9.122511,2019-10-28,1,1
Y7110001,La Tartagine au pont de la RD 547 au hameau de Piana,Rivière de Tartagine,42.517187,9.122511,2020-05-27,1,1
Y7110001,La Tartagine au pont de la RD 547 au hameau de Piana,Rivière de Tartagine,42.517187,9.122511,2020-06-23,2,0
Y7110001,La Tartagine au pont de la RD 547 au hameau de Piana,Rivière de Tartagine,42.517187,9.122511,2020-07-24,1,1
Y7110001,La Tartagine au pont de la RD 547 au hameau de Piana,Rivière de Tartagine,42.517187,9.122511,2020-08-14,2,0
Y7110001,La Tartagine au pont de la RD 547 au hameau de Piana,Rivière de Tartagine,42.517187,9.122511,2020-08-25,3,0
Y7110001,La Tartagine au pont de la RD 547 au hameau de Piana,Rivière de Tartagine,42.517187,9.122511,2020-09-24,2,0
Y7110001,La Tartagine au pont de la RD 547 au hameau de Piana,Rivière de Tartagine,42.517187,9.122511,2020-10-26,1,1
Y7110001,La Tartagine au pont de la RD 547 au hameau de Piana,Rivière de Tartagine,42.517187,9.122511,2021-05-26,1,1
Y7110001,La Tartagine au pont de la RD 547 au hameau de Piana,Rivière de Tartagine,42.517187,9.122511,2021-06-30,1,1
Y7110001,La Tartagine au pont de la RD 547 au hameau de Piana,Rivière de Tartagine,42.517187,9.122511,2021-07-26,2,0
Y7110001,La Tartagine au pont de la RD 547 au hameau de Piana,Rivière de Tartagine,42.517187,9.122511,2021-08-16,2,0
Y7110001,La Tartagine au pont de la RD 547 au hameau de Piana,Rivière de Tartagine,42.517187,9.122511,2021-08-26,1,1
Y7110001,La Tartagine au pont de la RD 547 au hameau de Piana,Rivière de Tartagine,42.517187,9.122511,2021-09-24,1,1
Y7110001,La Tartagine au pont de la RD 547 au hameau de Piana,Rivière de Tartagine,42.517187,9.122511,2021-10-25,1,1
Y7110001,La Tartagine au pont de la RD 547 au hameau de Piana,Rivière de Tartagine,42.517187,9.122511,2022-03-25,1,1
Y7110001,La Tartagine au pont de la RD 547 au hameau de Piana,Rivière de Tartagine,42.517187,9.122511,2022-04-25,1,1
Y7110001,La Tartagine au pont de la RD 547 au hameau de Piana,Rivière de Tartagine,42.517187,9.122511,2022-05-23,1,1
Y7110001,La Tartagine au pont de la RD 547 au hameau de Piana,Rivière de Tartagine,42.517187,9.122511,2022-06-23,1,1
Y7110001,La Tartagine au pont de la RD 547 au hameau de Piana,Rivière de Tartagine,42.517187,9.122511,2022-07-11,2,0
Y7110001,La Tartagine au pont de la RD 547 au hameau de Piana,Rivière de Tartagine,42.517187,9.122511,2022-07-25,2,0
Y7110001,La Tartagine au pont de la RD 547 au hameau de Piana,Rivière de Tartagine,42.517187,9.122511,2022-08-10,3,0
Y7110001,La Tartagine au pont de la RD 547 au hameau de Piana,Rivière de Tartagine,42.517187,9.122511,2022-08-23,1,1
Y7110001,La Tartagine au pont de la RD 547 au hameau de Piana,Rivière de Tartagine,42.517187,9.122511,2022-09-09,2,0
Y7110001,La Tartagine au pont de la RD 547 au hameau de Piana,Rivière de Tartagine,42.517187,9.122511,2022-09-26,1,1
Y7110001,La Tartagine au pont de la RD 547 au hameau de Piana,Rivière de Tartagine,42.517187,9.122511,2022-10-10,1,1
Y7110001,La Tartagine au pont de la RD 547 au hameau de Piana,Rivière de Tartagine,42.517187,9.122511,2022-10-24,1,1
Y7110001,La Tartagine au pont de la RD 547 au hameau de Piana,Rivière de Tartagine,42.517187,9.122511,2022-11-11,1,1
Y7110001,La Tartagine au pont de la RD 547 au hameau de Piana,Rivière de Tartagine,42.517187,9.122511,2022-11-22,1,1
Y7110001,La Tartagine au pont de la RD 547 au hameau de Piana,Rivière de Tartagine,42.517187,9.122511,2022-12-14,1,1
Y7110001,La Tartagine au pont de la RD 547 au hameau de Piana,Rivière de Tartagine,42.517187,9.122511,2023-01-23,1,1
Y7110001,La Tartagine au pont de la RD 547 au hameau de Piana,Rivière de Tartagine,42.517187,9.122511,2023-02-22,1,1
Y7110001,La Tartagine au pont de la RD 547 au hameau de Piana,Rivière de Tartagine,42.517187,9.122511,2023-03-24,1a,1
Y7110001,La Tartagine au pont de la RD 547 au hameau de Piana,Rivière de Tartagine,42.517187,9.122511,2023-04-24,1a,1
Y7110001,La Tartagine au pont de la RD 547 au hameau de Piana,Rivière de Tartagine,42.517187,9.122511,2023-05-24,1a,1
Y7110001,La Tartagine au pont de la RD 547 au hameau de Piana,Rivière de Tartagine,42.517187,9.122511,2023-06-05,1a,1
Y7110001,La Tartagine au pont de la RD 547 au hameau de Piana,Rivière de Tartagine,42.517187,9.122511,2023-06-26,1a,1
Y7110001,La Tartagine au pont de la RD 547 au hameau de Piana,Rivière de Tartagine,42.517187,9.122511,2023-07-24,2,0
Y7110001,La Tartagine au pont de la RD 547 au hameau de Piana,Rivière de Tartagine,42.517187,9.122511,2023-08-21,2,0
Y7110001,La Tartagine au pont de la RD 547 au hameau de Piana,Rivière de Tartagine,42.517187,9.122511,2023-09-12,1a,1
Y7110001,La Tartagine au pont de la RD 547 au hameau de Piana,Rivière de Tartagine,42.517187,9.122511,2023-09-25,1a,1
Y7110001,La Tartagine au pont de la RD 547 au hameau de Piana,Rivière de Tartagine,42.517187,9.122511,2023-10-10,1a,1
Y7110001,La Tartagine au pont de la RD 547 au hameau de Piana,Rivière de Tartagine,42.517187,9.122511,2023-10-23,1a,1
Y7110001,La Tartagine au pont de la RD 547 au hameau de Piana,Rivière de Tartagine,42.517187,9.122511,2023-11-24,1a,1
Y7110001,La Tartagine au pont de la RD 547 au hameau de Piana,Rivière de Tartagine,42.517187,9.122511,2024-01-24,1a,1
Y7110001,La Tartagine au pont de la RD 547 au hameau de Piana,Rivière de Tartagine,42.517187,9.122511,2024-02-22,1a,1
Y7110001,La Tartagine au pont de la RD 547 au hameau de Piana,Rivière de Tartagine,42.517187,9.122511,2024-03-22,1a,1
Y7110001,La Tartagine au pont de la RD 547 au hameau de Piana,Rivière de Tartagine,42.517187,9.122511,2024-04-24,1a,1
Y7110001,La Tartagine au pont de la RD 547 au hameau de Piana,Rivière de Tartagine,42.517187,9.122511,2024-05-24,1a,1
Y7110001,La Tartagine au pont de la RD 547 au hameau de Piana,Rivière de Tartagine,42.517187,9.122511,2024-06-21,1a,1
Y7110001,La Tartagine au pont de la RD 547 au hameau de Piana,Rivière de Tartagine,42.517187,9.122511,2024-07-22,1a,1
Y7110001,La Tartagine au pont de la RD 547 au hameau de Piana,Rivière de Tartagine,42.517187,9.122511,2024-08-22,1f,1
Y7110001,La Tartagine au pont de la RD 547 au hameau de Piana,Rivière de Tartagine,42.517187,9.122511,2024-09-23,1a,1
Y7110001,La Tartagine au pont de la RD 547 au hameau de Piana,Rivière de Tartagine,42.517187,9.122511,2024-10-10,1a,1
Y7110001,La Tartagine au pont de la RD 547 au hameau de Piana,Rivière de Tartagine,42.517187,9.122511,2024-10-22,1a,1
Y7110001,La Tartagine au pont de la RD 547 au hameau de Piana,Rivière de Tartagine,42.517187,9.122511,2024-11-12,1a,1
Y7110001,La Tartagine au pont de la RD 547 au hameau de Piana,Rivière de Tartagine,42.517187,9.122511,2025-04-11,1a,1
Y7110001,La Tartagine au pont de la RD 547 au hameau de Piana,Rivière de Tartagine,42.517187,9.122511,2025-05-23,1a,1
Y7110001,La Tartagine au pont de la RD 547 au hameau de Piana,Rivière de Tartagine,42.517187,9.122511,2025-06-23,1a,1
Y7110001,La Tartagine au pont de la RD 547 au hameau de Piana,Rivière de Tartagine,42.517187,9.122511,2025-07-23,1a,1
Y7110001,La Tartagine au pont de la RD 547 au hameau de Piana,Rivière de Tartagine,42.517187,9.122511,2025-08-25,2,0
Y7110001,La Tartagine au pont de la RD 547 au hameau de Piana,Rivière de Tartagine,42.517187,9.122511,2025-09-25,1f,1
Y7110001,La Tartagine au pont de la RD 547 au hameau de Piana,Rivière de Tartagine,42.517187,9.122511,2025-10-24,1a,1
Y7110001,La Tartagine au pont de la RD 547 au hameau de Piana,Rivière de Tartagine,42.517187,9.122511,2025-11-20,1a,1
Y7110001,La Tartagine au pont de la RD 547 au hameau de Piana,Rivière de Tartagine,42.517187,9.122511,2025-12-15,1a,1
Y7110001,La Tartagine au pont de la RD 547 au hameau de Piana,Rivière de Tartagine,42.517187,9.122511,2026-01-14,1a,1
Y7110001,La Tartagine au pont de la RD 547 au hameau de Piana,Rivière de Tartagine,42.517187,9.122511,2026-04-21,1a,1
Y7110001,La Tartagine au pont de la RD 547 au hameau de Piana,Rivière de Tartagine,42.517187,9.122511,2026-05-25,1a,1
Y7110001,La Tartagine au pont de la RD 547 au hameau de Piana,Rivière de Tartagine,42.517187,9.122511,2026-06-26,1a,1
Y7110001,La Tartagine au pont de la RD 547 au hameau de Piana,Rivière de Tartagine,42.517187,9.122511,2026-07-13,1f,1
Y7110001,La Tartagine au pont de la RD 547 au hameau de Piana,Rivière de Tartagine,42.517187,9.122511,2026-07-23,2,0
Y7110001,La Tartagine au pont de la RD 547 au hameau de Piana,Rivière de Tartagine,42.517187,9.122511,2026-08-25,1a,1
Y7110001,La Tartagine au pont de la RD 547 au hameau de Piana,Rivière de Tartagine,42.517187,9.122511,2026-09-24,2,0
Y7310001,Le Bevinco au passage à gué de la salle des fêtes,Le Bevinco,42.616062,9.443264,2012-05-25,1a,1
Y7310001,Le Bevinco au passage à gué de la salle des fêtes,Le Bevinco,42.616062,9.443264,2012-06-25,1a,1
Y7310001,Le Bevinco au passage à gué de la salle des fêtes,Le Bevinco,42.616062,9.443264,2012-07-11,1f,1
Y7310001,Le Bevinco au passage à gué de la salle des fêtes,Le Bevinco,42.616062,9.443264,2012-07-25,1a,1
Y7310001,Le Bevinco au passage à gué de la salle des fêtes,Le Bevinco,42.616062,9.443264,2012-08-23,1f,1
Y7310001,Le Bevinco au passage à gué de la salle des fêtes,Le Bevinco,42.616062,9.443264,2012-09-25,1a,1
Y7310001,Le Bevinco au passage à gué de la salle des fêtes,Le Bevinco,42.616062,9.443264,2013-05-23,1a,1
Y7310001,Le Bevinco au passage à gué de la salle des fêtes,Le Bevinco,42.616062,9.443264,2013-06-25,1a,1
Y7310001,Le Bevinco au passage à gué de la salle des fêtes,Le Bevinco,42.616062,9.443264,2013-07-25,1a,1
Y7310001,Le Bevinco au passage à gué de la salle des fêtes,Le Bevinco,42.616062,9.443264,2013-08-23,1f,1
Y7310001,Le Bevinco au passage à gué de la salle des fêtes,Le Bevinco,42.616062,9.443264,2013-09-19,1f,1
Y7310001,Le Bevinco au passage à gué de la salle des fêtes,Le Bevinco,42.616062,9.443264,2013-10-25,1a,1
Y7310001,Le Bevinco au passage à gué de la salle des fêtes,Le Bevinco,42.616062,9.443264,2014-05-26,1a,1
Y7310001,Le Bevinco au passage à gué de la salle des fêtes,Le Bevinco,42.616062,9.443264,2014-06-25,1a,1
Y7310001,Le Bevinco au passage à gué de la salle des fêtes,Le Bevinco,42.616062,9.443264,2014-07-23,1a,1
Y7310001,Le Bevinco au passage à gué de la salle des fêtes,Le Bevinco,42.616062,9.443264,2014-08-26,2,0
Y7310001,Le Bevinco au passage à gué de la salle des fêtes,Le Bevinco,42.616062,9.443264,2014-09-25,2,0
Y7310001,Le Bevinco au passage à gué de la salle des fêtes,Le Bevinco,42.616062,9.443264,2014-10-28,1,1
Y7310001,Le Bevinco au passage à gué de la salle des fêtes,Le Bevinco,42.616062,9.443264,2015-05-26,1a,1
Y7310001,Le Bevinco au passage à gué de la salle des fêtes,Le Bevinco,42.616062,9.443264,2015-06-23,1a,1
Y7310001,Le Bevinco au passage à gué de la salle des fêtes,Le Bevinco,42.616062,9.443264,2015-07-23,1a,1
Y7310001,Le Bevinco au passage à gué de la salle des fêtes,Le Bevinco,42.616062,9.443264,2015-08-27,1a,1
Y7310001,Le Bevinco au passage à gué de la salle des fêtes,Le Bevinco,42.616062,9.443264,2015-09-22,1a,1
Y7310001,Le Bevinco au passage à gué de la salle des fêtes,Le Bevinco,42.616062,9.443264,2016-05-18,1,1
Y7310001,Le Bevinco au passage à gué de la salle des fêtes,Le Bevinco,42.616062,9.443264,2016-06-27,1,1
Y7310001,Le Bevinco au passage à gué de la salle des fêtes,Le Bevinco,42.616062,9.443264,2016-07-22,3,0
Y7310001,Le Bevinco au passage à gué de la salle des fêtes,Le Bevinco,42.616062,9.443264,2016-08-22,3,0
Y7310001,Le Bevinco au passage à gué de la salle des fêtes,Le Bevinco,42.616062,9.443264,2016-09-06,3,0
Y7310001,Le Bevinco au passage à gué de la salle des fêtes,Le Bevinco,42.616062,9.443264,2016-09-21,3,0
Y7310001,Le Bevinco au passage à gué de la salle des fêtes,Le Bevinco,42.616062,9.443264,2017-05-22,1,1
Y7310001,Le Bevinco au passage à gué de la salle des fêtes,Le Bevinco,42.616062,9.443264,2017-06-27,2,0
Y7310001,Le Bevinco au passage à gué de la salle des fêtes,Le Bevinco,42.616062,9.443264,2017-06-28,2,0
Y7310001,Le Bevinco au passage à gué de la salle des fêtes,Le Bevinco,42.616062,9.443264,2017-07-19,2,0
Y7310001,Le Bevinco au passage à gué de la salle des fêtes,Le Bevinco,42.616062,9.443264,2017-08-01,3,0
Y7310001,Le Bevinco au passage à gué de la salle des fêtes,Le Bevinco,42.616062,9.443264,2017-08-16,3,0
Y7310001,Le Bevinco au passage à gué de la salle des fêtes,Le Bevinco,42.616062,9.443264,2017-08-29,3,0
Y7310001,Le Bevinco au passage à gué de la salle des fêtes,Le Bevinco,42.616062,9.443264,2017-08-30,3,0
Y7310001,Le Bevinco au passage à gué de la salle des fêtes,Le Bevinco,42.616062,9.443264,2017-09-27,3,0
Y7310001,Le Bevinco au passage à gué de la salle des fêtes,Le Bevinco,42.616062,9.443264,2017-10-25,2,0
Y7310001,Le Bevinco au passage à gué de la salle des fêtes,Le Bevinco,42.616062,9.443264,2017-11-07,1,1
Y7310001,Le Bevinco au passage à gué de la salle des fêtes,Le Bevinco,42.616062,9.443264,2017-11-22,1,1
Y7310001,Le Bevinco au passage à gué de la salle des fêtes,Le Bevinco,42.616062,9.443264,2018-02-06,1,1
Y7310001,Le Bevinco au passage à gué de la salle des fêtes,Le Bevinco,42.616062,9.443264,2018-03-06,1,1
Y7310001,Le Bevinco au passage à gué de la salle des fêtes,Le Bevinco,42.616062,9.443264,2018-03-21,1,1
Y7310001,Le Bevinco au passage à gué de la salle des fêtes,Le Bevinco,42.616062,9.443264,2018-04-25,1,1
Y7310001,Le Bevinco au passage à gué de la salle des fêtes,Le Bevinco,42.616062,9.443264,2018-05-29,1,1
Y7310001,Le Bevinco au passage à gué de la salle des fêtes,Le Bevinco,42.616062,9.443264,2018-06-19,1,1
Y7310001,Le Bevinco au passage à gué de la salle des fêtes,Le Bevinco,42.616062,9.443264,2018-07-25,1,1
Y7310001,Le Bevinco au passage à gué de la salle des fêtes,Le Bevinco,42.616062,9.443264,2018-08-27,1,1
Y7310001,Le Bevinco au passage à gué de la salle des fêtes,Le Bevinco,42.616062,9.443264,2018-09-25,1,1
Y7310001,Le Bevinco au passage à gué de la salle des fêtes,Le Bevinco,42.616062,9.443264,2018-10-25,1,1
Y7310001,Le Bevinco au passage à gué de la salle des fêtes,Le Bevinco,42.616062,9.443264,2019-04-02,1,1
Y7310001,Le Bevinco au passage à gué de la salle des fêtes,Le Bevinco,42.616062,9.443264,2019-04-24,1,1
Y7310001,Le Bevinco au passage à gué de la salle des fêtes,Le Bevinco,42.616062,9.443264,2019-05-27,1,1
Y7310001,Le Bevinco au passage à gué de la salle des fêtes,Le Bevinco,42.616062,9.443264,2019-06-20,1,1
Y7310001,Le Bevinco au passage à gué de la salle des fêtes,Le Bevinco,42.616062,9.443264,2019-07-25,1,1
Y7310001,Le Bevinco au passage à gué de la salle des fêtes,Le Bevinco,42.616062,9.443264,2019-08-27,1,1
Y7310001,Le Bevinco au passage à gué de la salle des fêtes,Le Bevinco,42.616062,9.443264,2019-09-25,1,1
Y7310001,Le Bevinco au passage à gué de la salle des fêtes,Le Bevinco,42.616062,9.443264,2019-10-28,1,1
Y7310001,Le Bevinco au passage à gué de la salle des fêtes,Le Bevinco,42.616062,9.443264,2020-05-27,1,1
Y7310001,Le Bevinco au passage à gué de la salle des fêtes,Le Bevinco,42.616062,9.443264,2020-06-23,1,1
Y7310001,Le Bevinco au passage à gué de la salle des fêtes,Le Bevinco,42.616062,9.443264,2020-07-24,2,0
Y7310001,Le Bevinco au passage à gué de la salle des fêtes,Le Bevinco,42.616062,9.443264,2020-08-14,3,0
Y7310001,Le Bevinco au passage à gué de la salle des fêtes,Le Bevinco,42.616062,9.443264,2020-08-25,3,0
Y7310001,Le Bevinco au passage à gué de la salle des fêtes,Le Bevinco,42.616062,9.443264,2020-09-24,1,1
Y7310001,Le Bevinco au passage à gué de la salle des fêtes,Le Bevinco,42.616062,9.443264,2020-10-26,1,1
Y7310001,Le Bevinco au passage à gué de la salle des fêtes,Le Bevinco,42.616062,9.443264,2021-05-26,1,1
Y7310001,Le Bevinco au passage à gué de la salle des fêtes,Le Bevinco,42.616062,9.443264,2021-06-30,3,0
Y7310001,Le Bevinco au passage à gué de la salle des fêtes,Le Bevinco,42.616062,9.443264,2021-07-26,3,0
Y7310001,Le Bevinco au passage à gué de la salle des fêtes,Le Bevinco,42.616062,9.443264,2021-08-16,3,0
Y7310001,Le Bevinco au passage à gué de la salle des fêtes,Le Bevinco,42.616062,9.443264,2021-08-27,3,0
Y7310001,Le Bevinco au passage à gué de la salle des fêtes,Le Bevinco,42.616062,9.443264,2021-09-24,3,0
Y7310001,Le Bevinco au passage à gué de la salle des fêtes,Le Bevinco,42.616062,9.443264,2021-10-25,3,0
Y7310001,Le Bevinco au passage à gué de la salle des fêtes,Le Bevinco,42.616062,9.443264,2022-03-25,1,1
Y7310001,Le Bevinco au passage à gué de la salle des fêtes,Le Bevinco,42.616062,9.443264,2022-04-25,1,1
Y7310001,Le Bevinco au passage à gué de la salle des fêtes,Le Bevinco,42.616062,9.443264,2022-05-23,1,1
Y7310001,Le Bevinco au passage à gué de la salle des fêtes,Le Bevinco,42.616062,9.443264,2022-06-23,3,0
Y7310001,Le Bevinco au passage à gué de la salle des fêtes,Le Bevinco,42.616062,9.443264,2022-07-11,3,0
Y7310001,Le Bevinco au passage à gué de la salle des fêtes,Le Bevinco,42.616062,9.443264,2022-07-25,3,0
Y7310001,Le Bevinco au passage à gué de la salle des fêtes,Le Bevinco,42.616062,9.443264,2022-08-10,3,0
Y7310001,Le Bevinco au passage à gué de la salle des fêtes,Le Bevinco,42.616062,9.443264,2022-08-23,3,0
Y7310001,Le Bevinco au passage à gué de la salle des fêtes,Le Bevinco,42.616062,9.443264,2022-09-09,3,0
Y7310001,Le Bevinco au passage à gué de la salle des fêtes,Le Bevinco,42.616062,9.443264,2022-09-26,3,0
Y7310001,Le Bevinco au passage à gué de la salle des fêtes,Le Bevinco,42.616062,9.443264,2022-10-10,3,0
Y7310001,Le Bevinco au passage à gué de la salle des fêtes,Le Bevinco,42.616062,9.443264,2022-10-24,3,0
Y7310001,Le Bevinco au passage à gué de la salle des fêtes,Le Bevinco,42.616062,9.443264,2022-11-11,3,0
Y7310001,Le Bevinco au passage à gué de la salle des fêtes,Le Bevinco,42.616062,9.443264,2022-11-22,3,0
Y7310001,Le Bevinco au passage à gué de la salle des fêtes,Le Bevinco,42.616062,9.443264,2022-12-14,1,1
Y7310001,Le Bevinco au passage à gué de la salle des fêtes,Le Bevinco,42.616062,9.443264,2023-01-23,1,1
Y7310001,Le Bevinco au passage à gué de la salle des fêtes,Le Bevinco,42.616062,9.443264,2023-02-22,1,1
Y7310001,Le Bevinco au passage à gué de la salle des fêtes,Le Bevinco,42.616062,9.443264,2023-03-24,1a,1
Y7310001,Le Bevinco au passage à gué de la salle des fêtes,Le Bevinco,42.616062,9.443264,2023-04-24,1a,1
Y7310001,Le Bevinco au passage à gué de la salle des fêtes,Le Bevinco,42.616062,9.443264,2023-05-24,1a,1
Y7310001,Le Bevinco au passage à gué de la salle des fêtes,Le Bevinco,42.616062,9.443264,2023-06-05,1a,1
Y7310001,Le Bevinco au passage à gué de la salle des fêtes,Le Bevinco,42.616062,9.443264,2023-06-26,1a,1
Y7310001,Le Bevinco au passage à gué de la salle des fêtes,Le Bevinco,42.616062,9.443264,2023-07-24,2,0
Y7310001,Le Bevinco au passage à gué de la salle des fêtes,Le Bevinco,42.616062,9.443264,2023-08-21,3,0
Y7310001,Le Bevinco au passage à gué de la salle des fêtes,Le Bevinco,42.616062,9.443264,2023-09-12,3,0
Y7310001,Le Bevinco au passage à gué de la salle des fêtes,Le Bevinco,42.616062,9.443264,2023-09-25,3,0
Y7310001,Le Bevinco au passage à gué de la salle des fêtes,Le Bevinco,42.616062,9.443264,2023-10-10,3,0
Y7310001,Le Bevinco au passage à gué de la salle des fêtes,Le Bevinco,42.616062,9.443264,2023-10-23,3,0
Y7310001,Le Bevinco au passage à gué de la salle des fêtes,Le Bevinco,42.616062,9.443264,2023-11-24,1a,1
Y7310001,Le Bevinco au passage à gué de la salle des fêtes,Le Bevinco,42.616062,9.443264,2024-01-24,1a,1
Y7310001,Le Bevinco au passage à gué de la salle des fêtes,Le Bevinco,42.616062,9.443264,2024-02-22,1a,1
Y7310001,Le Bevinco au passage à gué de la salle des fêtes,Le Bevinco,42.616062,9.443264,2024-03-22,1a,1
Y7310001,Le Bevinco au passage à gué de la salle des fêtes,Le Bevinco,42.616062,9.443264,2024-04-24,1a,1
Y7310001,Le Bevinco au passage à gué de la salle des fêtes,Le Bevinco,42.616062,9.443264,2024-05-24,1a,1
Y7310001,Le Bevinco au passage à gué de la salle des fêtes,Le Bevinco,42.616062,9.443264,2024-06-21,3,0
Y7310001,Le Bevinco au passage à gué de la salle des fêtes,Le Bevinco,42.616062,9.443264,2024-07-22,3,0
Y7310001,Le Bevinco au passage à gué de la salle des fêtes,Le Bevinco,42.616062,9.443264,2024-08-22,3,0
Y7310001,Le Bevinco au passage à gué de la salle des fêtes,Le Bevinco,42.616062,9.443264,2024-09-23,1a,1
Y7310001,Le Bevinco au passage à gué de la salle des fêtes,Le Bevinco,42.616062,9.443264,2024-10-10,1a,1
Y7310001,Le Bevinco au passage à gué de la salle des fêtes,Le Bevinco,42.616062,9.443264,2024-10-22,1a,1
Y7310001,Le Bevinco au passage à gué de la salle des fêtes,Le Bevinco,42.616062,9.443264,2024-11-12,1a,1
Y7310001,Le Bevinco au passage à gué de la salle des fêtes,Le Bevinco,42.616062,9.443264,2025-04-11,1a,1
Y7310001,Le Bevinco au passage à gué de la salle des fêtes,Le Bevinco,42.616062,9.443264,2025-05-23,1a,1
Y7310001,Le Bevinco au passage à gué de la salle des fêtes,Le Bevinco,42.616062,9.443264,2025-06-23,1a,1
Y7310001,Le Bevinco au passage à gué de la salle des fêtes,Le Bevinco,42.616062,9.443264,2025-07-23,1a,1
Y7310001,Le Bevinco au passage à gué de la salle des fêtes,Le Bevinco,42.616062,9.443264,2025-08-25,3,0
Y7310001,Le Bevinco au passage à gué de la salle des fêtes,Le Bevinco,42.616062,9.443264,2025-09-25,2,0
Y7310001,Le Bevinco au passage à gué de la salle des fêtes,Le Bevinco,42.616062,9.443264,2025-10-24,3,0
Y7310001,Le Bevinco au passage à gué de la salle des fêtes,Le Bevinco,42.616062,9.443264,2025-11-20,1a,1
Y7310001,Le Bevinco au passage à gué de la salle des fêtes,Le Bevinco,42.616062,9.443264,2025-12-15,1a,1
Y7310001,Le Bevinco au passage à gué de la salle des fêtes,Le Bevinco,42.616062,9.443264,2026-01-14,1a,1
Y7310001,Le Bevinco au passage à gué de la salle des fêtes,Le Bevinco,42.616062,9.443264,2026-04-21,1a,1
Y7310001,Le Bevinco au passage à gué de la salle des fêtes,Le Bevinco,42.616062,9.443264,2026-05-25,1a,1
Y7310001,Le Bevinco au passage à gué de la salle des fêtes,Le Bevinco,42.616062,9.443264,2026-06-26,1a,1
Y7310001,Le Bevinco au passage à gué de la salle des fêtes,Le Bevinco,42.616062,9.443264,2026-07-13,1a,1
Y7310001,Le Bevinco au passage à gué de la salle des fêtes,Le Bevinco,42.616062,9.443264,2026-07-23,3,0
Y7310001,Le Bevinco au passage à gué de la salle des fêtes,Le Bevinco,42.616062,9.443264,2026-08-25,3,0
Y7310001,Le Bevinco au passage à gué de la salle des fêtes,Le Bevinco,42.616062,9.443264,2026-09-24,3,0
Y7310002,Le Bevinco au pont de Bigorno,Le Bevinco,42.570198,9.30551,2012-05-25,1a,1
Y7310002,Le Bevinco au pont de Bigorno,Le Bevinco,42.570198,9.30551,2012-06-25,1a,1
Y7310002,Le Bevinco au pont de Bigorno,Le Bevinco,42.570198,9.30551,2012-07-11,1f,1
Y7310002,Le Bevinco au pont de Bigorno,Le Bevinco,42.570198,9.30551,2012-07-25,1a,1
Y7310002,Le Bevinco au pont de Bigorno,Le Bevinco,42.570198,9.30551,2012-08-23,1f,1
Y7310002,Le Bevinco au pont de Bigorno,Le Bevinco,42.570198,9.30551,2012-09-25,1a,1
Y7310002,Le Bevinco au pont de Bigorno,Le Bevinco,42.570198,9.30551,2013-05-23,1a,1
Y7310002,Le Bevinco au pont de Bigorno,Le Bevinco,42.570198,9.30551,2013-06-25,1a,1
Y7310002,Le Bevinco au pont de Bigorno,Le Bevinco,42.570198,9.30551,2013-07-25,1a,1
Y7310002,Le Bevinco au pont de Bigorno,Le Bevinco,42.570198,9.30551,2013-08-23,1f,1
Y7310002,Le Bevinco au pont de Bigorno,Le Bevinco,42.570198,9.30551,2013-09-19,1f,1
Y7310002,Le Bevinco au pont de Bigorno,Le Bevinco,42.570198,9.30551,2013-10-25,1f,1
Y7310002,Le Bevinco au pont de Bigorno,Le Bevinco,42.570198,9.30551,2014-05-26,1a,1
Y7310002,Le Bevinco au pont de Bigorno,Le Bevinco,42.570198,9.30551,2014-06-25,1a,1
Y7310002,Le Bevinco au pont de Bigorno,Le Bevinco,42.570198,9.30551,2014-07-23,1a,1
Y7310002,Le Bevinco au pont de Bigorno,Le Bevinco,42.570198,9.30551,2014-08-26,1a,1
Y7310002,Le Bevinco au pont de Bigorno,Le Bevinco,42.570198,9.30551,2014-09-25,1f,1
Y7310002,Le Bevinco au pont de Bigorno,Le Bevinco,42.570198,9.30551,2014-10-27,2,0
Y7310002,Le Bevinco au pont de Bigorno,Le Bevinco,42.570198,9.30551,2015-05-26,1a,1
Y7310002,Le Bevinco au pont de Bigorno,Le Bevinco,42.570198,9.30551,2015-06-23,1a,1
Y7310002,Le Bevinco au pont de Bigorno,Le Bevinco,42.570198,9.30551,2015-07-23,1a,1
Y7310002,Le Bevinco au pont de Bigorno,Le Bevinco,42.570198,9.30551,2015-08-27,1a,1
Y7310002,Le Bevinco au pont de Bigorno,Le Bevinco,42.570198,9.30551,2015-09-22,1a,1
Y7310002,Le Bevinco au pont de Bigorno,Le Bevinco,42.570198,9.30551,2016-05-18,1,1
Y7310002,Le Bevinco au pont de Bigorno,Le Bevinco,42.570198,9.30551,2016-06-27,1,1
Y7310002,Le Bevinco au pont de Bigorno,Le Bevinco,42.570198,9.30551,2016-07-22,1,1
Y7310002,Le Bevinco au pont de Bigorno,Le Bevinco,42.570198,9.30551,2016-08-22,2,0
Y7310002,Le Bevinco au pont de Bigorno,Le Bevinco,42.570198,9.30551,2016-09-06,2,0
Y7310002,Le Bevinco au pont de Bigorno,Le Bevinco,42.570198,9.30551,2016-09-21,1,1
Y7310002,Le Bevinco au pont de Bigorno,Le Bevinco,42.570198,9.30551,2017-05-22,1,1
Y7310002,Le Bevinco au pont de Bigorno,Le Bevinco,42.570198,9.30551,2017-06-26,1,1
Y7310002,Le Bevinco au pont de Bigorno,Le Bevinco,42.570198,9.30551,2017-06-28,1,1
Y7310002,Le Bevinco au pont de Bigorno,Le Bevinco,42.570198,9.30551,2017-07-19,1,1
Y7310002,Le Bevinco au pont de Bigorno,Le Bevinco,42.570198,9.30551,2017-08-01,1,1
Y7310002,Le Bevinco au pont de Bigorno,Le Bevinco,42.570198,9.30551,2017-08-16,1,1
Y7310002,Le Bevinco au pont de Bigorno,Le Bevinco,42.570198,9.30551,2017-08-29,1,1
Y7310002,Le Bevinco au pont de Bigorno,Le Bevinco,42.570198,9.30551,2017-08-30,1,1
Y7310002,Le Bevinco au pont de Bigorno,Le Bevinco,42.570198,9.30551,2017-09-27,1,1
Y7310002,Le Bevinco au pont de Bigorno,Le Bevinco,42.570198,9.30551,2017-10-25,1,1
Y7310002,Le Bevinco au pont de Bigorno,Le Bevinco,42.570198,9.30551,2017-11-07,1,1
Y7310002,Le Bevinco au pont de Bigorno,Le Bevinco,42.570198,9.30551,2017-11-22,1,1
Y7310002,Le Bevinco au pont de Bigorno,Le Bevinco,42.570198,9.30551,2018-02-06,1,1
Y7310002,Le Bevinco au pont de Bigorno,Le Bevinco,42.570198,9.30551,2018-03-06,1,1
Y7310002,Le Bevinco au pont de Bigorno,Le Bevinco,42.570198,9.30551,2018-03-21,1,1
Y7310002,Le Bevinco au pont de Bigorno,Le Bevinco,42.570198,9.30551,2018-04-25,1,1
Y7310002,Le Bevinco au pont de Bigorno,Le Bevinco,42.570198,9.30551,2018-05-29,1,1
Y7310002,Le Bevinco au pont de Bigorno,Le Bevinco,42.570198,9.30551,2018-06-19,1,1
Y7310002,Le Bevinco au pont de Bigorno,Le Bevinco,42.570198,9.30551,2018-07-25,1,1
Y7310002,Le Bevinco au pont de Bigorno,Le Bevinco,42.570198,9.30551,2018-08-27,1,1
Y7310002,Le Bevinco au pont de Bigorno,Le Bevinco,42.570198,9.30551,2018-09-25,1,1
Y7310002,Le Bevinco au pont de Bigorno,Le Bevinco,42.570198,9.30551,2018-10-25,1,1
Y7310002,Le Bevinco au pont de Bigorno,Le Bevinco,42.570198,9.30551,2019-04-02,1,1
Y7310002,Le Bevinco au pont de Bigorno,Le Bevinco,42.570198,9.30551,2019-04-24,1,1
Y7310002,Le Bevinco au pont de Bigorno,Le Bevinco,42.570198,9.30551,2019-05-27,1,1
Y7310002,Le Bevinco au pont de Bigorno,Le Bevinco,42.570198,9.30551,2019-06-20,1,1
Y7310002,Le Bevinco au pont de Bigorno,Le Bevinco,42.570198,9.30551,2019-07-25,1,1
Y7310002,Le Bevinco au pont de Bigorno,Le Bevinco,42.570198,9.30551,2019-08-27,1,1
Y7310002,Le Bevinco au pont de Bigorno,Le Bevinco,42.570198,9.30551,2019-09-25,1,1
Y7310002,Le Bevinco au pont de Bigorno,Le Bevinco,42.570198,9.30551,2019-10-28,1,1
Y7310002,Le Bevinco au pont de Bigorno,Le Bevinco,42.570198,9.30551,2020-05-27,1,1
Y7310002,Le Bevinco au pont de Bigorno,Le Bevinco,42.570198,9.30551,2020-06-23,1,1
Y7310002,Le Bevinco au pont de Bigorno,Le Bevinco,42.570198,9.30551,2020-07-24,1,1
Y7310002,Le Bevinco au pont de Bigorno,Le Bevinco,42.570198,9.30551,2020-08-14,2,0
Y7310002,Le Bevinco au pont de Bigorno,Le Bevinco,42.570198,9.30551,2020-08-25,2,0
Y7310002,Le Bevinco au pont de Bigorno,Le Bevinco,42.570198,9.30551,2020-09-24,1,1
Y7310002,Le Bevinco au pont de Bigorno,Le Bevinco,42.570198,9.30551,2020-10-26,1,1
Y7310002,Le Bevinco au pont de Bigorno,Le Bevinco,42.570198,9.30551,2021-05-26,1,1
Y7310002,Le Bevinco au pont de Bigorno,Le Bevinco,42.570198,9.30551,2021-06-30,1,1
Y7310002,Le Bevinco au pont de Bigorno,Le Bevinco,42.570198,9.30551,2021-07-26,3,0
Y7310002,Le Bevinco au pont de Bigorno,Le Bevinco,42.570198,9.30551,2021-08-16,2,0
Y7310002,Le Bevinco au pont de Bigorno,Le Bevinco,42.570198,9.30551,2021-08-27,1,1
Y7310002,Le Bevinco au pont de Bigorno,Le Bevinco,42.570198,9.30551,2021-09-24,2,0
Y7310002,Le Bevinco au pont de Bigorno,Le Bevinco,42.570198,9.30551,2021-10-25,1,1
Y7310002,Le Bevinco au pont de Bigorno,Le Bevinco,42.570198,9.30551,2022-03-25,1,1
Y7310002,Le Bevinco au pont de Bigorno,Le Bevinco,42.570198,9.30551,2022-04-25,1,1
Y7310002,Le Bevinco au pont de Bigorno,Le Bevinco,42.570198,9.30551,2022-05-23,1,1
Y7310002,Le Bevinco au pont de Bigorno,Le Bevinco,42.570198,9.30551,2022-06-23,1,1
Y7310002,Le Bevinco au pont de Bigorno,Le Bevinco,42.570198,9.30551,2022-07-11,1,1
Y7310002,Le Bevinco au pont de Bigorno,Le Bevinco,42.570198,9.30551,2022-07-25,3,0
Y7310002,Le Bevinco au pont de Bigorno,Le Bevinco,42.570198,9.30551,2022-08-10,3,0
Y7310002,Le Bevinco au pont de Bigorno,Le Bevinco,42.570198,9.30551,2022-08-23,3,0
Y7310002,Le Bevinco au pont de Bigorno,Le Bevinco,42.570198,9.30551,2022-09-09,2,0
Y7310002,Le Bevinco au pont de Bigorno,Le Bevinco,42.570198,9.30551,2022-09-26,2,0
Y7310002,Le Bevinco au pont de Bigorno,Le Bevinco,42.570198,9.30551,2022-10-10,1,1
Y7310002,Le Bevinco au pont de Bigorno,Le Bevinco,42.570198,9.30551,2022-10-24,1,1
Y7310002,Le Bevinco au pont de Bigorno,Le Bevinco,42.570198,9.30551,2022-11-11,1,1
Y7310002,Le Bevinco au pont de Bigorno,Le Bevinco,42.570198,9.30551,2022-11-22,1,1
Y7310002,Le Bevinco au pont de Bigorno,Le Bevinco,42.570198,9.30551,2022-12-14,1,1
Y7310002,Le Bevinco au pont de Bigorno,Le Bevinco,42.570198,9.30551,2023-01-23,1,1
Y7310002,Le Bevinco au pont de Bigorno,Le Bevinco,42.570198,9.30551,2023-02-22,1,1
Y7310002,Le Bevinco au pont de Bigorno,Le Bevinco,42.570198,9.30551,2023-03-24,1a,1
Y7310002,Le Bevinco au pont de Bigorno,Le Bevinco,42.570198,9.30551,2023-04-24,1a,1
Y7310002,Le Bevinco au pont de Bigorno,Le Bevinco,42.570198,9.30551,2023-05-24,1a,1
Y7310002,Le Bevinco au pont de Bigorno,Le Bevinco,42.570198,9.30551,2023-06-05,1a,1
Y7310002,Le Bevinco au pont de Bigorno,Le Bevinco,42.570198,9.30551,2023-06-26,1a,1
Y7310002,Le Bevinco au pont de Bigorno,Le Bevinco,42.570198,9.30551,2023-07-24,1a,1
Y7310002,Le Bevinco au pont de Bigorno,Le Bevinco,42.570198,9.30551,2023-08-21,1a,1
Y7310002,Le Bevinco au pont de Bigorno,Le Bevinco,42.570198,9.30551,2023-09-12,1f,1
Y7310002,Le Bevinco au pont de Bigorno,Le Bevinco,42.570198,9.30551,2023-09-25,1f,1
Y7310002,Le Bevinco au pont de Bigorno,Le Bevinco,42.570198,9.30551,2023-10-10,1f,1
Y7310002,Le Bevinco au pont de Bigorno,Le Bevinco,42.570198,9.30551,2023-10-23,2,0
Y7310002,Le Bevinco au pont de Bigorno,Le Bevinco,42.570198,9.30551,2023-11-24,1a,1
Y7310002,Le Bevinco au pont de Bigorno,Le Bevinco,42.570198,9.30551,2024-01-24,1a,1
Y7310002,Le Bevinco au pont de Bigorno,Le Bevinco,42.570198,9.30551,2024-02-22,1a,1
Y7310002,Le Bevinco au pont de Bigorno,Le Bevinco,42.570198,9.30551,2024-03-22,1a,1
Y7310002,Le Bevinco au pont de Bigorno,Le Bevinco,42.570198,9.30551,2024-04-24,1a,1
Y7310002,Le Bevinco au pont de Bigorno,Le Bevinco,42.570198,9.30551,2024-05-24,1a,1
Y7310002,Le Bevinco au pont de Bigorno,Le Bevinco,42.570198,9.30551,2024-06-21,1a,1
Y7310002,Le Bevinco au pont de Bigorno,Le Bevinco,42.570198,9.30551,2024-07-22,1a,1
Y7310002,Le Bevinco au pont de Bigorno,Le Bevinco,42.570198,9.30551,2024-08-22,2,0
Y7310002,Le Bevinco au pont de Bigorno,Le Bevinco,42.570198,9.30551,2024-09-23,1a,1
Y7310002,Le Bevinco au pont de Bigorno,Le Bevinco,42.570198,9.30551,2024-10-10,1a,1
Y7310002,Le Bevinco au pont de Bigorno,Le Bevinco,42.570198,9.30551,2024-10-22,1a,1
Y7310002,Le Bevinco au pont de Bigorno,Le Bevinco,42.570198,9.30551,2024-11-12,1a,1
Y7310002,Le Bevinco au pont de Bigorno,Le Bevinco,42.570198,9.30551,2025-04-11,1a,1
Y7310002,Le Bevinco au pont de Bigorno,Le Bevinco,42.570198,9.30551,2025-05-23,1a,1
Y7310002,Le Bevinco au pont de Bigorno,Le Bevinco,42.570198,9.30551,2025-06-23,1a,1
Y7310002,Le Bevinco au pont de Bigorno,Le Bevinco,42.570198,9.30551,2025-07-23,1a,1
Y7310002,Le Bevinco au pont de Bigorno,Le Bevinco,42.570198,9.30551,2025-08-25,2,0
Y7310002,Le Bevinco au pont de Bigorno,Le Bevinco,42.570198,9.30551,2025-09-25,1f,1
Y7310002,Le Bevinco au pont de Bigorno,Le Bevinco,42.570198,9.30551,2025-10-24,1a,1
Y7310002,Le Bevinco au pont de Bigorno,Le Bevinco,42.570198,9.30551,2025-11-20,1a,1
Y7310002,Le Bevinco au pont de Bigorno,Le Bevinco,42.570198,9.30551,2025-12-15,1a,1
Y7310002,Le Bevinco au pont de Bigorno,Le Bevinco,42.570198,9.30551,2026-01-14,1a,1
Y7310002,Le Bevinco au pont de Bigorno,Le Bevinco,42.570198,9.30551,2026-04-21,1a,1
Y7310002,Le Bevinco au pont de Bigorno,Le Bevinco,42.570198,9.30551,2026-05-25,1a,1
Y7310002,Le Bevinco au pont de Bigorno,Le Bevinco,42.570198,9.30551,2026-06-26,1a,1
Y7310002,Le Bevinco au pont de Bigorno,Le Bevinco,42.570198,9.30551,2026-07-13,1a,1
Y7310002,Le Bevinco au pont de Bigorno,Le Bevinco,42.570198,9.30551,2026-07-23,1f,1
Y7310002,Le Bevinco au pont de Bigorno,Le Bevinco,42.570198,9.30551,2026-08-25,1f,1
Y7310002,Le Bevinco au pont de Bigorno,Le Bevinco,42.570198,9.30551,2026-09-24,1f,1
Y7330001,Le Fium Albino au pont de la RD 333,Fium'Albino,42.705454,9.373255,2012-05-25,1a,1
Y7330001,Le Fium Albino au pont de la RD 333,Fium'Albino,42.705454,9.373255,2012-06-25,1f,1
Y7330001,Le Fium Albino au pont de la RD 333,Fium'Albino,42.705454,9.373255,2012-07-11,1a,1
Y7330001,Le Fium Albino au pont de la RD 333,Fium'Albino,42.705454,9.373255,2012-07-25,1f,1
Y7330001,Le Fium Albino au pont de la RD 333,Fium'Albino,42.705454,9.373255,2012-08-23,1f,1
Y7330001,Le Fium Albino au pont de la RD 333,Fium'Albino,42.705454,9.373255,2012-09-25,1a,1
Y7330001,Le Fium Albino au pont de la RD 333,Fium'Albino,42.705454,9.373255,2013-05-23,1a,1
Y7330001,Le Fium Albino au pont de la RD 333,Fium'Albino,42.705454,9.373255,2013-06-25,1a,1
Y7330001,Le Fium Albino au pont de la RD 333,Fium'Albino,42.705454,9.373255,2013-07-25,1a,1
Y7330001,Le Fium Albino au pont de la RD 333,Fium'Albino,42.705454,9.373255,2013-08-23,3,0
Y7330001,Le Fium Albino au pont de la RD 333,Fium'Albino,42.705454,9.373255,2013-09-19,2,0
Y7330001,Le Fium Albino au pont de la RD 333,Fium'Albino,42.705454,9.373255,2013-10-25,2,0
Y7330001,Le Fium Albino au pont de la RD 333,Fium'Albino,42.705454,9.373255,2014-05-26,1a,1
Y7330001,Le Fium Albino au pont de la RD 333,Fium'Albino,42.705454,9.373255,2014-06-25,1a,1
Y7330001,Le Fium Albino au pont de la RD 333,Fium'Albino,42.705454,9.373255,2014-07-23,1a,1
Y7330001,Le Fium Albino au pont de la RD 333,Fium'Albino,42.705454,9.373255,2014-08-26,1f,1
Y7330001,Le Fium Albino au pont de la RD 333,Fium'Albino,42.705454,9.373255,2014-09-25,2,0
Y7330001,Le Fium Albino au pont de la RD 333,Fium'Albino,42.705454,9.373255,2014-10-27,3,0
Y7330001,Le Fium Albino au pont de la RD 333,Fium'Albino,42.705454,9.373255,2015-05-26,1a,1
Y7330001,Le Fium Albino au pont de la RD 333,Fium'Albino,42.705454,9.373255,2015-06-23,1a,1
Y7330001,Le Fium Albino au pont de la RD 333,Fium'Albino,42.705454,9.373255,2015-07-23,1f,1
Y7330001,Le Fium Albino au pont de la RD 333,Fium'Albino,42.705454,9.373255,2015-08-27,1a,1
Y7330001,Le Fium Albino au pont de la RD 333,Fium'Albino,42.705454,9.373255,2015-09-22,1a,1
Y7330001,Le Fium Albino au pont de la RD 333,Fium'Albino,42.705454,9.373255,2016-05-18,1,1
Y7330001,Le Fium Albino au pont de la RD 333,Fium'Albino,42.705454,9.373255,2016-06-27,3,0
Y7330001,Le Fium Albino au pont de la RD 333,Fium'Albino,42.705454,9.373255,2016-07-22,1,1
Y7330001,Le Fium Albino au pont de la RD 333,Fium'Albino,42.705454,9.373255,2016-08-22,3,0
Y7330001,Le Fium Albino au pont de la RD 333,Fium'Albino,42.705454,9.373255,2016-09-06,2,0
Y7330001,Le Fium Albino au pont de la RD 333,Fium'Albino,42.705454,9.373255,2016-09-21,1,1
Y7330001,Le Fium Albino au pont de la RD 333,Fium'Albino,42.705454,9.373255,2017-05-22,1,1
Y7330001,Le Fium Albino au pont de la RD 333,Fium'Albino,42.705454,9.373255,2017-06-26,1,1
Y7330001,Le Fium Albino au pont de la RD 333,Fium'Albino,42.705454,9.373255,2017-06-28,1,1
Y7330001,Le Fium Albino au pont de la RD 333,Fium'Albino,42.705454,9.373255,2017-07-19,1,1
Y7330001,Le Fium Albino au pont de la RD 333,Fium'Albino,42.705454,9.373255,2017-08-01,3,0
Y7330001,Le Fium Albino au pont de la RD 333,Fium'Albino,42.705454,9.373255,2017-08-16,3,0
Y7330001,Le Fium Albino au pont de la RD 333,Fium'Albino,42.705454,9.373255,2017-08-29,2,0
Y7330001,Le Fium Albino au pont de la RD 333,Fium'Albino,42.705454,9.373255,2017-08-30,1,1
Y7330001,Le Fium Albino au pont de la RD 333,Fium'Albino,42.705454,9.373255,2017-09-27,1,1
Y7330001,Le Fium Albino au pont de la RD 333,Fium'Albino,42.705454,9.373255,2017-10-24,1,1
Y7330001,Le Fium Albino au pont de la RD 333,Fium'Albino,42.705454,9.373255,2017-11-07,1,1
Y7330001,Le Fium Albino au pont de la RD 333,Fium'Albino,42.705454,9.373255,2017-11-22,1,1
Y7330001,Le Fium Albino au pont de la RD 333,Fium'Albino,42.705454,9.373255,2018-02-06,1,1
Y7330001,Le Fium Albino au pont de la RD 333,Fium'Albino,42.705454,9.373255,2018-03-06,1,1
Y7330001,Le Fium Albino au pont de la RD 333,Fium'Albino,42.705454,9.373255,2018-03-21,1,1
Y7330001,Le Fium Albino au pont de la RD 333,Fium'Albino,42.705454,9.373255,2018-04-25,1,1
Y7330001,Le Fium Albino au pont de la RD 333,Fium'Albino,42.705454,9.373255,2018-05-29,1,1
Y7330001,Le Fium Albino au pont de la RD 333,Fium'Albino,42.705454,9.373255,2018-06-19,1,1
Y7330001,Le Fium Albino au pont de la RD 333,Fium'Albino,42.705454,9.373255,2018-07-25,1,1
Y7330001,Le Fium Albino au pont de la RD 333,Fium'Albino,42.705454,9.373255,2018-08-27,1,1
Y7330001,Le Fium Albino au pont de la RD 333,Fium'Albino,42.705454,9.373255,2018-09-25,1,1
Y7330001,Le Fium Albino au pont de la RD 333,Fium'Albino,42.705454,9.373255,2018-10-25,1,1
Y7330001,Le Fium Albino au pont de la RD 333,Fium'Albino,42.705454,9.373255,2019-04-02,1,1
Y7330001,Le Fium Albino au pont de la RD 333,Fium'Albino,42.705454,9.373255,2019-04-24,1,1
Y7330001,Le Fium Albino au pont de la RD 333,Fium'Albino,42.705454,9.373255,2019-05-27,1,1
Y7330001,Le Fium Albino au pont de la RD 333,Fium'Albino,42.705454,9.373255,2019-06-20,1,1
Y7330001,Le Fium Albino au pont de la RD 333,Fium'Albino,42.705454,9.373255,2019-07-25,1,1
Y7330001,Le Fium Albino au pont de la RD 333,Fium'Albino,42.705454,9.373255,2019-08-27,1,1
Y7330001,Le Fium Albino au pont de la RD 333,Fium'Albino,42.705454,9.373255,2019-09-25,1,1
Y7330001,Le Fium Albino au pont de la RD 333,Fium'Albino,42.705454,9.373255,2019-10-28,1,1
Y7330001,Le Fium Albino au pont de la RD 333,Fium'Albino,42.705454,9.373255,2020-05-27,1,1
Y7330001,Le Fium Albino au pont de la RD 333,Fium'Albino,42.705454,9.373255,2020-06-23,1,1
Y7330001,Le Fium Albino au pont de la RD 333,Fium'Albino,42.705454,9.373255,2020-07-24,1,1
Y7330001,Le Fium Albino au pont de la RD 333,Fium'Albino,42.705454,9.373255,2020-08-14,1,1
Y7330001,Le Fium Albino au pont de la RD 333,Fium'Albino,42.705454,9.373255,2020-08-25,2,0
Y7330001,Le Fium Albino au pont de la RD 333,Fium'Albino,42.705454,9.373255,2020-09-24,1,1
Y7330001,Le Fium Albino au pont de la RD 333,Fium'Albino,42.705454,9.373255,2020-10-26,1,1
Y7330001,Le Fium Albino au pont de la RD 333,Fium'Albino,42.705454,9.373255,2021-05-26,1,1
Y7330001,Le Fium Albino au pont de la RD 333,Fium'Albino,42.705454,9.373255,2021-06-30,1,1
Y7330001,Le Fium Albino au pont de la RD 333,Fium'Albino,42.705454,9.373255,2021-07-26,1,1
Y7330001,Le Fium Albino au pont de la RD 333,Fium'Albino,42.705454,9.373255,2021-08-16,1,1
Y7330001,Le Fium Albino au pont de la RD 333,Fium'Albino,42.705454,9.373255,2021-08-27,3,0
Y7330001,Le Fium Albino au pont de la RD 333,Fium'Albino,42.705454,9.373255,2021-09-24,2,0
Y7330001,Le Fium Albino au pont de la RD 333,Fium'Albino,42.705454,9.373255,2021-10-25,1,1
Y7330001,Le Fium Albino au pont de la RD 333,Fium'Albino,42.705454,9.373255,2022-03-25,1,1
Y7330001,Le Fium Albino au pont de la RD 333,Fium'Albino,42.705454,9.373255,2022-04-25,1,1
Y7330001,Le Fium Albino au pont de la RD 333,Fium'Albino,42.705454,9.373255,2022-05-23,1,1
Y7330001,Le Fium Albino au pont de la RD 333,Fium'Albino,42.705454,9.373255,2022-06-23,1,1
Y7330001,Le Fium Albino au pont de la RD 333,Fium'Albino,42.705454,9.373255,2022-07-11,1,1
Y7330001,Le Fium Albino au pont de la RD 333,Fium'Albino,42.705454,9.373255,2022-07-25,2,0
Y7330001,Le Fium Albino au pont de la RD 333,Fium'Albino,42.705454,9.373255,2022-08-10,2,0
Y7330001,Le Fium Albino au pont de la RD 333,Fium'Albino,42.705454,9.373255,2022-08-23,2,0
Y7330001,Le Fium Albino au pont de la RD 333,Fium'Albino,42.705454,9.373255,2022-09-09,2,0
Y7330001,Le Fium Albino au pont de la RD 333,Fium'Albino,42.705454,9.373255,2022-09-26,1,1
Y7330001,Le Fium Albino au pont de la RD 333,Fium'Albino,42.705454,9.373255,2022-10-10,3,0
Y7330001,Le Fium Albino au pont de la RD 333,Fium'Albino,42.705454,9.373255,2022-10-24,3,0
Y7330001,Le Fium Albino au pont de la RD 333,Fium'Albino,42.705454,9.373255,2022-11-11,2,0
Y7330001,Le Fium Albino au pont de la RD 333,Fium'Albino,42.705454,9.373255,2022-11-22,1,1
Y7330001,Le Fium Albino au pont de la RD 333,Fium'Albino,42.705454,9.373255,2022-12-14,1,1
Y7330001,Le Fium Albino au pont de la RD 333,Fium'Albino,42.705454,9.373255,2023-01-23,1,1
Y7330001,Le Fium Albino au pont de la RD 333,Fium'Albino,42.705454,9.373255,2023-02-22,1,1
Y7330001,Le Fium Albino au pont de la RD 333,Fium'Albino,42.705454,9.373255,2023-03-24,1f,1
Y7330001,Le Fium Albino au pont de la RD 333,Fium'Albino,42.705454,9.373255,2023-04-24,1a,1
Y7330001,Le Fium Albino au pont de la RD 333,Fium'Albino,42.705454,9.373255,2023-05-24,1a,1
Y7330001,Le Fium Albino au pont de la RD 333,Fium'Albino,42.705454,9.373255,2023-06-05,1a,1
Y7330001,Le Fium Albino au pont de la RD 333,Fium'Albino,42.705454,9.373255,2023-06-26,1a,1
Y7330001,Le Fium Albino au pont de la RD 333,Fium'Albino,42.705454,9.373255,2023-07-24,2,0
Y7330001,Le Fium Albino au pont de la RD 333,Fium'Albino,42.705454,9.373255,2023-08-21,3,0
Y7330001,Le Fium Albino au pont de la RD 333,Fium'Albino,42.705454,9.373255,2023-09-12,2,0
Y7330001,Le Fium Albino au pont de la RD 333,Fium'Albino,42.705454,9.373255,2023-09-25,2,0
Y7330001,Le Fium Albino au pont de la RD 333,Fium'Albino,42.705454,9.373255,2023-10-10,2,0
Y7330001,Le Fium Albino au pont de la RD 333,Fium'Albino,42.705454,9.373255,2023-10-23,2,0
Y7330001,Le Fium Albino au pont de la RD 333,Fium'Albino,42.705454,9.373255,2023-11-24,1a,1
Y7330001,Le Fium Albino au pont de la RD 333,Fium'Albino,42.705454,9.373255,2024-01-24,1a,1
Y7330001,Le Fium Albino au pont de la RD 333,Fium'Albino,42.705454,9.373255,2024-02-22,1a,1
Y7330001,Le Fium Albino au pont de la RD 333,Fium'Albino,42.705454,9.373255,2024-03-22,1a,1
Y7330001,Le Fium Albino au pont de la RD 333,Fium'Albino,42.705454,9.373255,2024-04-24,1a,1
Y7330001,Le Fium Albino au pont de la RD 333,Fium'Albino,42.705454,9.373255,2024-05-24,1a,1
Y7330001,Le Fium Albino au pont de la RD 333,Fium'Albino,42.705454,9.373255,2024-06-21,1a,1
Y7330001,Le Fium Albino au pont de la RD 333,Fium'Albino,42.705454,9.373255,2024-07-22,1a,1
Y7330001,Le Fium Albino au pont de la RD 333,Fium'Albino,42.705454,9.373255,2024-08-22,2,0
Y7330001,Le Fium Albino au pont de la RD 333,Fium'Albino,42.705454,9.373255,2024-09-23,1a,1
Y7330001,Le Fium Albino au pont de la RD 333,Fium'Albino,42.705454,9.373255,2024-10-10,1a,1
Y7330001,Le Fium Albino au pont de la RD 333,Fium'Albino,42.705454,9.373255,2024-10-22,1a,1
Y7330001,Le Fium Albino au pont de la RD 333,Fium'Albino,42.705454,9.373255,2024-11-12,1a,1
Y7330001,Le Fium Albino au pont de la RD 333,Fium'Albino,42.705454,9.373255,2025-04-11,1a,1
Y7330001,Le Fium Albino au pont de la RD 333,Fium'Albino,42.705454,9.373255,2025-05-23,1a,1
Y7330001,Le Fium Albino au pont de la RD 333,Fium'Albino,42.705454,9.373255,2025-06-23,1a,1
Y7330001,Le Fium Albino au pont de la RD 333,Fium'Albino,42.705454,9.373255,2025-07-23,1a,1
Y7330001,Le Fium Albino au pont de la RD 333,Fium'Albino,42.705454,9.373255,2025-08-25,1a,1
Y7330001,Le Fium Albino au pont de la RD 333,Fium'Albino,42.705454,9.373255,2025-09-25,1f,1
Y7330001,Le Fium Albino au pont de la RD 333,Fium'Albino,42.705454,9.373255,2025-10-24,1f,1
Y7330001,Le Fium Albino au pont de la RD 333,Fium'Albino,42.705454,9.373255,2025-11-20,1a,1
Y7330001,Le Fium Albino au pont de la RD 333,Fium'Albino,42.705454,9.373255,2025-12-15,1a,1
Y7330001,Le Fium Albino au pont de la RD 333,Fium'Albino,42.705454,9.373255,2026-01-14,1a,1
Y7330001,Le Fium Albino au pont de la RD 333,Fium'Albino,42.705454,9.373255,2026-04-21,1a,1
Y7330001,Le Fium Albino au pont de la RD 333,Fium'Albino,42.705454,9.373255,2026-05-25,1a,1
Y7330001,Le Fium Albino au pont de la RD 333,Fium'Albino,42.705454,9.373255,2026-06-26,1a,1
Y7330001,Le Fium Albino au pont de la RD 333,Fium'Albino,42.705454,9.373255,2026-07-13,1f,1
Y7330001,Le Fium Albino au pont de la RD 333,Fium'Albino,42.705454,9.373255,2026-07-23,1f,1
Y7330001,Le Fium Albino au pont de la RD 333,Fium'Albino,42.705454,9.373255,2026-08-25,1f,1
Y7330001,Le Fium Albino au pont de la RD 333,Fium'Albino,42.705454,9.373255,2026-09-24,1f,1
Y7400001,Le ruisseau de Pietracorbara après sa confluence avec le ruisseau de Piscine,Ruisseau de Pietracorbara,42.84656,9.44214,2012-05-25,1a,1
Y7400001,Le ruisseau de Pietracorbara après sa confluence avec le ruisseau de Piscine,Ruisseau de Pietracorbara,42.84656,9.44214,2012-06-25,1a,1
Y7400001,Le ruisseau de Pietracorbara après sa confluence avec le ruisseau de Piscine,Ruisseau de Pietracorbara,42.84656,9.44214,2012-07-11,1f,1
Y7400001,Le ruisseau de Pietracorbara après sa confluence avec le ruisseau de Piscine,Ruisseau de Pietracorbara,42.84656,9.44214,2012-07-25,1f,1
Y7400001,Le ruisseau de Pietracorbara après sa confluence avec le ruisseau de Piscine,Ruisseau de Pietracorbara,42.84656,9.44214,2012-08-23,2,0
Y7400001,Le ruisseau de Pietracorbara après sa confluence avec le ruisseau de Piscine,Ruisseau de Pietracorbara,42.84656,9.44214,2012-09-25,1f,1
Y7400001,Le ruisseau de Pietracorbara après sa confluence avec le ruisseau de Piscine,Ruisseau de Pietracorbara,42.84656,9.44214,2013-05-23,1a,1
Y7400001,Le ruisseau de Pietracorbara après sa confluence avec le ruisseau de Piscine,Ruisseau de Pietracorbara,42.84656,9.44214,2013-06-25,1f,1
Y7400001,Le ruisseau de Pietracorbara après sa confluence avec le ruisseau de Piscine,Ruisseau de Pietracorbara,42.84656,9.44214,2013-07-25,1a,1
Y7400001,Le ruisseau de Pietracorbara après sa confluence avec le ruisseau de Piscine,Ruisseau de Pietracorbara,42.84656,9.44214,2013-08-23,2,0
Y7400001,Le ruisseau de Pietracorbara après sa confluence avec le ruisseau de Piscine,Ruisseau de Pietracorbara,42.84656,9.44214,2013-09-19,1f,1
Y7400001,Le ruisseau de Pietracorbara après sa confluence avec le ruisseau de Piscine,Ruisseau de Pietracorbara,42.84656,9.44214,2013-10-24,1f,1
Y7400001,Le ruisseau de Pietracorbara après sa confluence avec le ruisseau de Piscine,Ruisseau de Pietracorbara,42.84656,9.44214,2014-05-26,1a,1
Y7400001,Le ruisseau de Pietracorbara après sa confluence avec le ruisseau de Piscine,Ruisseau de Pietracorbara,42.84656,9.44214,2014-06-25,1a,1
Y7400001,Le ruisseau de Pietracorbara après sa confluence avec le ruisseau de Piscine,Ruisseau de Pietracorbara,42.84656,9.44214,2014-07-24,1a,1
Y7400001,Le ruisseau de Pietracorbara après sa confluence avec le ruisseau de Piscine,Ruisseau de Pietracorbara,42.84656,9.44214,2014-08-27,1f,1
Y7400001,Le ruisseau de Pietracorbara après sa confluence avec le ruisseau de Piscine,Ruisseau de Pietracorbara,42.84656,9.44214,2014-09-25,1f,1
Y7400001,Le ruisseau de Pietracorbara après sa confluence avec le ruisseau de Piscine,Ruisseau de Pietracorbara,42.84656,9.44214,2014-10-28,2,0
Y7400001,Le ruisseau de Pietracorbara après sa confluence avec le ruisseau de Piscine,Ruisseau de Pietracorbara,42.84656,9.44214,2015-05-26,1a,1
Y7400001,Le ruisseau de Pietracorbara après sa confluence avec le ruisseau de Piscine,Ruisseau de Pietracorbara,42.84656,9.44214,2015-06-23,1a,1
Y7400001,Le ruisseau de Pietracorbara après sa confluence avec le ruisseau de Piscine,Ruisseau de Pietracorbara,42.84656,9.44214,2015-07-23,1f,1
Y7400001,Le ruisseau de Pietracorbara après sa confluence avec le ruisseau de Piscine,Ruisseau de Pietracorbara,42.84656,9.44214,2015-08-27,1a,1
Y7400001,Le ruisseau de Pietracorbara après sa confluence avec le ruisseau de Piscine,Ruisseau de Pietracorbara,42.84656,9.44214,2015-09-22,1f,1
Y7400001,Le ruisseau de Pietracorbara après sa confluence avec le ruisseau de Piscine,Ruisseau de Pietracorbara,42.84656,9.44214,2016-05-18,1,1
Y7400001,Le ruisseau de Pietracorbara après sa confluence avec le ruisseau de Piscine,Ruisseau de Pietracorbara,42.84656,9.44214,2016-06-27,1,1
Y7400001,Le ruisseau de Pietracorbara après sa confluence avec le ruisseau de Piscine,Ruisseau de Pietracorbara,42.84656,9.44214,2016-07-22,1,1
Y7400001,Le ruisseau de Pietracorbara après sa confluence avec le ruisseau de Piscine,Ruisseau de Pietracorbara,42.84656,9.44214,2016-08-22,1,1
Y7400001,Le ruisseau de Pietracorbara après sa confluence avec le ruisseau de Piscine,Ruisseau de Pietracorbara,42.84656,9.44214,2016-09-06,1,1
Y7400001,Le ruisseau de Pietracorbara après sa confluence avec le ruisseau de Piscine,Ruisseau de Pietracorbara,42.84656,9.44214,2016-09-21,2,0
Y7400001,Le ruisseau de Pietracorbara après sa confluence avec le ruisseau de Piscine,Ruisseau de Pietracorbara,42.84656,9.44214,2017-05-22,1,1
Y7400001,Le ruisseau de Pietracorbara après sa confluence avec le ruisseau de Piscine,Ruisseau de Pietracorbara,42.84656,9.44214,2017-06-27,1,1
Y7400001,Le ruisseau de Pietracorbara après sa confluence avec le ruisseau de Piscine,Ruisseau de Pietracorbara,42.84656,9.44214,2017-06-28,1,1
Y7400001,Le ruisseau de Pietracorbara après sa confluence avec le ruisseau de Piscine,Ruisseau de Pietracorbara,42.84656,9.44214,2017-07-19,1,1
Y7400001,Le ruisseau de Pietracorbara après sa confluence avec le ruisseau de Piscine,Ruisseau de Pietracorbara,42.84656,9.44214,2017-08-02,1,1
Y7400001,Le ruisseau de Pietracorbara après sa confluence avec le ruisseau de Piscine,Ruisseau de Pietracorbara,42.84656,9.44214,2017-08-16,1,1
Y7400001,Le ruisseau de Pietracorbara après sa confluence avec le ruisseau de Piscine,Ruisseau de Pietracorbara,42.84656,9.44214,2017-08-29,2,0
Y7400001,Le ruisseau de Pietracorbara après sa confluence avec le ruisseau de Piscine,Ruisseau de Pietracorbara,42.84656,9.44214,2017-08-30,1,1
Y7400001,Le ruisseau de Pietracorbara après sa confluence avec le ruisseau de Piscine,Ruisseau de Pietracorbara,42.84656,9.44214,2017-09-27,1,1
Y7400001,Le ruisseau de Pietracorbara après sa confluence avec le ruisseau de Piscine,Ruisseau de Pietracorbara,42.84656,9.44214,2017-10-24,1,1
Y7400001,Le ruisseau de Pietracorbara après sa confluence avec le ruisseau de Piscine,Ruisseau de Pietracorbara,42.84656,9.44214,2017-11-07,1,1
Y7400001,Le ruisseau de Pietracorbara après sa confluence avec le ruisseau de Piscine,Ruisseau de Pietracorbara,42.84656,9.44214,2017-11-22,1,1
Y7400001,Le ruisseau de Pietracorbara après sa confluence avec le ruisseau de Piscine,Ruisseau de Pietracorbara,42.84656,9.44214,2018-02-06,1,1
Y7400001,Le ruisseau de Pietracorbara après sa confluence avec le ruisseau de Piscine,Ruisseau de Pietracorbara,42.84656,9.44214,2018-03-06,1,1
Y7400001,Le ruisseau de Pietracorbara après sa confluence avec le ruisseau de Piscine,Ruisseau de Pietracorbara,42.84656,9.44214,2018-03-21,1,1
Y7400001,Le ruisseau de Pietracorbara après sa confluence avec le ruisseau de Piscine,Ruisseau de Pietracorbara,42.84656,9.44214,2018-04-25,1,1
Y7400001,Le ruisseau de Pietracorbara après sa confluence avec le ruisseau de Piscine,Ruisseau de Pietracorbara,42.84656,9.44214,2018-05-29,1,1
Y7400001,Le ruisseau de Pietracorbara après sa confluence avec le ruisseau de Piscine,Ruisseau de Pietracorbara,42.84656,9.44214,2018-06-19,1,1
Y7400001,Le ruisseau de Pietracorbara après sa confluence avec le ruisseau de Piscine,Ruisseau de Pietracorbara,42.84656,9.44214,2018-07-25,1,1
Y7400001,Le ruisseau de Pietracorbara après sa confluence avec le ruisseau de Piscine,Ruisseau de Pietracorbara,42.84656,9.44214,2018-08-27,1,1
Y7400001,Le ruisseau de Pietracorbara après sa confluence avec le ruisseau de Piscine,Ruisseau de Pietracorbara,42.84656,9.44214,2018-09-25,1,1
Y7400001,Le ruisseau de Pietracorbara après sa confluence avec le ruisseau de Piscine,Ruisseau de Pietracorbara,42.84656,9.44214,2018-10-25,1,1
Y7400001,Le ruisseau de Pietracorbara après sa confluence avec le ruisseau de Piscine,Ruisseau de Pietracorbara,42.84656,9.44214,2019-04-02,1,1
Y7400001,Le ruisseau de Pietracorbara après sa confluence avec le ruisseau de Piscine,Ruisseau de Pietracorbara,42.84656,9.44214,2019-04-24,1,1
Y7400001,Le ruisseau de Pietracorbara après sa confluence avec le ruisseau de Piscine,Ruisseau de Pietracorbara,42.84656,9.44214,2019-05-27,1,1
Y7400001,Le ruisseau de Pietracorbara après sa confluence avec le ruisseau de Piscine,Ruisseau de Pietracorbara,42.84656,9.44214,2019-06-20,1,1
Y7400001,Le ruisseau de Pietracorbara après sa confluence avec le ruisseau de Piscine,Ruisseau de Pietracorbara,42.84656,9.44214,2019-07-25,1,1
Y7400001,Le ruisseau de Pietracorbara après sa confluence avec le ruisseau de Piscine,Ruisseau de Pietracorbara,42.84656,9.44214,2019-08-27,1,1
Y7400001,Le ruisseau de Pietracorbara après sa confluence avec le ruisseau de Piscine,Ruisseau de Pietracorbara,42.84656,9.44214,2019-09-25,1,1
Y7400001,Le ruisseau de Pietracorbara après sa confluence avec le ruisseau de Piscine,Ruisseau de Pietracorbara,42.84656,9.44214,2019-10-28,1,1
Y7400001,Le ruisseau de Pietracorbara après sa confluence avec le ruisseau de Piscine,Ruisseau de Pietracorbara,42.84656,9.44214,2020-05-27,1,1
Y7400001,Le ruisseau de Pietracorbara après sa confluence avec le ruisseau de Piscine,Ruisseau de Pietracorbara,42.84656,9.44214,2020-06-23,1,1
Y7400001,Le ruisseau de Pietracorbara après sa confluence avec le ruisseau de Piscine,Ruisseau de Pietracorbara,42.84656,9.44214,2020-07-24,1,1
Y7400001,Le ruisseau de Pietracorbara après sa confluence avec le ruisseau de Piscine,Ruisseau de Pietracorbara,42.84656,9.44214,2020-08-14,2,0
Y7400001,Le ruisseau de Pietracorbara après sa confluence avec le ruisseau de Piscine,Ruisseau de Pietracorbara,42.84656,9.44214,2020-08-25,2,0
Y7400001,Le ruisseau de Pietracorbara après sa confluence avec le ruisseau de Piscine,Ruisseau de Pietracorbara,42.84656,9.44214,2020-09-24,1,1
Y7400001,Le ruisseau de Pietracorbara après sa confluence avec le ruisseau de Piscine,Ruisseau de Pietracorbara,42.84656,9.44214,2020-10-26,1,1
Y7400001,Le ruisseau de Pietracorbara après sa confluence avec le ruisseau de Piscine,Ruisseau de Pietracorbara,42.84656,9.44214,2021-05-26,1,1
Y7400001,Le ruisseau de Pietracorbara après sa confluence avec le ruisseau de Piscine,Ruisseau de Pietracorbara,42.84656,9.44214,2021-06-30,1,1
Y7400001,Le ruisseau de Pietracorbara après sa confluence avec le ruisseau de Piscine,Ruisseau de Pietracorbara,42.84656,9.44214,2021-07-26,1,1
Y7400001,Le ruisseau de Pietracorbara après sa confluence avec le ruisseau de Piscine,Ruisseau de Pietracorbara,42.84656,9.44214,2021-08-16,1,1
Y7400001,Le ruisseau de Pietracorbara après sa confluence avec le ruisseau de Piscine,Ruisseau de Pietracorbara,42.84656,9.44214,2021-08-27,2,0
Y7400001,Le ruisseau de Pietracorbara après sa confluence avec le ruisseau de Piscine,Ruisseau de Pietracorbara,42.84656,9.44214,2021-09-23,1,1
Y7400001,Le ruisseau de Pietracorbara après sa confluence avec le ruisseau de Piscine,Ruisseau de Pietracorbara,42.84656,9.44214,2021-10-25,1,1
Y7400001,Le ruisseau de Pietracorbara après sa confluence avec le ruisseau de Piscine,Ruisseau de Pietracorbara,42.84656,9.44214,2022-03-25,1,1
Y7400001,Le ruisseau de Pietracorbara après sa confluence avec le ruisseau de Piscine,Ruisseau de Pietracorbara,42.84656,9.44214,2022-04-25,1,1
Y7400001,Le ruisseau de Pietracorbara après sa confluence avec le ruisseau de Piscine,Ruisseau de Pietracorbara,42.84656,9.44214,2022-05-23,1,1
Y7400001,Le ruisseau de Pietracorbara après sa confluence avec le ruisseau de Piscine,Ruisseau de Pietracorbara,42.84656,9.44214,2022-06-23,1,1
Y7400001,Le ruisseau de Pietracorbara après sa confluence avec le ruisseau de Piscine,Ruisseau de Pietracorbara,42.84656,9.44214,2022-07-11,1,1
Y7400001,Le ruisseau de Pietracorbara après sa confluence avec le ruisseau de Piscine,Ruisseau de Pietracorbara,42.84656,9.44214,2022-07-25,2,0
Y7400001,Le ruisseau de Pietracorbara après sa confluence avec le ruisseau de Piscine,Ruisseau de Pietracorbara,42.84656,9.44214,2022-08-10,3,0
Y7400001,Le ruisseau de Pietracorbara après sa confluence avec le ruisseau de Piscine,Ruisseau de Pietracorbara,42.84656,9.44214,2022-08-23,3,0
Y7400001,Le ruisseau de Pietracorbara après sa confluence avec le ruisseau de Piscine,Ruisseau de Pietracorbara,42.84656,9.44214,2022-09-09,2,0
Y7400001,Le ruisseau de Pietracorbara après sa confluence avec le ruisseau de Piscine,Ruisseau de Pietracorbara,42.84656,9.44214,2022-09-26,3,0
Y7400001,Le ruisseau de Pietracorbara après sa confluence avec le ruisseau de Piscine,Ruisseau de Pietracorbara,42.84656,9.44214,2022-10-10,3,0
Y7400001,Le ruisseau de Pietracorbara après sa confluence avec le ruisseau de Piscine,Ruisseau de Pietracorbara,42.84656,9.44214,2022-10-24,3,0
Y7400001,Le ruisseau de Pietracorbara après sa confluence avec le ruisseau de Piscine,Ruisseau de Pietracorbara,42.84656,9.44214,2022-11-11,3,0
Y7400001,Le ruisseau de Pietracorbara après sa confluence avec le ruisseau de Piscine,Ruisseau de Pietracorbara,42.84656,9.44214,2022-11-22,1,1
Y7400001,Le ruisseau de Pietracorbara après sa confluence avec le ruisseau de Piscine,Ruisseau de Pietracorbara,42.84656,9.44214,2022-12-14,1,1
Y7400001,Le ruisseau de Pietracorbara après sa confluence avec le ruisseau de Piscine,Ruisseau de Pietracorbara,42.84656,9.44214,2023-01-23,1,1
Y7400001,Le ruisseau de Pietracorbara après sa confluence avec le ruisseau de Piscine,Ruisseau de Pietracorbara,42.84656,9.44214,2023-02-22,1,1
Y7400001,Le ruisseau de Pietracorbara après sa confluence avec le ruisseau de Piscine,Ruisseau de Pietracorbara,42.84656,9.44214,2023-03-24,1a,1
Y7400001,Le ruisseau de Pietracorbara après sa confluence avec le ruisseau de Piscine,Ruisseau de Pietracorbara,42.84656,9.44214,2023-04-24,1a,1
Y7400001,Le ruisseau de Pietracorbara après sa confluence avec le ruisseau de Piscine,Ruisseau de Pietracorbara,42.84656,9.44214,2023-05-24,1a,1
Y7400001,Le ruisseau de Pietracorbara après sa confluence avec le ruisseau de Piscine,Ruisseau de Pietracorbara,42.84656,9.44214,2023-06-05,1a,1
Y7400001,Le ruisseau de Pietracorbara après sa confluence avec le ruisseau de Piscine,Ruisseau de Pietracorbara,42.84656,9.44214,2023-06-26,1a,1
Y7400001,Le ruisseau de Pietracorbara après sa confluence avec le ruisseau de Piscine,Ruisseau de Pietracorbara,42.84656,9.44214,2023-07-24,1f,1
Y7400001,Le ruisseau de Pietracorbara après sa confluence avec le ruisseau de Piscine,Ruisseau de Pietracorbara,42.84656,9.44214,2023-08-21,2,0
Y7400001,Le ruisseau de Pietracorbara après sa confluence avec le ruisseau de Piscine,Ruisseau de Pietracorbara,42.84656,9.44214,2023-09-12,1a,1
Y7400001,Le ruisseau de Pietracorbara après sa confluence avec le ruisseau de Piscine,Ruisseau de Pietracorbara,42.84656,9.44214,2023-09-25,1a,1
Y7400001,Le ruisseau de Pietracorbara après sa confluence avec le ruisseau de Piscine,Ruisseau de Pietracorbara,42.84656,9.44214,2023-10-10,2,0
Y7400001,Le ruisseau de Pietracorbara après sa confluence avec le ruisseau de Piscine,Ruisseau de Pietracorbara,42.84656,9.44214,2023-10-23,2,0
Y7400001,Le ruisseau de Pietracorbara après sa confluence avec le ruisseau de Piscine,Ruisseau de Pietracorbara,42.84656,9.44214,2023-11-24,1a,1
Y7400001,Le ruisseau de Pietracorbara après sa confluence avec le ruisseau de Piscine,Ruisseau de Pietracorbara,42.84656,9.44214,2024-01-24,1a,1
Y7400001,Le ruisseau de Pietracorbara après sa confluence avec le ruisseau de Piscine,Ruisseau de Pietracorbara,42.84656,9.44214,2024-02-22,1a,1
Y7400001,Le ruisseau de Pietracorbara après sa confluence avec le ruisseau de Piscine,Ruisseau de Pietracorbara,42.84656,9.44214,2024-03-22,1a,1
Y7400001,Le ruisseau de Pietracorbara après sa confluence avec le ruisseau de Piscine,Ruisseau de Pietracorbara,42.84656,9.44214,2024-04-24,1a,1
Y7400001,Le ruisseau de Pietracorbara après sa confluence avec le ruisseau de Piscine,Ruisseau de Pietracorbara,42.84656,9.44214,2024-05-24,1a,1
Y7400001,Le ruisseau de Pietracorbara après sa confluence avec le ruisseau de Piscine,Ruisseau de Pietracorbara,42.84656,9.44214,2024-06-21,1a,1
Y7400001,Le ruisseau de Pietracorbara après sa confluence avec le ruisseau de Piscine,Ruisseau de Pietracorbara,42.84656,9.44214,2024-07-22,2,0
Y7400001,Le ruisseau de Pietracorbara après sa confluence avec le ruisseau de Piscine,Ruisseau de Pietracorbara,42.84656,9.44214,2024-08-22,3,0
Y7400001,Le ruisseau de Pietracorbara après sa confluence avec le ruisseau de Piscine,Ruisseau de Pietracorbara,42.84656,9.44214,2024-09-23,1a,1
Y7400001,Le ruisseau de Pietracorbara après sa confluence avec le ruisseau de Piscine,Ruisseau de Pietracorbara,42.84656,9.44214,2024-10-10,1a,1
Y7400001,Le ruisseau de Pietracorbara après sa confluence avec le ruisseau de Piscine,Ruisseau de Pietracorbara,42.84656,9.44214,2024-10-22,1a,1
Y7400001,Le ruisseau de Pietracorbara après sa confluence avec le ruisseau de Piscine,Ruisseau de Pietracorbara,42.84656,9.44214,2024-11-12,1a,1
Y7400001,Le ruisseau de Pietracorbara après sa confluence avec le ruisseau de Piscine,Ruisseau de Pietracorbara,42.84656,9.44214,2025-04-11,1a,1
Y7400001,Le ruisseau de Pietracorbara après sa confluence avec le ruisseau de Piscine,Ruisseau de Pietracorbara,42.84656,9.44214,2025-05-23,1a,1
Y7400001,Le ruisseau de Pietracorbara après sa confluence avec le ruisseau de Piscine,Ruisseau de Pietracorbara,42.84656,9.44214,2025-06-23,1a,1
Y7400001,Le ruisseau de Pietracorbara après sa confluence avec le ruisseau de Piscine,Ruisseau de Pietracorbara,42.84656,9.44214,2025-07-23,1a,1
Y7400001,Le ruisseau de Pietracorbara après sa confluence avec le ruisseau de Piscine,Ruisseau de Pietracorbara,42.84656,9.44214,2025-08-25,1f,1
Y7400001,Le ruisseau de Pietracorbara après sa confluence avec le ruisseau de Piscine,Ruisseau de Pietracorbara,42.84656,9.44214,2025-09-25,1f,1
Y7400001,Le ruisseau de Pietracorbara après sa confluence avec le ruisseau de Piscine,Ruisseau de Pietracorbara,42.84656,9.44214,2025-10-24,1f,1
Y7400001,Le ruisseau de Pietracorbara après sa confluence avec le ruisseau de Piscine,Ruisseau de Pietracorbara,42.84656,9.44214,2025-11-20,1f,1
Y7400001,Le ruisseau de Pietracorbara après sa confluence avec le ruisseau de Piscine,Ruisseau de Pietracorbara,42.84656,9.44214,2025-12-15,1a,1
Y7400001,Le ruisseau de Pietracorbara après sa confluence avec le ruisseau de Piscine,Ruisseau de Pietracorbara,42.84656,9.44214,2026-01-14,1a,1
Y7400001,Le ruisseau de Pietracorbara après sa confluence avec le ruisseau de Piscine,Ruisseau de Pietracorbara,42.84656,9.44214,2026-04-21,1a,1
Y7400001,Le ruisseau de Pietracorbara après sa confluence avec le ruisseau de Piscine,Ruisseau de Pietracorbara,42.84656,9.44214,2026-05-25,1a,1
Y7400001,Le ruisseau de Pietracorbara après sa confluence avec le ruisseau de Piscine,Ruisseau de Pietracorbara,42.84656,9.44214,2026-06-26,1f,1
Y7400001,Le ruisseau de Pietracorbara après sa confluence avec le ruisseau de Piscine,Ruisseau de Pietracorbara,42.84656,9.44214,2026-07-13,1f,1
Y7400001,Le ruisseau de Pietracorbara après sa confluence avec le ruisseau de Piscine,Ruisseau de Pietracorbara,42.84656,9.44214,2026-07-23,1f,1
Y7400001,Le ruisseau de Pietracorbara après sa confluence avec le ruisseau de Piscine,Ruisseau de Pietracorbara,42.84656,9.44214,2026-08-25,3,0
Y7400001,Le ruisseau de Pietracorbara après sa confluence avec le ruisseau de Piscine,Ruisseau de Pietracorbara,42.84656,9.44214,2026-09-24,3,0
Y7410001,Le Luri au pont de Casanova,Ruisseau de Luri,42.892939,9.446288,2012-05-25,1a,1
Y7410001,Le Luri au pont de Casanova,Ruisseau de Luri,42.892939,9.446288,2012-06-25,1a,1
Y7410001,Le Luri au pont de Casanova,Ruisseau de Luri,42.892939,9.446288,2012-07-11,1f,1
Y7410001,Le Luri au pont de Casanova,Ruisseau de Luri,42.892939,9.446288,2012-07-25,1a,1
Y7410001,Le Luri au pont de Casanova,Ruisseau de Luri,42.892939,9.446288,2012-08-23,1f,1
Y7410001,Le Luri au pont de Casanova,Ruisseau de Luri,42.892939,9.446288,2012-09-25,1a,1
Y7410001,Le Luri au pont de Casanova,Ruisseau de Luri,42.892939,9.446288,2013-05-23,1a,1
Y7410001,Le Luri au pont de Casanova,Ruisseau de Luri,42.892939,9.446288,2013-06-25,1f,1
Y7410001,Le Luri au pont de Casanova,Ruisseau de Luri,42.892939,9.446288,2013-07-25,1a,1
Y7410001,Le Luri au pont de Casanova,Ruisseau de Luri,42.892939,9.446288,2013-08-23,1f,1
Y7410001,Le Luri au pont de Casanova,Ruisseau de Luri,42.892939,9.446288,2013-09-19,1f,1
Y7410001,Le Luri au pont de Casanova,Ruisseau de Luri,42.892939,9.446288,2013-10-24,1f,1
Y7410001,Le Luri au pont de Casanova,Ruisseau de Luri,42.892939,9.446288,2014-05-26,1a,1
Y7410001,Le Luri au pont de Casanova,Ruisseau de Luri,42.892939,9.446288,2014-06-25,1a,1
Y7410001,Le Luri au pont de Casanova,Ruisseau de Luri,42.892939,9.446288,2014-07-24,1a,1
Y7410001,Le Luri au pont de Casanova,Ruisseau de Luri,42.892939,9.446288,2014-08-26,1f,1
Y7410001,Le Luri au pont de Casanova,Ruisseau de Luri,42.892939,9.446288,2014-09-25,1a,1
Y7410001,Le Luri au pont de Casanova,Ruisseau de Luri,42.892939,9.446288,2014-10-28,1,1
Y7410001,Le Luri au pont de Casanova,Ruisseau de Luri,42.892939,9.446288,2015-05-26,1a,1
Y7410001,Le Luri au pont de Casanova,Ruisseau de Luri,42.892939,9.446288,2015-06-23,1a,1
Y7410001,Le Luri au pont de Casanova,Ruisseau de Luri,42.892939,9.446288,2015-07-23,1f,1
Y7410001,Le Luri au pont de Casanova,Ruisseau de Luri,42.892939,9.446288,2015-08-27,1a,1
Y7410001,Le Luri au pont de Casanova,Ruisseau de Luri,42.892939,9.446288,2015-09-22,1a,1
Y7410001,Le Luri au pont de Casanova,Ruisseau de Luri,42.892939,9.446288,2016-05-18,1,1
Y7410001,Le Luri au pont de Casanova,Ruisseau de Luri,42.892939,9.446288,2016-06-27,1,1
Y7410001,Le Luri au pont de Casanova,Ruisseau de Luri,42.892939,9.446288,2016-07-22,1,1
Y7410001,Le Luri au pont de Casanova,Ruisseau de Luri,42.892939,9.446288,2016-08-22,1,1
Y7410001,Le Luri au pont de Casanova,Ruisseau de Luri,42.892939,9.446288,2016-09-06,1,1
Y7410001,Le Luri au pont de Casanova,Ruisseau de Luri,42.892939,9.446288,2016-09-21,1,1
Y7410001,Le Luri au pont de Casanova,Ruisseau de Luri,42.892939,9.446288,2017-05-22,1,1
Y7410001,Le Luri au pont de Casanova,Ruisseau de Luri,42.892939,9.446288,2017-06-27,1,1
Y7410001,Le Luri au pont de Casanova,Ruisseau de Luri,42.892939,9.446288,2017-06-28,1,1
Y7410001,Le Luri au pont de Casanova,Ruisseau de Luri,42.892939,9.446288,2017-07-19,1,1
Y7410001,Le Luri au pont de Casanova,Ruisseau de Luri,42.892939,9.446288,2017-08-02,1,1
Y7410001,Le Luri au pont de Casanova,Ruisseau de Luri,42.892939,9.446288,2017-08-16,1,1
Y7410001,Le Luri au pont de Casanova,Ruisseau de Luri,42.892939,9.446288,2017-08-29,1,1
Y7410001,Le Luri au pont de Casanova,Ruisseau de Luri,42.892939,9.446288,2017-08-30,1,1
Y7410001,Le Luri au pont de Casanova,Ruisseau de Luri,42.892939,9.446288,2017-09-27,1,1
Y7410001,Le Luri au pont de Casanova,Ruisseau de Luri,42.892939,9.446288,2017-10-24,1,1
Y7410001,Le Luri au pont de Casanova,Ruisseau de Luri,42.892939,9.446288,2017-11-07,1,1
Y7410001,Le Luri au pont de Casanova,Ruisseau de Luri,42.892939,9.446288,2017-11-22,1,1
Y7410001,Le Luri au pont de Casanova,Ruisseau de Luri,42.892939,9.446288,2018-02-06,1,1
Y7410001,Le Luri au pont de Casanova,Ruisseau de Luri,42.892939,9.446288,2018-03-06,1,1
Y7410001,Le Luri au pont de Casanova,Ruisseau de Luri,42.892939,9.446288,2018-03-21,1,1
Y7410001,Le Luri au pont de Casanova,Ruisseau de Luri,42.892939,9.446288,2018-04-25,1,1
Y7410001,Le Luri au pont de Casanova,Ruisseau de Luri,42.892939,9.446288,2018-05-29,1,1
Y7410001,Le Luri au pont de Casanova,Ruisseau de Luri,42.892939,9.446288,2018-06-19,1,1
Y7410001,Le Luri au pont de Casanova,Ruisseau de Luri,42.892939,9.446288,2018-07-25,1,1
Y7410001,Le Luri au pont de Casanova,Ruisseau de Luri,42.892939,9.446288,2018-08-27,1,1
Y7410001,Le Luri au pont de Casanova,Ruisseau de Luri,42.892939,9.446288,2018-09-25,1,1
Y7410001,Le Luri au pont de Casanova,Ruisseau de Luri,42.892939,9.446288,2018-10-25,1,1
Y7410001,Le Luri au pont de Casanova,Ruisseau de Luri,42.892939,9.446288,2019-04-02,1,1
Y7410001,Le Luri au pont de Casanova,Ruisseau de Luri,42.892939,9.446288,2019-04-24,1,1
Y7410001,Le Luri au pont de Casanova,Ruisseau de Luri,42.892939,9.446288,2019-05-27,1,1
Y7410001,Le Luri au pont de Casanova,Ruisseau de Luri,42.892939,9.446288,2019-06-20,1,1
Y7410001,Le Luri au pont de Casanova,Ruisseau de Luri,42.892939,9.446288,2019-07-25,1,1
Y7410001,Le Luri au pont de Casanova,Ruisseau de Luri,42.892939,9.446288,2019-08-27,1,1
Y7410001,Le Luri au pont de Casanova,Ruisseau de Luri,42.892939,9.446288,2019-09-25,1,1
Y7410001,Le Luri au pont de Casanova,Ruisseau de Luri,42.892939,9.446288,2019-10-28,1,1
Y7410001,Le Luri au pont de Casanova,Ruisseau de Luri,42.892939,9.446288,2020-05-27,1,1
Y7410001,Le Luri au pont de Casanova,Ruisseau de Luri,42.892939,9.446288,2020-06-23,1,1
Y7410001,Le Luri au pont de Casanova,Ruisseau de Luri,42.892939,9.446288,2020-07-24,1,1
Y7410001,Le Luri au pont de Casanova,Ruisseau de Luri,42.892939,9.446288,2020-08-14,1,1
Y7410001,Le Luri au pont de Casanova,Ruisseau de Luri,42.892939,9.446288,2020-08-25,1,1
Y7410001,Le Luri au pont de Casanova,Ruisseau de Luri,42.892939,9.446288,2020-09-24,1,1
Y7410001,Le Luri au pont de Casanova,Ruisseau de Luri,42.892939,9.446288,2020-10-26,1,1
Y7410001,Le Luri au pont de Casanova,Ruisseau de Luri,42.892939,9.446288,2021-05-26,1,1
Y7410001,Le Luri au pont de Casanova,Ruisseau de Luri,42.892939,9.446288,2021-06-30,1,1
Y7410001,Le Luri au pont de Casanova,Ruisseau de Luri,42.892939,9.446288,2021-07-26,1,1
Y7410001,Le Luri au pont de Casanova,Ruisseau de Luri,42.892939,9.446288,2021-08-16,1,1
Y7410001,Le Luri au pont de Casanova,Ruisseau de Luri,42.892939,9.446288,2021-08-27,1,1
Y7410001,Le Luri au pont de Casanova,Ruisseau de Luri,42.892939,9.446288,2021-09-23,1,1
Y7410001,Le Luri au pont de Casanova,Ruisseau de Luri,42.892939,9.446288,2021-10-25,1,1
Y7410001,Le Luri au pont de Casanova,Ruisseau de Luri,42.892939,9.446288,2022-03-25,1,1
Y7410001,Le Luri au pont de Casanova,Ruisseau de Luri,42.892939,9.446288,2022-04-25,1,1
Y7410001,Le Luri au pont de Casanova,Ruisseau de Luri,42.892939,9.446288,2022-05-23,1,1
Y7410001,Le Luri au pont de Casanova,Ruisseau de Luri,42.892939,9.446288,2022-06-23,1,1
Y7410001,Le Luri au pont de Casanova,Ruisseau de Luri,42.892939,9.446288,2022-07-11,1,1
Y7410001,Le Luri au pont de Casanova,Ruisseau de Luri,42.892939,9.446288,2022-07-25,1,1
Y7410001,Le Luri au pont de Casanova,Ruisseau de Luri,42.892939,9.446288,2022-08-10,3,0
Y7410001,Le Luri au pont de Casanova,Ruisseau de Luri,42.892939,9.446288,2022-08-23,3,0
Y7410001,Le Luri au pont de Casanova,Ruisseau de Luri,42.892939,9.446288,2022-09-09,3,0
Y7410001,Le Luri au pont de Casanova,Ruisseau de Luri,42.892939,9.446288,2022-09-26,3,0
Y7410001,Le Luri au pont de Casanova,Ruisseau de Luri,42.892939,9.446288,2022-10-10,2,0
Y7410001,Le Luri au pont de Casanova,Ruisseau de Luri,42.892939,9.446288,2022-10-24,1,1
Y7410001,Le Luri au pont de Casanova,Ruisseau de Luri,42.892939,9.446288,2022-11-11,1,1
Y7410001,Le Luri au pont de Casanova,Ruisseau de Luri,42.892939,9.446288,2022-11-22,1,1
Y7410001,Le Luri au pont de Casanova,Ruisseau de Luri,42.892939,9.446288,2022-12-14,1,1
Y7410001,Le Luri au pont de Casanova,Ruisseau de Luri,42.892939,9.446288,2023-01-23,1,1
Y7410001,Le Luri au pont de Casanova,Ruisseau de Luri,42.892939,9.446288,2023-02-22,1,1
Y7410001,Le Luri au pont de Casanova,Ruisseau de Luri,42.892939,9.446288,2023-03-24,1f,1
Y7410001,Le Luri au pont de Casanova,Ruisseau de Luri,42.892939,9.446288,2023-04-24,1a,1
Y7410001,Le Luri au pont de Casanova,Ruisseau de Luri,42.892939,9.446288,2023-05-24,1a,1
Y7410001,Le Luri au pont de Casanova,Ruisseau de Luri,42.892939,9.446288,2023-06-05,1a,1
Y7410001,Le Luri au pont de Casanova,Ruisseau de Luri,42.892939,9.446288,2023-06-26,1a,1
Y7410001,Le Luri au pont de Casanova,Ruisseau de Luri,42.892939,9.446288,2023-07-24,1a,1
Y7410001,Le Luri au pont de Casanova,Ruisseau de Luri,42.892939,9.446288,2023-08-21,1a,1
Y7410001,Le Luri au pont de Casanova,Ruisseau de Luri,42.892939,9.446288,2023-09-12,1f,1
Y7410001,Le Luri au pont de Casanova,Ruisseau de Luri,42.892939,9.446288,2023-09-25,1f,1
Y7410001,Le Luri au pont de Casanova,Ruisseau de Luri,42.892939,9.446288,2023-10-10,1a,1
Y7410001,Le Luri au pont de Casanova,Ruisseau de Luri,42.892939,9.446288,2023-10-23,1f,1
Y7410001,Le Luri au pont de Casanova,Ruisseau de Luri,42.892939,9.446288,2023-11-24,1a,1
Y7410001,Le Luri au pont de Casanova,Ruisseau de Luri,42.892939,9.446288,2024-01-24,1a,1
Y7410001,Le Luri au pont de Casanova,Ruisseau de Luri,42.892939,9.446288,2024-02-22,1f,1
Y7410001,Le Luri au pont de Casanova,Ruisseau de Luri,42.892939,9.446288,2024-03-22,1a,1
Y7410001,Le Luri au pont de Casanova,Ruisseau de Luri,42.892939,9.446288,2024-04-24,1a,1
Y7410001,Le Luri au pont de Casanova,Ruisseau de Luri,42.892939,9.446288,2024-05-24,1a,1
Y7410001,Le Luri au pont de Casanova,Ruisseau de Luri,42.892939,9.446288,2024-06-21,1f,1
Y7410001,Le Luri au pont de Casanova,Ruisseau de Luri,42.892939,9.446288,2024-07-22,1f,1
Y7410001,Le Luri au pont de Casanova,Ruisseau de Luri,42.892939,9.446288,2024-08-22,3,0
Y7410001,Le Luri au pont de Casanova,Ruisseau de Luri,42.892939,9.446288,2024-09-23,1a,1
Y7410001,Le Luri au pont de Casanova,Ruisseau de Luri,42.892939,9.446288,2024-10-10,1a,1
Y7410001,Le Luri au pont de Casanova,Ruisseau de Luri,42.892939,9.446288,2024-10-22,1a,1
Y7410001,Le Luri au pont de Casanova,Ruisseau de Luri,42.892939,9.446288,2024-11-12,1a,1
Y7410001,Le Luri au pont de Casanova,Ruisseau de Luri,42.892939,9.446288,2025-04-11,1a,1
Y7410001,Le Luri au pont de Casanova,Ruisseau de Luri,42.892939,9.446288,2025-05-23,1a,1
Y7410001,Le Luri au pont de Casanova,Ruisseau de Luri,42.892939,9.446288,2025-06-23,1a,1
Y7410001,Le Luri au pont de Casanova,Ruisseau de Luri,42.892939,9.446288,2025-07-23,1a,1
Y7410001,Le Luri au pont de Casanova,Ruisseau de Luri,42.892939,9.446288,2025-08-25,1a,1
Y7410001,Le Luri au pont de Casanova,Ruisseau de Luri,42.892939,9.446288,2025-09-25,1a,1
Y7410001,Le Luri au pont de Casanova,Ruisseau de Luri,42.892939,9.446288,2025-10-24,1a,1
Y7410001,Le Luri au pont de Casanova,Ruisseau de Luri,42.892939,9.446288,2025-11-20,1a,1
Y7410001,Le Luri au pont de Casanova,Ruisseau de Luri,42.892939,9.446288,2025-12-15,1a,1
Y7410001,Le Luri au pont de Casanova,Ruisseau de Luri,42.892939,9.446288,2026-01-14,1a,1
Y7410001,Le Luri au pont de Casanova,Ruisseau de Luri,42.892939,9.446288,2026-04-21,1a,1
Y7410001,Le Luri au pont de Casanova,Ruisseau de Luri,42.892939,9.446288,2026-05-25,1a,1
Y7410001,Le Luri au pont de Casanova,Ruisseau de Luri,42.892939,9.446288,2026-06-26,1a,1
Y7410001,Le Luri au pont de Casanova,Ruisseau de Luri,42.892939,9.446288,2026-07-13,1a,1
Y7410001,Le Luri au pont de Casanova,Ruisseau de Luri,42.892939,9.446288,2026-07-23,1f,1
Y7410001,Le Luri au pont de Casanova,Ruisseau de Luri,42.892939,9.446288,2026-08-25,2,0
Y7410001,Le Luri au pont de Casanova,Ruisseau de Luri,42.892939,9.446288,2026-09-24,2,0
Y7500001,L'Aliso au passage à gué de Ghiuncaia,L'Aliso,42.61707,9.300477,2012-05-25,1a,1
Y7500001,L'Aliso au passage à gué de Ghiuncaia,L'Aliso,42.61707,9.300477,2012-06-25,1a,1
Y7500001,L'Aliso au passage à gué de Ghiuncaia,L'Aliso,42.61707,9.300477,2012-07-11,1a,1
Y7500001,L'Aliso au passage à gué de Ghiuncaia,L'Aliso,42.61707,9.300477,2012-07-25,1f,1
Y7500001,L'Aliso au passage à gué de Ghiuncaia,L'Aliso,42.61707,9.300477,2012-08-23,2,0
Y7500001,L'Aliso au passage à gué de Ghiuncaia,L'Aliso,42.61707,9.300477,2012-09-25,1a,1
Y7500001,L'Aliso au passage à gué de Ghiuncaia,L'Aliso,42.61707,9.300477,2013-05-23,1a,1
Y7500001,L'Aliso au passage à gué de Ghiuncaia,L'Aliso,42.61707,9.300477,2013-06-25,1a,1
Y7500001,L'Aliso au passage à gué de Ghiuncaia,L'Aliso,42.61707,9.300477,2013-07-25,1a,1
Y7500001,L'Aliso au passage à gué de Ghiuncaia,L'Aliso,42.61707,9.300477,2013-08-23,1f,1
Y7500001,L'Aliso au passage à gué de Ghiuncaia,L'Aliso,42.61707,9.300477,2013-09-19,2,0
Y7500001,L'Aliso au passage à gué de Ghiuncaia,L'Aliso,42.61707,9.300477,2013-10-25,1f,1
Y7500001,L'Aliso au passage à gué de Ghiuncaia,L'Aliso,42.61707,9.300477,2014-05-26,1a,1
Y7500001,L'Aliso au passage à gué de Ghiuncaia,L'Aliso,42.61707,9.300477,2014-06-25,1a,1
Y7500001,L'Aliso au passage à gué de Ghiuncaia,L'Aliso,42.61707,9.300477,2014-07-23,1a,1
Y7500001,L'Aliso au passage à gué de Ghiuncaia,L'Aliso,42.61707,9.300477,2014-08-26,1f,1
Y7500001,L'Aliso au passage à gué de Ghiuncaia,L'Aliso,42.61707,9.300477,2014-09-25,2,0
Y7500001,L'Aliso au passage à gué de Ghiuncaia,L'Aliso,42.61707,9.300477,2014-10-27,2,0
Y7500001,L'Aliso au passage à gué de Ghiuncaia,L'Aliso,42.61707,9.300477,2015-05-26,1a,1
Y7500001,L'Aliso au passage à gué de Ghiuncaia,L'Aliso,42.61707,9.300477,2015-06-23,1a,1
Y7500001,L'Aliso au passage à gué de Ghiuncaia,L'Aliso,42.61707,9.300477,2015-07-23,1a,1
Y7500001,L'Aliso au passage à gué de Ghiuncaia,L'Aliso,42.61707,9.300477,2015-08-27,1a,1
Y7500001,L'Aliso au passage à gué de Ghiuncaia,L'Aliso,42.61707,9.300477,2015-09-22,1f,1
Y7500001,L'Aliso au passage à gué de Ghiuncaia,L'Aliso,42.61707,9.300477,2016-05-18,1,1
Y7500001,L'Aliso au passage à gué de Ghiuncaia,L'Aliso,42.61707,9.300477,2016-06-27,1,1
Y7500001,L'Aliso au passage à gué de Ghiuncaia,L'Aliso,42.61707,9.300477,2016-07-22,2,0
Y7500001,L'Aliso au passage à gué de Ghiuncaia,L'Aliso,42.61707,9.300477,2016-08-22,2,0
Y7500001,L'Aliso au passage à gué de Ghiuncaia,L'Aliso,42.61707,9.300477,2016-09-06,3,0
Y7500001,L'Aliso au passage à gué de Ghiuncaia,L'Aliso,42.61707,9.300477,2016-09-21,2,0
Y7500001,L'Aliso au passage à gué de Ghiuncaia,L'Aliso,42.61707,9.300477,2017-05-22,1,1
Y7500001,L'Aliso au passage à gué de Ghiuncaia,L'Aliso,42.61707,9.300477,2017-06-26,2,0
Y7500001,L'Aliso au passage à gué de Ghiuncaia,L'Aliso,42.61707,9.300477,2017-06-28,2,0
Y7500001,L'Aliso au passage à gué de Ghiuncaia,L'Aliso,42.61707,9.300477,2017-07-19,2,0
Y7500001,L'Aliso au passage à gué de Ghiuncaia,L'Aliso,42.61707,9.300477,2017-08-01,3,0
Y7500001,L'Aliso au passage à gué de Ghiuncaia,L'Aliso,42.61707,9.300477,2017-08-16,3,0
Y7500001,L'Aliso au passage à gué de Ghiuncaia,L'Aliso,42.61707,9.300477,2017-08-29,3,0
Y7500001,L'Aliso au passage à gué de Ghiuncaia,L'Aliso,42.61707,9.300477,2017-08-30,2,0
Y7500001,L'Aliso au passage à gué de Ghiuncaia,L'Aliso,42.61707,9.300477,2017-09-27,2,0
Y7500001,L'Aliso au passage à gué de Ghiuncaia,L'Aliso,42.61707,9.300477,2017-10-24,1,1
Y7500001,L'Aliso au passage à gué de Ghiuncaia,L'Aliso,42.61707,9.300477,2017-11-07,1,1
Y7500001,L'Aliso au passage à gué de Ghiuncaia,L'Aliso,42.61707,9.300477,2017-11-22,1,1
Y7500001,L'Aliso au passage à gué de Ghiuncaia,L'Aliso,42.61707,9.300477,2018-02-06,1,1
Y7500001,L'Aliso au passage à gué de Ghiuncaia,L'Aliso,42.61707,9.300477,2018-03-06,1,1
Y7500001,L'Aliso au passage à gué de Ghiuncaia,L'Aliso,42.61707,9.300477,2018-03-21,1,1
Y7500001,L'Aliso au passage à gué de Ghiuncaia,L'Aliso,42.61707,9.300477,2018-04-25,1,1
Y7500001,L'Aliso au passage à gué de Ghiuncaia,L'Aliso,42.61707,9.300477,2018-05-29,1,1
Y7500001,L'Aliso au passage à gué de Ghiuncaia,L'Aliso,42.61707,9.300477,2018-06-19,1,1
Y7500001,L'Aliso au passage à gué de Ghiuncaia,L'Aliso,42.61707,9.300477,2018-07-25,1,1
Y7500001,L'Aliso au passage à gué de Ghiuncaia,L'Aliso,42.61707,9.300477,2018-08-27,1,1
Y7500001,L'Aliso au passage à gué de Ghiuncaia,L'Aliso,42.61707,9.300477,2018-09-25,1,1
Y7500001,L'Aliso au passage à gué de Ghiuncaia,L'Aliso,42.61707,9.300477,2018-10-25,1,1
Y7500001,L'Aliso au passage à gué de Ghiuncaia,L'Aliso,42.61707,9.300477,2019-04-02,1,1
Y7500001,L'Aliso au passage à gué de Ghiuncaia,L'Aliso,42.61707,9.300477,2019-04-24,1,1
Y7500001,L'Aliso au passage à gué de Ghiuncaia,L'Aliso,42.61707,9.300477,2019-05-27,1,1
Y7500001,L'Aliso au passage à gué de Ghiuncaia,L'Aliso,42.61707,9.300477,2019-06-20,1,1
Y7500001,L'Aliso au passage à gué de Ghiuncaia,L'Aliso,42.61707,9.300477,2019-07-25,1,1
Y7500001,L'Aliso au passage à gué de Ghiuncaia,L'Aliso,42.61707,9.300477,2019-08-27,1,1
Y7500001,L'Aliso au passage à gué de Ghiuncaia,L'Aliso,42.61707,9.300477,2019-09-25,1,1
Y7500001,L'Aliso au passage à gué de Ghiuncaia,L'Aliso,42.61707,9.300477,2019-10-28,1,1
Y7500001,L'Aliso au passage à gué de Ghiuncaia,L'Aliso,42.61707,9.300477,2020-05-27,1,1
Y7500001,L'Aliso au passage à gué de Ghiuncaia,L'Aliso,42.61707,9.300477,2020-06-23,1,1
Y7500001,L'Aliso au passage à gué de Ghiuncaia,L'Aliso,42.61707,9.300477,2020-07-24,2,0
Y7500001,L'Aliso au passage à gué de Ghiuncaia,L'Aliso,42.61707,9.300477,2020-08-14,3,0
Y7500001,L'Aliso au passage à gué de Ghiuncaia,L'Aliso,42.61707,9.300477,2020-08-25,3,0
Y7500001,L'Aliso au passage à gué de Ghiuncaia,L'Aliso,42.61707,9.300477,2020-09-24,2,0
Y7500001,L'Aliso au passage à gué de Ghiuncaia,L'Aliso,42.61707,9.300477,2020-10-26,2,0
Y7500001,L'Aliso au passage à gué de Ghiuncaia,L'Aliso,42.61707,9.300477,2021-05-26,1,1
Y7500001,L'Aliso au passage à gué de Ghiuncaia,L'Aliso,42.61707,9.300477,2021-06-30,2,0
Y7500001,L'Aliso au passage à gué de Ghiuncaia,L'Aliso,42.61707,9.300477,2021-07-26,3,0
Y7500001,L'Aliso au passage à gué de Ghiuncaia,L'Aliso,42.61707,9.300477,2021-08-16,3,0
Y7500001,L'Aliso au passage à gué de Ghiuncaia,L'Aliso,42.61707,9.300477,2021-08-27,3,0
Y7500001,L'Aliso au passage à gué de Ghiuncaia,L'Aliso,42.61707,9.300477,2021-09-24,3,0
Y7500001,L'Aliso au passage à gué de Ghiuncaia,L'Aliso,42.61707,9.300477,2021-10-25,3,0
Y7500001,L'Aliso au passage à gué de Ghiuncaia,L'Aliso,42.61707,9.300477,2022-03-25,2,0
Y7500001,L'Aliso au passage à gué de Ghiuncaia,L'Aliso,42.61707,9.300477,2022-04-25,1,1
Y7500001,L'Aliso au passage à gué de Ghiuncaia,L'Aliso,42.61707,9.300477,2022-05-23,1,1
Y7500001,L'Aliso au passage à gué de Ghiuncaia,L'Aliso,42.61707,9.300477,2022-06-23,1,1
Y7500001,L'Aliso au passage à gué de Ghiuncaia,L'Aliso,42.61707,9.300477,2022-07-11,2,0
Y7500001,L'Aliso au passage à gué de Ghiuncaia,L'Aliso,42.61707,9.300477,2022-07-25,3,0
Y7500001,L'Aliso au passage à gué de Ghiuncaia,L'Aliso,42.61707,9.300477,2022-08-10,3,0
Y7500001,L'Aliso au passage à gué de Ghiuncaia,L'Aliso,42.61707,9.300477,2022-08-23,3,0
Y7500001,L'Aliso au passage à gué de Ghiuncaia,L'Aliso,42.61707,9.300477,2022-09-09,3,0
Y7500001,L'Aliso au passage à gué de Ghiuncaia,L'Aliso,42.61707,9.300477,2022-09-26,3,0
Y7500001,L'Aliso au passage à gué de Ghiuncaia,L'Aliso,42.61707,9.300477,2022-10-10,3,0
Y7500001,L'Aliso au passage à gué de Ghiuncaia,L'Aliso,42.61707,9.300477,2022-10-24,3,0
Y7500001,L'Aliso au passage à gué de Ghiuncaia,L'Aliso,42.61707,9.300477,2022-11-11,3,0
Y7500001,L'Aliso au passage à gué de Ghiuncaia,L'Aliso,42.61707,9.300477,2022-11-22,1,1
Y7500001,L'Aliso au passage à gué de Ghiuncaia,L'Aliso,42.61707,9.300477,2022-12-14,1,1
Y7500001,L'Aliso au passage à gué de Ghiuncaia,L'Aliso,42.61707,9.300477,2023-01-23,1,1
Y7500001,L'Aliso au passage à gué de Ghiuncaia,L'Aliso,42.61707,9.300477,2023-02-22,1,1
Y7500001,L'Aliso au passage à gué de Ghiuncaia,L'Aliso,42.61707,9.300477,2023-03-24,1a,1
Y7500001,L'Aliso au passage à gué de Ghiuncaia,L'Aliso,42.61707,9.300477,2023-04-24,1a,1
Y7500001,L'Aliso au passage à gué de Ghiuncaia,L'Aliso,42.61707,9.300477,2023-05-24,1a,1
Y7500001,L'Aliso au passage à gué de Ghiuncaia,L'Aliso,42.61707,9.300477,2023-06-05,1a,1
Y7500001,L'Aliso au passage à gué de Ghiuncaia,L'Aliso,42.61707,9.300477,2023-06-26,1a,1
Y7500001,L'Aliso au passage à gué de Ghiuncaia,L'Aliso,42.61707,9.300477,2023-07-24,2,0
Y7500001,L'Aliso au passage à gué de Ghiuncaia,L'Aliso,42.61707,9.300477,2023-08-21,3,0
Y7500001,L'Aliso au passage à gué de Ghiuncaia,L'Aliso,42.61707,9.300477,2023-09-12,3,0
Y7500001,L'Aliso au passage à gué de Ghiuncaia,L'Aliso,42.61707,9.300477,2023-09-25,3,0
Y7500001,L'Aliso au passage à gué de Ghiuncaia,L'Aliso,42.61707,9.300477,2023-10-10,3,0
Y7500001,L'Aliso au passage à gué de Ghiuncaia,L'Aliso,42.61707,9.300477,2023-10-23,2,0
Y7500001,L'Aliso au passage à gué de Ghiuncaia,L'Aliso,42.61707,9.300477,2023-11-24,3,0
Y7500001,L'Aliso au passage à gué de Ghiuncaia,L'Aliso,42.61707,9.300477,2024-01-24,1a,1
Y7500001,L'Aliso au passage à gué de Ghiuncaia,L'Aliso,42.61707,9.300477,2024-02-22,3,0
Y7500001,L'Aliso au passage à gué de Ghiuncaia,L'Aliso,42.61707,9.300477,2024-03-22,1a,1
Y7500001,L'Aliso au passage à gué de Ghiuncaia,L'Aliso,42.61707,9.300477,2024-04-24,1a,1
Y7500001,L'Aliso au passage à gué de Ghiuncaia,L'Aliso,42.61707,9.300477,2024-05-24,1a,1
Y7500001,L'Aliso au passage à gué de Ghiuncaia,L'Aliso,42.61707,9.300477,2024-06-21,2,0
Y7500001,L'Aliso au passage à gué de Ghiuncaia,L'Aliso,42.61707,9.300477,2024-07-22,3,0
Y7500001,L'Aliso au passage à gué de Ghiuncaia,L'Aliso,42.61707,9.300477,2024-08-22,3,0
Y7500001,L'Aliso au passage à gué de Ghiuncaia,L'Aliso,42.61707,9.300477,2024-09-23,1a,1
Y7500001,L'Aliso au passage à gué de Ghiuncaia,L'Aliso,42.61707,9.300477,2024-10-10,1a,1
Y7500001,L'Aliso au passage à gué de Ghiuncaia,L'Aliso,42.61707,9.300477,2024-10-22,1a,1
Y7500001,L'Aliso au passage à gué de Ghiuncaia,L'Aliso,42.61707,9.300477,2024-11-12,1a,1
Y7500001,L'Aliso au passage à gué de Ghiuncaia,L'Aliso,42.61707,9.300477,2025-04-11,1a,1
Y7500001,L'Aliso au passage à gué de Ghiuncaia,L'Aliso,42.61707,9.300477,2025-05-23,1a,1
Y7500001,L'Aliso au passage à gué de Ghiuncaia,L'Aliso,42.61707,9.300477,2025-06-23,1a,1
Y7500001,L'Aliso au passage à gué de Ghiuncaia,L'Aliso,42.61707,9.300477,2025-07-23,1a,1
Y7500001,L'Aliso au passage à gué de Ghiuncaia,L'Aliso,42.61707,9.300477,2025-08-25,3,0
Y7500001,L'Aliso au passage à gué de Ghiuncaia,L'Aliso,42.61707,9.300477,2025-09-25,2,0
Y7500001,L'Aliso au passage à gué de Ghiuncaia,L'Aliso,42.61707,9.300477,2025-10-24,3,0
Y7500001,L'Aliso au passage à gué de Ghiuncaia,L'Aliso,42.61707,9.300477,2025-11-20,1a,1
Y7500001,L'Aliso au passage à gué de Ghiuncaia,L'Aliso,42.61707,9.300477,2025-12-15,1a,1
Y7500001,L'Aliso au passage à gué de Ghiuncaia,L'Aliso,42.61707,9.300477,2026-01-14,1a,1
Y7500001,L'Aliso au passage à gué de Ghiuncaia,L'Aliso,42.61707,9.300477,2026-04-21,1a,1
Y7500001,L'Aliso au passage à gué de Ghiuncaia,L'Aliso,42.61707,9.300477,2026-05-25,1a,1
Y7500001,L'Aliso au passage à gué de Ghiuncaia,L'Aliso,42.61707,9.300477,2026-06-26,1a,1
Y7500001,L'Aliso au passage à gué de Ghiuncaia,L'Aliso,42.61707,9.300477,2026-07-13,1f,1
Y7500001,L'Aliso au passage à gué de Ghiuncaia,L'Aliso,42.61707,9.300477,2026-07-23,2,0
Y7500001,L'Aliso au passage à gué de Ghiuncaia,L'Aliso,42.61707,9.300477,2026-08-25,2,0
Y7500001,L'Aliso au passage à gué de Ghiuncaia,L'Aliso,42.61707,9.300477,2026-09-24,2,0
Y7600001,L'Ostriconi au pont de Trepide,L'Ostriconi,42.625499,9.10101,2012-05-25,1a,1
Y7600001,L'Ostriconi au pont de Trepide,L'Ostriconi,42.625499,9.10101,2012-06-25,1a,1
Y7600001,L'Ostriconi au pont de Trepide,L'Ostriconi,42.625499,9.10101,2012-07-11,1a,1
Y7600001,L'Ostriconi au pont de Trepide,L'Ostriconi,42.625499,9.10101,2012-07-25,2,0
Y7600001,L'Ostriconi au pont de Trepide,L'Ostriconi,42.625499,9.10101,2012-08-23,3,0
Y7600001,L'Ostriconi au pont de Trepide,L'Ostriconi,42.625499,9.10101,2012-09-25,1a,1
Y7600001,L'Ostriconi au pont de Trepide,L'Ostriconi,42.625499,9.10101,2013-05-23,1a,1
Y7600001,L'Ostriconi au pont de Trepide,L'Ostriconi,42.625499,9.10101,2013-06-25,1a,1
Y7600001,L'Ostriconi au pont de Trepide,L'Ostriconi,42.625499,9.10101,2013-07-25,1f,1
Y7600001,L'Ostriconi au pont de Trepide,L'Ostriconi,42.625499,9.10101,2013-08-23,3,0
Y7600001,L'Ostriconi au pont de Trepide,L'Ostriconi,42.625499,9.10101,2013-09-19,3,0
Y7600001,L'Ostriconi au pont de Trepide,L'Ostriconi,42.625499,9.10101,2013-10-25,2,0
Y7600001,L'Ostriconi au pont de Trepide,L'Ostriconi,42.625499,9.10101,2014-05-26,1a,1
Y7600001,L'Ostriconi au pont de Trepide,L'Ostriconi,42.625499,9.10101,2014-06-25,1a,1
Y7600001,L'Ostriconi au pont de Trepide,L'Ostriconi,42.625499,9.10101,2014-07-23,1a,1
Y7600001,L'Ostriconi au pont de Trepide,L'Ostriconi,42.625499,9.10101,2014-08-26,2,0
Y7600001,L'Ostriconi au pont de Trepide,L'Ostriconi,42.625499,9.10101,2014-09-25,3,0
Y7600001,L'Ostriconi au pont de Trepide,L'Ostriconi,42.625499,9.10101,2014-10-27,3,0
Y7600001,L'Ostriconi au pont de Trepide,L'Ostriconi,42.625499,9.10101,2015-05-26,1a,1
Y7600001,L'Ostriconi au pont de Trepide,L'Ostriconi,42.625499,9.10101,2015-06-23,1a,1
Y7600001,L'Ostriconi au pont de Trepide,L'Ostriconi,42.625499,9.10101,2015-07-23,1a,1
Y7600001,L'Ostriconi au pont de Trepide,L'Ostriconi,42.625499,9.10101,2015-08-27,2,0
Y7600001,L'Ostriconi au pont de Trepide,L'Ostriconi,42.625499,9.10101,2015-09-22,3,0
Y7600001,L'Ostriconi au pont de Trepide,L'Ostriconi,42.625499,9.10101,2016-05-18,1,1
Y7600001,L'Ostriconi au pont de Trepide,L'Ostriconi,42.625499,9.10101,2016-06-27,1,1
Y7600001,L'Ostriconi au pont de Trepide,L'Ostriconi,42.625499,9.10101,2016-07-22,2,0
Y7600001,L'Ostriconi au pont de Trepide,L'Ostriconi,42.625499,9.10101,2016-08-22,3,0
Y7600001,L'Ostriconi au pont de Trepide,L'Ostriconi,42.625499,9.10101,2016-09-06,3,0
Y7600001,L'Ostriconi au pont de Trepide,L'Ostriconi,42.625499,9.10101,2016-09-21,2,0
Y7600001,L'Ostriconi au pont de Trepide,L'Ostriconi,42.625499,9.10101,2017-05-22,1,1
Y7600001,L'Ostriconi au pont de Trepide,L'Ostriconi,42.625499,9.10101,2017-06-26,1,1
Y7600001,L'Ostriconi au pont de Trepide,L'Ostriconi,42.625499,9.10101,2017-06-28,1,1
Y7600001,L'Ostriconi au pont de Trepide,L'Ostriconi,42.625499,9.10101,2017-07-19,2,0
Y7600001,L'Ostriconi au pont de Trepide,L'Ostriconi,42.625499,9.10101,2017-08-01,2,0
Y7600001,L'Ostriconi au pont de Trepide,L'Ostriconi,42.625499,9.10101,2017-08-16,3,0
Y7600001,L'Ostriconi au pont de Trepide,L'Ostriconi,42.625499,9.10101,2017-08-29,3,0
Y7600001,L'Ostriconi au pont de Trepide,L'Ostriconi,42.625499,9.10101,2017-08-30,2,0
Y7600001,L'Ostriconi au pont de Trepide,L'Ostriconi,42.625499,9.10101,2017-09-27,2,0
Y7600001,L'Ostriconi au pont de Trepide,L'Ostriconi,42.625499,9.10101,2017-10-24,2,0
Y7600001,L'Ostriconi au pont de Trepide,L'Ostriconi,42.625499,9.10101,2017-11-07,2,0
Y7600001,L'Ostriconi au pont de Trepide,L'Ostriconi,42.625499,9.10101,2017-11-22,1,1
Y7600001,L'Ostriconi au pont de Trepide,L'Ostriconi,42.625499,9.10101,2018-02-06,1,1
Y7600001,L'Ostriconi au pont de Trepide,L'Ostriconi,42.625499,9.10101,2018-03-06,1,1
Y7600001,L'Ostriconi au pont de Trepide,L'Ostriconi,42.625499,9.10101,2018-03-21,1,1
Y7600001,L'Ostriconi au pont de Trepide,L'Ostriconi,42.625499,9.10101,2018-04-25,1,1
Y7600001,L'Ostriconi au pont de Trepide,L'Ostriconi,42.625499,9.10101,2018-05-29,1,1
Y7600001,L'Ostriconi au pont de Trepide,L'Ostriconi,42.625499,9.10101,2018-06-19,1,1
Y7600001,L'Ostriconi au pont de Trepide,L'Ostriconi,42.625499,9.10101,2018-07-25,1,1
Y7600001,L'Ostriconi au pont de Trepide,L'Ostriconi,42.625499,9.10101,2018-08-27,2,0
Y7600001,L'Ostriconi au pont de Trepide,L'Ostriconi,42.625499,9.10101,2018-09-25,2,0
Y7600001,L'Ostriconi au pont de Trepide,L'Ostriconi,42.625499,9.10101,2018-10-25,1,1
Y7600001,L'Ostriconi au pont de Trepide,L'Ostriconi,42.625499,9.10101,2019-04-02,1,1
Y7600001,L'Ostriconi au pont de Trepide,L'Ostriconi,42.625499,9.10101,2019-04-24,1,1
Y7600001,L'Ostriconi au pont de Trepide,L'Ostriconi,42.625499,9.10101,2019-05-27,1,1
Y7600001,L'Ostriconi au pont de Trepide,L'Ostriconi,42.625499,9.10101,2019-06-20,1,1
Y7600001,L'Ostriconi au pont de Trepide,L'Ostriconi,42.625499,9.10101,2019-07-25,1,1
Y7600001,L'Ostriconi au pont de Trepide,L'Ostriconi,42.625499,9.10101,2019-08-27,1,1
Y7600001,L'Ostriconi au pont de Trepide,L'Ostriconi,42.625499,9.10101,2019-09-25,2,0
Y7600001,L'Ostriconi au pont de Trepide,L'Ostriconi,42.625499,9.10101,2019-10-28,1,1
Y7600001,L'Ostriconi au pont de Trepide,L'Ostriconi,42.625499,9.10101,2020-05-27,1,1
Y7600001,L'Ostriconi au pont de Trepide,L'Ostriconi,42.625499,9.10101,2020-06-23,1,1
Y7600001,L'Ostriconi au pont de Trepide,L'Ostriconi,42.625499,9.10101,2020-07-24,2,0
Y7600001,L'Ostriconi au pont de Trepide,L'Ostriconi,42.625499,9.10101,2020-08-14,2,0
Y7600001,L'Ostriconi au pont de Trepide,L'Ostriconi,42.625499,9.10101,2020-08-25,3,0
Y7600001,L'Ostriconi au pont de Trepide,L'Ostriconi,42.625499,9.10101,2020-09-24,3,0
Y7600001,L'Ostriconi au pont de Trepide,L'Ostriconi,42.625499,9.10101,2020-10-26,2,0
Y7600001,L'Ostriconi au pont de Trepide,L'Ostriconi,42.625499,9.10101,2021-05-26,1,1
Y7600001,L'Ostriconi au pont de Trepide,L'Ostriconi,42.625499,9.10101,2021-06-30,3,0
Y7600001,L'Ostriconi au pont de Trepide,L'Ostriconi,42.625499,9.10101,2021-07-26,3,0
Y7600001,L'Ostriconi au pont de Trepide,L'Ostriconi,42.625499,9.10101,2021-08-16,3,0
Y7600001,L'Ostriconi au pont de Trepide,L'Ostriconi,42.625499,9.10101,2021-08-27,3,0
Y7600001,L'Ostriconi au pont de Trepide,L'Ostriconi,42.625499,9.10101,2021-09-24,3,0
Y7600001,L'Ostriconi au pont de Trepide,L'Ostriconi,42.625499,9.10101,2021-10-25,2,0
Y7600001,L'Ostriconi au pont de Trepide,L'Ostriconi,42.625499,9.10101,2022-03-25,1,1
Y7600001,L'Ostriconi au pont de Trepide,L'Ostriconi,42.625499,9.10101,2022-04-25,1,1
Y7600001,L'Ostriconi au pont de Trepide,L'Ostriconi,42.625499,9.10101,2022-05-23,1,1
Y7600001,L'Ostriconi au pont de Trepide,L'Ostriconi,42.625499,9.10101,2022-06-23,2,0
Y7600001,L'Ostriconi au pont de Trepide,L'Ostriconi,42.625499,9.10101,2022-07-11,2,0
Y7600001,L'Ostriconi au pont de Trepide,L'Ostriconi,42.625499,9.10101,2022-07-25,3,0
Y7600001,L'Ostriconi au pont de Trepide,L'Ostriconi,42.625499,9.10101,2022-08-10,3,0
Y7600001,L'Ostriconi au pont de Trepide,L'Ostriconi,42.625499,9.10101,2022-08-23,3,0
Y7600001,L'Ostriconi au pont de Trepide,L'Ostriconi,42.625499,9.10101,2022-09-09,3,0
Y7600001,L'Ostriconi au pont de Trepide,L'Ostriconi,42.625499,9.10101,2022-09-26,3,0
Y7600001,L'Ostriconi au pont de Trepide,L'Ostriconi,42.625499,9.10101,2022-10-10,3,0
Y7600001,L'Ostriconi au pont de Trepide,L'Ostriconi,42.625499,9.10101,2022-10-24,3,0
Y7600001,L'Ostriconi au pont de Trepide,L'Ostriconi,42.625499,9.10101,2022-11-11,3,0
Y7600001,L'Ostriconi au pont de Trepide,L'Ostriconi,42.625499,9.10101,2022-11-22,3,0
Y7600001,L'Ostriconi au pont de Trepide,L'Ostriconi,42.625499,9.10101,2022-12-14,1,1
Y7600001,L'Ostriconi au pont de Trepide,L'Ostriconi,42.625499,9.10101,2023-01-23,1,1
Y7600001,L'Ostriconi au pont de Trepide,L'Ostriconi,42.625499,9.10101,2023-02-22,1,1
Y7600001,L'Ostriconi au pont de Trepide,L'Ostriconi,42.625499,9.10101,2023-03-24,1a,1
Y7600001,L'Ostriconi au pont de Trepide,L'Ostriconi,42.625499,9.10101,2023-04-24,1a,1
Y7600001,L'Ostriconi au pont de Trepide,L'Ostriconi,42.625499,9.10101,2023-05-24,1a,1
Y7600001,L'Ostriconi au pont de Trepide,L'Ostriconi,42.625499,9.10101,2023-06-05,1a,1
Y7600001,L'Ostriconi au pont de Trepide,L'Ostriconi,42.625499,9.10101,2023-06-26,1a,1
Y7600001,L'Ostriconi au pont de Trepide,L'Ostriconi,42.625499,9.10101,2023-07-24,2,0
Y7600001,L'Ostriconi au pont de Trepide,L'Ostriconi,42.625499,9.10101,2023-08-21,3,0
Y7600001,L'Ostriconi au pont de Trepide,L'Ostriconi,42.625499,9.10101,2023-09-12,3,0
Y7600001,L'Ostriconi au pont de Trepide,L'Ostriconi,42.625499,9.10101,2023-09-25,3,0
Y7600001,L'Ostriconi au pont de Trepide,L'Ostriconi,42.625499,9.10101,2023-10-10,3,0
Y7600001,L'Ostriconi au pont de Trepide,L'Ostriconi,42.625499,9.10101,2023-10-23,3,0
Y7600001,L'Ostriconi au pont de Trepide,L'Ostriconi,42.625499,9.10101,2023-11-24,1a,1
Y7600001,L'Ostriconi au pont de Trepide,L'Ostriconi,42.625499,9.10101,2024-01-24,1f,1
Y7600001,L'Ostriconi au pont de Trepide,L'Ostriconi,42.625499,9.10101,2024-02-22,1a,1
Y7600001,L'Ostriconi au pont de Trepide,L'Ostriconi,42.625499,9.10101,2024-03-22,1a,1
Y7600001,L'Ostriconi au pont de Trepide,L'Ostriconi,42.625499,9.10101,2024-04-24,1a,1
Y7600001,L'Ostriconi au pont de Trepide,L'Ostriconi,42.625499,9.10101,2024-05-24,1a,1
Y7600001,L'Ostriconi au pont de Trepide,L'Ostriconi,42.625499,9.10101,2024-06-21,1f,1
Y7600001,L'Ostriconi au pont de Trepide,L'Ostriconi,42.625499,9.10101,2024-07-22,3,0
Y7600001,L'Ostriconi au pont de Trepide,L'Ostriconi,42.625499,9.10101,2024-08-22,3,0
Y7600001,L'Ostriconi au pont de Trepide,L'Ostriconi,42.625499,9.10101,2024-09-23,1a,1
Y7600001,L'Ostriconi au pont de Trepide,L'Ostriconi,42.625499,9.10101,2024-10-10,1a,1
Y7600001,L'Ostriconi au pont de Trepide,L'Ostriconi,42.625499,9.10101,2024-10-22,1a,1
Y7600001,L'Ostriconi au pont de Trepide,L'Ostriconi,42.625499,9.10101,2024-11-12,1a,1
Y7600001,L'Ostriconi au pont de Trepide,L'Ostriconi,42.625499,9.10101,2025-04-11,1a,1
Y7600001,L'Ostriconi au pont de Trepide,L'Ostriconi,42.625499,9.10101,2025-05-23,1a,1
Y7600001,L'Ostriconi au pont de Trepide,L'Ostriconi,42.625499,9.10101,2025-06-23,2,0
Y7600001,L'Ostriconi au pont de Trepide,L'Ostriconi,42.625499,9.10101,2025-07-23,3,0
Y7600001,L'Ostriconi au pont de Trepide,L'Ostriconi,42.625499,9.10101,2025-08-25,3,0
Y7600001,L'Ostriconi au pont de Trepide,L'Ostriconi,42.625499,9.10101,2025-09-25,3,0
Y7600001,L'Ostriconi au pont de Trepide,L'Ostriconi,42.625499,9.10101,2025-10-24,3,0
Y7600001,L'Ostriconi au pont de Trepide,L'Ostriconi,42.625499,9.10101,2025-11-20,2,0
Y7600001,L'Ostriconi au pont de Trepide,L'Ostriconi,42.625499,9.10101,2025-12-15,1a,1
Y7600001,L'Ostriconi au pont de Trepide,L'Ostriconi,42.625499,9.10101,2026-01-14,1a,1
Y7600001,L'Ostriconi au pont de Trepide,L'Ostriconi,42.625499,9.10101,2026-04-21,1a,1
Y7600001,L'Ostriconi au pont de Trepide,L'Ostriconi,42.625499,9.10101,2026-05-25,1a,1
Y7600001,L'Ostriconi au pont de Trepide,L'Ostriconi,42.625499,9.10101,2026-06-26,3,0
Y7600001,L'Ostriconi au pont de Trepide,L'Ostriconi,42.625499,9.10101,2026-07-13,3,0
Y7600001,L'Ostriconi au pont de Trepide,L'Ostriconi,42.625499,9.10101,2026-07-23,3,0
Y7600001,L'Ostriconi au pont de Trepide,L'Ostriconi,42.625499,9.10101,2026-08-25,3,0
Y7600001,L'Ostriconi au pont de Trepide,L'Ostriconi,42.625499,9.10101,2026-09-24,3,0
Y7610001,Le fiume di Regino au moulin de Pietrali,Fiume di Regino,42.558732,8.93221,2012-05-25,1a,1
Y7610001,Le fiume di Regino au moulin de Pietrali,Fiume di Regino,42.558732,8.93221,2012-06-25,1a,1
Y7610001,Le fiume di Regino au moulin de Pietrali,Fiume di Regino,42.558732,8.93221,2012-07-11,1a,1
Y7610001,Le fiume di Regino au moulin de Pietrali,Fiume di Regino,42.558732,8.93221,2012-07-25,1a,1
Y7610001,Le fiume di Regino au moulin de Pietrali,Fiume di Regino,42.558732,8.93221,2012-08-23,1f,1
Y7610001,Le fiume di Regino au moulin de Pietrali,Fiume di Regino,42.558732,8.93221,2012-09-25,1a,1
Y7610001,Le fiume di Regino au moulin de Pietrali,Fiume di Regino,42.558732,8.93221,2013-05-23,1a,1
Y7610001,Le fiume di Regino au moulin de Pietrali,Fiume di Regino,42.558732,8.93221,2013-06-25,1a,1
Y7610001,Le fiume di Regino au moulin de Pietrali,Fiume di Regino,42.558732,8.93221,2013-07-25,1a,1
Y7610001,Le fiume di Regino au moulin de Pietrali,Fiume di Regino,42.558732,8.93221,2013-08-23,1f,1
Y7610001,Le fiume di Regino au moulin de Pietrali,Fiume di Regino,42.558732,8.93221,2013-09-19,1f,1
Y7610001,Le fiume di Regino au moulin de Pietrali,Fiume di Regino,42.558732,8.93221,2013-10-25,1a,1
Y7610001,Le fiume di Regino au moulin de Pietrali,Fiume di Regino,42.558732,8.93221,2014-05-26,1a,1
Y7610001,Le fiume di Regino au moulin de Pietrali,Fiume di Regino,42.558732,8.93221,2014-06-25,1a,1
Y7610001,Le fiume di Regino au moulin de Pietrali,Fiume di Regino,42.558732,8.93221,2014-07-23,1a,1
Y7610001,Le fiume di Regino au moulin de Pietrali,Fiume di Regino,42.558732,8.93221,2014-08-26,1a,1
Y7610001,Le fiume di Regino au moulin de Pietrali,Fiume di Regino,42.558732,8.93221,2014-09-25,1a,1
Y7610001,Le fiume di Regino au moulin de Pietrali,Fiume di Regino,42.558732,8.93221,2014-10-27,1,1
Y7610001,Le fiume di Regino au moulin de Pietrali,Fiume di Regino,42.558732,8.93221,2015-05-26,1a,1
Y7610001,Le fiume di Regino au moulin de Pietrali,Fiume di Regino,42.558732,8.93221,2015-06-23,1a,1
Y7610001,Le fiume di Regino au moulin de Pietrali,Fiume di Regino,42.558732,8.93221,2015-07-23,1a,1
Y7610001,Le fiume di Regino au moulin de Pietrali,Fiume di Regino,42.558732,8.93221,2015-08-27,1a,1
Y7610001,Le fiume di Regino au moulin de Pietrali,Fiume di Regino,42.558732,8.93221,2015-09-22,1a,1
Y7610001,Le fiume di Regino au moulin de Pietrali,Fiume di Regino,42.558732,8.93221,2016-05-18,1,1
Y7610001,Le fiume di Regino au moulin de Pietrali,Fiume di Regino,42.558732,8.93221,2016-06-27,2,0
Y7610001,Le fiume di Regino au moulin de Pietrali,Fiume di Regino,42.558732,8.93221,2016-07-22,1,1
Y7610001,Le fiume di Regino au moulin de Pietrali,Fiume di Regino,42.558732,8.93221,2016-08-22,1,1
Y7610001,Le fiume di Regino au moulin de Pietrali,Fiume di Regino,42.558732,8.93221,2016-09-06,1,1
Y7610001,Le fiume di Regino au moulin de Pietrali,Fiume di Regino,42.558732,8.93221,2016-09-21,1,1
Y7610001,Le fiume di Regino au moulin de Pietrali,Fiume di Regino,42.558732,8.93221,2017-05-22,1,1
Y7610001,Le fiume di Regino au moulin de Pietrali,Fiume di Regino,42.558732,8.93221,2017-06-27,1,1
Y7610001,Le fiume di Regino au moulin de Pietrali,Fiume di Regino,42.558732,8.93221,2017-06-28,1,1
Y7610001,Le fiume di Regino au moulin de Pietrali,Fiume di Regino,42.558732,8.93221,2017-07-19,1,1
Y7610001,Le fiume di Regino au moulin de Pietrali,Fiume di Regino,42.558732,8.93221,2017-08-01,1,1
Y7610001,Le fiume di Regino au moulin de Pietrali,Fiume di Regino,42.558732,8.93221,2017-08-16,1,1
Y7610001,Le fiume di Regino au moulin de Pietrali,Fiume di Regino,42.558732,8.93221,2017-08-29,1,1
Y7610001,Le fiume di Regino au moulin de Pietrali,Fiume di Regino,42.558732,8.93221,2017-08-30,1,1
Y7610001,Le fiume di Regino au moulin de Pietrali,Fiume di Regino,42.558732,8.93221,2017-09-27,1,1
Y7610001,Le fiume di Regino au moulin de Pietrali,Fiume di Regino,42.558732,8.93221,2017-10-24,1,1
Y7610001,Le fiume di Regino au moulin de Pietrali,Fiume di Regino,42.558732,8.93221,2017-11-07,1,1
Y7610001,Le fiume di Regino au moulin de Pietrali,Fiume di Regino,42.558732,8.93221,2017-11-22,1,1
Y7610001,Le fiume di Regino au moulin de Pietrali,Fiume di Regino,42.558732,8.93221,2018-02-06,1,1
Y7610001,Le fiume di Regino au moulin de Pietrali,Fiume di Regino,42.558732,8.93221,2018-03-06,1,1
Y7610001,Le fiume di Regino au moulin de Pietrali,Fiume di Regino,42.558732,8.93221,2018-03-21,1,1
Y7610001,Le fiume di Regino au moulin de Pietrali,Fiume di Regino,42.558732,8.93221,2018-04-25,1,1
Y7610001,Le fiume di Regino au moulin de Pietrali,Fiume di Regino,42.558732,8.93221,2018-05-29,1,1
Y7610001,Le fiume di Regino au moulin de Pietrali,Fiume di Regino,42.558732,8.93221,2018-06-19,1,1
Y7610001,Le fiume di Regino au moulin de Pietrali,Fiume di Regino,42.558732,8.93221,2018-07-25,1,1
Y7610001,Le fiume di Regino au moulin de Pietrali,Fiume di Regino,42.558732,8.93221,2018-08-27,1,1
Y7610001,Le fiume di Regino au moulin de Pietrali,Fiume di Regino,42.558732,8.93221,2018-09-25,1,1
Y7610001,Le fiume di Regino au moulin de Pietrali,Fiume di Regino,42.558732,8.93221,2018-10-25,1,1
Y7610001,Le fiume di Regino au moulin de Pietrali,Fiume di Regino,42.558732,8.93221,2019-04-02,1,1
Y7610001,Le fiume di Regino au moulin de Pietrali,Fiume di Regino,42.558732,8.93221,2019-04-24,1,1
Y7610001,Le fiume di Regino au moulin de Pietrali,Fiume di Regino,42.558732,8.93221,2019-05-27,1,1
Y7610001,Le fiume di Regino au moulin de Pietrali,Fiume di Regino,42.558732,8.93221,2019-06-20,1,1
Y7610001,Le fiume di Regino au moulin de Pietrali,Fiume di Regino,42.558732,8.93221,2019-07-25,1,1
Y7610001,Le fiume di Regino au moulin de Pietrali,Fiume di Regino,42.558732,8.93221,2019-08-27,1,1
Y7610001,Le fiume di Regino au moulin de Pietrali,Fiume di Regino,42.558732,8.93221,2019-09-25,1,1
Y7610001,Le fiume di Regino au moulin de Pietrali,Fiume di Regino,42.558732,8.93221,2019-10-28,1,1
Y7610001,Le fiume di Regino au moulin de Pietrali,Fiume di Regino,42.558732,8.93221,2020-05-27,1,1
Y7610001,Le fiume di Regino au moulin de Pietrali,Fiume di Regino,42.558732,8.93221,2020-06-23,1,1
Y7610001,Le fiume di Regino au moulin de Pietrali,Fiume di Regino,42.558732,8.93221,2020-07-24,1,1
Y7610001,Le fiume di Regino au moulin de Pietrali,Fiume di Regino,42.558732,8.93221,2020-08-14,1,1
Y7610001,Le fiume di Regino au moulin de Pietrali,Fiume di Regino,42.558732,8.93221,2020-08-25,1,1
Y7610001,Le fiume di Regino au moulin de Pietrali,Fiume di Regino,42.558732,8.93221,2020-09-24,1,1
Y7610001,Le fiume di Regino au moulin de Pietrali,Fiume di Regino,42.558732,8.93221,2020-10-26,1,1
Y7610001,Le fiume di Regino au moulin de Pietrali,Fiume di Regino,42.558732,8.93221,2021-05-26,1,1
Y7610001,Le fiume di Regino au moulin de Pietrali,Fiume di Regino,42.558732,8.93221,2021-06-30,1,1
Y7610001,Le fiume di Regino au moulin de Pietrali,Fiume di Regino,42.558732,8.93221,2021-07-26,1,1
Y7610001,Le fiume di Regino au moulin de Pietrali,Fiume di Regino,42.558732,8.93221,2021-08-16,1,1
Y7610001,Le fiume di Regino au moulin de Pietrali,Fiume di Regino,42.558732,8.93221,2021-08-27,1,1
Y7610001,Le fiume di Regino au moulin de Pietrali,Fiume di Regino,42.558732,8.93221,2021-09-24,1,1
Y7610001,Le fiume di Regino au moulin de Pietrali,Fiume di Regino,42.558732,8.93221,2021-10-25,1,1
Y7610001,Le fiume di Regino au moulin de Pietrali,Fiume di Regino,42.558732,8.93221,2022-03-25,1,1
Y7610001,Le fiume di Regino au moulin de Pietrali,Fiume di Regino,42.558732,8.93221,2022-04-25,1,1
Y7610001,Le fiume di Regino au moulin de Pietrali,Fiume di Regino,42.558732,8.93221,2022-05-23,1,1
Y7610001,Le fiume di Regino au moulin de Pietrali,Fiume di Regino,42.558732,8.93221,2022-06-23,1,1
Y7610001,Le fiume di Regino au moulin de Pietrali,Fiume di Regino,42.558732,8.93221,2022-07-11,1,1
Y7610001,Le fiume di Regino au moulin de Pietrali,Fiume di Regino,42.558732,8.93221,2022-07-25,1,1
Y7610001,Le fiume di Regino au moulin de Pietrali,Fiume di Regino,42.558732,8.93221,2022-08-10,1,1
Y7610001,Le fiume di Regino au moulin de Pietrali,Fiume di Regino,42.558732,8.93221,2022-08-23,1,1
Y7610001,Le fiume di Regino au moulin de Pietrali,Fiume di Regino,42.558732,8.93221,2022-09-09,1,1
Y7610001,Le fiume di Regino au moulin de Pietrali,Fiume di Regino,42.558732,8.93221,2022-09-26,1,1
Y7610001,Le fiume di Regino au moulin de Pietrali,Fiume di Regino,42.558732,8.93221,2022-10-10,1,1
Y7610001,Le fiume di Regino au moulin de Pietrali,Fiume di Regino,42.558732,8.93221,2022-10-24,1,1
Y7610001,Le fiume di Regino au moulin de Pietrali,Fiume di Regino,42.558732,8.93221,2022-11-11,1,1
Y7610001,Le fiume di Regino au moulin de Pietrali,Fiume di Regino,42.558732,8.93221,2022-11-22,1,1
Y7610001,Le fiume di Regino au moulin de Pietrali,Fiume di Regino,42.558732,8.93221,2022-12-14,1,1
Y7610001,Le fiume di Regino au moulin de Pietrali,Fiume di Regino,42.558732,8.93221,2023-01-23,1,1
Y7610001,Le fiume di Regino au moulin de Pietrali,Fiume di Regino,42.558732,8.93221,2023-02-22,1,1
Y7610001,Le fiume di Regino au moulin de Pietrali,Fiume di Regino,42.558732,8.93221,2023-03-24,1a,1
Y7610001,Le fiume di Regino au moulin de Pietrali,Fiume di Regino,42.558732,8.93221,2023-04-24,1a,1
Y7610001,Le fiume di Regino au moulin de Pietrali,Fiume di Regino,42.558732,8.93221,2023-05-24,1a,1
Y7610001,Le fiume di Regino au moulin de Pietrali,Fiume di Regino,42.558732,8.93221,2023-06-05,1a,1
Y7610001,Le fiume di Regino au moulin de Pietrali,Fiume di Regino,42.558732,8.93221,2023-06-26,1a,1
Y7610001,Le fiume di Regino au moulin de Pietrali,Fiume di Regino,42.558732,8.93221,2023-07-24,1a,1
Y7610001,Le fiume di Regino au moulin de Pietrali,Fiume di Regino,42.558732,8.93221,2023-08-21,1f,1
Y7610001,Le fiume di Regino au moulin de Pietrali,Fiume di Regino,42.558732,8.93221,2023-09-12,1a,1
Y7610001,Le fiume di Regino au moulin de Pietrali,Fiume di Regino,42.558732,8.93221,2023-09-25,1a,1
Y7610001,Le fiume di Regino au moulin de Pietrali,Fiume di Regino,42.558732,8.93221,2023-10-10,1a,1
Y7610001,Le fiume di Regino au moulin de Pietrali,Fiume di Regino,42.558732,8.93221,2023-10-23,1a,1
Y7610001,Le fiume di Regino au moulin de Pietrali,Fiume di Regino,42.558732,8.93221,2023-11-24,1a,1
Y7610001,Le fiume di Regino au moulin de Pietrali,Fiume di Regino,42.558732,8.93221,2024-01-24,1a,1
Y7610001,Le fiume di Regino au moulin de Pietrali,Fiume di Regino,42.558732,8.93221,2024-02-22,1a,1
Y7610001,Le fiume di Regino au moulin de Pietrali,Fiume di Regino,42.558732,8.93221,2024-03-22,1a,1
Y7610001,Le fiume di Regino au moulin de Pietrali,Fiume di Regino,42.558732,8.93221,2024-04-24,1a,1
Y7610001,Le fiume di Regino au moulin de Pietrali,Fiume di Regino,42.558732,8.93221,2024-05-24,1a,1
Y7610001,Le fiume di Regino au moulin de Pietrali,Fiume di Regino,42.558732,8.93221,2024-06-21,1a,1
Y7610001,Le fiume di Regino au moulin de Pietrali,Fiume di Regino,42.558732,8.93221,2024-07-22,1a,1
Y7610001,Le fiume di Regino au moulin de Pietrali,Fiume di Regino,42.558732,8.93221,2024-08-22,1a,1
Y7610001,Le fiume di Regino au moulin de Pietrali,Fiume di Regino,42.558732,8.93221,2024-09-23,1a,1
Y7610001,Le fiume di Regino au moulin de Pietrali,Fiume di Regino,42.558732,8.93221,2024-10-10,1a,1
Y7610001,Le fiume di Regino au moulin de Pietrali,Fiume di Regino,42.558732,8.93221,2024-10-22,1a,1
Y7610001,Le fiume di Regino au moulin de Pietrali,Fiume di Regino,42.558732,8.93221,2024-11-12,1a,1
Y7610001,Le fiume di Regino au moulin de Pietrali,Fiume di Regino,42.558732,8.93221,2025-04-11,1a,1
Y7610001,Le fiume di Regino au moulin de Pietrali,Fiume di Regino,42.558732,8.93221,2025-05-23,1a,1
Y7610001,Le fiume di Regino au moulin de Pietrali,Fiume di Regino,42.558732,8.93221,2025-06-23,1a,1
Y7610001,Le fiume di Regino au moulin de Pietrali,Fiume di Regino,42.558732,8.93221,2025-07-23,1a,1
Y7610001,Le fiume di Regino au moulin de Pietrali,Fiume di Regino,42.558732,8.93221,2025-08-25,1a,1
Y7610001,Le fiume di Regino au moulin de Pietrali,Fiume di Regino,42.558732,8.93221,2025-09-25,1a,1
Y7610001,Le fiume di Regino au moulin de Pietrali,Fiume di Regino,42.558732,8.93221,2025-10-24,1a,1
Y7610001,Le fiume di Regino au moulin de Pietrali,Fiume di Regino,42.558732,8.93221,2025-11-20,1a,1
Y7610001,Le fiume di Regino au moulin de Pietrali,Fiume di Regino,42.558732,8.93221,2025-12-15,1a,1
Y7610001,Le fiume di Regino au moulin de Pietrali,Fiume di Regino,42.558732,8.93221,2026-01-14,1a,1
Y7610001,Le fiume di Regino au moulin de Pietrali,Fiume di Regino,42.558732,8.93221,2026-04-21,1a,1
Y7610001,Le fiume di Regino au moulin de Pietrali,Fiume di Regino,42.558732,8.93221,2026-05-25,1a,1
Y7610001,Le fiume di Regino au moulin de Pietrali,Fiume di Regino,42.558732,8.93221,2026-06-26,1f,1
Y7610001,Le fiume di Regino au moulin de Pietrali,Fiume di Regino,42.558732,8.93221,2026-07-13,1f,1
Y7610001,Le fiume di Regino au moulin de Pietrali,Fiume di Regino,42.558732,8.93221,2026-07-23,1f,1
Y7610001,Le fiume di Regino au moulin de Pietrali,Fiume di Regino,42.558732,8.93221,2026-08-25,1a,1
Y7610001,Le fiume di Regino au moulin de Pietrali,Fiume di Regino,42.558732,8.93221,2026-09-24,1f,1
Y7610002,Le ruisseau de San Clemente au pont génois du sentier montant à Belgodere,Ruisseau de San Clemente,42.589352,9.002692,2012-05-25,1a,1
Y7610002,Le ruisseau de San Clemente au pont génois du sentier montant à Belgodere,Ruisseau de San Clemente,42.589352,9.002692,2012-06-25,1a,1
Y7610002,Le ruisseau de San Clemente au pont génois du sentier montant à Belgodere,Ruisseau de San Clemente,42.589352,9.002692,2012-07-11,1a,1
Y7610002,Le ruisseau de San Clemente au pont génois du sentier montant à Belgodere,Ruisseau de San Clemente,42.589352,9.002692,2012-07-25,1f,1
Y7610002,Le ruisseau de San Clemente au pont génois du sentier montant à Belgodere,Ruisseau de San Clemente,42.589352,9.002692,2012-08-23,3,0
Y7610002,Le ruisseau de San Clemente au pont génois du sentier montant à Belgodere,Ruisseau de San Clemente,42.589352,9.002692,2012-09-25,1a,1
Y7610002,Le ruisseau de San Clemente au pont génois du sentier montant à Belgodere,Ruisseau de San Clemente,42.589352,9.002692,2013-05-23,1a,1
Y7610002,Le ruisseau de San Clemente au pont génois du sentier montant à Belgodere,Ruisseau de San Clemente,42.589352,9.002692,2013-06-25,1a,1
Y7610002,Le ruisseau de San Clemente au pont génois du sentier montant à Belgodere,Ruisseau de San Clemente,42.589352,9.002692,2013-07-25,1a,1
Y7610002,Le ruisseau de San Clemente au pont génois du sentier montant à Belgodere,Ruisseau de San Clemente,42.589352,9.002692,2013-08-23,1a,1
Y7610002,Le ruisseau de San Clemente au pont génois du sentier montant à Belgodere,Ruisseau de San Clemente,42.589352,9.002692,2013-09-19,1f,1
Y7610002,Le ruisseau de San Clemente au pont génois du sentier montant à Belgodere,Ruisseau de San Clemente,42.589352,9.002692,2013-10-25,1a,1
Y7610002,Le ruisseau de San Clemente au pont génois du sentier montant à Belgodere,Ruisseau de San Clemente,42.589352,9.002692,2014-05-26,1a,1
Y7610002,Le ruisseau de San Clemente au pont génois du sentier montant à Belgodere,Ruisseau de San Clemente,42.589352,9.002692,2014-06-25,1a,1
Y7610002,Le ruisseau de San Clemente au pont génois du sentier montant à Belgodere,Ruisseau de San Clemente,42.589352,9.002692,2014-07-23,1a,1
Y7610002,Le ruisseau de San Clemente au pont génois du sentier montant à Belgodere,Ruisseau de San Clemente,42.589352,9.002692,2014-08-26,1f,1
Y7610002,Le ruisseau de San Clemente au pont génois du sentier montant à Belgodere,Ruisseau de San Clemente,42.589352,9.002692,2014-09-25,1f,1
Y7610002,Le ruisseau de San Clemente au pont génois du sentier montant à Belgodere,Ruisseau de San Clemente,42.589352,9.002692,2014-10-27,2,0
Y7610002,Le ruisseau de San Clemente au pont génois du sentier montant à Belgodere,Ruisseau de San Clemente,42.589352,9.002692,2015-05-26,1a,1
Y7610002,Le ruisseau de San Clemente au pont génois du sentier montant à Belgodere,Ruisseau de San Clemente,42.589352,9.002692,2015-06-23,1a,1
Y7610002,Le ruisseau de San Clemente au pont génois du sentier montant à Belgodere,Ruisseau de San Clemente,42.589352,9.002692,2015-07-23,1a,1
Y7610002,Le ruisseau de San Clemente au pont génois du sentier montant à Belgodere,Ruisseau de San Clemente,42.589352,9.002692,2015-08-27,1a,1
Y7610002,Le ruisseau de San Clemente au pont génois du sentier montant à Belgodere,Ruisseau de San Clemente,42.589352,9.002692,2015-09-22,1f,1
Y7610002,Le ruisseau de San Clemente au pont génois du sentier montant à Belgodere,Ruisseau de San Clemente,42.589352,9.002692,2016-05-18,1,1
Y7610002,Le ruisseau de San Clemente au pont génois du sentier montant à Belgodere,Ruisseau de San Clemente,42.589352,9.002692,2016-06-27,1,1
Y7610002,Le ruisseau de San Clemente au pont génois du sentier montant à Belgodere,Ruisseau de San Clemente,42.589352,9.002692,2016-07-22,1,1
Y7610002,Le ruisseau de San Clemente au pont génois du sentier montant à Belgodere,Ruisseau de San Clemente,42.589352,9.002692,2016-08-22,3,0
Y7610002,Le ruisseau de San Clemente au pont génois du sentier montant à Belgodere,Ruisseau de San Clemente,42.589352,9.002692,2016-09-06,1,1
Y7610002,Le ruisseau de San Clemente au pont génois du sentier montant à Belgodere,Ruisseau de San Clemente,42.589352,9.002692,2016-09-21,1,1
Y7610002,Le ruisseau de San Clemente au pont génois du sentier montant à Belgodere,Ruisseau de San Clemente,42.589352,9.002692,2017-05-22,1,1
Y7610002,Le ruisseau de San Clemente au pont génois du sentier montant à Belgodere,Ruisseau de San Clemente,42.589352,9.002692,2017-06-27,1,1
Y7610002,Le ruisseau de San Clemente au pont génois du sentier montant à Belgodere,Ruisseau de San Clemente,42.589352,9.002692,2017-06-28,1,1
Y7610002,Le ruisseau de San Clemente au pont génois du sentier montant à Belgodere,Ruisseau de San Clemente,42.589352,9.002692,2017-07-19,3,0
Y7610002,Le ruisseau de San Clemente au pont génois du sentier montant à Belgodere,Ruisseau de San Clemente,42.589352,9.002692,2017-08-01,3,0
Y7610002,Le ruisseau de San Clemente au pont génois du sentier montant à Belgodere,Ruisseau de San Clemente,42.589352,9.002692,2017-08-16,3,0
Y7610002,Le ruisseau de San Clemente au pont génois du sentier montant à Belgodere,Ruisseau de San Clemente,42.589352,9.002692,2017-08-29,3,0
Y7610002,Le ruisseau de San Clemente au pont génois du sentier montant à Belgodere,Ruisseau de San Clemente,42.589352,9.002692,2017-08-30,1,1
Y7610002,Le ruisseau de San Clemente au pont génois du sentier montant à Belgodere,Ruisseau de San Clemente,42.589352,9.002692,2017-09-27,1,1
Y7610002,Le ruisseau de San Clemente au pont génois du sentier montant à Belgodere,Ruisseau de San Clemente,42.589352,9.002692,2017-10-24,1,1
Y7610002,Le ruisseau de San Clemente au pont génois du sentier montant à Belgodere,Ruisseau de San Clemente,42.589352,9.002692,2017-11-07,1,1
Y7610002,Le ruisseau de San Clemente au pont génois du sentier montant à Belgodere,Ruisseau de San Clemente,42.589352,9.002692,2017-11-22,1,1
Y7610002,Le ruisseau de San Clemente au pont génois du sentier montant à Belgodere,Ruisseau de San Clemente,42.589352,9.002692,2018-02-06,1,1
Y7610002,Le ruisseau de San Clemente au pont génois du sentier montant à Belgodere,Ruisseau de San Clemente,42.589352,9.002692,2018-03-06,1,1
Y7610002,Le ruisseau de San Clemente au pont génois du sentier montant à Belgodere,Ruisseau de San Clemente,42.589352,9.002692,2018-03-21,1,1
Y7610002,Le ruisseau de San Clemente au pont génois du sentier montant à Belgodere,Ruisseau de San Clemente,42.589352,9.002692,2018-04-25,1,1
Y7610002,Le ruisseau de San Clemente au pont génois du sentier montant à Belgodere,Ruisseau de San Clemente,42.589352,9.002692,2018-05-29,1,1
Y7610002,Le ruisseau de San Clemente au pont génois du sentier montant à Belgodere,Ruisseau de San Clemente,42.589352,9.002692,2018-06-19,1,1
Y7610002,Le ruisseau de San Clemente au pont génois du sentier montant à Belgodere,Ruisseau de San Clemente,42.589352,9.002692,2018-07-25,1,1
Y7610002,Le ruisseau de San Clemente au pont génois du sentier montant à Belgodere,Ruisseau de San Clemente,42.589352,9.002692,2018-08-27,1,1
Y7610002,Le ruisseau de San Clemente au pont génois du sentier montant à Belgodere,Ruisseau de San Clemente,42.589352,9.002692,2018-09-25,1,1
Y7610002,Le ruisseau de San Clemente au pont génois du sentier montant à Belgodere,Ruisseau de San Clemente,42.589352,9.002692,2018-10-25,1,1
Y7610002,Le ruisseau de San Clemente au pont génois du sentier montant à Belgodere,Ruisseau de San Clemente,42.589352,9.002692,2019-04-02,1,1
Y7610002,Le ruisseau de San Clemente au pont génois du sentier montant à Belgodere,Ruisseau de San Clemente,42.589352,9.002692,2019-04-24,1,1
Y7610002,Le ruisseau de San Clemente au pont génois du sentier montant à Belgodere,Ruisseau de San Clemente,42.589352,9.002692,2019-05-27,1,1
Y7610002,Le ruisseau de San Clemente au pont génois du sentier montant à Belgodere,Ruisseau de San Clemente,42.589352,9.002692,2019-06-20,1,1
Y7610002,Le ruisseau de San Clemente au pont génois du sentier montant à Belgodere,Ruisseau de San Clemente,42.589352,9.002692,2019-07-25,1,1
Y7610002,Le ruisseau de San Clemente au pont génois du sentier montant à Belgodere,Ruisseau de San Clemente,42.589352,9.002692,2019-08-27,1,1
Y7610002,Le ruisseau de San Clemente au pont génois du sentier montant à Belgodere,Ruisseau de San Clemente,42.589352,9.002692,2019-09-25,1,1
Y7610002,Le ruisseau de San Clemente au pont génois du sentier montant à Belgodere,Ruisseau de San Clemente,42.589352,9.002692,2019-10-28,1,1
Y7610002,Le ruisseau de San Clemente au pont génois du sentier montant à Belgodere,Ruisseau de San Clemente,42.589352,9.002692,2020-05-27,1,1
Y7610002,Le ruisseau de San Clemente au pont génois du sentier montant à Belgodere,Ruisseau de San Clemente,42.589352,9.002692,2020-06-23,1,1
Y7610002,Le ruisseau de San Clemente au pont génois du sentier montant à Belgodere,Ruisseau de San Clemente,42.589352,9.002692,2020-07-24,2,0
Y7610002,Le ruisseau de San Clemente au pont génois du sentier montant à Belgodere,Ruisseau de San Clemente,42.589352,9.002692,2020-08-14,3,0
Y7610002,Le ruisseau de San Clemente au pont génois du sentier montant à Belgodere,Ruisseau de San Clemente,42.589352,9.002692,2020-08-25,3,0
Y7610002,Le ruisseau de San Clemente au pont génois du sentier montant à Belgodere,Ruisseau de San Clemente,42.589352,9.002692,2020-09-24,1,1
Y7610002,Le ruisseau de San Clemente au pont génois du sentier montant à Belgodere,Ruisseau de San Clemente,42.589352,9.002692,2020-10-26,1,1
Y7610002,Le ruisseau de San Clemente au pont génois du sentier montant à Belgodere,Ruisseau de San Clemente,42.589352,9.002692,2021-05-26,1,1
Y7610002,Le ruisseau de San Clemente au pont génois du sentier montant à Belgodere,Ruisseau de San Clemente,42.589352,9.002692,2021-06-30,1,1
Y7610002,Le ruisseau de San Clemente au pont génois du sentier montant à Belgodere,Ruisseau de San Clemente,42.589352,9.002692,2021-07-26,2,0
Y7610002,Le ruisseau de San Clemente au pont génois du sentier montant à Belgodere,Ruisseau de San Clemente,42.589352,9.002692,2021-08-16,3,0
Y7610002,Le ruisseau de San Clemente au pont génois du sentier montant à Belgodere,Ruisseau de San Clemente,42.589352,9.002692,2021-08-27,2,0
Y7610002,Le ruisseau de San Clemente au pont génois du sentier montant à Belgodere,Ruisseau de San Clemente,42.589352,9.002692,2021-09-24,1,1
Y7610002,Le ruisseau de San Clemente au pont génois du sentier montant à Belgodere,Ruisseau de San Clemente,42.589352,9.002692,2021-10-25,1,1
Y7610002,Le ruisseau de San Clemente au pont génois du sentier montant à Belgodere,Ruisseau de San Clemente,42.589352,9.002692,2022-03-25,1,1
Y7610002,Le ruisseau de San Clemente au pont génois du sentier montant à Belgodere,Ruisseau de San Clemente,42.589352,9.002692,2022-04-25,1,1
Y7610002,Le ruisseau de San Clemente au pont génois du sentier montant à Belgodere,Ruisseau de San Clemente,42.589352,9.002692,2022-05-23,1,1
Y7610002,Le ruisseau de San Clemente au pont génois du sentier montant à Belgodere,Ruisseau de San Clemente,42.589352,9.002692,2022-06-23,1,1
Y7610002,Le ruisseau de San Clemente au pont génois du sentier montant à Belgodere,Ruisseau de San Clemente,42.589352,9.002692,2022-07-11,3,0
Y7610002,Le ruisseau de San Clemente au pont génois du sentier montant à Belgodere,Ruisseau de San Clemente,42.589352,9.002692,2022-07-25,3,0
Y7610002,Le ruisseau de San Clemente au pont génois du sentier montant à Belgodere,Ruisseau de San Clemente,42.589352,9.002692,2022-08-10,3,0
Y7610002,Le ruisseau de San Clemente au pont génois du sentier montant à Belgodere,Ruisseau de San Clemente,42.589352,9.002692,2022-08-23,3,0
Y7610002,Le ruisseau de San Clemente au pont génois du sentier montant à Belgodere,Ruisseau de San Clemente,42.589352,9.002692,2022-09-09,1,1
Y7610002,Le ruisseau de San Clemente au pont génois du sentier montant à Belgodere,Ruisseau de San Clemente,42.589352,9.002692,2022-09-26,1,1
Y7610002,Le ruisseau de San Clemente au pont génois du sentier montant à Belgodere,Ruisseau de San Clemente,42.589352,9.002692,2022-10-10,1,1
Y7610002,Le ruisseau de San Clemente au pont génois du sentier montant à Belgodere,Ruisseau de San Clemente,42.589352,9.002692,2022-10-24,1,1
Y7610002,Le ruisseau de San Clemente au pont génois du sentier montant à Belgodere,Ruisseau de San Clemente,42.589352,9.002692,2022-11-11,1,1
Y7610002,Le ruisseau de San Clemente au pont génois du sentier montant à Belgodere,Ruisseau de San Clemente,42.589352,9.002692,2022-11-22,1,1
Y7610002,Le ruisseau de San Clemente au pont génois du sentier montant à Belgodere,Ruisseau de San Clemente,42.589352,9.002692,2022-12-14,1,1
Y7610002,Le ruisseau de San Clemente au pont génois du sentier montant à Belgodere,Ruisseau de San Clemente,42.589352,9.002692,2023-01-23,1,1
Y7610002,Le ruisseau de San Clemente au pont génois du sentier montant à Belgodere,Ruisseau de San Clemente,42.589352,9.002692,2023-02-22,1,1
Y7610002,Le ruisseau de San Clemente au pont génois du sentier montant à Belgodere,Ruisseau de San Clemente,42.589352,9.002692,2023-03-24,1a,1
Y7610002,Le ruisseau de San Clemente au pont génois du sentier montant à Belgodere,Ruisseau de San Clemente,42.589352,9.002692,2023-04-24,1a,1
Y7610002,Le ruisseau de San Clemente au pont génois du sentier montant à Belgodere,Ruisseau de San Clemente,42.589352,9.002692,2023-05-24,1a,1
Y7610002,Le ruisseau de San Clemente au pont génois du sentier montant à Belgodere,Ruisseau de San Clemente,42.589352,9.002692,2023-06-05,1a,1
Y7610002,Le ruisseau de San Clemente au pont génois du sentier montant à Belgodere,Ruisseau de San Clemente,42.589352,9.002692,2023-06-26,1a,1
Y7610002,Le ruisseau de San Clemente au pont génois du sentier montant à Belgodere,Ruisseau de San Clemente,42.589352,9.002692,2023-07-24,1f,1
Y7610002,Le ruisseau de San Clemente au pont génois du sentier montant à Belgodere,Ruisseau de San Clemente,42.589352,9.002692,2023-08-21,3,0
Y7610002,Le ruisseau de San Clemente au pont génois du sentier montant à Belgodere,Ruisseau de San Clemente,42.589352,9.002692,2023-09-12,1f,1
Y7610002,Le ruisseau de San Clemente au pont génois du sentier montant à Belgodere,Ruisseau de San Clemente,42.589352,9.002692,2023-09-25,1f,1
Y7610002,Le ruisseau de San Clemente au pont génois du sentier montant à Belgodere,Ruisseau de San Clemente,42.589352,9.002692,2023-10-10,1f,1
Y7610002,Le ruisseau de San Clemente au pont génois du sentier montant à Belgodere,Ruisseau de San Clemente,42.589352,9.002692,2023-10-23,1a,1
Y7610002,Le ruisseau de San Clemente au pont génois du sentier montant à Belgodere,Ruisseau de San Clemente,42.589352,9.002692,2023-11-24,1a,1
Y7610002,Le ruisseau de San Clemente au pont génois du sentier montant à Belgodere,Ruisseau de San Clemente,42.589352,9.002692,2024-01-24,1a,1
Y7610002,Le ruisseau de San Clemente au pont génois du sentier montant à Belgodere,Ruisseau de San Clemente,42.589352,9.002692,2024-02-22,1a,1
Y7610002,Le ruisseau de San Clemente au pont génois du sentier montant à Belgodere,Ruisseau de San Clemente,42.589352,9.002692,2024-03-22,1a,1
Y7610002,Le ruisseau de San Clemente au pont génois du sentier montant à Belgodere,Ruisseau de San Clemente,42.589352,9.002692,2024-04-24,1a,1
Y7610002,Le ruisseau de San Clemente au pont génois du sentier montant à Belgodere,Ruisseau de San Clemente,42.589352,9.002692,2024-05-24,1a,1
Y7610002,Le ruisseau de San Clemente au pont génois du sentier montant à Belgodere,Ruisseau de San Clemente,42.589352,9.002692,2024-06-21,1a,1
Y7610002,Le ruisseau de San Clemente au pont génois du sentier montant à Belgodere,Ruisseau de San Clemente,42.589352,9.002692,2024-07-22,1a,1
Y7610002,Le ruisseau de San Clemente au pont génois du sentier montant à Belgodere,Ruisseau de San Clemente,42.589352,9.002692,2024-08-22,2,0
Y7610002,Le ruisseau de San Clemente au pont génois du sentier montant à Belgodere,Ruisseau de San Clemente,42.589352,9.002692,2024-09-23,1f,1
Y7610002,Le ruisseau de San Clemente au pont génois du sentier montant à Belgodere,Ruisseau de San Clemente,42.589352,9.002692,2024-10-10,1a,1
Y7610002,Le ruisseau de San Clemente au pont génois du sentier montant à Belgodere,Ruisseau de San Clemente,42.589352,9.002692,2024-10-22,1a,1
Y7610002,Le ruisseau de San Clemente au pont génois du sentier montant à Belgodere,Ruisseau de San Clemente,42.589352,9.002692,2024-11-12,1a,1
Y7610002,Le ruisseau de San Clemente au pont génois du sentier montant à Belgodere,Ruisseau de San Clemente,42.589352,9.002692,2025-04-11,1a,1
Y7610002,Le ruisseau de San Clemente au pont génois du sentier montant à Belgodere,Ruisseau de San Clemente,42.589352,9.002692,2025-05-23,1a,1
Y7610002,Le ruisseau de San Clemente au pont génois du sentier montant à Belgodere,Ruisseau de San Clemente,42.589352,9.002692,2025-06-23,1f,1
Y7610002,Le ruisseau de San Clemente au pont génois du sentier montant à Belgodere,Ruisseau de San Clemente,42.589352,9.002692,2025-07-23,3,0
Y7610002,Le ruisseau de San Clemente au pont génois du sentier montant à Belgodere,Ruisseau de San Clemente,42.589352,9.002692,2025-08-25,3,0
Y7610002,Le ruisseau de San Clemente au pont génois du sentier montant à Belgodere,Ruisseau de San Clemente,42.589352,9.002692,2025-09-25,3,0
Y7610002,Le ruisseau de San Clemente au pont génois du sentier montant à Belgodere,Ruisseau de San Clemente,42.589352,9.002692,2025-10-24,3,0
Y7610002,Le ruisseau de San Clemente au pont génois du sentier montant à Belgodere,Ruisseau de San Clemente,42.589352,9.002692,2025-11-20,1f,1
Y7610002,Le ruisseau de San Clemente au pont génois du sentier montant à Belgodere,Ruisseau de San Clemente,42.589352,9.002692,2025-12-15,1a,1
Y7610002,Le ruisseau de San Clemente au pont génois du sentier montant à Belgodere,Ruisseau de San Clemente,42.589352,9.002692,2026-01-14,1a,1
Y7610002,Le ruisseau de San Clemente au pont génois du sentier montant à Belgodere,Ruisseau de San Clemente,42.589352,9.002692,2026-04-21,1a,1
Y7610002,Le ruisseau de San Clemente au pont génois du sentier montant à Belgodere,Ruisseau de San Clemente,42.589352,9.002692,2026-05-25,1a,1
Y7610002,Le ruisseau de San Clemente au pont génois du sentier montant à Belgodere,Ruisseau de San Clemente,42.589352,9.002692,2026-06-26,1f,1
Y7610002,Le ruisseau de San Clemente au pont génois du sentier montant à Belgodere,Ruisseau de San Clemente,42.589352,9.002692,2026-07-13,2,0
Y7610002,Le ruisseau de San Clemente au pont génois du sentier montant à Belgodere,Ruisseau de San Clemente,42.589352,9.002692,2026-07-23,3,0
Y7610002,Le ruisseau de San Clemente au pont génois du sentier montant à Belgodere,Ruisseau de San Clemente,42.589352,9.002692,2026-08-25,3,0
Y7610002,Le ruisseau de San Clemente au pont génois du sentier montant à Belgodere,Ruisseau de San Clemente,42.589352,9.002692,2026-09-24,3,0
Y7700001,Le Fiume Seccu au pont de la RD 151,Ruisseau u Fiume Seccu,42.510295,8.865434,2012-05-25,1a,1
Y7700001,Le Fiume Seccu au pont de la RD 151,Ruisseau u Fiume Seccu,42.510295,8.865434,2012-06-25,2,0
Y7700001,Le Fiume Seccu au pont de la RD 151,Ruisseau u Fiume Seccu,42.510295,8.865434,2012-07-11,2,0
Y7700001,Le Fiume Seccu au pont de la RD 151,Ruisseau u Fiume Seccu,42.510295,8.865434,2012-07-25,2,0
Y7700001,Le Fiume Seccu au pont de la RD 151,Ruisseau u Fiume Seccu,42.510295,8.865434,2012-08-23,3,0
Y7700001,Le Fiume Seccu au pont de la RD 151,Ruisseau u Fiume Seccu,42.510295,8.865434,2012-09-25,1a,1
Y7700001,Le Fiume Seccu au pont de la RD 151,Ruisseau u Fiume Seccu,42.510295,8.865434,2013-05-23,1a,1
Y7700001,Le Fiume Seccu au pont de la RD 151,Ruisseau u Fiume Seccu,42.510295,8.865434,2013-06-25,3,0
Y7700001,Le Fiume Seccu au pont de la RD 151,Ruisseau u Fiume Seccu,42.510295,8.865434,2013-07-25,1f,1
Y7700001,Le Fiume Seccu au pont de la RD 151,Ruisseau u Fiume Seccu,42.510295,8.865434,2013-08-23,2,0
Y7700001,Le Fiume Seccu au pont de la RD 151,Ruisseau u Fiume Seccu,42.510295,8.865434,2013-09-19,3,0
Y7700001,Le Fiume Seccu au pont de la RD 151,Ruisseau u Fiume Seccu,42.510295,8.865434,2013-10-25,1f,1
Y7700001,Le Fiume Seccu au pont de la RD 151,Ruisseau u Fiume Seccu,42.510295,8.865434,2014-05-26,1a,1
Y7700001,Le Fiume Seccu au pont de la RD 151,Ruisseau u Fiume Seccu,42.510295,8.865434,2014-06-25,1f,1
Y7700001,Le Fiume Seccu au pont de la RD 151,Ruisseau u Fiume Seccu,42.510295,8.865434,2014-07-23,1f,1
Y7700001,Le Fiume Seccu au pont de la RD 151,Ruisseau u Fiume Seccu,42.510295,8.865434,2014-08-27,2,0
Y7700001,Le Fiume Seccu au pont de la RD 151,Ruisseau u Fiume Seccu,42.510295,8.865434,2014-09-25,2,0
Y7700001,Le Fiume Seccu au pont de la RD 151,Ruisseau u Fiume Seccu,42.510295,8.865434,2014-10-27,3,0
Y7700001,Le Fiume Seccu au pont de la RD 151,Ruisseau u Fiume Seccu,42.510295,8.865434,2015-05-26,1f,1
Y7700001,Le Fiume Seccu au pont de la RD 151,Ruisseau u Fiume Seccu,42.510295,8.865434,2015-06-23,1f,1
Y7700001,Le Fiume Seccu au pont de la RD 151,Ruisseau u Fiume Seccu,42.510295,8.865434,2015-07-23,2,0
Y7700001,Le Fiume Seccu au pont de la RD 151,Ruisseau u Fiume Seccu,42.510295,8.865434,2015-08-27,2,0
Y7700001,Le Fiume Seccu au pont de la RD 151,Ruisseau u Fiume Seccu,42.510295,8.865434,2015-09-22,3,0
Y7700001,Le Fiume Seccu au pont de la RD 151,Ruisseau u Fiume Seccu,42.510295,8.865434,2016-05-18,1,1
Y7700001,Le Fiume Seccu au pont de la RD 151,Ruisseau u Fiume Seccu,42.510295,8.865434,2016-06-27,3,0
Y7700001,Le Fiume Seccu au pont de la RD 151,Ruisseau u Fiume Seccu,42.510295,8.865434,2016-07-22,2,0
Y7700001,Le Fiume Seccu au pont de la RD 151,Ruisseau u Fiume Seccu,42.510295,8.865434,2016-08-22,3,0
Y7700001,Le Fiume Seccu au pont de la RD 151,Ruisseau u Fiume Seccu,42.510295,8.865434,2016-09-06,3,0
Y7700001,Le Fiume Seccu au pont de la RD 151,Ruisseau u Fiume Seccu,42.510295,8.865434,2016-09-21,1,1
Y7700001,Le Fiume Seccu au pont de la RD 151,Ruisseau u Fiume Seccu,42.510295,8.865434,2017-05-22,1,1
Y7700001,Le Fiume Seccu au pont de la RD 151,Ruisseau u Fiume Seccu,42.510295,8.865434,2017-05-23,3,0
Y7700001,Le Fiume Seccu au pont de la RD 151,Ruisseau u Fiume Seccu,42.510295,8.865434,2017-06-28,3,0
Y7700001,Le Fiume Seccu au pont de la RD 151,Ruisseau u Fiume Seccu,42.510295,8.865434,2017-07-19,3,0
Y7700001,Le Fiume Seccu au pont de la RD 151,Ruisseau u Fiume Seccu,42.510295,8.865434,2017-08-01,3,0
Y7700001,Le Fiume Seccu au pont de la RD 151,Ruisseau u Fiume Seccu,42.510295,8.865434,2017-08-16,3,0
Y7700001,Le Fiume Seccu au pont de la RD 151,Ruisseau u Fiume Seccu,42.510295,8.865434,2017-08-29,3,0
Y7700001,Le Fiume Seccu au pont de la RD 151,Ruisseau u Fiume Seccu,42.510295,8.865434,2017-08-30,2,0
Y7700001,Le Fiume Seccu au pont de la RD 151,Ruisseau u Fiume Seccu,42.510295,8.865434,2017-09-27,2,0
Y7700001,Le Fiume Seccu au pont de la RD 151,Ruisseau u Fiume Seccu,42.510295,8.865434,2017-10-24,2,0
Y7700001,Le Fiume Seccu au pont de la RD 151,Ruisseau u Fiume Seccu,42.510295,8.865434,2017-11-07,2,0
Y7700001,Le Fiume Seccu au pont de la RD 151,Ruisseau u Fiume Seccu,42.510295,8.865434,2017-11-22,1,1
Y7700001,Le Fiume Seccu au pont de la RD 151,Ruisseau u Fiume Seccu,42.510295,8.865434,2018-02-06,1,1
Y7700001,Le Fiume Seccu au pont de la RD 151,Ruisseau u Fiume Seccu,42.510295,8.865434,2018-03-06,1,1
Y7700001,Le Fiume Seccu au pont de la RD 151,Ruisseau u Fiume Seccu,42.510295,8.865434,2018-03-21,1,1
Y7700001,Le Fiume Seccu au pont de la RD 151,Ruisseau u Fiume Seccu,42.510295,8.865434,2018-04-25,1,1
Y7700001,Le Fiume Seccu au pont de la RD 151,Ruisseau u Fiume Seccu,42.510295,8.865434,2018-05-29,1,1
Y7700001,Le Fiume Seccu au pont de la RD 151,Ruisseau u Fiume Seccu,42.510295,8.865434,2018-06-19,1,1
Y7700001,Le Fiume Seccu au pont de la RD 151,Ruisseau u Fiume Seccu,42.510295,8.865434,2018-07-25,2,0
Y7700001,Le Fiume Seccu au pont de la RD 151,Ruisseau u Fiume Seccu,42.510295,8.865434,2018-08-27,2,0
Y7700001,Le Fiume Seccu au pont de la RD 151,Ruisseau u Fiume Seccu,42.510295,8.865434,2018-09-25,3,0
Y7700001,Le Fiume Seccu au pont de la RD 151,Ruisseau u Fiume Seccu,42.510295,8.865434,2018-10-25,1,1
Y7700001,Le Fiume Seccu au pont de la RD 151,Ruisseau u Fiume Seccu,42.510295,8.865434,2019-04-02,1,1
Y7700001,Le Fiume Seccu au pont de la RD 151,Ruisseau u Fiume Seccu,42.510295,8.865434,2019-04-24,1,1
Y7700001,Le Fiume Seccu au pont de la RD 151,Ruisseau u Fiume Seccu,42.510295,8.865434,2019-05-27,1,1
Y7700001,Le Fiume Seccu au pont de la RD 151,Ruisseau u Fiume Seccu,42.510295,8.865434,2019-06-20,1,1
Y7700001,Le Fiume Seccu au pont de la RD 151,Ruisseau u Fiume Seccu,42.510295,8.865434,2019-07-25,2,0
Y7700001,Le Fiume Seccu au pont de la RD 151,Ruisseau u Fiume Seccu,42.510295,8.865434,2019-08-27,1,1
Y7700001,Le Fiume Seccu au pont de la RD 151,Ruisseau u Fiume Seccu,42.510295,8.865434,2019-09-25,3,0
Y7700001,Le Fiume Seccu au pont de la RD 151,Ruisseau u Fiume Seccu,42.510295,8.865434,2019-10-28,1,1
Y7700001,Le Fiume Seccu au pont de la RD 151,Ruisseau u Fiume Seccu,42.510295,8.865434,2020-05-27,1,1
Y7700001,Le Fiume Seccu au pont de la RD 151,Ruisseau u Fiume Seccu,42.510295,8.865434,2020-06-23,2,0
Y7700001,Le Fiume Seccu au pont de la RD 151,Ruisseau u Fiume Seccu,42.510295,8.865434,2020-07-24,2,0
Y7700001,Le Fiume Seccu au pont de la RD 151,Ruisseau u Fiume Seccu,42.510295,8.865434,2020-08-14,3,0
Y7700001,Le Fiume Seccu au pont de la RD 151,Ruisseau u Fiume Seccu,42.510295,8.865434,2020-08-25,3,0
Y7700001,Le Fiume Seccu au pont de la RD 151,Ruisseau u Fiume Seccu,42.510295,8.865434,2020-09-24,3,0
Y7700001,Le Fiume Seccu au pont de la RD 151,Ruisseau u Fiume Seccu,42.510295,8.865434,2020-10-26,1,1
Y7700001,Le Fiume Seccu au pont de la RD 151,Ruisseau u Fiume Seccu,42.510295,8.865434,2021-05-26,1,1
Y7700001,Le Fiume Seccu au pont de la RD 151,Ruisseau u Fiume Seccu,42.510295,8.865434,2021-06-30,3,0
Y7700001,Le Fiume Seccu au pont de la RD 151,Ruisseau u Fiume Seccu,42.510295,8.865434,2021-07-26,3,0
Y7700001,Le Fiume Seccu au pont de la RD 151,Ruisseau u Fiume Seccu,42.510295,8.865434,2021-08-16,3,0
Y7700001,Le Fiume Seccu au pont de la RD 151,Ruisseau u Fiume Seccu,42.510295,8.865434,2021-08-27,3,0
Y7700001,Le Fiume Seccu au pont de la RD 151,Ruisseau u Fiume Seccu,42.510295,8.865434,2021-09-24,3,0
Y7700001,Le Fiume Seccu au pont de la RD 151,Ruisseau u Fiume Seccu,42.510295,8.865434,2021-10-25,2,0
Y7700001,Le Fiume Seccu au pont de la RD 151,Ruisseau u Fiume Seccu,42.510295,8.865434,2022-03-25,1,1
Y7700001,Le Fiume Seccu au pont de la RD 151,Ruisseau u Fiume Seccu,42.510295,8.865434,2022-04-25,1,1
Y7700001,Le Fiume Seccu au pont de la RD 151,Ruisseau u Fiume Seccu,42.510295,8.865434,2022-05-23,1,1
Y7700001,Le Fiume Seccu au pont de la RD 151,Ruisseau u Fiume Seccu,42.510295,8.865434,2022-06-23,3,0
Y7700001,Le Fiume Seccu au pont de la RD 151,Ruisseau u Fiume Seccu,42.510295,8.865434,2022-07-11,3,0
Y7700001,Le Fiume Seccu au pont de la RD 151,Ruisseau u Fiume Seccu,42.510295,8.865434,2022-07-25,3,0
Y7700001,Le Fiume Seccu au pont de la RD 151,Ruisseau u Fiume Seccu,42.510295,8.865434,2022-08-10,3,0
Y7700001,Le Fiume Seccu au pont de la RD 151,Ruisseau u Fiume Seccu,42.510295,8.865434,2022-08-23,3,0
Y7700001,Le Fiume Seccu au pont de la RD 151,Ruisseau u Fiume Seccu,42.510295,8.865434,2022-09-09,3,0
Y7700001,Le Fiume Seccu au pont de la RD 151,Ruisseau u Fiume Seccu,42.510295,8.865434,2022-09-26,3,0
Y7700001,Le Fiume Seccu au pont de la RD 151,Ruisseau u Fiume Seccu,42.510295,8.865434,2022-10-10,3,0
Y7700001,Le Fiume Seccu au pont de la RD 151,Ruisseau u Fiume Seccu,42.510295,8.865434,2022-10-24,3,0
Y7700001,Le Fiume Seccu au pont de la RD 151,Ruisseau u Fiume Seccu,42.510295,8.865434,2022-11-11,3,0
Y7700001,Le Fiume Seccu au pont de la RD 151,Ruisseau u Fiume Seccu,42.510295,8.865434,2022-11-22,1,1
Y7700001,Le Fiume Seccu au pont de la RD 151,Ruisseau u Fiume Seccu,42.510295,8.865434,2022-12-14,1,1
Y7700001,Le Fiume Seccu au pont de la RD 151,Ruisseau u Fiume Seccu,42.510295,8.865434,2023-01-23,1,1
Y7700001,Le Fiume Seccu au pont de la RD 151,Ruisseau u Fiume Seccu,42.510295,8.865434,2023-02-22,1,1
Y7700001,Le Fiume Seccu au pont de la RD 151,Ruisseau u Fiume Seccu,42.510295,8.865434,2023-03-24,1f,1
Y7700001,Le Fiume Seccu au pont de la RD 151,Ruisseau u Fiume Seccu,42.510295,8.865434,2023-04-24,1a,1
Y7700001,Le Fiume Seccu au pont de la RD 151,Ruisseau u Fiume Seccu,42.510295,8.865434,2023-05-24,1a,1
Y7700001,Le Fiume Seccu au pont de la RD 151,Ruisseau u Fiume Seccu,42.510295,8.865434,2023-06-05,1a,1
Y7700001,Le Fiume Seccu au pont de la RD 151,Ruisseau u Fiume Seccu,42.510295,8.865434,2023-06-26,1a,1
Y7700001,Le Fiume Seccu au pont de la RD 151,Ruisseau u Fiume Seccu,42.510295,8.865434,2023-07-24,3,0
Y7700001,Le Fiume Seccu au pont de la RD 151,Ruisseau u Fiume Seccu,42.510295,8.865434,2023-08-21,3,0
Y7700001,Le Fiume Seccu au pont de la RD 151,Ruisseau u Fiume Seccu,42.510295,8.865434,2023-09-12,3,0
Y7700001,Le Fiume Seccu au pont de la RD 151,Ruisseau u Fiume Seccu,42.510295,8.865434,2023-09-25,3,0
Y7700001,Le Fiume Seccu au pont de la RD 151,Ruisseau u Fiume Seccu,42.510295,8.865434,2023-10-10,3,0
Y7700001,Le Fiume Seccu au pont de la RD 151,Ruisseau u Fiume Seccu,42.510295,8.865434,2023-10-23,1a,1
Y7700001,Le Fiume Seccu au pont de la RD 151,Ruisseau u Fiume Seccu,42.510295,8.865434,2023-11-24,1a,1
Y7700001,Le Fiume Seccu au pont de la RD 151,Ruisseau u Fiume Seccu,42.510295,8.865434,2024-01-24,1a,1
Y7700001,Le Fiume Seccu au pont de la RD 151,Ruisseau u Fiume Seccu,42.510295,8.865434,2024-02-22,1a,1
Y7700001,Le Fiume Seccu au pont de la RD 151,Ruisseau u Fiume Seccu,42.510295,8.865434,2024-03-22,1a,1
Y7700001,Le Fiume Seccu au pont de la RD 151,Ruisseau u Fiume Seccu,42.510295,8.865434,2024-04-24,1a,1
Y7700001,Le Fiume Seccu au pont de la RD 151,Ruisseau u Fiume Seccu,42.510295,8.865434,2024-05-24,1a,1
Y7700001,Le Fiume Seccu au pont de la RD 151,Ruisseau u Fiume Seccu,42.510295,8.865434,2024-06-21,3,0
Y7700001,Le Fiume Seccu au pont de la RD 151,Ruisseau u Fiume Seccu,42.510295,8.865434,2024-07-22,3,0
Y7700001,Le Fiume Seccu au pont de la RD 151,Ruisseau u Fiume Seccu,42.510295,8.865434,2024-08-22,3,0
Y7700001,Le Fiume Seccu au pont de la RD 151,Ruisseau u Fiume Seccu,42.510295,8.865434,2024-09-23,1a,1
Y7700001,Le Fiume Seccu au pont de la RD 151,Ruisseau u Fiume Seccu,42.510295,8.865434,2024-10-10,1a,1
Y7700001,Le Fiume Seccu au pont de la RD 151,Ruisseau u Fiume Seccu,42.510295,8.865434,2024-10-22,1a,1
Y7700001,Le Fiume Seccu au pont de la RD 151,Ruisseau u Fiume Seccu,42.510295,8.865434,2024-11-12,1a,1
Y7700001,Le Fiume Seccu au pont de la RD 151,Ruisseau u Fiume Seccu,42.510295,8.865434,2025-04-11,1a,1
Y7700001,Le Fiume Seccu au pont de la RD 151,Ruisseau u Fiume Seccu,42.510295,8.865434,2025-05-23,1a,1
Y7700001,Le Fiume Seccu au pont de la RD 151,Ruisseau u Fiume Seccu,42.510295,8.865434,2025-06-23,1a,1
Y7700001,Le Fiume Seccu au pont de la RD 151,Ruisseau u Fiume Seccu,42.510295,8.865434,2025-07-23,3,0
Y7700001,Le Fiume Seccu au pont de la RD 151,Ruisseau u Fiume Seccu,42.510295,8.865434,2025-08-25,3,0
Y7700001,Le Fiume Seccu au pont de la RD 151,Ruisseau u Fiume Seccu,42.510295,8.865434,2025-09-25,3,0
Y7700001,Le Fiume Seccu au pont de la RD 151,Ruisseau u Fiume Seccu,42.510295,8.865434,2025-10-24,3,0
Y7700001,Le Fiume Seccu au pont de la RD 151,Ruisseau u Fiume Seccu,42.510295,8.865434,2025-11-20,3,0
Y7700001,Le Fiume Seccu au pont de la RD 151,Ruisseau u Fiume Seccu,42.510295,8.865434,2025-12-15,1a,1
Y7700001,Le Fiume Seccu au pont de la RD 151,Ruisseau u Fiume Seccu,42.510295,8.865434,2026-01-14,1a,1
Y7700001,Le Fiume Seccu au pont de la RD 151,Ruisseau u Fiume Seccu,42.510295,8.865434,2026-04-21,1a,1
Y7700001,Le Fiume Seccu au pont de la RD 151,Ruisseau u Fiume Seccu,42.510295,8.865434,2026-05-25,1f,1
Y7700001,Le Fiume Seccu au pont de la RD 151,Ruisseau u Fiume Seccu,42.510295,8.865434,2026-06-26,3,0
Y7700001,Le Fiume Seccu au pont de la RD 151,Ruisseau u Fiume Seccu,42.510295,8.865434,2026-07-13,3,0
Y7700001,Le Fiume Seccu au pont de la RD 151,Ruisseau u Fiume Seccu,42.510295,8.865434,2026-07-23,3,0
Y7700001,Le Fiume Seccu au pont de la RD 151,Ruisseau u Fiume Seccu,42.510295,8.865434,2026-08-25,1a,1
Y7700001,Le Fiume Seccu au pont de la RD 151,Ruisseau u Fiume Seccu,42.510295,8.865434,2026-09-24,3,0
Y7710001,La Figarella au pont de la Figarella,La Figarella,42.487611,8.805171,2012-05-25,1a,1
Y7710001,La Figarella au pont de la Figarella,La Figarella,42.487611,8.805171,2012-06-25,1a,1
Y7710001,La Figarella au pont de la Figarella,La Figarella,42.487611,8.805171,2012-07-11,1f,1
Y7710001,La Figarella au pont de la Figarella,La Figarella,42.487611,8.805171,2012-07-25,2,0
Y7710001,La Figarella au pont de la Figarella,La Figarella,42.487611,8.805171,2012-08-23,2,0
Y7710001,La Figarella au pont de la Figarella,La Figarella,42.487611,8.805171,2012-09-25,1a,1
Y7710001,La Figarella au pont de la Figarella,La Figarella,42.487611,8.805171,2013-05-23,1a,1
Y7710001,La Figarella au pont de la Figarella,La Figarella,42.487611,8.805171,2013-06-25,1a,1
Y7710001,La Figarella au pont de la Figarella,La Figarella,42.487611,8.805171,2013-07-25,1a,1
Y7710001,La Figarella au pont de la Figarella,La Figarella,42.487611,8.805171,2013-08-23,1f,1
Y7710001,La Figarella au pont de la Figarella,La Figarella,42.487611,8.805171,2013-09-19,2,0
Y7710001,La Figarella au pont de la Figarella,La Figarella,42.487611,8.805171,2013-10-25,1f,1
Y7710001,La Figarella au pont de la Figarella,La Figarella,42.487611,8.805171,2014-05-26,1a,1
Y7710001,La Figarella au pont de la Figarella,La Figarella,42.487611,8.805171,2014-06-25,1a,1
Y7710001,La Figarella au pont de la Figarella,La Figarella,42.487611,8.805171,2014-07-23,1a,1
Y7710001,La Figarella au pont de la Figarella,La Figarella,42.487611,8.805171,2014-08-26,1f,1
Y7710001,La Figarella au pont de la Figarella,La Figarella,42.487611,8.805171,2014-09-25,2,0
Y7710001,La Figarella au pont de la Figarella,La Figarella,42.487611,8.805171,2014-10-27,2,0
Y7710001,La Figarella au pont de la Figarella,La Figarella,42.487611,8.805171,2015-05-26,1a,1
Y7710001,La Figarella au pont de la Figarella,La Figarella,42.487611,8.805171,2015-06-23,1a,1
Y7710001,La Figarella au pont de la Figarella,La Figarella,42.487611,8.805171,2015-07-23,1f,1
Y7710001,La Figarella au pont de la Figarella,La Figarella,42.487611,8.805171,2015-08-27,1a,1
Y7710001,La Figarella au pont de la Figarella,La Figarella,42.487611,8.805171,2015-09-22,1f,1
Y7710001,La Figarella au pont de la Figarella,La Figarella,42.487611,8.805171,2016-05-18,1,1
Y7710001,La Figarella au pont de la Figarella,La Figarella,42.487611,8.805171,2016-06-27,1,1
Y7710001,La Figarella au pont de la Figarella,La Figarella,42.487611,8.805171,2016-07-22,1,1
Y7710001,La Figarella au pont de la Figarella,La Figarella,42.487611,8.805171,2016-08-22,2,0
Y7710001,La Figarella au pont de la Figarella,La Figarella,42.487611,8.805171,2016-09-06,2,0
Y7710001,La Figarella au pont de la Figarella,La Figarella,42.487611,8.805171,2016-09-21,1,1
Y7710001,La Figarella au pont de la Figarella,La Figarella,42.487611,8.805171,2017-05-22,1,1
Y7710001,La Figarella au pont de la Figarella,La Figarella,42.487611,8.805171,2017-06-27,1,1
Y7710001,La Figarella au pont de la Figarella,La Figarella,42.487611,8.805171,2017-06-28,2,0
Y7710001,La Figarella au pont de la Figarella,La Figarella,42.487611,8.805171,2017-07-19,1,1
Y7710001,La Figarella au pont de la Figarella,La Figarella,42.487611,8.805171,2017-08-01,2,0
Y7710001,La Figarella au pont de la Figarella,La Figarella,42.487611,8.805171,2017-08-16,2,0
Y7710001,La Figarella au pont de la Figarella,La Figarella,42.487611,8.805171,2017-08-29,2,0
Y7710001,La Figarella au pont de la Figarella,La Figarella,42.487611,8.805171,2017-08-30,1,1
Y7710001,La Figarella au pont de la Figarella,La Figarella,42.487611,8.805171,2017-09-27,1,1
Y7710001,La Figarella au pont de la Figarella,La Figarella,42.487611,8.805171,2017-10-24,1,1
Y7710001,La Figarella au pont de la Figarella,La Figarella,42.487611,8.805171,2017-11-07,1,1
Y7710001,La Figarella au pont de la Figarella,La Figarella,42.487611,8.805171,2017-11-22,1,1
Y7710001,La Figarella au pont de la Figarella,La Figarella,42.487611,8.805171,2018-02-06,1,1
Y7710001,La Figarella au pont de la Figarella,La Figarella,42.487611,8.805171,2018-03-06,1,1
Y7710001,La Figarella au pont de la Figarella,La Figarella,42.487611,8.805171,2018-03-21,1,1
Y7710001,La Figarella au pont de la Figarella,La Figarella,42.487611,8.805171,2018-04-25,1,1
Y7710001,La Figarella au pont de la Figarella,La Figarella,42.487611,8.805171,2018-05-29,1,1
Y7710001,La Figarella au pont de la Figarella,La Figarella,42.487611,8.805171,2018-06-19,1,1
Y7710001,La Figarella au pont de la Figarella,La Figarella,42.487611,8.805171,2018-07-25,1,1
Y7710001,La Figarella au pont de la Figarella,La Figarella,42.487611,8.805171,2018-08-27,1,1
Y7710001,La Figarella au pont de la Figarella,La Figarella,42.487611,8.805171,2018-09-25,1,1
Y7710001,La Figarella au pont de la Figarella,La Figarella,42.487611,8.805171,2018-10-25,1,1
Y7710001,La Figarella au pont de la Figarella,La Figarella,42.487611,8.805171,2019-04-02,1,1
Y7710001,La Figarella au pont de la Figarella,La Figarella,42.487611,8.805171,2019-04-24,1,1
Y7710001,La Figarella au pont de la Figarella,La Figarella,42.487611,8.805171,2019-05-27,1,1
Y7710001,La Figarella au pont de la Figarella,La Figarella,42.487611,8.805171,2019-06-20,1,1
Y7710001,La Figarella au pont de la Figarella,La Figarella,42.487611,8.805171,2019-07-25,1,1
Y7710001,La Figarella au pont de la Figarella,La Figarella,42.487611,8.805171,2019-08-27,1,1
Y7710001,La Figarella au pont de la Figarella,La Figarella,42.487611,8.805171,2019-09-25,1,1
Y7710001,La Figarella au pont de la Figarella,La Figarella,42.487611,8.805171,2019-10-28,1,1
Y7710001,La Figarella au pont de la Figarella,La Figarella,42.487611,8.805171,2020-05-27,1,1
Y7710001,La Figarella au pont de la Figarella,La Figarella,42.487611,8.805171,2020-06-23,1,1
Y7710001,La Figarella au pont de la Figarella,La Figarella,42.487611,8.805171,2020-07-24,1,1
Y7710001,La Figarella au pont de la Figarella,La Figarella,42.487611,8.805171,2020-08-14,1,1
Y7710001,La Figarella au pont de la Figarella,La Figarella,42.487611,8.805171,2020-08-25,1,1
Y7710001,La Figarella au pont de la Figarella,La Figarella,42.487611,8.805171,2020-09-24,1,1
Y7710001,La Figarella au pont de la Figarella,La Figarella,42.487611,8.805171,2020-10-26,1,1
Y7710001,La Figarella au pont de la Figarella,La Figarella,42.487611,8.805171,2021-05-26,1,1
Y7710001,La Figarella au pont de la Figarella,La Figarella,42.487611,8.805171,2021-06-30,1,1
Y7710001,La Figarella au pont de la Figarella,La Figarella,42.487611,8.805171,2021-07-26,1,1
Y7710001,La Figarella au pont de la Figarella,La Figarella,42.487611,8.805171,2021-08-16,1,1
Y7710001,La Figarella au pont de la Figarella,La Figarella,42.487611,8.805171,2021-08-27,1,1
Y7710001,La Figarella au pont de la Figarella,La Figarella,42.487611,8.805171,2021-09-24,1,1
Y7710001,La Figarella au pont de la Figarella,La Figarella,42.487611,8.805171,2021-10-25,1,1
Y7710001,La Figarella au pont de la Figarella,La Figarella,42.487611,8.805171,2022-03-25,1,1
Y7710001,La Figarella au pont de la Figarella,La Figarella,42.487611,8.805171,2022-04-25,1,1
Y7710001,La Figarella au pont de la Figarella,La Figarella,42.487611,8.805171,2022-05-23,1,1
Y7710001,La Figarella au pont de la Figarella,La Figarella,42.487611,8.805171,2022-06-23,1,1
Y7710001,La Figarella au pont de la Figarella,La Figarella,42.487611,8.805171,2022-07-11,1,1
Y7710001,La Figarella au pont de la Figarella,La Figarella,42.487611,8.805171,2022-07-25,1,1
Y7710001,La Figarella au pont de la Figarella,La Figarella,42.487611,8.805171,2022-08-10,2,0
Y7710001,La Figarella au pont de la Figarella,La Figarella,42.487611,8.805171,2022-08-23,1,1
Y7710001,La Figarella au pont de la Figarella,La Figarella,42.487611,8.805171,2022-09-09,1,1
Y7710001,La Figarella au pont de la Figarella,La Figarella,42.487611,8.805171,2022-09-26,1,1
Y7710001,La Figarella au pont de la Figarella,La Figarella,42.487611,8.805171,2022-10-10,1,1
Y7710001,La Figarella au pont de la Figarella,La Figarella,42.487611,8.805171,2022-10-24,1,1
Y7710001,La Figarella au pont de la Figarella,La Figarella,42.487611,8.805171,2022-11-11,1,1
Y7710001,La Figarella au pont de la Figarella,La Figarella,42.487611,8.805171,2022-11-22,1,1
Y7710001,La Figarella au pont de la Figarella,La Figarella,42.487611,8.805171,2022-12-14,1,1
Y7710001,La Figarella au pont de la Figarella,La Figarella,42.487611,8.805171,2023-01-23,1,1
Y7710001,La Figarella au pont de la Figarella,La Figarella,42.487611,8.805171,2023-02-22,1,1
Y7710001,La Figarella au pont de la Figarella,La Figarella,42.487611,8.805171,2023-03-24,1a,1
Y7710001,La Figarella au pont de la Figarella,La Figarella,42.487611,8.805171,2023-04-24,1a,1
Y7710001,La Figarella au pont de la Figarella,La Figarella,42.487611,8.805171,2023-05-24,1a,1
Y7710001,La Figarella au pont de la Figarella,La Figarella,42.487611,8.805171,2023-06-05,1a,1
Y7710001,La Figarella au pont de la Figarella,La Figarella,42.487611,8.805171,2023-06-26,1a,1
Y7710001,La Figarella au pont de la Figarella,La Figarella,42.487611,8.805171,2023-07-24,1f,1
Y7710001,La Figarella au pont de la Figarella,La Figarella,42.487611,8.805171,2023-08-21,2,0
Y7710001,La Figarella au pont de la Figarella,La Figarella,42.487611,8.805171,2023-09-12,1a,1
Y7710001,La Figarella au pont de la Figarella,La Figarella,42.487611,8.805171,2023-09-25,1f,1
Y7710001,La Figarella au pont de la Figarella,La Figarella,42.487611,8.805171,2023-10-10,1f,1
Y7710001,La Figarella au pont de la Figarella,La Figarella,42.487611,8.805171,2023-10-23,1a,1
Y7710001,La Figarella au pont de la Figarella,La Figarella,42.487611,8.805171,2023-11-24,1a,1
Y7710001,La Figarella au pont de la Figarella,La Figarella,42.487611,8.805171,2024-01-24,1a,1
Y7710001,La Figarella au pont de la Figarella,La Figarella,42.487611,8.805171,2024-02-22,1a,1
Y7710001,La Figarella au pont de la Figarella,La Figarella,42.487611,8.805171,2024-03-22,1a,1
Y7710001,La Figarella au pont de la Figarella,La Figarella,42.487611,8.805171,2024-04-24,1a,1
Y7710001,La Figarella au pont de la Figarella,La Figarella,42.487611,8.805171,2024-05-24,1a,1
Y7710001,La Figarella au pont de la Figarella,La Figarella,42.487611,8.805171,2024-06-21,1a,1
Y7710001,La Figarella au pont de la Figarella,La Figarella,42.487611,8.805171,2024-07-22,1a,1
Y7710001,La Figarella au pont de la Figarella,La Figarella,42.487611,8.805171,2024-08-22,1f,1
Y7710001,La Figarella au pont de la Figarella,La Figarella,42.487611,8.805171,2024-09-23,1a,1
Y7710001,La Figarella au pont de la Figarella,La Figarella,42.487611,8.805171,2024-10-10,1a,1
Y7710001,La Figarella au pont de la Figarella,La Figarella,42.487611,8.805171,2024-10-22,1a,1
Y7710001,La Figarella au pont de la Figarella,La Figarella,42.487611,8.805171,2024-11-12,1a,1
Y7710001,La Figarella au pont de la Figarella,La Figarella,42.487611,8.805171,2025-04-11,1a,1
Y7710001,La Figarella au pont de la Figarella,La Figarella,42.487611,8.805171,2025-05-23,1a,1
Y7710001,La Figarella au pont de la Figarella,La Figarella,42.487611,8.805171,2025-06-23,1a,1
Y7710001,La Figarella au pont de la Figarella,La Figarella,42.487611,8.805171,2025-07-23,1a,1
Y7710001,La Figarella au pont de la Figarella,La Figarella,42.487611,8.805171,2025-08-25,1f,1
Y7710001,La Figarella au pont de la Figarella,La Figarella,42.487611,8.805171,2025-09-25,1f,1
Y7710001,La Figarella au pont de la Figarella,La Figarella,42.487611,8.805171,2025-10-24,1a,1
Y7710001,La Figarella au pont de la Figarella,La Figarella,42.487611,8.805171,2025-11-20,1a,1
Y7710001,La Figarella au pont de la Figarella,La Figarella,42.487611,8.805171,2025-12-15,1a,1
Y7710001,La Figarella au pont de la Figarella,La Figarella,42.487611,8.805171,2026-01-14,1a,1
Y7710001,La Figarella au pont de la Figarella,La Figarella,42.487611,8.805171,2026-04-21,1a,1
Y7710001,La Figarella au pont de la Figarella,La Figarella,42.487611,8.805171,2026-05-25,1a,1
Y7710001,La Figarella au pont de la Figarella,La Figarella,42.487611,8.805171,2026-06-26,1f,1
Y7710001,La Figarella au pont de la Figarella,La Figarella,42.487611,8.805171,2026-07-13,1f,1
Y7710001,La Figarella au pont de la Figarella,La Figarella,42.487611,8.805171,2026-07-23,1f,1
Y7710001,La Figarella au pont de la Figarella,La Figarella,42.487611,8.805171,2026-08-25,1f,1
Y7710001,La Figarella au pont de la Figarella,La Figarella,42.487611,8.805171,2026-09-24,1f,1
Y7910001,Le Lonca au sentier montant à la prise d'eau,Ruisseau de Lonca,42.256383,8.76623,2012-05-25,1a,1
Y7910001,Le Lonca au sentier montant à la prise d'eau,Ruisseau de Lonca,42.256383,8.76623,2012-06-25,1a,1
Y7910001,Le Lonca au sentier montant à la prise d'eau,Ruisseau de Lonca,42.256383,8.76623,2012-07-25,1f,1
Y7910001,Le Lonca au sentier montant à la prise d'eau,Ruisseau de Lonca,42.256383,8.76623,2012-08-23,1f,1
Y7910001,Le Lonca au sentier montant à la prise d'eau,Ruisseau de Lonca,42.256383,8.76623,2012-09-25,1a,1
Y7910001,Le Lonca au sentier montant à la prise d'eau,Ruisseau de Lonca,42.256383,8.76623,2013-05-23,1a,1
Y7910001,Le Lonca au sentier montant à la prise d'eau,Ruisseau de Lonca,42.256383,8.76623,2013-06-25,1a,1
Y7910001,Le Lonca au sentier montant à la prise d'eau,Ruisseau de Lonca,42.256383,8.76623,2013-07-25,1a,1
Y7910001,Le Lonca au sentier montant à la prise d'eau,Ruisseau de Lonca,42.256383,8.76623,2013-08-23,1a,1
Y7910001,Le Lonca au sentier montant à la prise d'eau,Ruisseau de Lonca,42.256383,8.76623,2014-05-27,1a,1
Y7910001,Le Lonca au sentier montant à la prise d'eau,Ruisseau de Lonca,42.256383,8.76623,2014-06-25,1,1
Y7910001,Le Lonca au sentier montant à la prise d'eau,Ruisseau de Lonca,42.256383,8.76623,2014-07-24,1a,1
Y7910001,Le Lonca au sentier montant à la prise d'eau,Ruisseau de Lonca,42.256383,8.76623,2014-08-25,1f,1
Y7910001,Le Lonca au sentier montant à la prise d'eau,Ruisseau de Lonca,42.256383,8.76623,2014-09-25,1f,1
Y7910001,Le Lonca au sentier montant à la prise d'eau,Ruisseau de Lonca,42.256383,8.76623,2014-10-23,1a,1
Y7910001,Le Lonca au sentier montant à la prise d'eau,Ruisseau de Lonca,42.256383,8.76623,2015-05-26,1a,1
Y7910001,Le Lonca au sentier montant à la prise d'eau,Ruisseau de Lonca,42.256383,8.76623,2015-06-25,1a,1
Y7910001,Le Lonca au sentier montant à la prise d'eau,Ruisseau de Lonca,42.256383,8.76623,2015-07-22,2,0
Y7910001,Le Lonca au sentier montant à la prise d'eau,Ruisseau de Lonca,42.256383,8.76623,2015-08-27,1f,1
Y7910001,Le Lonca au sentier montant à la prise d'eau,Ruisseau de Lonca,42.256383,8.76623,2015-09-22,1a,1
Y7910001,Le Lonca au sentier montant à la prise d'eau,Ruisseau de Lonca,42.256383,8.76623,2016-05-18,1,1
Y7910001,Le Lonca au sentier montant à la prise d'eau,Ruisseau de Lonca,42.256383,8.76623,2016-06-27,1,1
Y7910001,Le Lonca au sentier montant à la prise d'eau,Ruisseau de Lonca,42.256383,8.76623,2016-07-21,1,1
Y7910001,Le Lonca au sentier montant à la prise d'eau,Ruisseau de Lonca,42.256383,8.76623,2016-08-22,1,1
Y7910001,Le Lonca au sentier montant à la prise d'eau,Ruisseau de Lonca,42.256383,8.76623,2016-09-21,1,1
Y7910001,Le Lonca au sentier montant à la prise d'eau,Ruisseau de Lonca,42.256383,8.76623,2017-05-22,1,1
Y7910001,Le Lonca au sentier montant à la prise d'eau,Ruisseau de Lonca,42.256383,8.76623,2017-06-23,1,1
Y7910001,Le Lonca au sentier montant à la prise d'eau,Ruisseau de Lonca,42.256383,8.76623,2017-07-23,1,1
Y7910001,Le Lonca au sentier montant à la prise d'eau,Ruisseau de Lonca,42.256383,8.76623,2017-08-07,1,1
Y7910001,Le Lonca au sentier montant à la prise d'eau,Ruisseau de Lonca,42.256383,8.76623,2017-08-21,1,1
Y7910001,Le Lonca au sentier montant à la prise d'eau,Ruisseau de Lonca,42.256383,8.76623,2017-09-04,1,1
Y7910001,Le Lonca au sentier montant à la prise d'eau,Ruisseau de Lonca,42.256383,8.76623,2017-09-18,1,1
Y7910001,Le Lonca au sentier montant à la prise d'eau,Ruisseau de Lonca,42.256383,8.76623,2017-09-29,1,1
Y7910001,Le Lonca au sentier montant à la prise d'eau,Ruisseau de Lonca,42.256383,8.76623,2018-05-28,1,1
Y7910001,Le Lonca au sentier montant à la prise d'eau,Ruisseau de Lonca,42.256383,8.76623,2018-06-19,1,1
Y7910001,Le Lonca au sentier montant à la prise d'eau,Ruisseau de Lonca,42.256383,8.76623,2018-07-25,1,1
Y7910001,Le Lonca au sentier montant à la prise d'eau,Ruisseau de Lonca,42.256383,8.76623,2018-08-23,1,1
Y7910001,Le Lonca au sentier montant à la prise d'eau,Ruisseau de Lonca,42.256383,8.76623,2018-09-24,1,1
Y7910001,Le Lonca au sentier montant à la prise d'eau,Ruisseau de Lonca,42.256383,8.76623,2018-10-25,1,1
Y7910001,Le Lonca au sentier montant à la prise d'eau,Ruisseau de Lonca,42.256383,8.76623,2019-04-02,1,1
Y7910001,Le Lonca au sentier montant à la prise d'eau,Ruisseau de Lonca,42.256383,8.76623,2019-04-24,1,1
Y7910001,Le Lonca au sentier montant à la prise d'eau,Ruisseau de Lonca,42.256383,8.76623,2019-05-27,1,1
Y7910001,Le Lonca au sentier montant à la prise d'eau,Ruisseau de Lonca,42.256383,8.76623,2019-06-20,1,1
Y7910001,Le Lonca au sentier montant à la prise d'eau,Ruisseau de Lonca,42.256383,8.76623,2019-07-24,1,1
Y7910001,Le Lonca au sentier montant à la prise d'eau,Ruisseau de Lonca,42.256383,8.76623,2019-08-27,1,1
Y7910001,Le Lonca au sentier montant à la prise d'eau,Ruisseau de Lonca,42.256383,8.76623,2019-09-25,1,1
Y7910001,Le Lonca au sentier montant à la prise d'eau,Ruisseau de Lonca,42.256383,8.76623,2019-10-28,1,1
Y7910001,Le Lonca au sentier montant à la prise d'eau,Ruisseau de Lonca,42.256383,8.76623,2020-05-25,1,1
Y7910001,Le Lonca au sentier montant à la prise d'eau,Ruisseau de Lonca,42.256383,8.76623,2020-06-25,1a,1
Y7910001,Le Lonca au sentier montant à la prise d'eau,Ruisseau de Lonca,42.256383,8.76623,2020-07-23,1,1
Y7910001,Le Lonca au sentier montant à la prise d'eau,Ruisseau de Lonca,42.256383,8.76623,2020-08-24,1,1
Y7910001,Le Lonca au sentier montant à la prise d'eau,Ruisseau de Lonca,42.256383,8.76623,2020-09-24,1,1
Y7910001,Le Lonca au sentier montant à la prise d'eau,Ruisseau de Lonca,42.256383,8.76623,2020-09-29,1,1
Y7910001,Le Lonca au sentier montant à la prise d'eau,Ruisseau de Lonca,42.256383,8.76623,2021-05-27,1,1
Y7910001,Le Lonca au sentier montant à la prise d'eau,Ruisseau de Lonca,42.256383,8.76623,2021-06-23,1a,1
Y7910001,Le Lonca au sentier montant à la prise d'eau,Ruisseau de Lonca,42.256383,8.76623,2021-07-27,1a,1
Y7910001,Le Lonca au sentier montant à la prise d'eau,Ruisseau de Lonca,42.256383,8.76623,2021-08-27,1a,1
Y7910001,Le Lonca au sentier montant à la prise d'eau,Ruisseau de Lonca,42.256383,8.76623,2021-09-27,1a,1
Y7910001,Le Lonca au sentier montant à la prise d'eau,Ruisseau de Lonca,42.256383,8.76623,2022-04-21,1,1
Y7910001,Le Lonca au sentier montant à la prise d'eau,Ruisseau de Lonca,42.256383,8.76623,2022-05-25,1,1
Y7910001,Le Lonca au sentier montant à la prise d'eau,Ruisseau de Lonca,42.256383,8.76623,2022-06-23,1,1
Y7910001,Le Lonca au sentier montant à la prise d'eau,Ruisseau de Lonca,42.256383,8.76623,2022-07-11,1,1
Y7910001,Le Lonca au sentier montant à la prise d'eau,Ruisseau de Lonca,42.256383,8.76623,2022-07-25,1,1
Y7910001,Le Lonca au sentier montant à la prise d'eau,Ruisseau de Lonca,42.256383,8.76623,2022-08-10,1,1
Y7910001,Le Lonca au sentier montant à la prise d'eau,Ruisseau de Lonca,42.256383,8.76623,2022-08-24,1,1
Y7910001,Le Lonca au sentier montant à la prise d'eau,Ruisseau de Lonca,42.256383,8.76623,2022-09-06,1,1
Y7910001,Le Lonca au sentier montant à la prise d'eau,Ruisseau de Lonca,42.256383,8.76623,2022-09-27,1,1
Y7910001,Le Lonca au sentier montant à la prise d'eau,Ruisseau de Lonca,42.256383,8.76623,2022-10-05,1,1
Y7910001,Le Lonca au sentier montant à la prise d'eau,Ruisseau de Lonca,42.256383,8.76623,2022-11-02,1,1
Y7910001,Le Lonca au sentier montant à la prise d'eau,Ruisseau de Lonca,42.256383,8.76623,2022-11-18,1,1
Y7910001,Le Lonca au sentier montant à la prise d'eau,Ruisseau de Lonca,42.256383,8.76623,2023-03-22,1,1
Y7910001,Le Lonca au sentier montant à la prise d'eau,Ruisseau de Lonca,42.256383,8.76623,2023-05-02,1,1
Y7910001,Le Lonca au sentier montant à la prise d'eau,Ruisseau de Lonca,42.256383,8.76623,2023-05-24,1,1
Y7910001,Le Lonca au sentier montant à la prise d'eau,Ruisseau de Lonca,42.256383,8.76623,2023-06-27,1,1
Y7910001,Le Lonca au sentier montant à la prise d'eau,Ruisseau de Lonca,42.256383,8.76623,2023-07-27,1,1
Y7910001,Le Lonca au sentier montant à la prise d'eau,Ruisseau de Lonca,42.256383,8.76623,2023-08-07,1,1
Y7910001,Le Lonca au sentier montant à la prise d'eau,Ruisseau de Lonca,42.256383,8.76623,2023-08-29,1,1
Y7910001,Le Lonca au sentier montant à la prise d'eau,Ruisseau de Lonca,42.256383,8.76623,2023-09-26,1,1
Y7910001,Le Lonca au sentier montant à la prise d'eau,Ruisseau de Lonca,42.256383,8.76623,2023-10-31,1,1
Y7910001,Le Lonca au sentier montant à la prise d'eau,Ruisseau de Lonca,42.256383,8.76623,2024-03-08,1,1
Y7910001,Le Lonca au sentier montant à la prise d'eau,Ruisseau de Lonca,42.256383,8.76623,2024-04-25,1,1
Y7910001,Le Lonca au sentier montant à la prise d'eau,Ruisseau de Lonca,42.256383,8.76623,2024-05-22,1,1
Y7910001,Le Lonca au sentier montant à la prise d'eau,Ruisseau de Lonca,42.256383,8.76623,2024-06-26,1,1
Y7910001,Le Lonca au sentier montant à la prise d'eau,Ruisseau de Lonca,42.256383,8.76623,2024-07-22,1,1
Y7910001,Le Lonca au sentier montant à la prise d'eau,Ruisseau de Lonca,42.256383,8.76623,2024-08-19,1,1
Y7910001,Le Lonca au sentier montant à la prise d'eau,Ruisseau de Lonca,42.256383,8.76623,2024-09-23,1a,1
Y7910001,Le Lonca au sentier montant à la prise d'eau,Ruisseau de Lonca,42.256383,8.76623,2025-04-23,1,1
Y7910001,Le Lonca au sentier montant à la prise d'eau,Ruisseau de Lonca,42.256383,8.76623,2025-05-23,1,1
Y7910001,Le Lonca au sentier montant à la prise d'eau,Ruisseau de Lonca,42.256383,8.76623,2025-06-24,1f,1
Y7910001,Le Lonca au sentier montant à la prise d'eau,Ruisseau de Lonca,42.256383,8.76623,2025-07-23,1f,1
Y7910001,Le Lonca au sentier montant à la prise d'eau,Ruisseau de Lonca,42.256383,8.76623,2025-08-27,1f,1
Y7910001,Le Lonca au sentier montant à la prise d'eau,Ruisseau de Lonca,42.256383,8.76623,2025-09-27,1f,1
Y7910001,Le Lonca au sentier montant à la prise d'eau,Ruisseau de Lonca,42.256383,8.76623,2025-10-24,1a,1
Y7910001,Le Lonca au sentier montant à la prise d'eau,Ruisseau de Lonca,42.256383,8.76623,2026-05-26,1a,1
Y7910001,Le Lonca au sentier montant à la prise d'eau,Ruisseau de Lonca,42.256383,8.76623,2026-06-25,1a,1
Y7910001,Le Lonca au sentier montant à la prise d'eau,Ruisseau de Lonca,42.256383,8.76623,2026-07-27,1a,1
Y7910001,Le Lonca au sentier montant à la prise d'eau,Ruisseau de Lonca,42.256383,8.76623,2026-08-24,1f,1
Y7910001,Le Lonca au sentier montant à la prise d'eau,Ruisseau de Lonca,42.256383,8.76623,2026-09-28,1f,1
Y7920001,Le Chiuni à l'aval du pont de Chiuni,Rivière Chiuni,42.183615,8.616453,2012-05-25,1a,1
Y7920001,Le Chiuni à l'aval du pont de Chiuni,Rivière Chiuni,42.183615,8.616453,2012-06-25,1f,1
Y7920001,Le Chiuni à l'aval du pont de Chiuni,Rivière Chiuni,42.183615,8.616453,2012-07-25,3,0
Y7920001,Le Chiuni à l'aval du pont de Chiuni,Rivière Chiuni,42.183615,8.616453,2012-08-23,3,0
Y7920001,Le Chiuni à l'aval du pont de Chiuni,Rivière Chiuni,42.183615,8.616453,2012-09-25,3,0
Y7920001,Le Chiuni à l'aval du pont de Chiuni,Rivière Chiuni,42.183615,8.616453,2013-05-23,1a,1
Y7920001,Le Chiuni à l'aval du pont de Chiuni,Rivière Chiuni,42.183615,8.616453,2013-06-25,1a,1
Y7920001,Le Chiuni à l'aval du pont de Chiuni,Rivière Chiuni,42.183615,8.616453,2013-07-25,3,0
Y7920001,Le Chiuni à l'aval du pont de Chiuni,Rivière Chiuni,42.183615,8.616453,2013-08-23,2,0
Y7920001,Le Chiuni à l'aval du pont de Chiuni,Rivière Chiuni,42.183615,8.616453,2014-05-27,1a,1
Y7920001,Le Chiuni à l'aval du pont de Chiuni,Rivière Chiuni,42.183615,8.616453,2014-06-25,1,1
Y7920001,Le Chiuni à l'aval du pont de Chiuni,Rivière Chiuni,42.183615,8.616453,2014-07-24,2,0
Y7920001,Le Chiuni à l'aval du pont de Chiuni,Rivière Chiuni,42.183615,8.616453,2014-08-25,3,0
Y7920001,Le Chiuni à l'aval du pont de Chiuni,Rivière Chiuni,42.183615,8.616453,2014-09-25,3,0
Y7920001,Le Chiuni à l'aval du pont de Chiuni,Rivière Chiuni,42.183615,8.616453,2014-10-23,3,0
Y7920001,Le Chiuni à l'aval du pont de Chiuni,Rivière Chiuni,42.183615,8.616453,2015-05-26,1a,1
Y7920001,Le Chiuni à l'aval du pont de Chiuni,Rivière Chiuni,42.183615,8.616453,2015-06-25,1a,1
Y7920001,Le Chiuni à l'aval du pont de Chiuni,Rivière Chiuni,42.183615,8.616453,2015-07-22,3,0
Y7920001,Le Chiuni à l'aval du pont de Chiuni,Rivière Chiuni,42.183615,8.616453,2015-08-27,3,0
Y7920001,Le Chiuni à l'aval du pont de Chiuni,Rivière Chiuni,42.183615,8.616453,2015-09-22,3,0
Y7920001,Le Chiuni à l'aval du pont de Chiuni,Rivière Chiuni,42.183615,8.616453,2016-05-18,1,1
Y7920001,Le Chiuni à l'aval du pont de Chiuni,Rivière Chiuni,42.183615,8.616453,2016-06-27,1,1
Y7920001,Le Chiuni à l'aval du pont de Chiuni,Rivière Chiuni,42.183615,8.616453,2016-07-21,3,0
Y7920001,Le Chiuni à l'aval du pont de Chiuni,Rivière Chiuni,42.183615,8.616453,2016-08-22,3,0
Y7920001,Le Chiuni à l'aval du pont de Chiuni,Rivière Chiuni,42.183615,8.616453,2016-09-21,2,0
Y7920001,Le Chiuni à l'aval du pont de Chiuni,Rivière Chiuni,42.183615,8.616453,2017-05-22,1,1
Y7920001,Le Chiuni à l'aval du pont de Chiuni,Rivière Chiuni,42.183615,8.616453,2017-06-23,3,0
Y7920001,Le Chiuni à l'aval du pont de Chiuni,Rivière Chiuni,42.183615,8.616453,2017-07-23,3,0
Y7920001,Le Chiuni à l'aval du pont de Chiuni,Rivière Chiuni,42.183615,8.616453,2017-08-07,3,0
Y7920001,Le Chiuni à l'aval du pont de Chiuni,Rivière Chiuni,42.183615,8.616453,2017-08-21,3,0
Y7920001,Le Chiuni à l'aval du pont de Chiuni,Rivière Chiuni,42.183615,8.616453,2017-09-04,3,0
Y7920001,Le Chiuni à l'aval du pont de Chiuni,Rivière Chiuni,42.183615,8.616453,2017-09-18,3,0
Y7920001,Le Chiuni à l'aval du pont de Chiuni,Rivière Chiuni,42.183615,8.616453,2017-09-29,1,1
Y7920001,Le Chiuni à l'aval du pont de Chiuni,Rivière Chiuni,42.183615,8.616453,2018-05-28,1,1
Y7920001,Le Chiuni à l'aval du pont de Chiuni,Rivière Chiuni,42.183615,8.616453,2018-06-19,1,1
Y7920001,Le Chiuni à l'aval du pont de Chiuni,Rivière Chiuni,42.183615,8.616453,2018-07-25,1,1
Y7920001,Le Chiuni à l'aval du pont de Chiuni,Rivière Chiuni,42.183615,8.616453,2018-08-23,1,1
Y7920001,Le Chiuni à l'aval du pont de Chiuni,Rivière Chiuni,42.183615,8.616453,2018-09-24,3,0
Y7920001,Le Chiuni à l'aval du pont de Chiuni,Rivière Chiuni,42.183615,8.616453,2018-10-25,1,1
Y7920001,Le Chiuni à l'aval du pont de Chiuni,Rivière Chiuni,42.183615,8.616453,2019-04-02,1,1
Y7920001,Le Chiuni à l'aval du pont de Chiuni,Rivière Chiuni,42.183615,8.616453,2019-04-24,1,1
Y7920001,Le Chiuni à l'aval du pont de Chiuni,Rivière Chiuni,42.183615,8.616453,2019-05-27,1,1
Y7920001,Le Chiuni à l'aval du pont de Chiuni,Rivière Chiuni,42.183615,8.616453,2019-06-20,1,1
Y7920001,Le Chiuni à l'aval du pont de Chiuni,Rivière Chiuni,42.183615,8.616453,2019-07-24,3,0
Y7920001,Le Chiuni à l'aval du pont de Chiuni,Rivière Chiuni,42.183615,8.616453,2019-08-27,3,0
Y7920001,Le Chiuni à l'aval du pont de Chiuni,Rivière Chiuni,42.183615,8.616453,2019-09-25,3,0
Y7920001,Le Chiuni à l'aval du pont de Chiuni,Rivière Chiuni,42.183615,8.616453,2019-10-28,2,0
Y7920001,Le Chiuni à l'aval du pont de Chiuni,Rivière Chiuni,42.183615,8.616453,2020-05-25,1,1
Y7920001,Le Chiuni à l'aval du pont de Chiuni,Rivière Chiuni,42.183615,8.616453,2020-06-25,1f,1
Y7920001,Le Chiuni à l'aval du pont de Chiuni,Rivière Chiuni,42.183615,8.616453,2020-07-23,3,0
Y7920001,Le Chiuni à l'aval du pont de Chiuni,Rivière Chiuni,42.183615,8.616453,2020-08-24,3,0
Y7920001,Le Chiuni à l'aval du pont de Chiuni,Rivière Chiuni,42.183615,8.616453,2020-09-24,3,0
Y7920001,Le Chiuni à l'aval du pont de Chiuni,Rivière Chiuni,42.183615,8.616453,2020-09-29,3,0
Y7920001,Le Chiuni à l'aval du pont de Chiuni,Rivière Chiuni,42.183615,8.616453,2021-05-27,1,1
Y7920001,Le Chiuni à l'aval du pont de Chiuni,Rivière Chiuni,42.183615,8.616453,2021-06-23,1f,1
Y7920001,Le Chiuni à l'aval du pont de Chiuni,Rivière Chiuni,42.183615,8.616453,2021-07-27,3,0
Y7920001,Le Chiuni à l'aval du pont de Chiuni,Rivière Chiuni,42.183615,8.616453,2021-08-27,3,0
Y7920001,Le Chiuni à l'aval du pont de Chiuni,Rivière Chiuni,42.183615,8.616453,2021-09-27,3,0
Y7920001,Le Chiuni à l'aval du pont de Chiuni,Rivière Chiuni,42.183615,8.616453,2022-04-21,1,1
Y7920001,Le Chiuni à l'aval du pont de Chiuni,Rivière Chiuni,42.183615,8.616453,2022-05-25,1,1
Y7920001,Le Chiuni à l'aval du pont de Chiuni,Rivière Chiuni,42.183615,8.616453,2022-06-23,3,0
Y7920001,Le Chiuni à l'aval du pont de Chiuni,Rivière Chiuni,42.183615,8.616453,2022-07-11,3,0
Y7920001,Le Chiuni à l'aval du pont de Chiuni,Rivière Chiuni,42.183615,8.616453,2022-07-25,3,0
Y7920001,Le Chiuni à l'aval du pont de Chiuni,Rivière Chiuni,42.183615,8.616453,2022-08-10,3,0
Y7920001,Le Chiuni à l'aval du pont de Chiuni,Rivière Chiuni,42.183615,8.616453,2022-08-24,3,0
Y7920001,Le Chiuni à l'aval du pont de Chiuni,Rivière Chiuni,42.183615,8.616453,2022-09-06,3,0
Y7920001,Le Chiuni à l'aval du pont de Chiuni,Rivière Chiuni,42.183615,8.616453,2022-09-27,1,1
Y7920001,Le Chiuni à l'aval du pont de Chiuni,Rivière Chiuni,42.183615,8.616453,2022-10-05,1,1
Y7920001,Le Chiuni à l'aval du pont de Chiuni,Rivière Chiuni,42.183615,8.616453,2022-11-02,3,0
Y7920001,Le Chiuni à l'aval du pont de Chiuni,Rivière Chiuni,42.183615,8.616453,2022-11-18,1,1
Y7920001,Le Chiuni à l'aval du pont de Chiuni,Rivière Chiuni,42.183615,8.616453,2023-03-22,1,1
Y7920001,Le Chiuni à l'aval du pont de Chiuni,Rivière Chiuni,42.183615,8.616453,2023-05-02,1,1
Y7920001,Le Chiuni à l'aval du pont de Chiuni,Rivière Chiuni,42.183615,8.616453,2023-05-24,1,1
Y7920001,Le Chiuni à l'aval du pont de Chiuni,Rivière Chiuni,42.183615,8.616453,2023-06-27,1,1
Y7920001,Le Chiuni à l'aval du pont de Chiuni,Rivière Chiuni,42.183615,8.616453,2023-07-27,3,0
Y7920001,Le Chiuni à l'aval du pont de Chiuni,Rivière Chiuni,42.183615,8.616453,2023-08-07,3,0
Y7920001,Le Chiuni à l'aval du pont de Chiuni,Rivière Chiuni,42.183615,8.616453,2023-08-29,1,1
Y7920001,Le Chiuni à l'aval du pont de Chiuni,Rivière Chiuni,42.183615,8.616453,2023-09-26,1,1
Y7920001,Le Chiuni à l'aval du pont de Chiuni,Rivière Chiuni,42.183615,8.616453,2023-10-31,1,1
Y7920001,Le Chiuni à l'aval du pont de Chiuni,Rivière Chiuni,42.183615,8.616453,2024-03-08,1,1
Y7920001,Le Chiuni à l'aval du pont de Chiuni,Rivière Chiuni,42.183615,8.616453,2024-04-25,1,1
Y7920001,Le Chiuni à l'aval du pont de Chiuni,Rivière Chiuni,42.183615,8.616453,2024-05-22,1,1
Y7920001,Le Chiuni à l'aval du pont de Chiuni,Rivière Chiuni,42.183615,8.616453,2024-06-26,1,1
Y7920001,Le Chiuni à l'aval du pont de Chiuni,Rivière Chiuni,42.183615,8.616453,2024-07-22,3,0
Y7920001,Le Chiuni à l'aval du pont de Chiuni,Rivière Chiuni,42.183615,8.616453,2024-08-19,3,0
Y7920001,Le Chiuni à l'aval du pont de Chiuni,Rivière Chiuni,42.183615,8.616453,2024-09-23,1f,1
Y7920001,Le Chiuni à l'aval du pont de Chiuni,Rivière Chiuni,42.183615,8.616453,2025-04-23,1,1
Y7920001,Le Chiuni à l'aval du pont de Chiuni,Rivière Chiuni,42.183615,8.616453,2025-05-23,1,1
Y7920001,Le Chiuni à l'aval du pont de Chiuni,Rivière Chiuni,42.183615,8.616453,2025-06-24,3,0
Y7920001,Le Chiuni à l'aval du pont de Chiuni,Rivière Chiuni,42.183615,8.616453,2025-07-23,3,0
Y7920001,Le Chiuni à l'aval du pont de Chiuni,Rivière Chiuni,42.183615,8.616453,2025-08-27,3,0
Y7920001,Le Chiuni à l'aval du pont de Chiuni,Rivière Chiuni,42.183615,8.616453,2025-09-27,3,0
Y7920001,Le Chiuni à l'aval du pont de Chiuni,Rivière Chiuni,42.183615,8.616453,2025-10-24,1f,1
Y7920001,Le Chiuni à l'aval du pont de Chiuni,Rivière Chiuni,42.183615,8.616453,2026-05-26,2,0
Y7920001,Le Chiuni à l'aval du pont de Chiuni,Rivière Chiuni,42.183615,8.616453,2026-06-25,3,0
Y7920001,Le Chiuni à l'aval du pont de Chiuni,Rivière Chiuni,42.183615,8.616453,2026-07-27,3,0
Y7920001,Le Chiuni à l'aval du pont de Chiuni,Rivière Chiuni,42.183615,8.616453,2026-08-24,3,0
Y7920001,Le Chiuni à l'aval du pont de Chiuni,Rivière Chiuni,42.183615,8.616453,2026-09-28,3,0
Y7920002,Le Dardo au stade de Piana,Ruisseau de Dardo,42.240308,8.655852,2012-05-25,1a,1
Y7920002,Le Dardo au stade de Piana,Ruisseau de Dardo,42.240308,8.655852,2012-06-25,1f,1
Y7920002,Le Dardo au stade de Piana,Ruisseau de Dardo,42.240308,8.655852,2012-07-25,2,0
Y7920002,Le Dardo au stade de Piana,Ruisseau de Dardo,42.240308,8.655852,2012-08-23,3,0
Y7920002,Le Dardo au stade de Piana,Ruisseau de Dardo,42.240308,8.655852,2012-09-25,2,0
Y7920002,Le Dardo au stade de Piana,Ruisseau de Dardo,42.240308,8.655852,2013-05-23,1a,1
Y7920002,Le Dardo au stade de Piana,Ruisseau de Dardo,42.240308,8.655852,2013-06-25,1a,1
Y7920002,Le Dardo au stade de Piana,Ruisseau de Dardo,42.240308,8.655852,2013-07-25,1a,1
Y7920002,Le Dardo au stade de Piana,Ruisseau de Dardo,42.240308,8.655852,2013-08-23,2,0
Y7920002,Le Dardo au stade de Piana,Ruisseau de Dardo,42.240308,8.655852,2014-05-27,1a,1
Y7920002,Le Dardo au stade de Piana,Ruisseau de Dardo,42.240308,8.655852,2014-06-25,1,1
Y7920002,Le Dardo au stade de Piana,Ruisseau de Dardo,42.240308,8.655852,2014-07-24,1a,1
Y7920002,Le Dardo au stade de Piana,Ruisseau de Dardo,42.240308,8.655852,2014-08-25,1f,1
Y7920002,Le Dardo au stade de Piana,Ruisseau de Dardo,42.240308,8.655852,2014-09-25,1f,1
Y7920002,Le Dardo au stade de Piana,Ruisseau de Dardo,42.240308,8.655852,2014-10-23,2,0
Y7920002,Le Dardo au stade de Piana,Ruisseau de Dardo,42.240308,8.655852,2015-05-26,1a,1
Y7920002,Le Dardo au stade de Piana,Ruisseau de Dardo,42.240308,8.655852,2015-06-25,1a,1
Y7920002,Le Dardo au stade de Piana,Ruisseau de Dardo,42.240308,8.655852,2015-07-22,1f,1
Y7920002,Le Dardo au stade de Piana,Ruisseau de Dardo,42.240308,8.655852,2015-08-27,2,0
Y7920002,Le Dardo au stade de Piana,Ruisseau de Dardo,42.240308,8.655852,2015-09-22,2,0
Y7920002,Le Dardo au stade de Piana,Ruisseau de Dardo,42.240308,8.655852,2016-05-18,1,1
Y7920002,Le Dardo au stade de Piana,Ruisseau de Dardo,42.240308,8.655852,2016-06-27,1,1
Y7920002,Le Dardo au stade de Piana,Ruisseau de Dardo,42.240308,8.655852,2016-07-21,1,1
Y7920002,Le Dardo au stade de Piana,Ruisseau de Dardo,42.240308,8.655852,2016-08-22,2,0
Y7920002,Le Dardo au stade de Piana,Ruisseau de Dardo,42.240308,8.655852,2016-09-21,2,0
Y7920002,Le Dardo au stade de Piana,Ruisseau de Dardo,42.240308,8.655852,2017-05-22,1,1
Y7920002,Le Dardo au stade de Piana,Ruisseau de Dardo,42.240308,8.655852,2017-06-23,2,0
Y7920002,Le Dardo au stade de Piana,Ruisseau de Dardo,42.240308,8.655852,2017-07-23,3,0
Y7920002,Le Dardo au stade de Piana,Ruisseau de Dardo,42.240308,8.655852,2017-08-07,3,0
Y7920002,Le Dardo au stade de Piana,Ruisseau de Dardo,42.240308,8.655852,2017-08-21,3,0
Y7920002,Le Dardo au stade de Piana,Ruisseau de Dardo,42.240308,8.655852,2017-09-04,3,0
Y7920002,Le Dardo au stade de Piana,Ruisseau de Dardo,42.240308,8.655852,2017-09-18,3,0
Y7920002,Le Dardo au stade de Piana,Ruisseau de Dardo,42.240308,8.655852,2017-09-29,1,1
Y7920002,Le Dardo au stade de Piana,Ruisseau de Dardo,42.240308,8.655852,2018-05-28,1,1
Y7920002,Le Dardo au stade de Piana,Ruisseau de Dardo,42.240308,8.655852,2018-06-19,1,1
Y7920002,Le Dardo au stade de Piana,Ruisseau de Dardo,42.240308,8.655852,2018-07-25,1,1
Y7920002,Le Dardo au stade de Piana,Ruisseau de Dardo,42.240308,8.655852,2018-08-23,1,1
Y7920002,Le Dardo au stade de Piana,Ruisseau de Dardo,42.240308,8.655852,2018-09-24,1,1
Y7920002,Le Dardo au stade de Piana,Ruisseau de Dardo,42.240308,8.655852,2018-10-25,1,1
Y7920002,Le Dardo au stade de Piana,Ruisseau de Dardo,42.240308,8.655852,2019-04-02,1,1
Y7920002,Le Dardo au stade de Piana,Ruisseau de Dardo,42.240308,8.655852,2019-04-24,1,1
Y7920002,Le Dardo au stade de Piana,Ruisseau de Dardo,42.240308,8.655852,2019-05-27,1,1
Y7920002,Le Dardo au stade de Piana,Ruisseau de Dardo,42.240308,8.655852,2019-06-20,1,1
Y7920002,Le Dardo au stade de Piana,Ruisseau de Dardo,42.240308,8.655852,2019-07-24,1,1
Y7920002,Le Dardo au stade de Piana,Ruisseau de Dardo,42.240308,8.655852,2019-08-27,1,1
Y7920002,Le Dardo au stade de Piana,Ruisseau de Dardo,42.240308,8.655852,2019-09-25,1,1
Y7920002,Le Dardo au stade de Piana,Ruisseau de Dardo,42.240308,8.655852,2019-10-28,1,1
Y7920002,Le Dardo au stade de Piana,Ruisseau de Dardo,42.240308,8.655852,2020-05-25,1,1
Y7920002,Le Dardo au stade de Piana,Ruisseau de Dardo,42.240308,8.655852,2020-06-25,1a,1
Y7920002,Le Dardo au stade de Piana,Ruisseau de Dardo,42.240308,8.655852,2020-07-23,1,1
Y7920002,Le Dardo au stade de Piana,Ruisseau de Dardo,42.240308,8.655852,2020-08-24,3,0
Y7920002,Le Dardo au stade de Piana,Ruisseau de Dardo,42.240308,8.655852,2020-09-24,2,0
Y7920002,Le Dardo au stade de Piana,Ruisseau de Dardo,42.240308,8.655852,2020-09-29,1,1
Y7920002,Le Dardo au stade de Piana,Ruisseau de Dardo,42.240308,8.655852,2021-05-27,1,1
Y7920002,Le Dardo au stade de Piana,Ruisseau de Dardo,42.240308,8.655852,2021-06-23,1a,1
Y7920002,Le Dardo au stade de Piana,Ruisseau de Dardo,42.240308,8.655852,2021-07-27,2,0
Y7920002,Le Dardo au stade de Piana,Ruisseau de Dardo,42.240308,8.655852,2021-08-27,1f,1
Y7920002,Le Dardo au stade de Piana,Ruisseau de Dardo,42.240308,8.655852,2021-09-27,1f,1
Y7920002,Le Dardo au stade de Piana,Ruisseau de Dardo,42.240308,8.655852,2022-04-21,1,1
Y7920002,Le Dardo au stade de Piana,Ruisseau de Dardo,42.240308,8.655852,2022-05-25,1,1
Y7920002,Le Dardo au stade de Piana,Ruisseau de Dardo,42.240308,8.655852,2022-06-23,1,1
Y7920002,Le Dardo au stade de Piana,Ruisseau de Dardo,42.240308,8.655852,2022-07-11,1,1
Y7920002,Le Dardo au stade de Piana,Ruisseau de Dardo,42.240308,8.655852,2022-07-25,2,0
Y7920002,Le Dardo au stade de Piana,Ruisseau de Dardo,42.240308,8.655852,2022-08-10,2,0
Y7920002,Le Dardo au stade de Piana,Ruisseau de Dardo,42.240308,8.655852,2022-08-24,2,0
Y7920002,Le Dardo au stade de Piana,Ruisseau de Dardo,42.240308,8.655852,2022-09-06,2,0
Y7920002,Le Dardo au stade de Piana,Ruisseau de Dardo,42.240308,8.655852,2022-09-27,1,1
Y7920002,Le Dardo au stade de Piana,Ruisseau de Dardo,42.240308,8.655852,2022-10-05,1,1
Y7920002,Le Dardo au stade de Piana,Ruisseau de Dardo,42.240308,8.655852,2022-11-02,1,1
Y7920002,Le Dardo au stade de Piana,Ruisseau de Dardo,42.240308,8.655852,2022-11-18,1,1
Y7920002,Le Dardo au stade de Piana,Ruisseau de Dardo,42.240308,8.655852,2023-03-22,1,1
Y7920002,Le Dardo au stade de Piana,Ruisseau de Dardo,42.240308,8.655852,2023-05-02,1,1
Y7920002,Le Dardo au stade de Piana,Ruisseau de Dardo,42.240308,8.655852,2023-05-24,1,1
Y7920002,Le Dardo au stade de Piana,Ruisseau de Dardo,42.240308,8.655852,2023-06-27,1,1
Y7920002,Le Dardo au stade de Piana,Ruisseau de Dardo,42.240308,8.655852,2023-07-27,1,1
Y7920002,Le Dardo au stade de Piana,Ruisseau de Dardo,42.240308,8.655852,2023-08-07,1,1
Y7920002,Le Dardo au stade de Piana,Ruisseau de Dardo,42.240308,8.655852,2023-08-29,1,1
Y7920002,Le Dardo au stade de Piana,Ruisseau de Dardo,42.240308,8.655852,2023-09-26,1,1
Y7920002,Le Dardo au stade de Piana,Ruisseau de Dardo,42.240308,8.655852,2023-10-31,1,1
Y7920002,Le Dardo au stade de Piana,Ruisseau de Dardo,42.240308,8.655852,2024-03-08,1,1
Y7920002,Le Dardo au stade de Piana,Ruisseau de Dardo,42.240308,8.655852,2024-04-25,1,1
Y7920002,Le Dardo au stade de Piana,Ruisseau de Dardo,42.240308,8.655852,2024-05-22,1,1
Y7920002,Le Dardo au stade de Piana,Ruisseau de Dardo,42.240308,8.655852,2024-06-26,1,1
Y7920002,Le Dardo au stade de Piana,Ruisseau de Dardo,42.240308,8.655852,2024-07-22,1,1
Y7920002,Le Dardo au stade de Piana,Ruisseau de Dardo,42.240308,8.655852,2024-08-19,2,0
Y7920002,Le Dardo au stade de Piana,Ruisseau de Dardo,42.240308,8.655852,2024-09-23,1f,1
Y7920002,Le Dardo au stade de Piana,Ruisseau de Dardo,42.240308,8.655852,2025-04-23,1,1
Y7920002,Le Dardo au stade de Piana,Ruisseau de Dardo,42.240308,8.655852,2025-05-23,1,1
Y7920002,Le Dardo au stade de Piana,Ruisseau de Dardo,42.240308,8.655852,2025-06-24,1f,1
Y7920002,Le Dardo au stade de Piana,Ruisseau de Dardo,42.240308,8.655852,2025-07-23,1f,1
Y7920002,Le Dardo au stade de Piana,Ruisseau de Dardo,42.240308,8.655852,2025-08-27,2,0
Y7920002,Le Dardo au stade de Piana,Ruisseau de Dardo,42.240308,8.655852,2025-09-27,1f,1
Y7920002,Le Dardo au stade de Piana,Ruisseau de Dardo,42.240308,8.655852,2025-10-24,1f,1
Y7920002,Le Dardo au stade de Piana,Ruisseau de Dardo,42.240308,8.655852,2026-05-26,1a,1
Y7920002,Le Dardo au stade de Piana,Ruisseau de Dardo,42.240308,8.655852,2026-06-25,1f,1
Y7920002,Le Dardo au stade de Piana,Ruisseau de Dardo,42.240308,8.655852,2026-07-27,2,0
Y7920002,Le Dardo au stade de Piana,Ruisseau de Dardo,42.240308,8.655852,2026-08-24,2,0
Y7920002,Le Dardo au stade de Piana,Ruisseau de Dardo,42.240308,8.655852,2026-09-28,2,0
Y8000001,La rivière de Sagone entre le ruisseau de Cesara et le ruisseau de Cammerinu,Rivière de Sagone,42.150013,8.725007,2012-05-25,1a,1
Y8000001,La rivière de Sagone entre le ruisseau de Cesara et le ruisseau de Cammerinu,Rivière de Sagone,42.150013,8.725007,2012-06-25,1a,1
Y8000001,La rivière de Sagone entre le ruisseau de Cesara et le ruisseau de Cammerinu,Rivière de Sagone,42.150013,8.725007,2012-07-25,1f,1
Y8000001,La rivière de Sagone entre le ruisseau de Cesara et le ruisseau de Cammerinu,Rivière de Sagone,42.150013,8.725007,2012-08-23,1f,1
Y8000001,La rivière de Sagone entre le ruisseau de Cesara et le ruisseau de Cammerinu,Rivière de Sagone,42.150013,8.725007,2012-09-25,1a,1
Y8000001,La rivière de Sagone entre le ruisseau de Cesara et le ruisseau de Cammerinu,Rivière de Sagone,42.150013,8.725007,2013-05-23,1a,1
Y8000001,La rivière de Sagone entre le ruisseau de Cesara et le ruisseau de Cammerinu,Rivière de Sagone,42.150013,8.725007,2013-06-25,1a,1
Y8000001,La rivière de Sagone entre le ruisseau de Cesara et le ruisseau de Cammerinu,Rivière de Sagone,42.150013,8.725007,2013-07-25,1a,1
Y8000001,La rivière de Sagone entre le ruisseau de Cesara et le ruisseau de Cammerinu,Rivière de Sagone,42.150013,8.725007,2013-08-23,1a,1
Y8000001,La rivière de Sagone entre le ruisseau de Cesara et le ruisseau de Cammerinu,Rivière de Sagone,42.150013,8.725007,2014-05-27,1a,1
Y8000001,La rivière de Sagone entre le ruisseau de Cesara et le ruisseau de Cammerinu,Rivière de Sagone,42.150013,8.725007,2014-06-25,1,1
Y8000001,La rivière de Sagone entre le ruisseau de Cesara et le ruisseau de Cammerinu,Rivière de Sagone,42.150013,8.725007,2014-07-24,1a,1
Y8000001,La rivière de Sagone entre le ruisseau de Cesara et le ruisseau de Cammerinu,Rivière de Sagone,42.150013,8.725007,2014-08-25,1f,1
Y8000001,La rivière de Sagone entre le ruisseau de Cesara et le ruisseau de Cammerinu,Rivière de Sagone,42.150013,8.725007,2014-09-25,1a,1
Y8000001,La rivière de Sagone entre le ruisseau de Cesara et le ruisseau de Cammerinu,Rivière de Sagone,42.150013,8.725007,2014-10-23,1a,1
Y8000001,La rivière de Sagone entre le ruisseau de Cesara et le ruisseau de Cammerinu,Rivière de Sagone,42.150013,8.725007,2015-05-26,1a,1
Y8000001,La rivière de Sagone entre le ruisseau de Cesara et le ruisseau de Cammerinu,Rivière de Sagone,42.150013,8.725007,2015-06-25,1a,1
Y8000001,La rivière de Sagone entre le ruisseau de Cesara et le ruisseau de Cammerinu,Rivière de Sagone,42.150013,8.725007,2015-07-22,1f,1
Y8000001,La rivière de Sagone entre le ruisseau de Cesara et le ruisseau de Cammerinu,Rivière de Sagone,42.150013,8.725007,2015-08-27,1f,1
Y8000001,La rivière de Sagone entre le ruisseau de Cesara et le ruisseau de Cammerinu,Rivière de Sagone,42.150013,8.725007,2015-09-22,1a,1
Y8000001,La rivière de Sagone entre le ruisseau de Cesara et le ruisseau de Cammerinu,Rivière de Sagone,42.150013,8.725007,2016-05-18,1,1
Y8000001,La rivière de Sagone entre le ruisseau de Cesara et le ruisseau de Cammerinu,Rivière de Sagone,42.150013,8.725007,2016-06-27,1,1
Y8000001,La rivière de Sagone entre le ruisseau de Cesara et le ruisseau de Cammerinu,Rivière de Sagone,42.150013,8.725007,2016-07-21,1,1
Y8000001,La rivière de Sagone entre le ruisseau de Cesara et le ruisseau de Cammerinu,Rivière de Sagone,42.150013,8.725007,2016-08-22,1,1
Y8000001,La rivière de Sagone entre le ruisseau de Cesara et le ruisseau de Cammerinu,Rivière de Sagone,42.150013,8.725007,2016-09-21,1,1
Y8000001,La rivière de Sagone entre le ruisseau de Cesara et le ruisseau de Cammerinu,Rivière de Sagone,42.150013,8.725007,2017-05-22,1,1
Y8000001,La rivière de Sagone entre le ruisseau de Cesara et le ruisseau de Cammerinu,Rivière de Sagone,42.150013,8.725007,2017-06-23,1,1
Y8000001,La rivière de Sagone entre le ruisseau de Cesara et le ruisseau de Cammerinu,Rivière de Sagone,42.150013,8.725007,2017-07-23,1,1
Y8000001,La rivière de Sagone entre le ruisseau de Cesara et le ruisseau de Cammerinu,Rivière de Sagone,42.150013,8.725007,2017-08-07,1,1
Y8000001,La rivière de Sagone entre le ruisseau de Cesara et le ruisseau de Cammerinu,Rivière de Sagone,42.150013,8.725007,2017-08-21,1,1
Y8000001,La rivière de Sagone entre le ruisseau de Cesara et le ruisseau de Cammerinu,Rivière de Sagone,42.150013,8.725007,2017-09-04,1,1
Y8000001,La rivière de Sagone entre le ruisseau de Cesara et le ruisseau de Cammerinu,Rivière de Sagone,42.150013,8.725007,2017-09-18,1,1
Y8000001,La rivière de Sagone entre le ruisseau de Cesara et le ruisseau de Cammerinu,Rivière de Sagone,42.150013,8.725007,2017-09-29,1,1
Y8000001,La rivière de Sagone entre le ruisseau de Cesara et le ruisseau de Cammerinu,Rivière de Sagone,42.150013,8.725007,2018-05-28,1,1
Y8000001,La rivière de Sagone entre le ruisseau de Cesara et le ruisseau de Cammerinu,Rivière de Sagone,42.150013,8.725007,2018-06-19,1,1
Y8000001,La rivière de Sagone entre le ruisseau de Cesara et le ruisseau de Cammerinu,Rivière de Sagone,42.150013,8.725007,2018-07-25,1,1
Y8000001,La rivière de Sagone entre le ruisseau de Cesara et le ruisseau de Cammerinu,Rivière de Sagone,42.150013,8.725007,2018-08-23,1,1
Y8000001,La rivière de Sagone entre le ruisseau de Cesara et le ruisseau de Cammerinu,Rivière de Sagone,42.150013,8.725007,2018-09-24,1,1
Y8000001,La rivière de Sagone entre le ruisseau de Cesara et le ruisseau de Cammerinu,Rivière de Sagone,42.150013,8.725007,2018-10-25,1,1
Y8000001,La rivière de Sagone entre le ruisseau de Cesara et le ruisseau de Cammerinu,Rivière de Sagone,42.150013,8.725007,2019-04-02,1,1
Y8000001,La rivière de Sagone entre le ruisseau de Cesara et le ruisseau de Cammerinu,Rivière de Sagone,42.150013,8.725007,2019-04-24,1,1
Y8000001,La rivière de Sagone entre le ruisseau de Cesara et le ruisseau de Cammerinu,Rivière de Sagone,42.150013,8.725007,2019-05-27,1,1
Y8000001,La rivière de Sagone entre le ruisseau de Cesara et le ruisseau de Cammerinu,Rivière de Sagone,42.150013,8.725007,2019-06-20,1,1
Y8000001,La rivière de Sagone entre le ruisseau de Cesara et le ruisseau de Cammerinu,Rivière de Sagone,42.150013,8.725007,2019-07-24,1,1
Y8000001,La rivière de Sagone entre le ruisseau de Cesara et le ruisseau de Cammerinu,Rivière de Sagone,42.150013,8.725007,2019-08-27,1,1
Y8000001,La rivière de Sagone entre le ruisseau de Cesara et le ruisseau de Cammerinu,Rivière de Sagone,42.150013,8.725007,2019-09-25,1,1
Y8000001,La rivière de Sagone entre le ruisseau de Cesara et le ruisseau de Cammerinu,Rivière de Sagone,42.150013,8.725007,2019-10-28,1,1
Y8000001,La rivière de Sagone entre le ruisseau de Cesara et le ruisseau de Cammerinu,Rivière de Sagone,42.150013,8.725007,2020-05-25,1,1
Y8000001,La rivière de Sagone entre le ruisseau de Cesara et le ruisseau de Cammerinu,Rivière de Sagone,42.150013,8.725007,2020-06-25,1a,1
Y8000001,La rivière de Sagone entre le ruisseau de Cesara et le ruisseau de Cammerinu,Rivière de Sagone,42.150013,8.725007,2020-07-23,1,1
Y8000001,La rivière de Sagone entre le ruisseau de Cesara et le ruisseau de Cammerinu,Rivière de Sagone,42.150013,8.725007,2020-08-24,1,1
Y8000001,La rivière de Sagone entre le ruisseau de Cesara et le ruisseau de Cammerinu,Rivière de Sagone,42.150013,8.725007,2020-09-24,1,1
Y8000001,La rivière de Sagone entre le ruisseau de Cesara et le ruisseau de Cammerinu,Rivière de Sagone,42.150013,8.725007,2020-09-29,1,1
Y8000001,La rivière de Sagone entre le ruisseau de Cesara et le ruisseau de Cammerinu,Rivière de Sagone,42.150013,8.725007,2021-05-27,1,1
Y8000001,La rivière de Sagone entre le ruisseau de Cesara et le ruisseau de Cammerinu,Rivière de Sagone,42.150013,8.725007,2021-06-23,1a,1
Y8000001,La rivière de Sagone entre le ruisseau de Cesara et le ruisseau de Cammerinu,Rivière de Sagone,42.150013,8.725007,2021-07-27,1a,1
Y8000001,La rivière de Sagone entre le ruisseau de Cesara et le ruisseau de Cammerinu,Rivière de Sagone,42.150013,8.725007,2021-08-27,1a,1
Y8000001,La rivière de Sagone entre le ruisseau de Cesara et le ruisseau de Cammerinu,Rivière de Sagone,42.150013,8.725007,2021-09-27,1a,1
Y8000001,La rivière de Sagone entre le ruisseau de Cesara et le ruisseau de Cammerinu,Rivière de Sagone,42.150013,8.725007,2022-04-21,1,1
Y8000001,La rivière de Sagone entre le ruisseau de Cesara et le ruisseau de Cammerinu,Rivière de Sagone,42.150013,8.725007,2022-05-25,1,1
Y8000001,La rivière de Sagone entre le ruisseau de Cesara et le ruisseau de Cammerinu,Rivière de Sagone,42.150013,8.725007,2022-06-23,1,1
Y8000001,La rivière de Sagone entre le ruisseau de Cesara et le ruisseau de Cammerinu,Rivière de Sagone,42.150013,8.725007,2022-07-11,1,1
Y8000001,La rivière de Sagone entre le ruisseau de Cesara et le ruisseau de Cammerinu,Rivière de Sagone,42.150013,8.725007,2022-07-25,1,1
Y8000001,La rivière de Sagone entre le ruisseau de Cesara et le ruisseau de Cammerinu,Rivière de Sagone,42.150013,8.725007,2022-08-10,1,1
Y8000001,La rivière de Sagone entre le ruisseau de Cesara et le ruisseau de Cammerinu,Rivière de Sagone,42.150013,8.725007,2022-08-24,1,1
Y8000001,La rivière de Sagone entre le ruisseau de Cesara et le ruisseau de Cammerinu,Rivière de Sagone,42.150013,8.725007,2022-09-06,1,1
Y8000001,La rivière de Sagone entre le ruisseau de Cesara et le ruisseau de Cammerinu,Rivière de Sagone,42.150013,8.725007,2022-09-27,1,1
Y8000001,La rivière de Sagone entre le ruisseau de Cesara et le ruisseau de Cammerinu,Rivière de Sagone,42.150013,8.725007,2022-10-05,1,1
Y8000001,La rivière de Sagone entre le ruisseau de Cesara et le ruisseau de Cammerinu,Rivière de Sagone,42.150013,8.725007,2022-11-02,1,1
Y8000001,La rivière de Sagone entre le ruisseau de Cesara et le ruisseau de Cammerinu,Rivière de Sagone,42.150013,8.725007,2022-11-18,1,1
Y8000001,La rivière de Sagone entre le ruisseau de Cesara et le ruisseau de Cammerinu,Rivière de Sagone,42.150013,8.725007,2023-03-22,1,1
Y8000001,La rivière de Sagone entre le ruisseau de Cesara et le ruisseau de Cammerinu,Rivière de Sagone,42.150013,8.725007,2023-05-02,1,1
Y8000001,La rivière de Sagone entre le ruisseau de Cesara et le ruisseau de Cammerinu,Rivière de Sagone,42.150013,8.725007,2023-05-24,1,1
Y8000001,La rivière de Sagone entre le ruisseau de Cesara et le ruisseau de Cammerinu,Rivière de Sagone,42.150013,8.725007,2023-06-27,1,1
Y8000001,La rivière de Sagone entre le ruisseau de Cesara et le ruisseau de Cammerinu,Rivière de Sagone,42.150013,8.725007,2023-07-27,1,1
Y8000001,La rivière de Sagone entre le ruisseau de Cesara et le ruisseau de Cammerinu,Rivière de Sagone,42.150013,8.725007,2023-08-07,1,1
Y8000001,La rivière de Sagone entre le ruisseau de Cesara et le ruisseau de Cammerinu,Rivière de Sagone,42.150013,8.725007,2023-08-29,1,1
Y8000001,La rivière de Sagone entre le ruisseau de Cesara et le ruisseau de Cammerinu,Rivière de Sagone,42.150013,8.725007,2023-09-26,1,1
Y8000001,La rivière de Sagone entre le ruisseau de Cesara et le ruisseau de Cammerinu,Rivière de Sagone,42.150013,8.725007,2023-10-31,1,1
Y8000001,La rivière de Sagone entre le ruisseau de Cesara et le ruisseau de Cammerinu,Rivière de Sagone,42.150013,8.725007,2024-03-08,1,1
Y8000001,La rivière de Sagone entre le ruisseau de Cesara et le ruisseau de Cammerinu,Rivière de Sagone,42.150013,8.725007,2024-04-25,1,1
Y8000001,La rivière de Sagone entre le ruisseau de Cesara et le ruisseau de Cammerinu,Rivière de Sagone,42.150013,8.725007,2024-05-22,1,1
Y8000001,La rivière de Sagone entre le ruisseau de Cesara et le ruisseau de Cammerinu,Rivière de Sagone,42.150013,8.725007,2024-06-26,1,1
Y8000001,La rivière de Sagone entre le ruisseau de Cesara et le ruisseau de Cammerinu,Rivière de Sagone,42.150013,8.725007,2024-07-22,1,1
Y8000001,La rivière de Sagone entre le ruisseau de Cesara et le ruisseau de Cammerinu,Rivière de Sagone,42.150013,8.725007,2024-08-19,1,1
Y8000001,La rivière de Sagone entre le ruisseau de Cesara et le ruisseau de Cammerinu,Rivière de Sagone,42.150013,8.725007,2024-09-23,1a,1
Y8000001,La rivière de Sagone entre le ruisseau de Cesara et le ruisseau de Cammerinu,Rivière de Sagone,42.150013,8.725007,2025-04-23,1,1
Y8000001,La rivière de Sagone entre le ruisseau de Cesara et le ruisseau de Cammerinu,Rivière de Sagone,42.150013,8.725007,2025-05-23,1,1
Y8000001,La rivière de Sagone entre le ruisseau de Cesara et le ruisseau de Cammerinu,Rivière de Sagone,42.150013,8.725007,2025-06-24,1a,1
Y8000001,La rivière de Sagone entre le ruisseau de Cesara et le ruisseau de Cammerinu,Rivière de Sagone,42.150013,8.725007,2025-07-23,1f,1
Y8000001,La rivière de Sagone entre le ruisseau de Cesara et le ruisseau de Cammerinu,Rivière de Sagone,42.150013,8.725007,2025-08-27,1a,1
Y8000001,La rivière de Sagone entre le ruisseau de Cesara et le ruisseau de Cammerinu,Rivière de Sagone,42.150013,8.725007,2025-09-27,1a,1
Y8000001,La rivière de Sagone entre le ruisseau de Cesara et le ruisseau de Cammerinu,Rivière de Sagone,42.150013,8.725007,2025-10-24,1a,1
Y8000001,La rivière de Sagone entre le ruisseau de Cesara et le ruisseau de Cammerinu,Rivière de Sagone,42.150013,8.725007,2026-05-26,1a,1
Y8000001,La rivière de Sagone entre le ruisseau de Cesara et le ruisseau de Cammerinu,Rivière de Sagone,42.150013,8.725007,2026-06-25,1a,1
Y8000001,La rivière de Sagone entre le ruisseau de Cesara et le ruisseau de Cammerinu,Rivière de Sagone,42.150013,8.725007,2026-07-27,1a,1
Y8000001,La rivière de Sagone entre le ruisseau de Cesara et le ruisseau de Cammerinu,Rivière de Sagone,42.150013,8.725007,2026-08-24,1a,1
Y8000001,La rivière de Sagone entre le ruisseau de Cesara et le ruisseau de Cammerinu,Rivière de Sagone,42.150013,8.725007,2026-09-28,1a,1
Y8310001,Le Pantanu au pont du hameau de Costeglia,Ruisseau de Pantanu,42.043611,8.921093,2012-05-25,1a,1
Y8310001,Le Pantanu au pont du hameau de Costeglia,Ruisseau de Pantanu,42.043611,8.921093,2012-06-25,1f,1
Y8310001,Le Pantanu au pont du hameau de Costeglia,Ruisseau de Pantanu,42.043611,8.921093,2012-07-25,1a,1
Y8310001,Le Pantanu au pont du hameau de Costeglia,Ruisseau de Pantanu,42.043611,8.921093,2012-08-23,1f,1
Y8310001,Le Pantanu au pont du hameau de Costeglia,Ruisseau de Pantanu,42.043611,8.921093,2012-09-25,1a,1
Y8310001,Le Pantanu au pont du hameau de Costeglia,Ruisseau de Pantanu,42.043611,8.921093,2013-05-23,1a,1
Y8310001,Le Pantanu au pont du hameau de Costeglia,Ruisseau de Pantanu,42.043611,8.921093,2013-06-25,1a,1
Y8310001,Le Pantanu au pont du hameau de Costeglia,Ruisseau de Pantanu,42.043611,8.921093,2013-07-25,1a,1
Y8310001,Le Pantanu au pont du hameau de Costeglia,Ruisseau de Pantanu,42.043611,8.921093,2013-08-23,1a,1
Y8310001,Le Pantanu au pont du hameau de Costeglia,Ruisseau de Pantanu,42.043611,8.921093,2014-05-27,1a,1
Y8310001,Le Pantanu au pont du hameau de Costeglia,Ruisseau de Pantanu,42.043611,8.921093,2014-06-25,1,1
Y8310001,Le Pantanu au pont du hameau de Costeglia,Ruisseau de Pantanu,42.043611,8.921093,2014-07-24,1a,1
Y8310001,Le Pantanu au pont du hameau de Costeglia,Ruisseau de Pantanu,42.043611,8.921093,2014-08-25,1f,1
Y8310001,Le Pantanu au pont du hameau de Costeglia,Ruisseau de Pantanu,42.043611,8.921093,2014-09-25,1f,1
Y8310001,Le Pantanu au pont du hameau de Costeglia,Ruisseau de Pantanu,42.043611,8.921093,2014-10-24,1f,1
Y8310001,Le Pantanu au pont du hameau de Costeglia,Ruisseau de Pantanu,42.043611,8.921093,2015-05-26,1a,1
Y8310001,Le Pantanu au pont du hameau de Costeglia,Ruisseau de Pantanu,42.043611,8.921093,2015-06-25,1a,1
Y8310001,Le Pantanu au pont du hameau de Costeglia,Ruisseau de Pantanu,42.043611,8.921093,2015-07-22,1a,1
Y8310001,Le Pantanu au pont du hameau de Costeglia,Ruisseau de Pantanu,42.043611,8.921093,2015-08-27,1a,1
Y8310001,Le Pantanu au pont du hameau de Costeglia,Ruisseau de Pantanu,42.043611,8.921093,2015-09-22,1a,1
Y8310001,Le Pantanu au pont du hameau de Costeglia,Ruisseau de Pantanu,42.043611,8.921093,2016-05-18,1,1
Y8310001,Le Pantanu au pont du hameau de Costeglia,Ruisseau de Pantanu,42.043611,8.921093,2016-06-27,1,1
Y8310001,Le Pantanu au pont du hameau de Costeglia,Ruisseau de Pantanu,42.043611,8.921093,2016-07-21,1,1
Y8310001,Le Pantanu au pont du hameau de Costeglia,Ruisseau de Pantanu,42.043611,8.921093,2016-08-22,1,1
Y8310001,Le Pantanu au pont du hameau de Costeglia,Ruisseau de Pantanu,42.043611,8.921093,2016-09-21,1,1
Y8310001,Le Pantanu au pont du hameau de Costeglia,Ruisseau de Pantanu,42.043611,8.921093,2017-05-22,1,1
Y8310001,Le Pantanu au pont du hameau de Costeglia,Ruisseau de Pantanu,42.043611,8.921093,2017-06-23,2,0
Y8310001,Le Pantanu au pont du hameau de Costeglia,Ruisseau de Pantanu,42.043611,8.921093,2017-07-23,2,0
Y8310001,Le Pantanu au pont du hameau de Costeglia,Ruisseau de Pantanu,42.043611,8.921093,2017-08-07,2,0
Y8310001,Le Pantanu au pont du hameau de Costeglia,Ruisseau de Pantanu,42.043611,8.921093,2017-08-21,2,0
Y8310001,Le Pantanu au pont du hameau de Costeglia,Ruisseau de Pantanu,42.043611,8.921093,2017-09-04,2,0
Y8310001,Le Pantanu au pont du hameau de Costeglia,Ruisseau de Pantanu,42.043611,8.921093,2017-09-18,2,0
Y8310001,Le Pantanu au pont du hameau de Costeglia,Ruisseau de Pantanu,42.043611,8.921093,2017-09-29,1,1
Y8310001,Le Pantanu au pont du hameau de Costeglia,Ruisseau de Pantanu,42.043611,8.921093,2018-05-28,1,1
Y8310001,Le Pantanu au pont du hameau de Costeglia,Ruisseau de Pantanu,42.043611,8.921093,2018-06-19,1,1
Y8310001,Le Pantanu au pont du hameau de Costeglia,Ruisseau de Pantanu,42.043611,8.921093,2018-07-25,1,1
Y8310001,Le Pantanu au pont du hameau de Costeglia,Ruisseau de Pantanu,42.043611,8.921093,2018-08-23,1,1
Y8310001,Le Pantanu au pont du hameau de Costeglia,Ruisseau de Pantanu,42.043611,8.921093,2018-09-24,1,1
Y8310001,Le Pantanu au pont du hameau de Costeglia,Ruisseau de Pantanu,42.043611,8.921093,2018-10-25,1,1
Y8310001,Le Pantanu au pont du hameau de Costeglia,Ruisseau de Pantanu,42.043611,8.921093,2019-04-02,1,1
Y8310001,Le Pantanu au pont du hameau de Costeglia,Ruisseau de Pantanu,42.043611,8.921093,2019-04-24,1,1
Y8310001,Le Pantanu au pont du hameau de Costeglia,Ruisseau de Pantanu,42.043611,8.921093,2019-05-27,1,1
Y8310001,Le Pantanu au pont du hameau de Costeglia,Ruisseau de Pantanu,42.043611,8.921093,2019-06-20,1,1
Y8310001,Le Pantanu au pont du hameau de Costeglia,Ruisseau de Pantanu,42.043611,8.921093,2019-07-24,1,1
Y8310001,Le Pantanu au pont du hameau de Costeglia,Ruisseau de Pantanu,42.043611,8.921093,2019-08-27,1,1
Y8310001,Le Pantanu au pont du hameau de Costeglia,Ruisseau de Pantanu,42.043611,8.921093,2019-09-25,1,1
Y8310001,Le Pantanu au pont du hameau de Costeglia,Ruisseau de Pantanu,42.043611,8.921093,2019-10-28,1,1
Y8310001,Le Pantanu au pont du hameau de Costeglia,Ruisseau de Pantanu,42.043611,8.921093,2020-05-25,1,1
Y8310001,Le Pantanu au pont du hameau de Costeglia,Ruisseau de Pantanu,42.043611,8.921093,2020-06-25,1a,1
Y8310001,Le Pantanu au pont du hameau de Costeglia,Ruisseau de Pantanu,42.043611,8.921093,2020-07-24,1,1
Y8310001,Le Pantanu au pont du hameau de Costeglia,Ruisseau de Pantanu,42.043611,8.921093,2020-08-24,1,1
Y8310001,Le Pantanu au pont du hameau de Costeglia,Ruisseau de Pantanu,42.043611,8.921093,2020-09-24,1,1
Y8310001,Le Pantanu au pont du hameau de Costeglia,Ruisseau de Pantanu,42.043611,8.921093,2020-09-29,1,1
Y8310001,Le Pantanu au pont du hameau de Costeglia,Ruisseau de Pantanu,42.043611,8.921093,2021-05-26,1,1
Y8310001,Le Pantanu au pont du hameau de Costeglia,Ruisseau de Pantanu,42.043611,8.921093,2021-06-22,1a,1
Y8310001,Le Pantanu au pont du hameau de Costeglia,Ruisseau de Pantanu,42.043611,8.921093,2021-07-28,1f,1
Y8310001,Le Pantanu au pont du hameau de Costeglia,Ruisseau de Pantanu,42.043611,8.921093,2021-08-23,1f,1
Y8310001,Le Pantanu au pont du hameau de Costeglia,Ruisseau de Pantanu,42.043611,8.921093,2021-09-28,1a,1
Y8310001,Le Pantanu au pont du hameau de Costeglia,Ruisseau de Pantanu,42.043611,8.921093,2022-04-12,1,1
Y8310001,Le Pantanu au pont du hameau de Costeglia,Ruisseau de Pantanu,42.043611,8.921093,2022-05-27,1,1
Y8310001,Le Pantanu au pont du hameau de Costeglia,Ruisseau de Pantanu,42.043611,8.921093,2022-06-23,1,1
Y8310001,Le Pantanu au pont du hameau de Costeglia,Ruisseau de Pantanu,42.043611,8.921093,2022-07-12,1,1
Y8310001,Le Pantanu au pont du hameau de Costeglia,Ruisseau de Pantanu,42.043611,8.921093,2022-07-26,1,1
Y8310001,Le Pantanu au pont du hameau de Costeglia,Ruisseau de Pantanu,42.043611,8.921093,2022-08-11,1,1
Y8310001,Le Pantanu au pont du hameau de Costeglia,Ruisseau de Pantanu,42.043611,8.921093,2022-08-23,1,1
Y8310001,Le Pantanu au pont du hameau de Costeglia,Ruisseau de Pantanu,42.043611,8.921093,2022-09-07,1,1
Y8310001,Le Pantanu au pont du hameau de Costeglia,Ruisseau de Pantanu,42.043611,8.921093,2022-09-21,1,1
Y8310001,Le Pantanu au pont du hameau de Costeglia,Ruisseau de Pantanu,42.043611,8.921093,2022-10-07,1,1
Y8310001,Le Pantanu au pont du hameau de Costeglia,Ruisseau de Pantanu,42.043611,8.921093,2022-11-03,1,1
Y8310001,Le Pantanu au pont du hameau de Costeglia,Ruisseau de Pantanu,42.043611,8.921093,2022-11-21,1,1
Y8310001,Le Pantanu au pont du hameau de Costeglia,Ruisseau de Pantanu,42.043611,8.921093,2023-03-23,1,1
Y8310001,Le Pantanu au pont du hameau de Costeglia,Ruisseau de Pantanu,42.043611,8.921093,2023-04-26,1,1
Y8310001,Le Pantanu au pont du hameau de Costeglia,Ruisseau de Pantanu,42.043611,8.921093,2023-05-25,1,1
Y8310001,Le Pantanu au pont du hameau de Costeglia,Ruisseau de Pantanu,42.043611,8.921093,2023-06-29,1,1
Y8310001,Le Pantanu au pont du hameau de Costeglia,Ruisseau de Pantanu,42.043611,8.921093,2023-07-25,1,1
Y8310001,Le Pantanu au pont du hameau de Costeglia,Ruisseau de Pantanu,42.043611,8.921093,2023-08-11,1,1
Y8310001,Le Pantanu au pont du hameau de Costeglia,Ruisseau de Pantanu,42.043611,8.921093,2023-08-26,1,1
Y8310001,Le Pantanu au pont du hameau de Costeglia,Ruisseau de Pantanu,42.043611,8.921093,2023-09-27,1,1
Y8310001,Le Pantanu au pont du hameau de Costeglia,Ruisseau de Pantanu,42.043611,8.921093,2023-10-25,1,1
Y8310001,Le Pantanu au pont du hameau de Costeglia,Ruisseau de Pantanu,42.043611,8.921093,2024-03-11,1,1
Y8310001,Le Pantanu au pont du hameau de Costeglia,Ruisseau de Pantanu,42.043611,8.921093,2024-04-25,1,1
Y8310001,Le Pantanu au pont du hameau de Costeglia,Ruisseau de Pantanu,42.043611,8.921093,2024-05-22,1,1
Y8310001,Le Pantanu au pont du hameau de Costeglia,Ruisseau de Pantanu,42.043611,8.921093,2024-06-25,1,1
Y8310001,Le Pantanu au pont du hameau de Costeglia,Ruisseau de Pantanu,42.043611,8.921093,2024-07-24,1,1
Y8310001,Le Pantanu au pont du hameau de Costeglia,Ruisseau de Pantanu,42.043611,8.921093,2024-08-21,1,1
Y8310001,Le Pantanu au pont du hameau de Costeglia,Ruisseau de Pantanu,42.043611,8.921093,2024-09-23,1a,1
Y8310001,Le Pantanu au pont du hameau de Costeglia,Ruisseau de Pantanu,42.043611,8.921093,2025-04-24,1,1
Y8310001,Le Pantanu au pont du hameau de Costeglia,Ruisseau de Pantanu,42.043611,8.921093,2025-05-24,1,1
Y8310001,Le Pantanu au pont du hameau de Costeglia,Ruisseau de Pantanu,42.043611,8.921093,2025-06-25,1a,1
Y8310001,Le Pantanu au pont du hameau de Costeglia,Ruisseau de Pantanu,42.043611,8.921093,2025-07-24,1a,1
Y8310001,Le Pantanu au pont du hameau de Costeglia,Ruisseau de Pantanu,42.043611,8.921093,2025-08-22,1a,1
Y8310001,Le Pantanu au pont du hameau de Costeglia,Ruisseau de Pantanu,42.043611,8.921093,2025-09-22,1a,1
Y8310001,Le Pantanu au pont du hameau de Costeglia,Ruisseau de Pantanu,42.043611,8.921093,2025-10-23,1a,1
Y8310001,Le Pantanu au pont du hameau de Costeglia,Ruisseau de Pantanu,42.043611,8.921093,2026-05-26,1a,1
Y8310001,Le Pantanu au pont du hameau de Costeglia,Ruisseau de Pantanu,42.043611,8.921093,2026-06-25,1a,1
Y8310001,Le Pantanu au pont du hameau de Costeglia,Ruisseau de Pantanu,42.043611,8.921093,2026-07-27,1a,1
Y8310001,Le Pantanu au pont du hameau de Costeglia,Ruisseau de Pantanu,42.043611,8.921093,2026-08-24,1a,1
Y8310001,Le Pantanu au pont du hameau de Costeglia,Ruisseau de Pantanu,42.043611,8.921093,2026-09-28,1a,1
Y8400001,L'Ese au pont de Zipitoli,Rivière d'Ese,41.960539,9.005251,2012-05-25,1a,1
Y8400001,L'Ese au pont de Zipitoli,Rivière d'Ese,41.960539,9.005251,2012-06-25,1a,1
Y8400001,L'Ese au pont de Zipitoli,Rivière d'Ese,41.960539,9.005251,2012-07-25,1a,1
Y8400001,L'Ese au pont de Zipitoli,Rivière d'Ese,41.960539,9.005251,2012-08-23,1a,1
Y8400001,L'Ese au pont de Zipitoli,Rivière d'Ese,41.960539,9.005251,2012-09-25,1a,1
Y8400001,L'Ese au pont de Zipitoli,Rivière d'Ese,41.960539,9.005251,2013-05-23,1a,1
Y8400001,L'Ese au pont de Zipitoli,Rivière d'Ese,41.960539,9.005251,2013-06-25,1a,1
Y8400001,L'Ese au pont de Zipitoli,Rivière d'Ese,41.960539,9.005251,2013-07-25,1a,1
Y8400001,L'Ese au pont de Zipitoli,Rivière d'Ese,41.960539,9.005251,2013-08-23,1a,1
Y8400001,L'Ese au pont de Zipitoli,Rivière d'Ese,41.960539,9.005251,2014-05-27,1a,1
Y8400001,L'Ese au pont de Zipitoli,Rivière d'Ese,41.960539,9.005251,2014-06-25,1,1
Y8400001,L'Ese au pont de Zipitoli,Rivière d'Ese,41.960539,9.005251,2014-07-24,1a,1
Y8400001,L'Ese au pont de Zipitoli,Rivière d'Ese,41.960539,9.005251,2014-08-25,1f,1
Y8400001,L'Ese au pont de Zipitoli,Rivière d'Ese,41.960539,9.005251,2014-09-25,1a,1
Y8400001,L'Ese au pont de Zipitoli,Rivière d'Ese,41.960539,9.005251,2014-10-23,1a,1
Y8400001,L'Ese au pont de Zipitoli,Rivière d'Ese,41.960539,9.005251,2015-05-26,1a,1
Y8400001,L'Ese au pont de Zipitoli,Rivière d'Ese,41.960539,9.005251,2015-06-25,1a,1
Y8400001,L'Ese au pont de Zipitoli,Rivière d'Ese,41.960539,9.005251,2015-07-22,1a,1
Y8400001,L'Ese au pont de Zipitoli,Rivière d'Ese,41.960539,9.005251,2015-08-27,1a,1
Y8400001,L'Ese au pont de Zipitoli,Rivière d'Ese,41.960539,9.005251,2015-09-22,1a,1
Y8400001,L'Ese au pont de Zipitoli,Rivière d'Ese,41.960539,9.005251,2016-05-18,1,1
Y8400001,L'Ese au pont de Zipitoli,Rivière d'Ese,41.960539,9.005251,2016-06-27,1,1
Y8400001,L'Ese au pont de Zipitoli,Rivière d'Ese,41.960539,9.005251,2016-07-21,1,1
Y8400001,L'Ese au pont de Zipitoli,Rivière d'Ese,41.960539,9.005251,2016-08-22,1,1
Y8400001,L'Ese au pont de Zipitoli,Rivière d'Ese,41.960539,9.005251,2016-09-21,1,1
Y8400001,L'Ese au pont de Zipitoli,Rivière d'Ese,41.960539,9.005251,2017-05-22,1,1
Y8400001,L'Ese au pont de Zipitoli,Rivière d'Ese,41.960539,9.005251,2017-06-23,1,1
Y8400001,L'Ese au pont de Zipitoli,Rivière d'Ese,41.960539,9.005251,2017-07-23,1,1
Y8400001,L'Ese au pont de Zipitoli,Rivière d'Ese,41.960539,9.005251,2017-08-07,1,1
Y8400001,L'Ese au pont de Zipitoli,Rivière d'Ese,41.960539,9.005251,2017-08-21,1,1
Y8400001,L'Ese au pont de Zipitoli,Rivière d'Ese,41.960539,9.005251,2017-09-04,1,1
Y8400001,L'Ese au pont de Zipitoli,Rivière d'Ese,41.960539,9.005251,2017-09-18,1,1
Y8400001,L'Ese au pont de Zipitoli,Rivière d'Ese,41.960539,9.005251,2017-09-29,1,1
Y8400001,L'Ese au pont de Zipitoli,Rivière d'Ese,41.960539,9.005251,2018-05-28,1,1
Y8400001,L'Ese au pont de Zipitoli,Rivière d'Ese,41.960539,9.005251,2018-06-19,1,1
Y8400001,L'Ese au pont de Zipitoli,Rivière d'Ese,41.960539,9.005251,2018-07-25,1,1
Y8400001,L'Ese au pont de Zipitoli,Rivière d'Ese,41.960539,9.005251,2018-08-23,1,1
Y8400001,L'Ese au pont de Zipitoli,Rivière d'Ese,41.960539,9.005251,2018-09-24,1,1
Y8400001,L'Ese au pont de Zipitoli,Rivière d'Ese,41.960539,9.005251,2018-10-25,1,1
Y8400001,L'Ese au pont de Zipitoli,Rivière d'Ese,41.960539,9.005251,2019-04-02,1,1
Y8400001,L'Ese au pont de Zipitoli,Rivière d'Ese,41.960539,9.005251,2019-04-24,1,1
Y8400001,L'Ese au pont de Zipitoli,Rivière d'Ese,41.960539,9.005251,2019-05-27,1,1
Y8400001,L'Ese au pont de Zipitoli,Rivière d'Ese,41.960539,9.005251,2019-06-20,1,1
Y8400001,L'Ese au pont de Zipitoli,Rivière d'Ese,41.960539,9.005251,2019-07-24,1,1
Y8400001,L'Ese au pont de Zipitoli,Rivière d'Ese,41.960539,9.005251,2019-08-27,1,1
Y8400001,L'Ese au pont de Zipitoli,Rivière d'Ese,41.960539,9.005251,2019-09-25,1,1
Y8400001,L'Ese au pont de Zipitoli,Rivière d'Ese,41.960539,9.005251,2019-10-28,1,1
Y8400001,L'Ese au pont de Zipitoli,Rivière d'Ese,41.960539,9.005251,2020-05-25,1,1
Y8400001,L'Ese au pont de Zipitoli,Rivière d'Ese,41.960539,9.005251,2020-06-25,1a,1
Y8400001,L'Ese au pont de Zipitoli,Rivière d'Ese,41.960539,9.005251,2020-07-24,1,1
Y8400001,L'Ese au pont de Zipitoli,Rivière d'Ese,41.960539,9.005251,2020-08-24,1,1
Y8400001,L'Ese au pont de Zipitoli,Rivière d'Ese,41.960539,9.005251,2020-09-24,1,1
Y8400001,L'Ese au pont de Zipitoli,Rivière d'Ese,41.960539,9.005251,2020-09-29,1,1
Y8400001,L'Ese au pont de Zipitoli,Rivière d'Ese,41.960539,9.005251,2021-05-26,1,1
Y8400001,L'Ese au pont de Zipitoli,Rivière d'Ese,41.960539,9.005251,2021-06-22,1a,1
Y8400001,L'Ese au pont de Zipitoli,Rivière d'Ese,41.960539,9.005251,2021-07-28,1a,1
Y8400001,L'Ese au pont de Zipitoli,Rivière d'Ese,41.960539,9.005251,2021-08-23,1a,1
Y8400001,L'Ese au pont de Zipitoli,Rivière d'Ese,41.960539,9.005251,2021-09-28,1a,1
Y8400001,L'Ese au pont de Zipitoli,Rivière d'Ese,41.960539,9.005251,2022-04-12,1,1
Y8400001,L'Ese au pont de Zipitoli,Rivière d'Ese,41.960539,9.005251,2022-05-27,1,1
Y8400001,L'Ese au pont de Zipitoli,Rivière d'Ese,41.960539,9.005251,2022-06-23,1,1
Y8400001,L'Ese au pont de Zipitoli,Rivière d'Ese,41.960539,9.005251,2022-07-12,1,1
Y8400001,L'Ese au pont de Zipitoli,Rivière d'Ese,41.960539,9.005251,2022-07-26,1,1
Y8400001,L'Ese au pont de Zipitoli,Rivière d'Ese,41.960539,9.005251,2022-08-11,1,1
Y8400001,L'Ese au pont de Zipitoli,Rivière d'Ese,41.960539,9.005251,2022-08-23,1,1
Y8400001,L'Ese au pont de Zipitoli,Rivière d'Ese,41.960539,9.005251,2022-09-09,1,1
Y8400001,L'Ese au pont de Zipitoli,Rivière d'Ese,41.960539,9.005251,2022-09-21,1,1
Y8400001,L'Ese au pont de Zipitoli,Rivière d'Ese,41.960539,9.005251,2022-10-07,1,1
Y8400001,L'Ese au pont de Zipitoli,Rivière d'Ese,41.960539,9.005251,2022-11-03,1,1
Y8400001,L'Ese au pont de Zipitoli,Rivière d'Ese,41.960539,9.005251,2022-11-21,1,1
Y8400001,L'Ese au pont de Zipitoli,Rivière d'Ese,41.960539,9.005251,2023-03-23,1,1
Y8400001,L'Ese au pont de Zipitoli,Rivière d'Ese,41.960539,9.005251,2023-04-26,1,1
Y8400001,L'Ese au pont de Zipitoli,Rivière d'Ese,41.960539,9.005251,2023-05-25,1,1
Y8400001,L'Ese au pont de Zipitoli,Rivière d'Ese,41.960539,9.005251,2023-06-29,1,1
Y8400001,L'Ese au pont de Zipitoli,Rivière d'Ese,41.960539,9.005251,2023-07-25,1,1
Y8400001,L'Ese au pont de Zipitoli,Rivière d'Ese,41.960539,9.005251,2023-08-11,1,1
Y8400001,L'Ese au pont de Zipitoli,Rivière d'Ese,41.960539,9.005251,2023-08-26,1,1
Y8400001,L'Ese au pont de Zipitoli,Rivière d'Ese,41.960539,9.005251,2023-09-27,1,1
Y8400001,L'Ese au pont de Zipitoli,Rivière d'Ese,41.960539,9.005251,2023-10-25,1,1
Y8400001,L'Ese au pont de Zipitoli,Rivière d'Ese,41.960539,9.005251,2024-03-11,1,1
Y8400001,L'Ese au pont de Zipitoli,Rivière d'Ese,41.960539,9.005251,2024-04-25,1,1
Y8400001,L'Ese au pont de Zipitoli,Rivière d'Ese,41.960539,9.005251,2024-05-22,1,1
Y8400001,L'Ese au pont de Zipitoli,Rivière d'Ese,41.960539,9.005251,2024-06-25,1,1
Y8400001,L'Ese au pont de Zipitoli,Rivière d'Ese,41.960539,9.005251,2024-07-24,1,1
Y8400001,L'Ese au pont de Zipitoli,Rivière d'Ese,41.960539,9.005251,2024-08-21,1,1
Y8400001,L'Ese au pont de Zipitoli,Rivière d'Ese,41.960539,9.005251,2024-09-23,1a,1
Y8400001,L'Ese au pont de Zipitoli,Rivière d'Ese,41.960539,9.005251,2025-04-24,1,1
Y8400001,L'Ese au pont de Zipitoli,Rivière d'Ese,41.960539,9.005251,2025-05-24,1,1
Y8400001,L'Ese au pont de Zipitoli,Rivière d'Ese,41.960539,9.005251,2025-06-25,1a,1
Y8400001,L'Ese au pont de Zipitoli,Rivière d'Ese,41.960539,9.005251,2025-07-24,1a,1
Y8400001,L'Ese au pont de Zipitoli,Rivière d'Ese,41.960539,9.005251,2025-08-22,1a,1
Y8400001,L'Ese au pont de Zipitoli,Rivière d'Ese,41.960539,9.005251,2025-09-22,1a,1
Y8400001,L'Ese au pont de Zipitoli,Rivière d'Ese,41.960539,9.005251,2025-10-23,1a,1
Y8400001,L'Ese au pont de Zipitoli,Rivière d'Ese,41.960539,9.005251,2026-05-26,1a,1
Y8400001,L'Ese au pont de Zipitoli,Rivière d'Ese,41.960539,9.005251,2026-06-25,1a,1
Y8400001,L'Ese au pont de Zipitoli,Rivière d'Ese,41.960539,9.005251,2026-07-27,1a,1
Y8400001,L'Ese au pont de Zipitoli,Rivière d'Ese,41.960539,9.005251,2026-08-24,1a,1
Y8400001,L'Ese au pont de Zipitoli,Rivière d'Ese,41.960539,9.005251,2026-09-28,1a,1
Y8600001,Le Barbalato après sa confluence avec le ruisseau de Foroli,Ruisseau de Barbalato,41.933032,9.115309,2012-05-25,1a,1
Y8600001,Le Barbalato après sa confluence avec le ruisseau de Foroli,Ruisseau de Barbalato,41.933032,9.115309,2012-06-25,1a,1
Y8600001,Le Barbalato après sa confluence avec le ruisseau de Foroli,Ruisseau de Barbalato,41.933032,9.115309,2012-07-25,1a,1
Y8600001,Le Barbalato après sa confluence avec le ruisseau de Foroli,Ruisseau de Barbalato,41.933032,9.115309,2012-08-23,1f,1
Y8600001,Le Barbalato après sa confluence avec le ruisseau de Foroli,Ruisseau de Barbalato,41.933032,9.115309,2012-09-25,1a,1
Y8600001,Le Barbalato après sa confluence avec le ruisseau de Foroli,Ruisseau de Barbalato,41.933032,9.115309,2013-05-23,1a,1
Y8600001,Le Barbalato après sa confluence avec le ruisseau de Foroli,Ruisseau de Barbalato,41.933032,9.115309,2013-06-25,1a,1
Y8600001,Le Barbalato après sa confluence avec le ruisseau de Foroli,Ruisseau de Barbalato,41.933032,9.115309,2013-07-25,1a,1
Y8600001,Le Barbalato après sa confluence avec le ruisseau de Foroli,Ruisseau de Barbalato,41.933032,9.115309,2013-08-23,1a,1
Y8600001,Le Barbalato après sa confluence avec le ruisseau de Foroli,Ruisseau de Barbalato,41.933032,9.115309,2014-05-27,1a,1
Y8600001,Le Barbalato après sa confluence avec le ruisseau de Foroli,Ruisseau de Barbalato,41.933032,9.115309,2014-06-25,1,1
Y8600001,Le Barbalato après sa confluence avec le ruisseau de Foroli,Ruisseau de Barbalato,41.933032,9.115309,2014-07-24,1a,1
Y8600001,Le Barbalato après sa confluence avec le ruisseau de Foroli,Ruisseau de Barbalato,41.933032,9.115309,2014-08-25,1f,1
Y8600001,Le Barbalato après sa confluence avec le ruisseau de Foroli,Ruisseau de Barbalato,41.933032,9.115309,2014-09-26,1a,1
Y8600001,Le Barbalato après sa confluence avec le ruisseau de Foroli,Ruisseau de Barbalato,41.933032,9.115309,2014-10-23,1a,1
Y8600001,Le Barbalato après sa confluence avec le ruisseau de Foroli,Ruisseau de Barbalato,41.933032,9.115309,2015-05-26,1a,1
Y8600001,Le Barbalato après sa confluence avec le ruisseau de Foroli,Ruisseau de Barbalato,41.933032,9.115309,2015-06-25,1a,1
Y8600001,Le Barbalato après sa confluence avec le ruisseau de Foroli,Ruisseau de Barbalato,41.933032,9.115309,2015-07-22,1a,1
Y8600001,Le Barbalato après sa confluence avec le ruisseau de Foroli,Ruisseau de Barbalato,41.933032,9.115309,2015-08-27,1a,1
Y8600001,Le Barbalato après sa confluence avec le ruisseau de Foroli,Ruisseau de Barbalato,41.933032,9.115309,2015-09-22,1a,1
Y8600001,Le Barbalato après sa confluence avec le ruisseau de Foroli,Ruisseau de Barbalato,41.933032,9.115309,2016-05-18,1,1
Y8600001,Le Barbalato après sa confluence avec le ruisseau de Foroli,Ruisseau de Barbalato,41.933032,9.115309,2016-06-27,1,1
Y8600001,Le Barbalato après sa confluence avec le ruisseau de Foroli,Ruisseau de Barbalato,41.933032,9.115309,2016-07-21,1,1
Y8600001,Le Barbalato après sa confluence avec le ruisseau de Foroli,Ruisseau de Barbalato,41.933032,9.115309,2016-08-22,1,1
Y8600001,Le Barbalato après sa confluence avec le ruisseau de Foroli,Ruisseau de Barbalato,41.933032,9.115309,2016-09-21,1,1
Y8600001,Le Barbalato après sa confluence avec le ruisseau de Foroli,Ruisseau de Barbalato,41.933032,9.115309,2017-05-22,1,1
Y8600001,Le Barbalato après sa confluence avec le ruisseau de Foroli,Ruisseau de Barbalato,41.933032,9.115309,2017-06-23,1,1
Y8600001,Le Barbalato après sa confluence avec le ruisseau de Foroli,Ruisseau de Barbalato,41.933032,9.115309,2017-07-23,1,1
Y8600001,Le Barbalato après sa confluence avec le ruisseau de Foroli,Ruisseau de Barbalato,41.933032,9.115309,2017-08-07,1,1
Y8600001,Le Barbalato après sa confluence avec le ruisseau de Foroli,Ruisseau de Barbalato,41.933032,9.115309,2017-08-21,1,1
Y8600001,Le Barbalato après sa confluence avec le ruisseau de Foroli,Ruisseau de Barbalato,41.933032,9.115309,2017-09-04,1,1
Y8600001,Le Barbalato après sa confluence avec le ruisseau de Foroli,Ruisseau de Barbalato,41.933032,9.115309,2017-09-18,1,1
Y8600001,Le Barbalato après sa confluence avec le ruisseau de Foroli,Ruisseau de Barbalato,41.933032,9.115309,2017-09-29,1,1
Y8600001,Le Barbalato après sa confluence avec le ruisseau de Foroli,Ruisseau de Barbalato,41.933032,9.115309,2018-05-28,1,1
Y8600001,Le Barbalato après sa confluence avec le ruisseau de Foroli,Ruisseau de Barbalato,41.933032,9.115309,2018-06-19,1,1
Y8600001,Le Barbalato après sa confluence avec le ruisseau de Foroli,Ruisseau de Barbalato,41.933032,9.115309,2018-07-25,1,1
Y8600001,Le Barbalato après sa confluence avec le ruisseau de Foroli,Ruisseau de Barbalato,41.933032,9.115309,2018-08-23,1,1
Y8600001,Le Barbalato après sa confluence avec le ruisseau de Foroli,Ruisseau de Barbalato,41.933032,9.115309,2018-09-24,1,1
Y8600001,Le Barbalato après sa confluence avec le ruisseau de Foroli,Ruisseau de Barbalato,41.933032,9.115309,2018-10-25,1,1
Y8600001,Le Barbalato après sa confluence avec le ruisseau de Foroli,Ruisseau de Barbalato,41.933032,9.115309,2019-04-02,1,1
Y8600001,Le Barbalato après sa confluence avec le ruisseau de Foroli,Ruisseau de Barbalato,41.933032,9.115309,2019-04-24,1,1
Y8600001,Le Barbalato après sa confluence avec le ruisseau de Foroli,Ruisseau de Barbalato,41.933032,9.115309,2019-05-27,1,1
Y8600001,Le Barbalato après sa confluence avec le ruisseau de Foroli,Ruisseau de Barbalato,41.933032,9.115309,2019-06-20,1,1
Y8600001,Le Barbalato après sa confluence avec le ruisseau de Foroli,Ruisseau de Barbalato,41.933032,9.115309,2019-07-24,1,1
Y8600001,Le Barbalato après sa confluence avec le ruisseau de Foroli,Ruisseau de Barbalato,41.933032,9.115309,2019-08-27,1,1
Y8600001,Le Barbalato après sa confluence avec le ruisseau de Foroli,Ruisseau de Barbalato,41.933032,9.115309,2019-09-25,1,1
Y8600001,Le Barbalato après sa confluence avec le ruisseau de Foroli,Ruisseau de Barbalato,41.933032,9.115309,2019-10-28,1,1
Y8600001,Le Barbalato après sa confluence avec le ruisseau de Foroli,Ruisseau de Barbalato,41.933032,9.115309,2020-05-27,1,1
Y8600001,Le Barbalato après sa confluence avec le ruisseau de Foroli,Ruisseau de Barbalato,41.933032,9.115309,2020-06-25,1a,1
Y8600001,Le Barbalato après sa confluence avec le ruisseau de Foroli,Ruisseau de Barbalato,41.933032,9.115309,2020-07-23,1,1
Y8600001,Le Barbalato après sa confluence avec le ruisseau de Foroli,Ruisseau de Barbalato,41.933032,9.115309,2020-08-25,1,1
Y8600001,Le Barbalato après sa confluence avec le ruisseau de Foroli,Ruisseau de Barbalato,41.933032,9.115309,2020-09-24,1,1
Y8600001,Le Barbalato après sa confluence avec le ruisseau de Foroli,Ruisseau de Barbalato,41.933032,9.115309,2020-09-29,1,1
Y8600001,Le Barbalato après sa confluence avec le ruisseau de Foroli,Ruisseau de Barbalato,41.933032,9.115309,2021-05-27,1,1
Y8600001,Le Barbalato après sa confluence avec le ruisseau de Foroli,Ruisseau de Barbalato,41.933032,9.115309,2021-06-21,1a,1
Y8600001,Le Barbalato après sa confluence avec le ruisseau de Foroli,Ruisseau de Barbalato,41.933032,9.115309,2021-07-29,1a,1
Y8600001,Le Barbalato après sa confluence avec le ruisseau de Foroli,Ruisseau de Barbalato,41.933032,9.115309,2021-08-24,1a,1
Y8600001,Le Barbalato après sa confluence avec le ruisseau de Foroli,Ruisseau de Barbalato,41.933032,9.115309,2021-09-28,1a,1
Y8600001,Le Barbalato après sa confluence avec le ruisseau de Foroli,Ruisseau de Barbalato,41.933032,9.115309,2022-04-20,1,1
Y8600001,Le Barbalato après sa confluence avec le ruisseau de Foroli,Ruisseau de Barbalato,41.933032,9.115309,2022-05-24,1,1
Y8600001,Le Barbalato après sa confluence avec le ruisseau de Foroli,Ruisseau de Barbalato,41.933032,9.115309,2022-06-23,1,1
Y8600001,Le Barbalato après sa confluence avec le ruisseau de Foroli,Ruisseau de Barbalato,41.933032,9.115309,2022-07-12,1,1
Y8600001,Le Barbalato après sa confluence avec le ruisseau de Foroli,Ruisseau de Barbalato,41.933032,9.115309,2022-07-26,1,1
Y8600001,Le Barbalato après sa confluence avec le ruisseau de Foroli,Ruisseau de Barbalato,41.933032,9.115309,2022-08-11,1,1
Y8600001,Le Barbalato après sa confluence avec le ruisseau de Foroli,Ruisseau de Barbalato,41.933032,9.115309,2022-08-25,1,1
Y8600001,Le Barbalato après sa confluence avec le ruisseau de Foroli,Ruisseau de Barbalato,41.933032,9.115309,2022-09-09,1,1
Y8600001,Le Barbalato après sa confluence avec le ruisseau de Foroli,Ruisseau de Barbalato,41.933032,9.115309,2022-09-22,1,1
Y8600001,Le Barbalato après sa confluence avec le ruisseau de Foroli,Ruisseau de Barbalato,41.933032,9.115309,2022-10-06,1,1
Y8600001,Le Barbalato après sa confluence avec le ruisseau de Foroli,Ruisseau de Barbalato,41.933032,9.115309,2022-11-03,1,1
Y8600001,Le Barbalato après sa confluence avec le ruisseau de Foroli,Ruisseau de Barbalato,41.933032,9.115309,2022-11-21,1,1
Y8600001,Le Barbalato après sa confluence avec le ruisseau de Foroli,Ruisseau de Barbalato,41.933032,9.115309,2023-03-27,1,1
Y8600001,Le Barbalato après sa confluence avec le ruisseau de Foroli,Ruisseau de Barbalato,41.933032,9.115309,2023-04-25,1,1
Y8600001,Le Barbalato après sa confluence avec le ruisseau de Foroli,Ruisseau de Barbalato,41.933032,9.115309,2023-05-23,1,1
Y8600001,Le Barbalato après sa confluence avec le ruisseau de Foroli,Ruisseau de Barbalato,41.933032,9.115309,2023-06-27,1,1
Y8600001,Le Barbalato après sa confluence avec le ruisseau de Foroli,Ruisseau de Barbalato,41.933032,9.115309,2023-07-24,1,1
Y8600001,Le Barbalato après sa confluence avec le ruisseau de Foroli,Ruisseau de Barbalato,41.933032,9.115309,2023-08-10,1,1
Y8600001,Le Barbalato après sa confluence avec le ruisseau de Foroli,Ruisseau de Barbalato,41.933032,9.115309,2023-08-29,1,1
Y8600001,Le Barbalato après sa confluence avec le ruisseau de Foroli,Ruisseau de Barbalato,41.933032,9.115309,2023-09-25,1,1
Y8600001,Le Barbalato après sa confluence avec le ruisseau de Foroli,Ruisseau de Barbalato,41.933032,9.115309,2023-10-24,1,1
Y8600001,Le Barbalato après sa confluence avec le ruisseau de Foroli,Ruisseau de Barbalato,41.933032,9.115309,2024-03-07,1,1
Y8600001,Le Barbalato après sa confluence avec le ruisseau de Foroli,Ruisseau de Barbalato,41.933032,9.115309,2024-04-26,1,1
Y8600001,Le Barbalato après sa confluence avec le ruisseau de Foroli,Ruisseau de Barbalato,41.933032,9.115309,2024-05-21,1,1
Y8600001,Le Barbalato après sa confluence avec le ruisseau de Foroli,Ruisseau de Barbalato,41.933032,9.115309,2024-06-21,1,1
Y8600001,Le Barbalato après sa confluence avec le ruisseau de Foroli,Ruisseau de Barbalato,41.933032,9.115309,2024-07-23,1,1
Y8600001,Le Barbalato après sa confluence avec le ruisseau de Foroli,Ruisseau de Barbalato,41.933032,9.115309,2024-08-20,1,1
Y8600001,Le Barbalato après sa confluence avec le ruisseau de Foroli,Ruisseau de Barbalato,41.933032,9.115309,2024-09-21,1a,1
Y8600001,Le Barbalato après sa confluence avec le ruisseau de Foroli,Ruisseau de Barbalato,41.933032,9.115309,2025-04-23,1,1
Y8600001,Le Barbalato après sa confluence avec le ruisseau de Foroli,Ruisseau de Barbalato,41.933032,9.115309,2025-05-27,1,1
Y8600001,Le Barbalato après sa confluence avec le ruisseau de Foroli,Ruisseau de Barbalato,41.933032,9.115309,2025-06-25,1a,1
Y8600001,Le Barbalato après sa confluence avec le ruisseau de Foroli,Ruisseau de Barbalato,41.933032,9.115309,2025-07-25,1a,1
Y8600001,Le Barbalato après sa confluence avec le ruisseau de Foroli,Ruisseau de Barbalato,41.933032,9.115309,2025-08-22,1a,1
Y8600001,Le Barbalato après sa confluence avec le ruisseau de Foroli,Ruisseau de Barbalato,41.933032,9.115309,2025-09-22,1a,1
Y8600001,Le Barbalato après sa confluence avec le ruisseau de Foroli,Ruisseau de Barbalato,41.933032,9.115309,2025-10-27,1a,1
Y8600001,Le Barbalato après sa confluence avec le ruisseau de Foroli,Ruisseau de Barbalato,41.933032,9.115309,2026-05-26,1a,1
Y8600001,Le Barbalato après sa confluence avec le ruisseau de Foroli,Ruisseau de Barbalato,41.933032,9.115309,2026-06-25,1a,1
Y8600001,Le Barbalato après sa confluence avec le ruisseau de Foroli,Ruisseau de Barbalato,41.933032,9.115309,2026-07-27,1a,1
Y8600001,Le Barbalato après sa confluence avec le ruisseau de Foroli,Ruisseau de Barbalato,41.933032,9.115309,2026-08-24,1a,1
Y8600001,Le Barbalato après sa confluence avec le ruisseau de Foroli,Ruisseau de Barbalato,41.933032,9.115309,2026-09-28,1a,1
Y8610001,Ruisseau de Chiova au pont de la RD 26,Ruisseau u Fiumicellu,41.875186,9.006107,2012-05-25,1a,1
Y8610001,Ruisseau de Chiova au pont de la RD 26,Ruisseau u Fiumicellu,41.875186,9.006107,2012-06-25,1a,1
Y8610001,Ruisseau de Chiova au pont de la RD 26,Ruisseau u Fiumicellu,41.875186,9.006107,2012-07-25,1a,1
Y8610001,Ruisseau de Chiova au pont de la RD 26,Ruisseau u Fiumicellu,41.875186,9.006107,2012-08-23,1a,1
Y8610001,Ruisseau de Chiova au pont de la RD 26,Ruisseau u Fiumicellu,41.875186,9.006107,2012-09-25,1a,1
Y8610001,Ruisseau de Chiova au pont de la RD 26,Ruisseau u Fiumicellu,41.875186,9.006107,2013-05-23,1a,1
Y8610001,Ruisseau de Chiova au pont de la RD 26,Ruisseau u Fiumicellu,41.875186,9.006107,2013-06-25,1a,1
Y8610001,Ruisseau de Chiova au pont de la RD 26,Ruisseau u Fiumicellu,41.875186,9.006107,2013-07-25,1a,1
Y8610001,Ruisseau de Chiova au pont de la RD 26,Ruisseau u Fiumicellu,41.875186,9.006107,2013-08-23,1a,1
Y8610001,Ruisseau de Chiova au pont de la RD 26,Ruisseau u Fiumicellu,41.875186,9.006107,2014-05-27,1a,1
Y8610001,Ruisseau de Chiova au pont de la RD 26,Ruisseau u Fiumicellu,41.875186,9.006107,2014-06-25,1,1
Y8610001,Ruisseau de Chiova au pont de la RD 26,Ruisseau u Fiumicellu,41.875186,9.006107,2014-07-24,1a,1
Y8610001,Ruisseau de Chiova au pont de la RD 26,Ruisseau u Fiumicellu,41.875186,9.006107,2014-08-25,1f,1
Y8610001,Ruisseau de Chiova au pont de la RD 26,Ruisseau u Fiumicellu,41.875186,9.006107,2014-09-24,1f,1
Y8610001,Ruisseau de Chiova au pont de la RD 26,Ruisseau u Fiumicellu,41.875186,9.006107,2014-10-23,1a,1
Y8610001,Ruisseau de Chiova au pont de la RD 26,Ruisseau u Fiumicellu,41.875186,9.006107,2015-05-26,1a,1
Y8610001,Ruisseau de Chiova au pont de la RD 26,Ruisseau u Fiumicellu,41.875186,9.006107,2015-06-25,1a,1
Y8610001,Ruisseau de Chiova au pont de la RD 26,Ruisseau u Fiumicellu,41.875186,9.006107,2015-07-22,1a,1
Y8610001,Ruisseau de Chiova au pont de la RD 26,Ruisseau u Fiumicellu,41.875186,9.006107,2015-08-27,1a,1
Y8610001,Ruisseau de Chiova au pont de la RD 26,Ruisseau u Fiumicellu,41.875186,9.006107,2015-09-22,1a,1
Y8610001,Ruisseau de Chiova au pont de la RD 26,Ruisseau u Fiumicellu,41.875186,9.006107,2016-05-18,1,1
Y8610001,Ruisseau de Chiova au pont de la RD 26,Ruisseau u Fiumicellu,41.875186,9.006107,2016-06-27,1,1
Y8610001,Ruisseau de Chiova au pont de la RD 26,Ruisseau u Fiumicellu,41.875186,9.006107,2016-07-21,1,1
Y8610001,Ruisseau de Chiova au pont de la RD 26,Ruisseau u Fiumicellu,41.875186,9.006107,2016-08-22,1,1
Y8610001,Ruisseau de Chiova au pont de la RD 26,Ruisseau u Fiumicellu,41.875186,9.006107,2016-09-21,1,1
Y8610001,Ruisseau de Chiova au pont de la RD 26,Ruisseau u Fiumicellu,41.875186,9.006107,2017-05-22,1,1
Y8610001,Ruisseau de Chiova au pont de la RD 26,Ruisseau u Fiumicellu,41.875186,9.006107,2017-06-23,1,1
Y8610001,Ruisseau de Chiova au pont de la RD 26,Ruisseau u Fiumicellu,41.875186,9.006107,2017-07-23,1,1
Y8610001,Ruisseau de Chiova au pont de la RD 26,Ruisseau u Fiumicellu,41.875186,9.006107,2017-08-07,1,1
Y8610001,Ruisseau de Chiova au pont de la RD 26,Ruisseau u Fiumicellu,41.875186,9.006107,2017-08-21,1,1
Y8610001,Ruisseau de Chiova au pont de la RD 26,Ruisseau u Fiumicellu,41.875186,9.006107,2017-09-04,1,1
Y8610001,Ruisseau de Chiova au pont de la RD 26,Ruisseau u Fiumicellu,41.875186,9.006107,2017-09-18,1,1
Y8610001,Ruisseau de Chiova au pont de la RD 26,Ruisseau u Fiumicellu,41.875186,9.006107,2017-09-29,1,1
Y8610001,Ruisseau de Chiova au pont de la RD 26,Ruisseau u Fiumicellu,41.875186,9.006107,2018-05-28,1,1
Y8610001,Ruisseau de Chiova au pont de la RD 26,Ruisseau u Fiumicellu,41.875186,9.006107,2018-06-19,1,1
Y8610001,Ruisseau de Chiova au pont de la RD 26,Ruisseau u Fiumicellu,41.875186,9.006107,2018-07-25,1,1
Y8610001,Ruisseau de Chiova au pont de la RD 26,Ruisseau u Fiumicellu,41.875186,9.006107,2018-08-23,1,1
Y8610001,Ruisseau de Chiova au pont de la RD 26,Ruisseau u Fiumicellu,41.875186,9.006107,2018-09-24,1,1
Y8610001,Ruisseau de Chiova au pont de la RD 26,Ruisseau u Fiumicellu,41.875186,9.006107,2018-10-25,1,1
Y8610001,Ruisseau de Chiova au pont de la RD 26,Ruisseau u Fiumicellu,41.875186,9.006107,2019-04-02,1,1
Y8610001,Ruisseau de Chiova au pont de la RD 26,Ruisseau u Fiumicellu,41.875186,9.006107,2019-04-24,1,1
Y8610001,Ruisseau de Chiova au pont de la RD 26,Ruisseau u Fiumicellu,41.875186,9.006107,2019-05-27,1,1
Y8610001,Ruisseau de Chiova au pont de la RD 26,Ruisseau u Fiumicellu,41.875186,9.006107,2019-06-20,1,1
Y8610001,Ruisseau de Chiova au pont de la RD 26,Ruisseau u Fiumicellu,41.875186,9.006107,2019-07-24,1,1
Y8610001,Ruisseau de Chiova au pont de la RD 26,Ruisseau u Fiumicellu,41.875186,9.006107,2019-08-27,1,1
Y8610001,Ruisseau de Chiova au pont de la RD 26,Ruisseau u Fiumicellu,41.875186,9.006107,2019-09-25,1,1
Y8610001,Ruisseau de Chiova au pont de la RD 26,Ruisseau u Fiumicellu,41.875186,9.006107,2019-10-28,1,1
Y8610001,Ruisseau de Chiova au pont de la RD 26,Ruisseau u Fiumicellu,41.875186,9.006107,2020-05-27,1,1
Y8610001,Ruisseau de Chiova au pont de la RD 26,Ruisseau u Fiumicellu,41.875186,9.006107,2020-06-25,1a,1
Y8610001,Ruisseau de Chiova au pont de la RD 26,Ruisseau u Fiumicellu,41.875186,9.006107,2020-07-23,1,1
Y8610001,Ruisseau de Chiova au pont de la RD 26,Ruisseau u Fiumicellu,41.875186,9.006107,2020-08-25,1,1
Y8610001,Ruisseau de Chiova au pont de la RD 26,Ruisseau u Fiumicellu,41.875186,9.006107,2020-09-24,1,1
Y8610001,Ruisseau de Chiova au pont de la RD 26,Ruisseau u Fiumicellu,41.875186,9.006107,2020-09-29,1,1
Y8610001,Ruisseau de Chiova au pont de la RD 26,Ruisseau u Fiumicellu,41.875186,9.006107,2021-05-27,1,1
Y8610001,Ruisseau de Chiova au pont de la RD 26,Ruisseau u Fiumicellu,41.875186,9.006107,2021-06-21,1a,1
Y8610001,Ruisseau de Chiova au pont de la RD 26,Ruisseau u Fiumicellu,41.875186,9.006107,2021-07-29,1a,1
Y8610001,Ruisseau de Chiova au pont de la RD 26,Ruisseau u Fiumicellu,41.875186,9.006107,2021-08-24,1a,1
Y8610001,Ruisseau de Chiova au pont de la RD 26,Ruisseau u Fiumicellu,41.875186,9.006107,2021-09-28,1a,1
Y8610001,Ruisseau de Chiova au pont de la RD 26,Ruisseau u Fiumicellu,41.875186,9.006107,2022-04-20,1,1
Y8610001,Ruisseau de Chiova au pont de la RD 26,Ruisseau u Fiumicellu,41.875186,9.006107,2022-05-24,1,1
Y8610001,Ruisseau de Chiova au pont de la RD 26,Ruisseau u Fiumicellu,41.875186,9.006107,2022-06-23,1,1
Y8610001,Ruisseau de Chiova au pont de la RD 26,Ruisseau u Fiumicellu,41.875186,9.006107,2022-07-12,1,1
Y8610001,Ruisseau de Chiova au pont de la RD 26,Ruisseau u Fiumicellu,41.875186,9.006107,2022-07-26,1,1
Y8610001,Ruisseau de Chiova au pont de la RD 26,Ruisseau u Fiumicellu,41.875186,9.006107,2022-08-11,1,1
Y8610001,Ruisseau de Chiova au pont de la RD 26,Ruisseau u Fiumicellu,41.875186,9.006107,2022-08-25,1,1
Y8610001,Ruisseau de Chiova au pont de la RD 26,Ruisseau u Fiumicellu,41.875186,9.006107,2022-09-09,1,1
Y8610001,Ruisseau de Chiova au pont de la RD 26,Ruisseau u Fiumicellu,41.875186,9.006107,2022-09-22,1,1
Y8610001,Ruisseau de Chiova au pont de la RD 26,Ruisseau u Fiumicellu,41.875186,9.006107,2022-10-06,1,1
Y8610001,Ruisseau de Chiova au pont de la RD 26,Ruisseau u Fiumicellu,41.875186,9.006107,2022-11-03,1,1
Y8610001,Ruisseau de Chiova au pont de la RD 26,Ruisseau u Fiumicellu,41.875186,9.006107,2022-11-21,1,1
Y8610001,Ruisseau de Chiova au pont de la RD 26,Ruisseau u Fiumicellu,41.875186,9.006107,2023-03-27,1,1
Y8610001,Ruisseau de Chiova au pont de la RD 26,Ruisseau u Fiumicellu,41.875186,9.006107,2023-04-25,1,1
Y8610001,Ruisseau de Chiova au pont de la RD 26,Ruisseau u Fiumicellu,41.875186,9.006107,2023-05-23,1,1
Y8610001,Ruisseau de Chiova au pont de la RD 26,Ruisseau u Fiumicellu,41.875186,9.006107,2023-06-27,1,1
Y8610001,Ruisseau de Chiova au pont de la RD 26,Ruisseau u Fiumicellu,41.875186,9.006107,2023-07-24,1,1
Y8610001,Ruisseau de Chiova au pont de la RD 26,Ruisseau u Fiumicellu,41.875186,9.006107,2023-08-10,1,1
Y8610001,Ruisseau de Chiova au pont de la RD 26,Ruisseau u Fiumicellu,41.875186,9.006107,2023-08-29,1,1
Y8610001,Ruisseau de Chiova au pont de la RD 26,Ruisseau u Fiumicellu,41.875186,9.006107,2023-09-25,1,1
Y8610001,Ruisseau de Chiova au pont de la RD 26,Ruisseau u Fiumicellu,41.875186,9.006107,2023-10-24,1,1
Y8610001,Ruisseau de Chiova au pont de la RD 26,Ruisseau u Fiumicellu,41.875186,9.006107,2024-03-07,1,1
Y8610001,Ruisseau de Chiova au pont de la RD 26,Ruisseau u Fiumicellu,41.875186,9.006107,2024-04-26,1,1
Y8610001,Ruisseau de Chiova au pont de la RD 26,Ruisseau u Fiumicellu,41.875186,9.006107,2024-05-21,1,1
Y8610001,Ruisseau de Chiova au pont de la RD 26,Ruisseau u Fiumicellu,41.875186,9.006107,2024-06-21,1,1
Y8610001,Ruisseau de Chiova au pont de la RD 26,Ruisseau u Fiumicellu,41.875186,9.006107,2024-07-23,1,1
Y8610001,Ruisseau de Chiova au pont de la RD 26,Ruisseau u Fiumicellu,41.875186,9.006107,2024-08-20,1,1
Y8610001,Ruisseau de Chiova au pont de la RD 26,Ruisseau u Fiumicellu,41.875186,9.006107,2024-09-21,1a,1
Y8610001,Ruisseau de Chiova au pont de la RD 26,Ruisseau u Fiumicellu,41.875186,9.006107,2025-04-23,1,1
Y8610001,Ruisseau de Chiova au pont de la RD 26,Ruisseau u Fiumicellu,41.875186,9.006107,2025-05-27,1,1
Y8610001,Ruisseau de Chiova au pont de la RD 26,Ruisseau u Fiumicellu,41.875186,9.006107,2025-06-25,1a,1
Y8610001,Ruisseau de Chiova au pont de la RD 26,Ruisseau u Fiumicellu,41.875186,9.006107,2025-07-25,1a,1
Y8610001,Ruisseau de Chiova au pont de la RD 26,Ruisseau u Fiumicellu,41.875186,9.006107,2025-08-22,1a,1
Y8610001,Ruisseau de Chiova au pont de la RD 26,Ruisseau u Fiumicellu,41.875186,9.006107,2025-09-22,1a,1
Y8610001,Ruisseau de Chiova au pont de la RD 26,Ruisseau u Fiumicellu,41.875186,9.006107,2025-10-27,1a,1
Y8610001,Ruisseau de Chiova au pont de la RD 26,Ruisseau u Fiumicellu,41.875186,9.006107,2026-05-26,1a,1
Y8610001,Ruisseau de Chiova au pont de la RD 26,Ruisseau u Fiumicellu,41.875186,9.006107,2026-06-25,1a,1
Y8610001,Ruisseau de Chiova au pont de la RD 26,Ruisseau u Fiumicellu,41.875186,9.006107,2026-07-27,1a,1
Y8610001,Ruisseau de Chiova au pont de la RD 26,Ruisseau u Fiumicellu,41.875186,9.006107,2026-08-24,1a,1
Y8610001,Ruisseau de Chiova au pont de la RD 26,Ruisseau u Fiumicellu,41.875186,9.006107,2026-09-28,1a,1
Y8700001,Le Baraci au pont de Filetta,Rivière Baraci,41.696242,8.952662,2012-05-25,1a,1
Y8700001,Le Baraci au pont de Filetta,Rivière Baraci,41.696242,8.952662,2012-06-25,1a,1
Y8700001,Le Baraci au pont de Filetta,Rivière Baraci,41.696242,8.952662,2012-07-25,1a,1
Y8700001,Le Baraci au pont de Filetta,Rivière Baraci,41.696242,8.952662,2012-08-23,1a,1
Y8700001,Le Baraci au pont de Filetta,Rivière Baraci,41.696242,8.952662,2012-09-25,1a,1
Y8700001,Le Baraci au pont de Filetta,Rivière Baraci,41.696242,8.952662,2013-05-23,1a,1
Y8700001,Le Baraci au pont de Filetta,Rivière Baraci,41.696242,8.952662,2013-06-25,1a,1
Y8700001,Le Baraci au pont de Filetta,Rivière Baraci,41.696242,8.952662,2013-07-25,1a,1
Y8700001,Le Baraci au pont de Filetta,Rivière Baraci,41.696242,8.952662,2013-08-23,1a,1
Y8700001,Le Baraci au pont de Filetta,Rivière Baraci,41.696242,8.952662,2014-05-27,1a,1
Y8700001,Le Baraci au pont de Filetta,Rivière Baraci,41.696242,8.952662,2014-06-25,1,1
Y8700001,Le Baraci au pont de Filetta,Rivière Baraci,41.696242,8.952662,2014-07-24,1a,1
Y8700001,Le Baraci au pont de Filetta,Rivière Baraci,41.696242,8.952662,2014-08-25,1f,1
Y8700001,Le Baraci au pont de Filetta,Rivière Baraci,41.696242,8.952662,2014-09-24,1f,1
Y8700001,Le Baraci au pont de Filetta,Rivière Baraci,41.696242,8.952662,2014-10-24,1a,1
Y8700001,Le Baraci au pont de Filetta,Rivière Baraci,41.696242,8.952662,2015-05-26,1a,1
Y8700001,Le Baraci au pont de Filetta,Rivière Baraci,41.696242,8.952662,2015-06-25,1f,1
Y8700001,Le Baraci au pont de Filetta,Rivière Baraci,41.696242,8.952662,2015-07-22,2,0
Y8700001,Le Baraci au pont de Filetta,Rivière Baraci,41.696242,8.952662,2015-08-27,1f,1
Y8700001,Le Baraci au pont de Filetta,Rivière Baraci,41.696242,8.952662,2015-09-22,1f,1
Y8700001,Le Baraci au pont de Filetta,Rivière Baraci,41.696242,8.952662,2016-05-03,1,1
Y8700001,Le Baraci au pont de Filetta,Rivière Baraci,41.696242,8.952662,2016-05-18,1,1
Y8700001,Le Baraci au pont de Filetta,Rivière Baraci,41.696242,8.952662,2016-06-07,1,1
Y8700001,Le Baraci au pont de Filetta,Rivière Baraci,41.696242,8.952662,2016-06-27,1,1
Y8700001,Le Baraci au pont de Filetta,Rivière Baraci,41.696242,8.952662,2016-07-21,1,1
Y8700001,Le Baraci au pont de Filetta,Rivière Baraci,41.696242,8.952662,2016-08-22,1,1
Y8700001,Le Baraci au pont de Filetta,Rivière Baraci,41.696242,8.952662,2016-09-21,1,1
Y8700001,Le Baraci au pont de Filetta,Rivière Baraci,41.696242,8.952662,2017-05-22,1,1
Y8700001,Le Baraci au pont de Filetta,Rivière Baraci,41.696242,8.952662,2017-06-23,1,1
Y8700001,Le Baraci au pont de Filetta,Rivière Baraci,41.696242,8.952662,2017-07-23,1,1
Y8700001,Le Baraci au pont de Filetta,Rivière Baraci,41.696242,8.952662,2017-08-07,2,0
Y8700001,Le Baraci au pont de Filetta,Rivière Baraci,41.696242,8.952662,2017-08-21,1,1
Y8700001,Le Baraci au pont de Filetta,Rivière Baraci,41.696242,8.952662,2017-09-04,2,0
Y8700001,Le Baraci au pont de Filetta,Rivière Baraci,41.696242,8.952662,2017-09-18,2,0
Y8700001,Le Baraci au pont de Filetta,Rivière Baraci,41.696242,8.952662,2017-09-29,1,1
Y8700001,Le Baraci au pont de Filetta,Rivière Baraci,41.696242,8.952662,2018-05-28,1,1
Y8700001,Le Baraci au pont de Filetta,Rivière Baraci,41.696242,8.952662,2018-06-19,1,1
Y8700001,Le Baraci au pont de Filetta,Rivière Baraci,41.696242,8.952662,2018-07-25,1,1
Y8700001,Le Baraci au pont de Filetta,Rivière Baraci,41.696242,8.952662,2018-08-23,1,1
Y8700001,Le Baraci au pont de Filetta,Rivière Baraci,41.696242,8.952662,2018-09-24,1,1
Y8700001,Le Baraci au pont de Filetta,Rivière Baraci,41.696242,8.952662,2018-10-25,1,1
Y8700001,Le Baraci au pont de Filetta,Rivière Baraci,41.696242,8.952662,2019-04-02,1,1
Y8700001,Le Baraci au pont de Filetta,Rivière Baraci,41.696242,8.952662,2019-04-24,1,1
Y8700001,Le Baraci au pont de Filetta,Rivière Baraci,41.696242,8.952662,2019-05-27,1,1
Y8700001,Le Baraci au pont de Filetta,Rivière Baraci,41.696242,8.952662,2019-06-20,1,1
Y8700001,Le Baraci au pont de Filetta,Rivière Baraci,41.696242,8.952662,2019-07-24,1,1
Y8700001,Le Baraci au pont de Filetta,Rivière Baraci,41.696242,8.952662,2019-08-27,1,1
Y8700001,Le Baraci au pont de Filetta,Rivière Baraci,41.696242,8.952662,2019-09-25,1,1
Y8700001,Le Baraci au pont de Filetta,Rivière Baraci,41.696242,8.952662,2019-10-28,1,1
Y8700001,Le Baraci au pont de Filetta,Rivière Baraci,41.696242,8.952662,2020-05-27,1,1
Y8700001,Le Baraci au pont de Filetta,Rivière Baraci,41.696242,8.952662,2020-06-25,1a,1
Y8700001,Le Baraci au pont de Filetta,Rivière Baraci,41.696242,8.952662,2020-07-23,1,1
Y8700001,Le Baraci au pont de Filetta,Rivière Baraci,41.696242,8.952662,2020-08-25,1,1
Y8700001,Le Baraci au pont de Filetta,Rivière Baraci,41.696242,8.952662,2020-09-29,1,1
Y8700001,Le Baraci au pont de Filetta,Rivière Baraci,41.696242,8.952662,2021-05-24,1,1
Y8700001,Le Baraci au pont de Filetta,Rivière Baraci,41.696242,8.952662,2021-06-22,1a,1
Y8700001,Le Baraci au pont de Filetta,Rivière Baraci,41.696242,8.952662,2021-07-29,1f,1
Y8700001,Le Baraci au pont de Filetta,Rivière Baraci,41.696242,8.952662,2021-08-26,1f,1
Y8700001,Le Baraci au pont de Filetta,Rivière Baraci,41.696242,8.952662,2021-09-29,1a,1
Y8700001,Le Baraci au pont de Filetta,Rivière Baraci,41.696242,8.952662,2022-04-13,1,1
Y8700001,Le Baraci au pont de Filetta,Rivière Baraci,41.696242,8.952662,2022-05-28,1,1
Y8700001,Le Baraci au pont de Filetta,Rivière Baraci,41.696242,8.952662,2022-06-22,1,1
Y8700001,Le Baraci au pont de Filetta,Rivière Baraci,41.696242,8.952662,2022-07-11,1,1
Y8700001,Le Baraci au pont de Filetta,Rivière Baraci,41.696242,8.952662,2022-07-27,1,1
Y8700001,Le Baraci au pont de Filetta,Rivière Baraci,41.696242,8.952662,2022-08-10,2,0
Y8700001,Le Baraci au pont de Filetta,Rivière Baraci,41.696242,8.952662,2022-08-24,1,1
Y8700001,Le Baraci au pont de Filetta,Rivière Baraci,41.696242,8.952662,2022-09-07,1,1
Y8700001,Le Baraci au pont de Filetta,Rivière Baraci,41.696242,8.952662,2022-09-22,1,1
Y8700001,Le Baraci au pont de Filetta,Rivière Baraci,41.696242,8.952662,2022-10-06,1,1
Y8700001,Le Baraci au pont de Filetta,Rivière Baraci,41.696242,8.952662,2022-11-04,1,1
Y8700001,Le Baraci au pont de Filetta,Rivière Baraci,41.696242,8.952662,2022-11-21,1,1
Y8700001,Le Baraci au pont de Filetta,Rivière Baraci,41.696242,8.952662,2023-03-29,1,1
Y8700001,Le Baraci au pont de Filetta,Rivière Baraci,41.696242,8.952662,2023-04-25,1,1
Y8700001,Le Baraci au pont de Filetta,Rivière Baraci,41.696242,8.952662,2023-05-23,1,1
Y8700001,Le Baraci au pont de Filetta,Rivière Baraci,41.696242,8.952662,2023-06-26,1,1
Y8700001,Le Baraci au pont de Filetta,Rivière Baraci,41.696242,8.952662,2023-07-24,1,1
Y8700001,Le Baraci au pont de Filetta,Rivière Baraci,41.696242,8.952662,2023-08-09,1,1
Y8700001,Le Baraci au pont de Filetta,Rivière Baraci,41.696242,8.952662,2023-08-29,1,1
Y8700001,Le Baraci au pont de Filetta,Rivière Baraci,41.696242,8.952662,2023-09-25,1,1
Y8700001,Le Baraci au pont de Filetta,Rivière Baraci,41.696242,8.952662,2023-10-24,1,1
Y8700001,Le Baraci au pont de Filetta,Rivière Baraci,41.696242,8.952662,2024-03-07,1,1
Y8700001,Le Baraci au pont de Filetta,Rivière Baraci,41.696242,8.952662,2024-04-29,1,1
Y8700001,Le Baraci au pont de Filetta,Rivière Baraci,41.696242,8.952662,2024-05-21,1,1
Y8700001,Le Baraci au pont de Filetta,Rivière Baraci,41.696242,8.952662,2024-06-27,1,1
Y8700001,Le Baraci au pont de Filetta,Rivière Baraci,41.696242,8.952662,2024-07-23,1,1
Y8700001,Le Baraci au pont de Filetta,Rivière Baraci,41.696242,8.952662,2024-08-20,1,1
Y8700001,Le Baraci au pont de Filetta,Rivière Baraci,41.696242,8.952662,2024-09-21,1a,1
Y8700001,Le Baraci au pont de Filetta,Rivière Baraci,41.696242,8.952662,2025-04-23,1,1
Y8700001,Le Baraci au pont de Filetta,Rivière Baraci,41.696242,8.952662,2025-05-27,1,1
Y8700001,Le Baraci au pont de Filetta,Rivière Baraci,41.696242,8.952662,2025-06-25,1a,1
Y8700001,Le Baraci au pont de Filetta,Rivière Baraci,41.696242,8.952662,2025-07-24,1f,1
Y8700001,Le Baraci au pont de Filetta,Rivière Baraci,41.696242,8.952662,2025-08-26,1f,1
Y8700001,Le Baraci au pont de Filetta,Rivière Baraci,41.696242,8.952662,2025-09-26,1f,1
Y8700001,Le Baraci au pont de Filetta,Rivière Baraci,41.696242,8.952662,2025-10-27,1a,1
Y8700001,Le Baraci au pont de Filetta,Rivière Baraci,41.696242,8.952662,2026-05-26,1a,1
Y8700001,Le Baraci au pont de Filetta,Rivière Baraci,41.696242,8.952662,2026-06-25,1a,1
Y8700001,Le Baraci au pont de Filetta,Rivière Baraci,41.696242,8.952662,2026-07-27,1a,1
Y8700001,Le Baraci au pont de Filetta,Rivière Baraci,41.696242,8.952662,2026-08-24,1a,1
Y8700001,Le Baraci au pont de Filetta,Rivière Baraci,41.696242,8.952662,2026-09-28,1a,1
Y8820001,Le Fiumicicoli entre le ruisseau de Tunau et le ruisseau de San Polu,Rivière u Fiumicicoli,41.67163,9.068474,2012-05-25,1a,1
Y8820001,Le Fiumicicoli entre le ruisseau de Tunau et le ruisseau de San Polu,Rivière u Fiumicicoli,41.67163,9.068474,2012-06-25,1a,1
Y8820001,Le Fiumicicoli entre le ruisseau de Tunau et le ruisseau de San Polu,Rivière u Fiumicicoli,41.67163,9.068474,2012-07-25,1a,1
Y8820001,Le Fiumicicoli entre le ruisseau de Tunau et le ruisseau de San Polu,Rivière u Fiumicicoli,41.67163,9.068474,2012-08-23,1a,1
Y8820001,Le Fiumicicoli entre le ruisseau de Tunau et le ruisseau de San Polu,Rivière u Fiumicicoli,41.67163,9.068474,2012-09-25,1a,1
Y8820001,Le Fiumicicoli entre le ruisseau de Tunau et le ruisseau de San Polu,Rivière u Fiumicicoli,41.67163,9.068474,2013-05-23,1a,1
Y8820001,Le Fiumicicoli entre le ruisseau de Tunau et le ruisseau de San Polu,Rivière u Fiumicicoli,41.67163,9.068474,2013-06-25,1a,1
Y8820001,Le Fiumicicoli entre le ruisseau de Tunau et le ruisseau de San Polu,Rivière u Fiumicicoli,41.67163,9.068474,2013-07-25,1a,1
Y8820001,Le Fiumicicoli entre le ruisseau de Tunau et le ruisseau de San Polu,Rivière u Fiumicicoli,41.67163,9.068474,2013-08-23,1a,1
Y8820001,Le Fiumicicoli entre le ruisseau de Tunau et le ruisseau de San Polu,Rivière u Fiumicicoli,41.67163,9.068474,2014-05-27,1a,1
Y8820001,Le Fiumicicoli entre le ruisseau de Tunau et le ruisseau de San Polu,Rivière u Fiumicicoli,41.67163,9.068474,2014-06-25,1,1
Y8820001,Le Fiumicicoli entre le ruisseau de Tunau et le ruisseau de San Polu,Rivière u Fiumicicoli,41.67163,9.068474,2014-07-24,1a,1
Y8820001,Le Fiumicicoli entre le ruisseau de Tunau et le ruisseau de San Polu,Rivière u Fiumicicoli,41.67163,9.068474,2014-08-25,1f,1
Y8820001,Le Fiumicicoli entre le ruisseau de Tunau et le ruisseau de San Polu,Rivière u Fiumicicoli,41.67163,9.068474,2014-09-24,1f,1
Y8820001,Le Fiumicicoli entre le ruisseau de Tunau et le ruisseau de San Polu,Rivière u Fiumicicoli,41.67163,9.068474,2014-10-24,1a,1
Y8820001,Le Fiumicicoli entre le ruisseau de Tunau et le ruisseau de San Polu,Rivière u Fiumicicoli,41.67163,9.068474,2015-05-26,1a,1
Y8820001,Le Fiumicicoli entre le ruisseau de Tunau et le ruisseau de San Polu,Rivière u Fiumicicoli,41.67163,9.068474,2015-06-25,1f,1
Y8820001,Le Fiumicicoli entre le ruisseau de Tunau et le ruisseau de San Polu,Rivière u Fiumicicoli,41.67163,9.068474,2015-07-22,1f,1
Y8820001,Le Fiumicicoli entre le ruisseau de Tunau et le ruisseau de San Polu,Rivière u Fiumicicoli,41.67163,9.068474,2015-08-27,1a,1
Y8820001,Le Fiumicicoli entre le ruisseau de Tunau et le ruisseau de San Polu,Rivière u Fiumicicoli,41.67163,9.068474,2015-09-22,1f,1
Y8820001,Le Fiumicicoli entre le ruisseau de Tunau et le ruisseau de San Polu,Rivière u Fiumicicoli,41.67163,9.068474,2016-05-03,1,1
Y8820001,Le Fiumicicoli entre le ruisseau de Tunau et le ruisseau de San Polu,Rivière u Fiumicicoli,41.67163,9.068474,2016-05-18,1,1
Y8820001,Le Fiumicicoli entre le ruisseau de Tunau et le ruisseau de San Polu,Rivière u Fiumicicoli,41.67163,9.068474,2016-06-07,1,1
Y8820001,Le Fiumicicoli entre le ruisseau de Tunau et le ruisseau de San Polu,Rivière u Fiumicicoli,41.67163,9.068474,2016-06-27,1,1
Y8820001,Le Fiumicicoli entre le ruisseau de Tunau et le ruisseau de San Polu,Rivière u Fiumicicoli,41.67163,9.068474,2016-07-21,1,1
Y8820001,Le Fiumicicoli entre le ruisseau de Tunau et le ruisseau de San Polu,Rivière u Fiumicicoli,41.67163,9.068474,2016-08-22,1,1
Y8820001,Le Fiumicicoli entre le ruisseau de Tunau et le ruisseau de San Polu,Rivière u Fiumicicoli,41.67163,9.068474,2016-09-21,1,1
Y8820001,Le Fiumicicoli entre le ruisseau de Tunau et le ruisseau de San Polu,Rivière u Fiumicicoli,41.67163,9.068474,2017-05-22,1,1
Y8820001,Le Fiumicicoli entre le ruisseau de Tunau et le ruisseau de San Polu,Rivière u Fiumicicoli,41.67163,9.068474,2017-06-23,1,1
Y8820001,Le Fiumicicoli entre le ruisseau de Tunau et le ruisseau de San Polu,Rivière u Fiumicicoli,41.67163,9.068474,2017-07-23,1,1
Y8820001,Le Fiumicicoli entre le ruisseau de Tunau et le ruisseau de San Polu,Rivière u Fiumicicoli,41.67163,9.068474,2017-08-07,1,1
Y8820001,Le Fiumicicoli entre le ruisseau de Tunau et le ruisseau de San Polu,Rivière u Fiumicicoli,41.67163,9.068474,2017-08-21,1,1
Y8820001,Le Fiumicicoli entre le ruisseau de Tunau et le ruisseau de San Polu,Rivière u Fiumicicoli,41.67163,9.068474,2017-09-04,1,1
Y8820001,Le Fiumicicoli entre le ruisseau de Tunau et le ruisseau de San Polu,Rivière u Fiumicicoli,41.67163,9.068474,2017-09-18,1,1
Y8820001,Le Fiumicicoli entre le ruisseau de Tunau et le ruisseau de San Polu,Rivière u Fiumicicoli,41.67163,9.068474,2017-09-29,1,1
Y8820001,Le Fiumicicoli entre le ruisseau de Tunau et le ruisseau de San Polu,Rivière u Fiumicicoli,41.67163,9.068474,2018-05-28,1,1
Y8820001,Le Fiumicicoli entre le ruisseau de Tunau et le ruisseau de San Polu,Rivière u Fiumicicoli,41.67163,9.068474,2018-06-19,1,1
Y8820001,Le Fiumicicoli entre le ruisseau de Tunau et le ruisseau de San Polu,Rivière u Fiumicicoli,41.67163,9.068474,2018-07-25,1,1
Y8820001,Le Fiumicicoli entre le ruisseau de Tunau et le ruisseau de San Polu,Rivière u Fiumicicoli,41.67163,9.068474,2018-08-23,1,1
Y8820001,Le Fiumicicoli entre le ruisseau de Tunau et le ruisseau de San Polu,Rivière u Fiumicicoli,41.67163,9.068474,2018-09-24,1,1
Y8820001,Le Fiumicicoli entre le ruisseau de Tunau et le ruisseau de San Polu,Rivière u Fiumicicoli,41.67163,9.068474,2018-10-25,1,1
Y8820001,Le Fiumicicoli entre le ruisseau de Tunau et le ruisseau de San Polu,Rivière u Fiumicicoli,41.67163,9.068474,2019-04-02,1,1
Y8820001,Le Fiumicicoli entre le ruisseau de Tunau et le ruisseau de San Polu,Rivière u Fiumicicoli,41.67163,9.068474,2019-04-24,1,1
Y8820001,Le Fiumicicoli entre le ruisseau de Tunau et le ruisseau de San Polu,Rivière u Fiumicicoli,41.67163,9.068474,2019-05-27,1,1
Y8820001,Le Fiumicicoli entre le ruisseau de Tunau et le ruisseau de San Polu,Rivière u Fiumicicoli,41.67163,9.068474,2019-06-20,1,1
Y8820001,Le Fiumicicoli entre le ruisseau de Tunau et le ruisseau de San Polu,Rivière u Fiumicicoli,41.67163,9.068474,2019-07-24,1,1
Y8820001,Le Fiumicicoli entre le ruisseau de Tunau et le ruisseau de San Polu,Rivière u Fiumicicoli,41.67163,9.068474,2019-08-27,1,1
Y8820001,Le Fiumicicoli entre le ruisseau de Tunau et le ruisseau de San Polu,Rivière u Fiumicicoli,41.67163,9.068474,2019-09-25,1,1
Y8820001,Le Fiumicicoli entre le ruisseau de Tunau et le ruisseau de San Polu,Rivière u Fiumicicoli,41.67163,9.068474,2019-10-28,1,1
Y8820001,Le Fiumicicoli entre le ruisseau de Tunau et le ruisseau de San Polu,Rivière u Fiumicicoli,41.67163,9.068474,2020-05-27,1,1
Y8820001,Le Fiumicicoli entre le ruisseau de Tunau et le ruisseau de San Polu,Rivière u Fiumicicoli,41.67163,9.068474,2020-06-25,1a,1
Y8820001,Le Fiumicicoli entre le ruisseau de Tunau et le ruisseau de San Polu,Rivière u Fiumicicoli,41.67163,9.068474,2020-07-23,1,1
Y8820001,Le Fiumicicoli entre le ruisseau de Tunau et le ruisseau de San Polu,Rivière u Fiumicicoli,41.67163,9.068474,2020-08-25,1,1
Y8820001,Le Fiumicicoli entre le ruisseau de Tunau et le ruisseau de San Polu,Rivière u Fiumicicoli,41.67163,9.068474,2020-09-29,1,1
Y8820001,Le Fiumicicoli entre le ruisseau de Tunau et le ruisseau de San Polu,Rivière u Fiumicicoli,41.67163,9.068474,2021-05-24,1,1
Y8820001,Le Fiumicicoli entre le ruisseau de Tunau et le ruisseau de San Polu,Rivière u Fiumicicoli,41.67163,9.068474,2021-06-22,1a,1
Y8820001,Le Fiumicicoli entre le ruisseau de Tunau et le ruisseau de San Polu,Rivière u Fiumicicoli,41.67163,9.068474,2021-07-29,1a,1
Y8820001,Le Fiumicicoli entre le ruisseau de Tunau et le ruisseau de San Polu,Rivière u Fiumicicoli,41.67163,9.068474,2021-08-26,1a,1
Y8820001,Le Fiumicicoli entre le ruisseau de Tunau et le ruisseau de San Polu,Rivière u Fiumicicoli,41.67163,9.068474,2021-09-29,1f,1
Y8820001,Le Fiumicicoli entre le ruisseau de Tunau et le ruisseau de San Polu,Rivière u Fiumicicoli,41.67163,9.068474,2022-04-13,1,1
Y8820001,Le Fiumicicoli entre le ruisseau de Tunau et le ruisseau de San Polu,Rivière u Fiumicicoli,41.67163,9.068474,2022-05-28,1,1
Y8820001,Le Fiumicicoli entre le ruisseau de Tunau et le ruisseau de San Polu,Rivière u Fiumicicoli,41.67163,9.068474,2022-06-22,1,1
Y8820001,Le Fiumicicoli entre le ruisseau de Tunau et le ruisseau de San Polu,Rivière u Fiumicicoli,41.67163,9.068474,2022-07-11,1,1
Y8820001,Le Fiumicicoli entre le ruisseau de Tunau et le ruisseau de San Polu,Rivière u Fiumicicoli,41.67163,9.068474,2022-07-27,1,1
Y8820001,Le Fiumicicoli entre le ruisseau de Tunau et le ruisseau de San Polu,Rivière u Fiumicicoli,41.67163,9.068474,2022-08-10,1,1
Y8820001,Le Fiumicicoli entre le ruisseau de Tunau et le ruisseau de San Polu,Rivière u Fiumicicoli,41.67163,9.068474,2022-08-24,1,1
Y8820001,Le Fiumicicoli entre le ruisseau de Tunau et le ruisseau de San Polu,Rivière u Fiumicicoli,41.67163,9.068474,2022-09-07,1,1
Y8820001,Le Fiumicicoli entre le ruisseau de Tunau et le ruisseau de San Polu,Rivière u Fiumicicoli,41.67163,9.068474,2022-09-22,1,1
Y8820001,Le Fiumicicoli entre le ruisseau de Tunau et le ruisseau de San Polu,Rivière u Fiumicicoli,41.67163,9.068474,2022-10-06,1,1
Y8820001,Le Fiumicicoli entre le ruisseau de Tunau et le ruisseau de San Polu,Rivière u Fiumicicoli,41.67163,9.068474,2022-11-04,1,1
Y8820001,Le Fiumicicoli entre le ruisseau de Tunau et le ruisseau de San Polu,Rivière u Fiumicicoli,41.67163,9.068474,2022-11-21,1,1
Y8820001,Le Fiumicicoli entre le ruisseau de Tunau et le ruisseau de San Polu,Rivière u Fiumicicoli,41.67163,9.068474,2023-03-29,1,1
Y8820001,Le Fiumicicoli entre le ruisseau de Tunau et le ruisseau de San Polu,Rivière u Fiumicicoli,41.67163,9.068474,2023-04-25,1,1
Y8820001,Le Fiumicicoli entre le ruisseau de Tunau et le ruisseau de San Polu,Rivière u Fiumicicoli,41.67163,9.068474,2023-05-23,1,1
Y8820001,Le Fiumicicoli entre le ruisseau de Tunau et le ruisseau de San Polu,Rivière u Fiumicicoli,41.67163,9.068474,2023-06-26,1,1
Y8820001,Le Fiumicicoli entre le ruisseau de Tunau et le ruisseau de San Polu,Rivière u Fiumicicoli,41.67163,9.068474,2023-07-24,1,1
Y8820001,Le Fiumicicoli entre le ruisseau de Tunau et le ruisseau de San Polu,Rivière u Fiumicicoli,41.67163,9.068474,2023-08-09,1,1
Y8820001,Le Fiumicicoli entre le ruisseau de Tunau et le ruisseau de San Polu,Rivière u Fiumicicoli,41.67163,9.068474,2023-08-29,1,1
Y8820001,Le Fiumicicoli entre le ruisseau de Tunau et le ruisseau de San Polu,Rivière u Fiumicicoli,41.67163,9.068474,2023-09-25,1,1
Y8820001,Le Fiumicicoli entre le ruisseau de Tunau et le ruisseau de San Polu,Rivière u Fiumicicoli,41.67163,9.068474,2023-10-24,1,1
Y8820001,Le Fiumicicoli entre le ruisseau de Tunau et le ruisseau de San Polu,Rivière u Fiumicicoli,41.67163,9.068474,2024-03-07,1,1
Y8820001,Le Fiumicicoli entre le ruisseau de Tunau et le ruisseau de San Polu,Rivière u Fiumicicoli,41.67163,9.068474,2024-04-29,1,1
Y8820001,Le Fiumicicoli entre le ruisseau de Tunau et le ruisseau de San Polu,Rivière u Fiumicicoli,41.67163,9.068474,2024-05-21,1,1
Y8820001,Le Fiumicicoli entre le ruisseau de Tunau et le ruisseau de San Polu,Rivière u Fiumicicoli,41.67163,9.068474,2024-06-27,1,1
Y8820001,Le Fiumicicoli entre le ruisseau de Tunau et le ruisseau de San Polu,Rivière u Fiumicicoli,41.67163,9.068474,2024-07-23,1,1
Y8820001,Le Fiumicicoli entre le ruisseau de Tunau et le ruisseau de San Polu,Rivière u Fiumicicoli,41.67163,9.068474,2024-08-20,1,1
Y8820001,Le Fiumicicoli entre le ruisseau de Tunau et le ruisseau de San Polu,Rivière u Fiumicicoli,41.67163,9.068474,2024-09-21,1a,1
Y8820001,Le Fiumicicoli entre le ruisseau de Tunau et le ruisseau de San Polu,Rivière u Fiumicicoli,41.67163,9.068474,2025-04-23,1,1
Y8820001,Le Fiumicicoli entre le ruisseau de Tunau et le ruisseau de San Polu,Rivière u Fiumicicoli,41.67163,9.068474,2025-05-27,1,1
Y8820001,Le Fiumicicoli entre le ruisseau de Tunau et le ruisseau de San Polu,Rivière u Fiumicicoli,41.67163,9.068474,2025-06-25,1a,1
Y8820001,Le Fiumicicoli entre le ruisseau de Tunau et le ruisseau de San Polu,Rivière u Fiumicicoli,41.67163,9.068474,2025-07-24,1a,1
Y8820001,Le Fiumicicoli entre le ruisseau de Tunau et le ruisseau de San Polu,Rivière u Fiumicicoli,41.67163,9.068474,2025-08-26,1a,1
Y8820001,Le Fiumicicoli entre le ruisseau de Tunau et le ruisseau de San Polu,Rivière u Fiumicicoli,41.67163,9.068474,2025-09-26,1a,1
Y8820001,Le Fiumicicoli entre le ruisseau de Tunau et le ruisseau de San Polu,Rivière u Fiumicicoli,41.67163,9.068474,2025-10-27,1a,1
Y8820001,Le Fiumicicoli entre le ruisseau de Tunau et le ruisseau de San Polu,Rivière u Fiumicicoli,41.67163,9.068474,2026-05-26,1a,1
Y8820001,Le Fiumicicoli entre le ruisseau de Tunau et le ruisseau de San Polu,Rivière u Fiumicicoli,41.67163,9.068474,2026-06-25,1a,1
Y8820001,Le Fiumicicoli entre le ruisseau de Tunau et le ruisseau de San Polu,Rivière u Fiumicicoli,41.67163,9.068474,2026-07-27,1a,1
Y8820001,Le Fiumicicoli entre le ruisseau de Tunau et le ruisseau de San Polu,Rivière u Fiumicicoli,41.67163,9.068474,2026-08-24,1a,1
Y8820001,Le Fiumicicoli entre le ruisseau de Tunau et le ruisseau de San Polu,Rivière u Fiumicicoli,41.67163,9.068474,2026-09-28,1a,1
Y9010001,Le Zincajo au pont de la RD 14 à l'amont du hameau de Pinello,Ruisseau de Zincajo,42.286915,9.254283,2012-05-25,1a,1
Y9010001,Le Zincajo au pont de la RD 14 à l'amont du hameau de Pinello,Ruisseau de Zincajo,42.286915,9.254283,2012-06-25,1f,1
Y9010001,Le Zincajo au pont de la RD 14 à l'amont du hameau de Pinello,Ruisseau de Zincajo,42.286915,9.254283,2012-07-11,1f,1
Y9010001,Le Zincajo au pont de la RD 14 à l'amont du hameau de Pinello,Ruisseau de Zincajo,42.286915,9.254283,2012-07-25,1f,1
Y9010001,Le Zincajo au pont de la RD 14 à l'amont du hameau de Pinello,Ruisseau de Zincajo,42.286915,9.254283,2012-08-23,1f,1
Y9010001,Le Zincajo au pont de la RD 14 à l'amont du hameau de Pinello,Ruisseau de Zincajo,42.286915,9.254283,2012-09-25,1a,1
Y9010001,Le Zincajo au pont de la RD 14 à l'amont du hameau de Pinello,Ruisseau de Zincajo,42.286915,9.254283,2013-05-23,1a,1
Y9010001,Le Zincajo au pont de la RD 14 à l'amont du hameau de Pinello,Ruisseau de Zincajo,42.286915,9.254283,2013-06-25,1a,1
Y9010001,Le Zincajo au pont de la RD 14 à l'amont du hameau de Pinello,Ruisseau de Zincajo,42.286915,9.254283,2013-07-25,1a,1
Y9010001,Le Zincajo au pont de la RD 14 à l'amont du hameau de Pinello,Ruisseau de Zincajo,42.286915,9.254283,2013-08-23,1f,1
Y9010001,Le Zincajo au pont de la RD 14 à l'amont du hameau de Pinello,Ruisseau de Zincajo,42.286915,9.254283,2013-09-19,1a,1
Y9010001,Le Zincajo au pont de la RD 14 à l'amont du hameau de Pinello,Ruisseau de Zincajo,42.286915,9.254283,2013-10-24,1a,1
Y9010001,Le Zincajo au pont de la RD 14 à l'amont du hameau de Pinello,Ruisseau de Zincajo,42.286915,9.254283,2014-05-26,1a,1
Y9010001,Le Zincajo au pont de la RD 14 à l'amont du hameau de Pinello,Ruisseau de Zincajo,42.286915,9.254283,2014-06-25,1a,1
Y9010001,Le Zincajo au pont de la RD 14 à l'amont du hameau de Pinello,Ruisseau de Zincajo,42.286915,9.254283,2014-07-23,1a,1
Y9010001,Le Zincajo au pont de la RD 14 à l'amont du hameau de Pinello,Ruisseau de Zincajo,42.286915,9.254283,2014-08-25,1a,1
Y9010001,Le Zincajo au pont de la RD 14 à l'amont du hameau de Pinello,Ruisseau de Zincajo,42.286915,9.254283,2014-09-25,1a,1
Y9010001,Le Zincajo au pont de la RD 14 à l'amont du hameau de Pinello,Ruisseau de Zincajo,42.286915,9.254283,2014-10-28,1,1
Y9010001,Le Zincajo au pont de la RD 14 à l'amont du hameau de Pinello,Ruisseau de Zincajo,42.286915,9.254283,2015-05-26,1a,1
Y9010001,Le Zincajo au pont de la RD 14 à l'amont du hameau de Pinello,Ruisseau de Zincajo,42.286915,9.254283,2015-06-23,1a,1
Y9010001,Le Zincajo au pont de la RD 14 à l'amont du hameau de Pinello,Ruisseau de Zincajo,42.286915,9.254283,2015-07-23,1a,1
Y9010001,Le Zincajo au pont de la RD 14 à l'amont du hameau de Pinello,Ruisseau de Zincajo,42.286915,9.254283,2015-08-27,1f,1
Y9010001,Le Zincajo au pont de la RD 14 à l'amont du hameau de Pinello,Ruisseau de Zincajo,42.286915,9.254283,2015-09-22,1a,1
Y9010001,Le Zincajo au pont de la RD 14 à l'amont du hameau de Pinello,Ruisseau de Zincajo,42.286915,9.254283,2016-05-18,1,1
Y9010001,Le Zincajo au pont de la RD 14 à l'amont du hameau de Pinello,Ruisseau de Zincajo,42.286915,9.254283,2016-06-27,1,1
Y9010001,Le Zincajo au pont de la RD 14 à l'amont du hameau de Pinello,Ruisseau de Zincajo,42.286915,9.254283,2016-07-22,1,1
Y9010001,Le Zincajo au pont de la RD 14 à l'amont du hameau de Pinello,Ruisseau de Zincajo,42.286915,9.254283,2016-08-22,1,1
Y9010001,Le Zincajo au pont de la RD 14 à l'amont du hameau de Pinello,Ruisseau de Zincajo,42.286915,9.254283,2016-09-06,1,1
Y9010001,Le Zincajo au pont de la RD 14 à l'amont du hameau de Pinello,Ruisseau de Zincajo,42.286915,9.254283,2016-09-21,1,1
Y9010001,Le Zincajo au pont de la RD 14 à l'amont du hameau de Pinello,Ruisseau de Zincajo,42.286915,9.254283,2017-05-22,1,1
Y9010001,Le Zincajo au pont de la RD 14 à l'amont du hameau de Pinello,Ruisseau de Zincajo,42.286915,9.254283,2017-06-27,1,1
Y9010001,Le Zincajo au pont de la RD 14 à l'amont du hameau de Pinello,Ruisseau de Zincajo,42.286915,9.254283,2017-06-28,1,1
Y9010001,Le Zincajo au pont de la RD 14 à l'amont du hameau de Pinello,Ruisseau de Zincajo,42.286915,9.254283,2017-07-19,1,1
Y9010001,Le Zincajo au pont de la RD 14 à l'amont du hameau de Pinello,Ruisseau de Zincajo,42.286915,9.254283,2017-08-02,1,1
Y9010001,Le Zincajo au pont de la RD 14 à l'amont du hameau de Pinello,Ruisseau de Zincajo,42.286915,9.254283,2017-08-16,1,1
Y9010001,Le Zincajo au pont de la RD 14 à l'amont du hameau de Pinello,Ruisseau de Zincajo,42.286915,9.254283,2017-08-29,1,1
Y9010001,Le Zincajo au pont de la RD 14 à l'amont du hameau de Pinello,Ruisseau de Zincajo,42.286915,9.254283,2017-08-30,1,1
Y9010001,Le Zincajo au pont de la RD 14 à l'amont du hameau de Pinello,Ruisseau de Zincajo,42.286915,9.254283,2017-09-27,1,1
Y9010001,Le Zincajo au pont de la RD 14 à l'amont du hameau de Pinello,Ruisseau de Zincajo,42.286915,9.254283,2017-10-25,1,1
Y9010001,Le Zincajo au pont de la RD 14 à l'amont du hameau de Pinello,Ruisseau de Zincajo,42.286915,9.254283,2017-11-07,1,1
Y9010001,Le Zincajo au pont de la RD 14 à l'amont du hameau de Pinello,Ruisseau de Zincajo,42.286915,9.254283,2017-11-22,1,1
Y9010001,Le Zincajo au pont de la RD 14 à l'amont du hameau de Pinello,Ruisseau de Zincajo,42.286915,9.254283,2018-02-06,1,1
Y9010001,Le Zincajo au pont de la RD 14 à l'amont du hameau de Pinello,Ruisseau de Zincajo,42.286915,9.254283,2018-03-06,1,1
Y9010001,Le Zincajo au pont de la RD 14 à l'amont du hameau de Pinello,Ruisseau de Zincajo,42.286915,9.254283,2018-03-21,1,1
Y9010001,Le Zincajo au pont de la RD 14 à l'amont du hameau de Pinello,Ruisseau de Zincajo,42.286915,9.254283,2018-04-25,1,1
Y9010001,Le Zincajo au pont de la RD 14 à l'amont du hameau de Pinello,Ruisseau de Zincajo,42.286915,9.254283,2018-05-29,1,1
Y9010001,Le Zincajo au pont de la RD 14 à l'amont du hameau de Pinello,Ruisseau de Zincajo,42.286915,9.254283,2018-06-19,1,1
Y9010001,Le Zincajo au pont de la RD 14 à l'amont du hameau de Pinello,Ruisseau de Zincajo,42.286915,9.254283,2018-07-25,1,1
Y9010001,Le Zincajo au pont de la RD 14 à l'amont du hameau de Pinello,Ruisseau de Zincajo,42.286915,9.254283,2018-08-27,1,1
Y9010001,Le Zincajo au pont de la RD 14 à l'amont du hameau de Pinello,Ruisseau de Zincajo,42.286915,9.254283,2018-09-25,1,1
Y9010001,Le Zincajo au pont de la RD 14 à l'amont du hameau de Pinello,Ruisseau de Zincajo,42.286915,9.254283,2018-10-25,1,1
Y9010001,Le Zincajo au pont de la RD 14 à l'amont du hameau de Pinello,Ruisseau de Zincajo,42.286915,9.254283,2019-04-02,1,1
Y9010001,Le Zincajo au pont de la RD 14 à l'amont du hameau de Pinello,Ruisseau de Zincajo,42.286915,9.254283,2019-04-24,1,1
Y9010001,Le Zincajo au pont de la RD 14 à l'amont du hameau de Pinello,Ruisseau de Zincajo,42.286915,9.254283,2019-05-27,1,1
Y9010001,Le Zincajo au pont de la RD 14 à l'amont du hameau de Pinello,Ruisseau de Zincajo,42.286915,9.254283,2019-06-20,1,1
Y9010001,Le Zincajo au pont de la RD 14 à l'amont du hameau de Pinello,Ruisseau de Zincajo,42.286915,9.254283,2019-07-25,1,1
Y9010001,Le Zincajo au pont de la RD 14 à l'amont du hameau de Pinello,Ruisseau de Zincajo,42.286915,9.254283,2019-08-27,1,1
Y9010001,Le Zincajo au pont de la RD 14 à l'amont du hameau de Pinello,Ruisseau de Zincajo,42.286915,9.254283,2019-09-25,1,1
Y9010001,Le Zincajo au pont de la RD 14 à l'amont du hameau de Pinello,Ruisseau de Zincajo,42.286915,9.254283,2019-10-28,1,1
Y9010001,Le Zincajo au pont de la RD 14 à l'amont du hameau de Pinello,Ruisseau de Zincajo,42.286915,9.254283,2020-05-27,1,1
Y9010001,Le Zincajo au pont de la RD 14 à l'amont du hameau de Pinello,Ruisseau de Zincajo,42.286915,9.254283,2020-06-23,1,1
Y9010001,Le Zincajo au pont de la RD 14 à l'amont du hameau de Pinello,Ruisseau de Zincajo,42.286915,9.254283,2020-07-24,1,1
Y9010001,Le Zincajo au pont de la RD 14 à l'amont du hameau de Pinello,Ruisseau de Zincajo,42.286915,9.254283,2020-08-14,1,1
Y9010001,Le Zincajo au pont de la RD 14 à l'amont du hameau de Pinello,Ruisseau de Zincajo,42.286915,9.254283,2020-08-25,1,1
Y9010001,Le Zincajo au pont de la RD 14 à l'amont du hameau de Pinello,Ruisseau de Zincajo,42.286915,9.254283,2020-09-24,1,1
Y9010001,Le Zincajo au pont de la RD 14 à l'amont du hameau de Pinello,Ruisseau de Zincajo,42.286915,9.254283,2020-10-26,1,1
Y9010001,Le Zincajo au pont de la RD 14 à l'amont du hameau de Pinello,Ruisseau de Zincajo,42.286915,9.254283,2021-05-26,1,1
Y9010001,Le Zincajo au pont de la RD 14 à l'amont du hameau de Pinello,Ruisseau de Zincajo,42.286915,9.254283,2021-06-30,1,1
Y9010001,Le Zincajo au pont de la RD 14 à l'amont du hameau de Pinello,Ruisseau de Zincajo,42.286915,9.254283,2021-07-26,1,1
Y9010001,Le Zincajo au pont de la RD 14 à l'amont du hameau de Pinello,Ruisseau de Zincajo,42.286915,9.254283,2021-08-16,1,1
Y9010001,Le Zincajo au pont de la RD 14 à l'amont du hameau de Pinello,Ruisseau de Zincajo,42.286915,9.254283,2021-08-26,1,1
Y9010001,Le Zincajo au pont de la RD 14 à l'amont du hameau de Pinello,Ruisseau de Zincajo,42.286915,9.254283,2021-09-24,1,1
Y9010001,Le Zincajo au pont de la RD 14 à l'amont du hameau de Pinello,Ruisseau de Zincajo,42.286915,9.254283,2021-10-25,1,1
Y9010001,Le Zincajo au pont de la RD 14 à l'amont du hameau de Pinello,Ruisseau de Zincajo,42.286915,9.254283,2022-03-25,1,1
Y9010001,Le Zincajo au pont de la RD 14 à l'amont du hameau de Pinello,Ruisseau de Zincajo,42.286915,9.254283,2022-04-25,1,1
Y9010001,Le Zincajo au pont de la RD 14 à l'amont du hameau de Pinello,Ruisseau de Zincajo,42.286915,9.254283,2022-05-23,1,1
Y9010001,Le Zincajo au pont de la RD 14 à l'amont du hameau de Pinello,Ruisseau de Zincajo,42.286915,9.254283,2022-06-23,1,1
Y9010001,Le Zincajo au pont de la RD 14 à l'amont du hameau de Pinello,Ruisseau de Zincajo,42.286915,9.254283,2022-07-11,1,1
Y9010001,Le Zincajo au pont de la RD 14 à l'amont du hameau de Pinello,Ruisseau de Zincajo,42.286915,9.254283,2022-07-25,1,1
Y9010001,Le Zincajo au pont de la RD 14 à l'amont du hameau de Pinello,Ruisseau de Zincajo,42.286915,9.254283,2022-08-10,1,1
Y9010001,Le Zincajo au pont de la RD 14 à l'amont du hameau de Pinello,Ruisseau de Zincajo,42.286915,9.254283,2022-08-23,1,1
Y9010001,Le Zincajo au pont de la RD 14 à l'amont du hameau de Pinello,Ruisseau de Zincajo,42.286915,9.254283,2022-09-09,1,1
Y9010001,Le Zincajo au pont de la RD 14 à l'amont du hameau de Pinello,Ruisseau de Zincajo,42.286915,9.254283,2022-09-26,1,1
Y9010001,Le Zincajo au pont de la RD 14 à l'amont du hameau de Pinello,Ruisseau de Zincajo,42.286915,9.254283,2022-10-10,1,1
Y9010001,Le Zincajo au pont de la RD 14 à l'amont du hameau de Pinello,Ruisseau de Zincajo,42.286915,9.254283,2022-10-24,1,1
Y9010001,Le Zincajo au pont de la RD 14 à l'amont du hameau de Pinello,Ruisseau de Zincajo,42.286915,9.254283,2022-11-11,1,1
Y9010001,Le Zincajo au pont de la RD 14 à l'amont du hameau de Pinello,Ruisseau de Zincajo,42.286915,9.254283,2022-11-22,1,1
Y9010001,Le Zincajo au pont de la RD 14 à l'amont du hameau de Pinello,Ruisseau de Zincajo,42.286915,9.254283,2022-12-14,1,1
Y9010001,Le Zincajo au pont de la RD 14 à l'amont du hameau de Pinello,Ruisseau de Zincajo,42.286915,9.254283,2023-01-23,1,1
Y9010001,Le Zincajo au pont de la RD 14 à l'amont du hameau de Pinello,Ruisseau de Zincajo,42.286915,9.254283,2023-02-22,1,1
Y9010001,Le Zincajo au pont de la RD 14 à l'amont du hameau de Pinello,Ruisseau de Zincajo,42.286915,9.254283,2023-03-24,1a,1
Y9010001,Le Zincajo au pont de la RD 14 à l'amont du hameau de Pinello,Ruisseau de Zincajo,42.286915,9.254283,2023-04-24,1a,1
Y9010001,Le Zincajo au pont de la RD 14 à l'amont du hameau de Pinello,Ruisseau de Zincajo,42.286915,9.254283,2023-05-24,1a,1
Y9010001,Le Zincajo au pont de la RD 14 à l'amont du hameau de Pinello,Ruisseau de Zincajo,42.286915,9.254283,2023-06-05,1a,1
Y9010001,Le Zincajo au pont de la RD 14 à l'amont du hameau de Pinello,Ruisseau de Zincajo,42.286915,9.254283,2023-06-26,1a,1
Y9010001,Le Zincajo au pont de la RD 14 à l'amont du hameau de Pinello,Ruisseau de Zincajo,42.286915,9.254283,2023-07-24,1a,1
Y9010001,Le Zincajo au pont de la RD 14 à l'amont du hameau de Pinello,Ruisseau de Zincajo,42.286915,9.254283,2023-08-21,1a,1
Y9010001,Le Zincajo au pont de la RD 14 à l'amont du hameau de Pinello,Ruisseau de Zincajo,42.286915,9.254283,2023-09-12,1a,1
Y9010001,Le Zincajo au pont de la RD 14 à l'amont du hameau de Pinello,Ruisseau de Zincajo,42.286915,9.254283,2023-09-25,1a,1
Y9010001,Le Zincajo au pont de la RD 14 à l'amont du hameau de Pinello,Ruisseau de Zincajo,42.286915,9.254283,2023-10-10,1a,1
Y9010001,Le Zincajo au pont de la RD 14 à l'amont du hameau de Pinello,Ruisseau de Zincajo,42.286915,9.254283,2023-10-23,1a,1
Y9010001,Le Zincajo au pont de la RD 14 à l'amont du hameau de Pinello,Ruisseau de Zincajo,42.286915,9.254283,2023-11-24,1a,1
Y9010001,Le Zincajo au pont de la RD 14 à l'amont du hameau de Pinello,Ruisseau de Zincajo,42.286915,9.254283,2024-01-24,1a,1
Y9010001,Le Zincajo au pont de la RD 14 à l'amont du hameau de Pinello,Ruisseau de Zincajo,42.286915,9.254283,2024-02-22,1a,1
Y9010001,Le Zincajo au pont de la RD 14 à l'amont du hameau de Pinello,Ruisseau de Zincajo,42.286915,9.254283,2024-03-22,1a,1
Y9010001,Le Zincajo au pont de la RD 14 à l'amont du hameau de Pinello,Ruisseau de Zincajo,42.286915,9.254283,2024-04-24,1a,1
Y9010001,Le Zincajo au pont de la RD 14 à l'amont du hameau de Pinello,Ruisseau de Zincajo,42.286915,9.254283,2024-05-24,1a,1
Y9010001,Le Zincajo au pont de la RD 14 à l'amont du hameau de Pinello,Ruisseau de Zincajo,42.286915,9.254283,2024-06-21,1a,1
Y9010001,Le Zincajo au pont de la RD 14 à l'amont du hameau de Pinello,Ruisseau de Zincajo,42.286915,9.254283,2024-07-22,1a,1
Y9010001,Le Zincajo au pont de la RD 14 à l'amont du hameau de Pinello,Ruisseau de Zincajo,42.286915,9.254283,2024-08-22,1a,1
Y9010001,Le Zincajo au pont de la RD 14 à l'amont du hameau de Pinello,Ruisseau de Zincajo,42.286915,9.254283,2024-09-23,1a,1
Y9010001,Le Zincajo au pont de la RD 14 à l'amont du hameau de Pinello,Ruisseau de Zincajo,42.286915,9.254283,2024-10-10,1a,1
Y9010001,Le Zincajo au pont de la RD 14 à l'amont du hameau de Pinello,Ruisseau de Zincajo,42.286915,9.254283,2024-10-22,1a,1
Y9010001,Le Zincajo au pont de la RD 14 à l'amont du hameau de Pinello,Ruisseau de Zincajo,42.286915,9.254283,2024-11-12,1a,1
Y9010001,Le Zincajo au pont de la RD 14 à l'amont du hameau de Pinello,Ruisseau de Zincajo,42.286915,9.254283,2025-04-11,1a,1
Y9010001,Le Zincajo au pont de la RD 14 à l'amont du hameau de Pinello,Ruisseau de Zincajo,42.286915,9.254283,2025-05-23,1a,1
Y9010001,Le Zincajo au pont de la RD 14 à l'amont du hameau de Pinello,Ruisseau de Zincajo,42.286915,9.254283,2025-06-23,1a,1
Y9010001,Le Zincajo au pont de la RD 14 à l'amont du hameau de Pinello,Ruisseau de Zincajo,42.286915,9.254283,2025-07-23,1a,1
Y9010001,Le Zincajo au pont de la RD 14 à l'amont du hameau de Pinello,Ruisseau de Zincajo,42.286915,9.254283,2025-08-25,1a,1
Y9010001,Le Zincajo au pont de la RD 14 à l'amont du hameau de Pinello,Ruisseau de Zincajo,42.286915,9.254283,2025-09-25,1a,1
Y9010001,Le Zincajo au pont de la RD 14 à l'amont du hameau de Pinello,Ruisseau de Zincajo,42.286915,9.254283,2025-10-24,1a,1
Y9010001,Le Zincajo au pont de la RD 14 à l'amont du hameau de Pinello,Ruisseau de Zincajo,42.286915,9.254283,2025-11-20,1a,1
Y9010001,Le Zincajo au pont de la RD 14 à l'amont du hameau de Pinello,Ruisseau de Zincajo,42.286915,9.254283,2025-12-15,1a,1
Y9010001,Le Zincajo au pont de la RD 14 à l'amont du hameau de Pinello,Ruisseau de Zincajo,42.286915,9.254283,2026-01-14,1a,1
Y9010001,Le Zincajo au pont de la RD 14 à l'amont du hameau de Pinello,Ruisseau de Zincajo,42.286915,9.254283,2026-04-21,1a,1
Y9010001,Le Zincajo au pont de la RD 14 à l'amont du hameau de Pinello,Ruisseau de Zincajo,42.286915,9.254283,2026-05-25,1a,1
Y9010001,Le Zincajo au pont de la RD 14 à l'amont du hameau de Pinello,Ruisseau de Zincajo,42.286915,9.254283,2026-06-26,1a,1
Y9010001,Le Zincajo au pont de la RD 14 à l'amont du hameau de Pinello,Ruisseau de Zincajo,42.286915,9.254283,2026-07-13,1a,1
Y9010001,Le Zincajo au pont de la RD 14 à l'amont du hameau de Pinello,Ruisseau de Zincajo,42.286915,9.254283,2026-07-23,1a,1
Y9010001,Le Zincajo au pont de la RD 14 à l'amont du hameau de Pinello,Ruisseau de Zincajo,42.286915,9.254283,2026-08-25,1a,1
Y9010001,Le Zincajo au pont de la RD 14 à l'amont du hameau de Pinello,Ruisseau de Zincajo,42.286915,9.254283,2026-09-24,1f,1
Y9010002,Le Minuto aux bergeries de Ricciani,Ruisseau de Minuto,42.272421,9.205775,2012-05-25,1a,1
Y9010002,Le Minuto aux bergeries de Ricciani,Ruisseau de Minuto,42.272421,9.205775,2012-06-25,1a,1
Y9010002,Le Minuto aux bergeries de Ricciani,Ruisseau de Minuto,42.272421,9.205775,2012-07-11,1f,1
Y9010002,Le Minuto aux bergeries de Ricciani,Ruisseau de Minuto,42.272421,9.205775,2012-07-25,1f,1
Y9010002,Le Minuto aux bergeries de Ricciani,Ruisseau de Minuto,42.272421,9.205775,2012-08-23,2,0
Y9010002,Le Minuto aux bergeries de Ricciani,Ruisseau de Minuto,42.272421,9.205775,2012-09-25,1a,1
Y9010002,Le Minuto aux bergeries de Ricciani,Ruisseau de Minuto,42.272421,9.205775,2013-05-23,1a,1
Y9010002,Le Minuto aux bergeries de Ricciani,Ruisseau de Minuto,42.272421,9.205775,2013-06-25,1a,1
Y9010002,Le Minuto aux bergeries de Ricciani,Ruisseau de Minuto,42.272421,9.205775,2013-07-25,1a,1
Y9010002,Le Minuto aux bergeries de Ricciani,Ruisseau de Minuto,42.272421,9.205775,2013-08-23,1f,1
Y9010002,Le Minuto aux bergeries de Ricciani,Ruisseau de Minuto,42.272421,9.205775,2013-09-19,1f,1
Y9010002,Le Minuto aux bergeries de Ricciani,Ruisseau de Minuto,42.272421,9.205775,2013-10-24,1f,1
Y9010002,Le Minuto aux bergeries de Ricciani,Ruisseau de Minuto,42.272421,9.205775,2014-05-26,1a,1
Y9010002,Le Minuto aux bergeries de Ricciani,Ruisseau de Minuto,42.272421,9.205775,2014-06-25,1a,1
Y9010002,Le Minuto aux bergeries de Ricciani,Ruisseau de Minuto,42.272421,9.205775,2014-07-23,1a,1
Y9010002,Le Minuto aux bergeries de Ricciani,Ruisseau de Minuto,42.272421,9.205775,2014-08-25,1a,1
Y9010002,Le Minuto aux bergeries de Ricciani,Ruisseau de Minuto,42.272421,9.205775,2014-09-25,1a,1
Y9010002,Le Minuto aux bergeries de Ricciani,Ruisseau de Minuto,42.272421,9.205775,2014-10-28,1,1
Y9010002,Le Minuto aux bergeries de Ricciani,Ruisseau de Minuto,42.272421,9.205775,2015-05-26,1a,1
Y9010002,Le Minuto aux bergeries de Ricciani,Ruisseau de Minuto,42.272421,9.205775,2015-06-23,1a,1
Y9010002,Le Minuto aux bergeries de Ricciani,Ruisseau de Minuto,42.272421,9.205775,2015-07-23,1a,1
Y9010002,Le Minuto aux bergeries de Ricciani,Ruisseau de Minuto,42.272421,9.205775,2015-08-27,1f,1
Y9010002,Le Minuto aux bergeries de Ricciani,Ruisseau de Minuto,42.272421,9.205775,2015-09-22,1f,1
Y9010002,Le Minuto aux bergeries de Ricciani,Ruisseau de Minuto,42.272421,9.205775,2016-05-18,1,1
Y9010002,Le Minuto aux bergeries de Ricciani,Ruisseau de Minuto,42.272421,9.205775,2016-06-27,1,1
Y9010002,Le Minuto aux bergeries de Ricciani,Ruisseau de Minuto,42.272421,9.205775,2016-07-22,1,1
Y9010002,Le Minuto aux bergeries de Ricciani,Ruisseau de Minuto,42.272421,9.205775,2016-08-22,3,0
Y9010002,Le Minuto aux bergeries de Ricciani,Ruisseau de Minuto,42.272421,9.205775,2016-09-06,3,0
Y9010002,Le Minuto aux bergeries de Ricciani,Ruisseau de Minuto,42.272421,9.205775,2016-09-21,1,1
Y9010002,Le Minuto aux bergeries de Ricciani,Ruisseau de Minuto,42.272421,9.205775,2017-05-22,1,1
Y9010002,Le Minuto aux bergeries de Ricciani,Ruisseau de Minuto,42.272421,9.205775,2017-06-27,1,1
Y9010002,Le Minuto aux bergeries de Ricciani,Ruisseau de Minuto,42.272421,9.205775,2017-06-28,1,1
Y9010002,Le Minuto aux bergeries de Ricciani,Ruisseau de Minuto,42.272421,9.205775,2017-07-19,1,1
Y9010002,Le Minuto aux bergeries de Ricciani,Ruisseau de Minuto,42.272421,9.205775,2017-08-02,1,1
Y9010002,Le Minuto aux bergeries de Ricciani,Ruisseau de Minuto,42.272421,9.205775,2017-08-16,1,1
Y9010002,Le Minuto aux bergeries de Ricciani,Ruisseau de Minuto,42.272421,9.205775,2017-08-29,1,1
Y9010002,Le Minuto aux bergeries de Ricciani,Ruisseau de Minuto,42.272421,9.205775,2017-08-30,1,1
Y9010002,Le Minuto aux bergeries de Ricciani,Ruisseau de Minuto,42.272421,9.205775,2017-09-27,1,1
Y9010002,Le Minuto aux bergeries de Ricciani,Ruisseau de Minuto,42.272421,9.205775,2017-10-25,1,1
Y9010002,Le Minuto aux bergeries de Ricciani,Ruisseau de Minuto,42.272421,9.205775,2017-11-07,1,1
Y9010002,Le Minuto aux bergeries de Ricciani,Ruisseau de Minuto,42.272421,9.205775,2017-11-22,1,1
Y9010002,Le Minuto aux bergeries de Ricciani,Ruisseau de Minuto,42.272421,9.205775,2018-02-06,1,1
Y9010002,Le Minuto aux bergeries de Ricciani,Ruisseau de Minuto,42.272421,9.205775,2018-03-06,1,1
Y9010002,Le Minuto aux bergeries de Ricciani,Ruisseau de Minuto,42.272421,9.205775,2018-03-21,1,1
Y9010002,Le Minuto aux bergeries de Ricciani,Ruisseau de Minuto,42.272421,9.205775,2018-04-25,1,1
Y9010002,Le Minuto aux bergeries de Ricciani,Ruisseau de Minuto,42.272421,9.205775,2018-05-29,1,1
Y9010002,Le Minuto aux bergeries de Ricciani,Ruisseau de Minuto,42.272421,9.205775,2018-06-19,1,1
Y9010002,Le Minuto aux bergeries de Ricciani,Ruisseau de Minuto,42.272421,9.205775,2018-07-25,1,1
Y9010002,Le Minuto aux bergeries de Ricciani,Ruisseau de Minuto,42.272421,9.205775,2018-08-27,1,1
Y9010002,Le Minuto aux bergeries de Ricciani,Ruisseau de Minuto,42.272421,9.205775,2018-09-25,1,1
Y9010002,Le Minuto aux bergeries de Ricciani,Ruisseau de Minuto,42.272421,9.205775,2018-10-25,1,1
Y9010002,Le Minuto aux bergeries de Ricciani,Ruisseau de Minuto,42.272421,9.205775,2019-04-02,1,1
Y9010002,Le Minuto aux bergeries de Ricciani,Ruisseau de Minuto,42.272421,9.205775,2019-04-24,1,1
Y9010002,Le Minuto aux bergeries de Ricciani,Ruisseau de Minuto,42.272421,9.205775,2019-05-27,1,1
Y9010002,Le Minuto aux bergeries de Ricciani,Ruisseau de Minuto,42.272421,9.205775,2019-06-20,1,1
Y9010002,Le Minuto aux bergeries de Ricciani,Ruisseau de Minuto,42.272421,9.205775,2019-07-25,1,1
Y9010002,Le Minuto aux bergeries de Ricciani,Ruisseau de Minuto,42.272421,9.205775,2019-08-27,1,1
Y9010002,Le Minuto aux bergeries de Ricciani,Ruisseau de Minuto,42.272421,9.205775,2019-09-25,1,1
Y9010002,Le Minuto aux bergeries de Ricciani,Ruisseau de Minuto,42.272421,9.205775,2019-10-28,1,1
Y9010002,Le Minuto aux bergeries de Ricciani,Ruisseau de Minuto,42.272421,9.205775,2020-05-27,1,1
Y9010002,Le Minuto aux bergeries de Ricciani,Ruisseau de Minuto,42.272421,9.205775,2020-06-23,1,1
Y9010002,Le Minuto aux bergeries de Ricciani,Ruisseau de Minuto,42.272421,9.205775,2020-07-24,1,1
Y9010002,Le Minuto aux bergeries de Ricciani,Ruisseau de Minuto,42.272421,9.205775,2020-08-14,1,1
Y9010002,Le Minuto aux bergeries de Ricciani,Ruisseau de Minuto,42.272421,9.205775,2020-08-25,1,1
Y9010002,Le Minuto aux bergeries de Ricciani,Ruisseau de Minuto,42.272421,9.205775,2020-09-24,1,1
Y9010002,Le Minuto aux bergeries de Ricciani,Ruisseau de Minuto,42.272421,9.205775,2020-10-26,1,1
Y9010002,Le Minuto aux bergeries de Ricciani,Ruisseau de Minuto,42.272421,9.205775,2021-05-26,1,1
Y9010002,Le Minuto aux bergeries de Ricciani,Ruisseau de Minuto,42.272421,9.205775,2021-06-30,1,1
Y9010002,Le Minuto aux bergeries de Ricciani,Ruisseau de Minuto,42.272421,9.205775,2021-07-26,1,1
Y9010002,Le Minuto aux bergeries de Ricciani,Ruisseau de Minuto,42.272421,9.205775,2021-08-16,1,1
Y9010002,Le Minuto aux bergeries de Ricciani,Ruisseau de Minuto,42.272421,9.205775,2021-08-26,1,1
Y9010002,Le Minuto aux bergeries de Ricciani,Ruisseau de Minuto,42.272421,9.205775,2021-09-24,1,1
Y9010002,Le Minuto aux bergeries de Ricciani,Ruisseau de Minuto,42.272421,9.205775,2021-10-25,1,1
Y9010002,Le Minuto aux bergeries de Ricciani,Ruisseau de Minuto,42.272421,9.205775,2022-03-25,1,1
Y9010002,Le Minuto aux bergeries de Ricciani,Ruisseau de Minuto,42.272421,9.205775,2022-04-25,1,1
Y9010002,Le Minuto aux bergeries de Ricciani,Ruisseau de Minuto,42.272421,9.205775,2022-05-23,1,1
Y9010002,Le Minuto aux bergeries de Ricciani,Ruisseau de Minuto,42.272421,9.205775,2022-06-23,1,1
Y9010002,Le Minuto aux bergeries de Ricciani,Ruisseau de Minuto,42.272421,9.205775,2022-07-11,1,1
Y9010002,Le Minuto aux bergeries de Ricciani,Ruisseau de Minuto,42.272421,9.205775,2022-07-25,1,1
Y9010002,Le Minuto aux bergeries de Ricciani,Ruisseau de Minuto,42.272421,9.205775,2022-08-10,1,1
Y9010002,Le Minuto aux bergeries de Ricciani,Ruisseau de Minuto,42.272421,9.205775,2022-08-23,1,1
Y9010002,Le Minuto aux bergeries de Ricciani,Ruisseau de Minuto,42.272421,9.205775,2022-09-09,1,1
Y9010002,Le Minuto aux bergeries de Ricciani,Ruisseau de Minuto,42.272421,9.205775,2022-09-26,1,1
Y9010002,Le Minuto aux bergeries de Ricciani,Ruisseau de Minuto,42.272421,9.205775,2022-10-10,1,1
Y9010002,Le Minuto aux bergeries de Ricciani,Ruisseau de Minuto,42.272421,9.205775,2022-10-24,1,1
Y9010002,Le Minuto aux bergeries de Ricciani,Ruisseau de Minuto,42.272421,9.205775,2022-11-11,1,1
Y9010002,Le Minuto aux bergeries de Ricciani,Ruisseau de Minuto,42.272421,9.205775,2022-11-22,1,1
Y9010002,Le Minuto aux bergeries de Ricciani,Ruisseau de Minuto,42.272421,9.205775,2022-12-14,1,1
Y9010002,Le Minuto aux bergeries de Ricciani,Ruisseau de Minuto,42.272421,9.205775,2023-01-23,1,1
Y9010002,Le Minuto aux bergeries de Ricciani,Ruisseau de Minuto,42.272421,9.205775,2023-02-22,1,1
Y9010002,Le Minuto aux bergeries de Ricciani,Ruisseau de Minuto,42.272421,9.205775,2023-03-24,1a,1
Y9010002,Le Minuto aux bergeries de Ricciani,Ruisseau de Minuto,42.272421,9.205775,2023-04-24,1a,1
Y9010002,Le Minuto aux bergeries de Ricciani,Ruisseau de Minuto,42.272421,9.205775,2023-05-24,1a,1
Y9010002,Le Minuto aux bergeries de Ricciani,Ruisseau de Minuto,42.272421,9.205775,2023-06-05,1a,1
Y9010002,Le Minuto aux bergeries de Ricciani,Ruisseau de Minuto,42.272421,9.205775,2023-06-26,1a,1
Y9010002,Le Minuto aux bergeries de Ricciani,Ruisseau de Minuto,42.272421,9.205775,2023-07-24,1a,1
Y9010002,Le Minuto aux bergeries de Ricciani,Ruisseau de Minuto,42.272421,9.205775,2023-08-21,1a,1
Y9010002,Le Minuto aux bergeries de Ricciani,Ruisseau de Minuto,42.272421,9.205775,2023-09-12,1a,1
Y9010002,Le Minuto aux bergeries de Ricciani,Ruisseau de Minuto,42.272421,9.205775,2023-09-25,1a,1
Y9010002,Le Minuto aux bergeries de Ricciani,Ruisseau de Minuto,42.272421,9.205775,2023-10-10,1a,1
Y9010002,Le Minuto aux bergeries de Ricciani,Ruisseau de Minuto,42.272421,9.205775,2023-10-23,1a,1
Y9010002,Le Minuto aux bergeries de Ricciani,Ruisseau de Minuto,42.272421,9.205775,2023-11-24,1a,1
Y9010002,Le Minuto aux bergeries de Ricciani,Ruisseau de Minuto,42.272421,9.205775,2024-01-24,1a,1
Y9010002,Le Minuto aux bergeries de Ricciani,Ruisseau de Minuto,42.272421,9.205775,2024-02-22,1a,1
Y9010002,Le Minuto aux bergeries de Ricciani,Ruisseau de Minuto,42.272421,9.205775,2024-03-22,1a,1
Y9010002,Le Minuto aux bergeries de Ricciani,Ruisseau de Minuto,42.272421,9.205775,2024-04-24,1a,1
Y9010002,Le Minuto aux bergeries de Ricciani,Ruisseau de Minuto,42.272421,9.205775,2024-05-24,1a,1
Y9010002,Le Minuto aux bergeries de Ricciani,Ruisseau de Minuto,42.272421,9.205775,2024-06-21,1a,1
Y9010002,Le Minuto aux bergeries de Ricciani,Ruisseau de Minuto,42.272421,9.205775,2024-07-22,1a,1
Y9010002,Le Minuto aux bergeries de Ricciani,Ruisseau de Minuto,42.272421,9.205775,2024-08-22,1a,1
Y9010002,Le Minuto aux bergeries de Ricciani,Ruisseau de Minuto,42.272421,9.205775,2024-09-23,1a,1
Y9010002,Le Minuto aux bergeries de Ricciani,Ruisseau de Minuto,42.272421,9.205775,2024-10-10,1a,1
Y9010002,Le Minuto aux bergeries de Ricciani,Ruisseau de Minuto,42.272421,9.205775,2024-10-22,1a,1
Y9010002,Le Minuto aux bergeries de Ricciani,Ruisseau de Minuto,42.272421,9.205775,2024-11-12,1a,1
Y9010002,Le Minuto aux bergeries de Ricciani,Ruisseau de Minuto,42.272421,9.205775,2025-04-11,1a,1
Y9010002,Le Minuto aux bergeries de Ricciani,Ruisseau de Minuto,42.272421,9.205775,2025-05-23,1a,1
Y9010002,Le Minuto aux bergeries de Ricciani,Ruisseau de Minuto,42.272421,9.205775,2025-06-23,1a,1
Y9010002,Le Minuto aux bergeries de Ricciani,Ruisseau de Minuto,42.272421,9.205775,2025-07-23,1a,1
Y9010002,Le Minuto aux bergeries de Ricciani,Ruisseau de Minuto,42.272421,9.205775,2025-08-25,1a,1
Y9010002,Le Minuto aux bergeries de Ricciani,Ruisseau de Minuto,42.272421,9.205775,2025-09-25,1a,1
Y9010002,Le Minuto aux bergeries de Ricciani,Ruisseau de Minuto,42.272421,9.205775,2025-10-24,1a,1
Y9010002,Le Minuto aux bergeries de Ricciani,Ruisseau de Minuto,42.272421,9.205775,2025-11-20,1a,1
Y9010002,Le Minuto aux bergeries de Ricciani,Ruisseau de Minuto,42.272421,9.205775,2025-12-15,1a,1
Y9010002,Le Minuto aux bergeries de Ricciani,Ruisseau de Minuto,42.272421,9.205775,2026-01-14,1a,1
Y9010002,Le Minuto aux bergeries de Ricciani,Ruisseau de Minuto,42.272421,9.205775,2026-04-21,1a,1
Y9010002,Le Minuto aux bergeries de Ricciani,Ruisseau de Minuto,42.272421,9.205775,2026-05-25,1a,1
Y9010002,Le Minuto aux bergeries de Ricciani,Ruisseau de Minuto,42.272421,9.205775,2026-06-26,1a,1
Y9010002,Le Minuto aux bergeries de Ricciani,Ruisseau de Minuto,42.272421,9.205775,2026-07-13,1a,1
Y9010002,Le Minuto aux bergeries de Ricciani,Ruisseau de Minuto,42.272421,9.205775,2026-07-23,1a,1
Y9010002,Le Minuto aux bergeries de Ricciani,Ruisseau de Minuto,42.272421,9.205775,2026-08-25,1a,1
Y9010002,Le Minuto aux bergeries de Ricciani,Ruisseau de Minuto,42.272421,9.205775,2026-09-24,1f,1
Y9110001,Le Tagnone au pont de la RD 443 à l'aval du hameau d'Aghione,Le Tagnone,42.110409,9.41557,2012-05-25,1a,1
Y9110001,Le Tagnone au pont de la RD 443 à l'aval du hameau d'Aghione,Le Tagnone,42.110409,9.41557,2012-06-25,1f,1
Y9110001,Le Tagnone au pont de la RD 443 à l'aval du hameau d'Aghione,Le Tagnone,42.110409,9.41557,2012-07-11,1f,1
Y9110001,Le Tagnone au pont de la RD 443 à l'aval du hameau d'Aghione,Le Tagnone,42.110409,9.41557,2012-07-25,1f,1
Y9110001,Le Tagnone au pont de la RD 443 à l'aval du hameau d'Aghione,Le Tagnone,42.110409,9.41557,2012-08-23,1f,1
Y9110001,Le Tagnone au pont de la RD 443 à l'aval du hameau d'Aghione,Le Tagnone,42.110409,9.41557,2012-09-25,1a,1
Y9110001,Le Tagnone au pont de la RD 443 à l'aval du hameau d'Aghione,Le Tagnone,42.110409,9.41557,2013-05-23,1a,1
Y9110001,Le Tagnone au pont de la RD 443 à l'aval du hameau d'Aghione,Le Tagnone,42.110409,9.41557,2013-06-25,1f,1
Y9110001,Le Tagnone au pont de la RD 443 à l'aval du hameau d'Aghione,Le Tagnone,42.110409,9.41557,2013-07-25,1a,1
Y9110001,Le Tagnone au pont de la RD 443 à l'aval du hameau d'Aghione,Le Tagnone,42.110409,9.41557,2013-08-23,1f,1
Y9110001,Le Tagnone au pont de la RD 443 à l'aval du hameau d'Aghione,Le Tagnone,42.110409,9.41557,2013-09-19,1f,1
Y9110001,Le Tagnone au pont de la RD 443 à l'aval du hameau d'Aghione,Le Tagnone,42.110409,9.41557,2013-10-24,1f,1
Y9110001,Le Tagnone au pont de la RD 443 à l'aval du hameau d'Aghione,Le Tagnone,42.110409,9.41557,2014-05-26,1a,1
Y9110001,Le Tagnone au pont de la RD 443 à l'aval du hameau d'Aghione,Le Tagnone,42.110409,9.41557,2014-06-25,1a,1
Y9110001,Le Tagnone au pont de la RD 443 à l'aval du hameau d'Aghione,Le Tagnone,42.110409,9.41557,2014-07-23,1a,1
Y9110001,Le Tagnone au pont de la RD 443 à l'aval du hameau d'Aghione,Le Tagnone,42.110409,9.41557,2014-08-25,1a,1
Y9110001,Le Tagnone au pont de la RD 443 à l'aval du hameau d'Aghione,Le Tagnone,42.110409,9.41557,2014-09-25,1a,1
Y9110001,Le Tagnone au pont de la RD 443 à l'aval du hameau d'Aghione,Le Tagnone,42.110409,9.41557,2014-10-28,1,1
Y9110001,Le Tagnone au pont de la RD 443 à l'aval du hameau d'Aghione,Le Tagnone,42.110409,9.41557,2015-05-26,1a,1
Y9110001,Le Tagnone au pont de la RD 443 à l'aval du hameau d'Aghione,Le Tagnone,42.110409,9.41557,2015-06-23,1a,1
Y9110001,Le Tagnone au pont de la RD 443 à l'aval du hameau d'Aghione,Le Tagnone,42.110409,9.41557,2015-07-23,1a,1
Y9110001,Le Tagnone au pont de la RD 443 à l'aval du hameau d'Aghione,Le Tagnone,42.110409,9.41557,2015-08-27,1f,1
Y9110001,Le Tagnone au pont de la RD 443 à l'aval du hameau d'Aghione,Le Tagnone,42.110409,9.41557,2015-09-22,1f,1
Y9110001,Le Tagnone au pont de la RD 443 à l'aval du hameau d'Aghione,Le Tagnone,42.110409,9.41557,2016-05-18,1,1
Y9110001,Le Tagnone au pont de la RD 443 à l'aval du hameau d'Aghione,Le Tagnone,42.110409,9.41557,2016-06-27,1,1
Y9110001,Le Tagnone au pont de la RD 443 à l'aval du hameau d'Aghione,Le Tagnone,42.110409,9.41557,2016-07-22,1,1
Y9110001,Le Tagnone au pont de la RD 443 à l'aval du hameau d'Aghione,Le Tagnone,42.110409,9.41557,2016-08-22,1,1
Y9110001,Le Tagnone au pont de la RD 443 à l'aval du hameau d'Aghione,Le Tagnone,42.110409,9.41557,2016-09-06,1,1
Y9110001,Le Tagnone au pont de la RD 443 à l'aval du hameau d'Aghione,Le Tagnone,42.110409,9.41557,2016-09-21,1,1
Y9110001,Le Tagnone au pont de la RD 443 à l'aval du hameau d'Aghione,Le Tagnone,42.110409,9.41557,2017-05-22,1,1
Y9110001,Le Tagnone au pont de la RD 443 à l'aval du hameau d'Aghione,Le Tagnone,42.110409,9.41557,2017-06-27,1,1
Y9110001,Le Tagnone au pont de la RD 443 à l'aval du hameau d'Aghione,Le Tagnone,42.110409,9.41557,2017-06-28,1,1
Y9110001,Le Tagnone au pont de la RD 443 à l'aval du hameau d'Aghione,Le Tagnone,42.110409,9.41557,2017-07-19,1,1
Y9110001,Le Tagnone au pont de la RD 443 à l'aval du hameau d'Aghione,Le Tagnone,42.110409,9.41557,2017-08-02,1,1
Y9110001,Le Tagnone au pont de la RD 443 à l'aval du hameau d'Aghione,Le Tagnone,42.110409,9.41557,2017-08-16,1,1
Y9110001,Le Tagnone au pont de la RD 443 à l'aval du hameau d'Aghione,Le Tagnone,42.110409,9.41557,2017-08-29,1,1
Y9110001,Le Tagnone au pont de la RD 443 à l'aval du hameau d'Aghione,Le Tagnone,42.110409,9.41557,2017-08-30,1,1
Y9110001,Le Tagnone au pont de la RD 443 à l'aval du hameau d'Aghione,Le Tagnone,42.110409,9.41557,2017-09-27,1,1
Y9110001,Le Tagnone au pont de la RD 443 à l'aval du hameau d'Aghione,Le Tagnone,42.110409,9.41557,2017-10-25,1,1
Y9110001,Le Tagnone au pont de la RD 443 à l'aval du hameau d'Aghione,Le Tagnone,42.110409,9.41557,2017-11-07,1,1
Y9110001,Le Tagnone au pont de la RD 443 à l'aval du hameau d'Aghione,Le Tagnone,42.110409,9.41557,2017-11-22,1,1
Y9110001,Le Tagnone au pont de la RD 443 à l'aval du hameau d'Aghione,Le Tagnone,42.110409,9.41557,2018-02-06,1,1
Y9110001,Le Tagnone au pont de la RD 443 à l'aval du hameau d'Aghione,Le Tagnone,42.110409,9.41557,2018-03-06,1,1
Y9110001,Le Tagnone au pont de la RD 443 à l'aval du hameau d'Aghione,Le Tagnone,42.110409,9.41557,2018-03-21,1,1
Y9110001,Le Tagnone au pont de la RD 443 à l'aval du hameau d'Aghione,Le Tagnone,42.110409,9.41557,2018-04-25,1,1
Y9110001,Le Tagnone au pont de la RD 443 à l'aval du hameau d'Aghione,Le Tagnone,42.110409,9.41557,2018-05-29,1,1
Y9110001,Le Tagnone au pont de la RD 443 à l'aval du hameau d'Aghione,Le Tagnone,42.110409,9.41557,2018-06-19,1,1
Y9110001,Le Tagnone au pont de la RD 443 à l'aval du hameau d'Aghione,Le Tagnone,42.110409,9.41557,2018-07-25,1,1
Y9110001,Le Tagnone au pont de la RD 443 à l'aval du hameau d'Aghione,Le Tagnone,42.110409,9.41557,2018-08-27,1,1
Y9110001,Le Tagnone au pont de la RD 443 à l'aval du hameau d'Aghione,Le Tagnone,42.110409,9.41557,2018-09-25,1,1
Y9110001,Le Tagnone au pont de la RD 443 à l'aval du hameau d'Aghione,Le Tagnone,42.110409,9.41557,2018-10-25,1,1
Y9110001,Le Tagnone au pont de la RD 443 à l'aval du hameau d'Aghione,Le Tagnone,42.110409,9.41557,2019-04-02,1,1
Y9110001,Le Tagnone au pont de la RD 443 à l'aval du hameau d'Aghione,Le Tagnone,42.110409,9.41557,2019-04-24,1,1
Y9110001,Le Tagnone au pont de la RD 443 à l'aval du hameau d'Aghione,Le Tagnone,42.110409,9.41557,2019-05-27,1,1
Y9110001,Le Tagnone au pont de la RD 443 à l'aval du hameau d'Aghione,Le Tagnone,42.110409,9.41557,2019-06-20,1,1
Y9110001,Le Tagnone au pont de la RD 443 à l'aval du hameau d'Aghione,Le Tagnone,42.110409,9.41557,2019-07-25,1,1
Y9110001,Le Tagnone au pont de la RD 443 à l'aval du hameau d'Aghione,Le Tagnone,42.110409,9.41557,2019-08-27,1,1
Y9110001,Le Tagnone au pont de la RD 443 à l'aval du hameau d'Aghione,Le Tagnone,42.110409,9.41557,2019-09-25,1,1
Y9110001,Le Tagnone au pont de la RD 443 à l'aval du hameau d'Aghione,Le Tagnone,42.110409,9.41557,2019-10-28,1,1
Y9110001,Le Tagnone au pont de la RD 443 à l'aval du hameau d'Aghione,Le Tagnone,42.110409,9.41557,2020-05-27,1,1
Y9110001,Le Tagnone au pont de la RD 443 à l'aval du hameau d'Aghione,Le Tagnone,42.110409,9.41557,2020-06-23,1,1
Y9110001,Le Tagnone au pont de la RD 443 à l'aval du hameau d'Aghione,Le Tagnone,42.110409,9.41557,2020-07-23,1,1
Y9110001,Le Tagnone au pont de la RD 443 à l'aval du hameau d'Aghione,Le Tagnone,42.110409,9.41557,2020-08-14,1,1
Y9110001,Le Tagnone au pont de la RD 443 à l'aval du hameau d'Aghione,Le Tagnone,42.110409,9.41557,2020-08-25,1,1
Y9110001,Le Tagnone au pont de la RD 443 à l'aval du hameau d'Aghione,Le Tagnone,42.110409,9.41557,2020-09-24,1,1
Y9110001,Le Tagnone au pont de la RD 443 à l'aval du hameau d'Aghione,Le Tagnone,42.110409,9.41557,2020-10-26,1,1
Y9110001,Le Tagnone au pont de la RD 443 à l'aval du hameau d'Aghione,Le Tagnone,42.110409,9.41557,2021-05-26,1,1
Y9110001,Le Tagnone au pont de la RD 443 à l'aval du hameau d'Aghione,Le Tagnone,42.110409,9.41557,2021-06-30,1,1
Y9110001,Le Tagnone au pont de la RD 443 à l'aval du hameau d'Aghione,Le Tagnone,42.110409,9.41557,2021-07-26,2,0
Y9110001,Le Tagnone au pont de la RD 443 à l'aval du hameau d'Aghione,Le Tagnone,42.110409,9.41557,2021-08-16,2,0
Y9110001,Le Tagnone au pont de la RD 443 à l'aval du hameau d'Aghione,Le Tagnone,42.110409,9.41557,2021-08-26,2,0
Y9110001,Le Tagnone au pont de la RD 443 à l'aval du hameau d'Aghione,Le Tagnone,42.110409,9.41557,2021-09-24,2,0
Y9110001,Le Tagnone au pont de la RD 443 à l'aval du hameau d'Aghione,Le Tagnone,42.110409,9.41557,2021-10-25,1,1
Y9110001,Le Tagnone au pont de la RD 443 à l'aval du hameau d'Aghione,Le Tagnone,42.110409,9.41557,2022-03-25,1,1
Y9110001,Le Tagnone au pont de la RD 443 à l'aval du hameau d'Aghione,Le Tagnone,42.110409,9.41557,2022-04-25,1,1
Y9110001,Le Tagnone au pont de la RD 443 à l'aval du hameau d'Aghione,Le Tagnone,42.110409,9.41557,2022-05-23,1,1
Y9110001,Le Tagnone au pont de la RD 443 à l'aval du hameau d'Aghione,Le Tagnone,42.110409,9.41557,2022-06-23,1,1
Y9110001,Le Tagnone au pont de la RD 443 à l'aval du hameau d'Aghione,Le Tagnone,42.110409,9.41557,2022-07-11,1,1
Y9110001,Le Tagnone au pont de la RD 443 à l'aval du hameau d'Aghione,Le Tagnone,42.110409,9.41557,2022-07-25,1,1
Y9110001,Le Tagnone au pont de la RD 443 à l'aval du hameau d'Aghione,Le Tagnone,42.110409,9.41557,2022-08-10,1,1
Y9110001,Le Tagnone au pont de la RD 443 à l'aval du hameau d'Aghione,Le Tagnone,42.110409,9.41557,2022-08-23,1,1
Y9110001,Le Tagnone au pont de la RD 443 à l'aval du hameau d'Aghione,Le Tagnone,42.110409,9.41557,2022-09-09,1,1
Y9110001,Le Tagnone au pont de la RD 443 à l'aval du hameau d'Aghione,Le Tagnone,42.110409,9.41557,2022-09-26,2,0
Y9110001,Le Tagnone au pont de la RD 443 à l'aval du hameau d'Aghione,Le Tagnone,42.110409,9.41557,2022-10-10,2,0
Y9110001,Le Tagnone au pont de la RD 443 à l'aval du hameau d'Aghione,Le Tagnone,42.110409,9.41557,2022-10-24,1,1
Y9110001,Le Tagnone au pont de la RD 443 à l'aval du hameau d'Aghione,Le Tagnone,42.110409,9.41557,2022-11-11,1,1
Y9110001,Le Tagnone au pont de la RD 443 à l'aval du hameau d'Aghione,Le Tagnone,42.110409,9.41557,2022-11-22,1,1
Y9110001,Le Tagnone au pont de la RD 443 à l'aval du hameau d'Aghione,Le Tagnone,42.110409,9.41557,2022-12-14,1,1
Y9110001,Le Tagnone au pont de la RD 443 à l'aval du hameau d'Aghione,Le Tagnone,42.110409,9.41557,2023-01-23,1,1
Y9110001,Le Tagnone au pont de la RD 443 à l'aval du hameau d'Aghione,Le Tagnone,42.110409,9.41557,2023-02-22,1,1
Y9110001,Le Tagnone au pont de la RD 443 à l'aval du hameau d'Aghione,Le Tagnone,42.110409,9.41557,2023-03-24,1f,1
Y9110001,Le Tagnone au pont de la RD 443 à l'aval du hameau d'Aghione,Le Tagnone,42.110409,9.41557,2023-04-24,1a,1
Y9110001,Le Tagnone au pont de la RD 443 à l'aval du hameau d'Aghione,Le Tagnone,42.110409,9.41557,2023-05-24,1a,1
Y9110001,Le Tagnone au pont de la RD 443 à l'aval du hameau d'Aghione,Le Tagnone,42.110409,9.41557,2023-06-05,1a,1
Y9110001,Le Tagnone au pont de la RD 443 à l'aval du hameau d'Aghione,Le Tagnone,42.110409,9.41557,2023-06-26,1a,1
Y9110001,Le Tagnone au pont de la RD 443 à l'aval du hameau d'Aghione,Le Tagnone,42.110409,9.41557,2023-07-24,1a,1
Y9110001,Le Tagnone au pont de la RD 443 à l'aval du hameau d'Aghione,Le Tagnone,42.110409,9.41557,2023-08-21,1f,1
Y9110001,Le Tagnone au pont de la RD 443 à l'aval du hameau d'Aghione,Le Tagnone,42.110409,9.41557,2023-09-12,1f,1
Y9110001,Le Tagnone au pont de la RD 443 à l'aval du hameau d'Aghione,Le Tagnone,42.110409,9.41557,2023-09-25,1a,1
Y9110001,Le Tagnone au pont de la RD 443 à l'aval du hameau d'Aghione,Le Tagnone,42.110409,9.41557,2023-10-10,1f,1
Y9110001,Le Tagnone au pont de la RD 443 à l'aval du hameau d'Aghione,Le Tagnone,42.110409,9.41557,2023-10-23,1f,1
Y9110001,Le Tagnone au pont de la RD 443 à l'aval du hameau d'Aghione,Le Tagnone,42.110409,9.41557,2023-11-24,1a,1
Y9110001,Le Tagnone au pont de la RD 443 à l'aval du hameau d'Aghione,Le Tagnone,42.110409,9.41557,2024-01-24,1f,1
Y9110001,Le Tagnone au pont de la RD 443 à l'aval du hameau d'Aghione,Le Tagnone,42.110409,9.41557,2024-02-22,1f,1
Y9110001,Le Tagnone au pont de la RD 443 à l'aval du hameau d'Aghione,Le Tagnone,42.110409,9.41557,2024-03-22,1a,1
Y9110001,Le Tagnone au pont de la RD 443 à l'aval du hameau d'Aghione,Le Tagnone,42.110409,9.41557,2024-04-24,1a,1
Y9110001,Le Tagnone au pont de la RD 443 à l'aval du hameau d'Aghione,Le Tagnone,42.110409,9.41557,2024-05-24,1f,1
Y9110001,Le Tagnone au pont de la RD 443 à l'aval du hameau d'Aghione,Le Tagnone,42.110409,9.41557,2024-06-21,1f,1
Y9110001,Le Tagnone au pont de la RD 443 à l'aval du hameau d'Aghione,Le Tagnone,42.110409,9.41557,2024-07-22,2,0
Y9110001,Le Tagnone au pont de la RD 443 à l'aval du hameau d'Aghione,Le Tagnone,42.110409,9.41557,2024-08-22,1f,1
Y9110001,Le Tagnone au pont de la RD 443 à l'aval du hameau d'Aghione,Le Tagnone,42.110409,9.41557,2024-09-23,1a,1
Y9110001,Le Tagnone au pont de la RD 443 à l'aval du hameau d'Aghione,Le Tagnone,42.110409,9.41557,2024-10-10,1a,1
Y9110001,Le Tagnone au pont de la RD 443 à l'aval du hameau d'Aghione,Le Tagnone,42.110409,9.41557,2024-10-22,1a,1
Y9110001,Le Tagnone au pont de la RD 443 à l'aval du hameau d'Aghione,Le Tagnone,42.110409,9.41557,2024-11-12,1a,1
Y9110001,Le Tagnone au pont de la RD 443 à l'aval du hameau d'Aghione,Le Tagnone,42.110409,9.41557,2025-04-11,1a,1
Y9110001,Le Tagnone au pont de la RD 443 à l'aval du hameau d'Aghione,Le Tagnone,42.110409,9.41557,2025-05-23,1a,1
Y9110001,Le Tagnone au pont de la RD 443 à l'aval du hameau d'Aghione,Le Tagnone,42.110409,9.41557,2025-06-23,1a,1
Y9110001,Le Tagnone au pont de la RD 443 à l'aval du hameau d'Aghione,Le Tagnone,42.110409,9.41557,2025-07-23,1a,1
Y9110001,Le Tagnone au pont de la RD 443 à l'aval du hameau d'Aghione,Le Tagnone,42.110409,9.41557,2025-08-25,1a,1
Y9110001,Le Tagnone au pont de la RD 443 à l'aval du hameau d'Aghione,Le Tagnone,42.110409,9.41557,2025-09-25,1a,1
Y9110001,Le Tagnone au pont de la RD 443 à l'aval du hameau d'Aghione,Le Tagnone,42.110409,9.41557,2025-10-24,1a,1
Y9110001,Le Tagnone au pont de la RD 443 à l'aval du hameau d'Aghione,Le Tagnone,42.110409,9.41557,2025-11-20,1a,1
Y9110001,Le Tagnone au pont de la RD 443 à l'aval du hameau d'Aghione,Le Tagnone,42.110409,9.41557,2025-12-15,1a,1
Y9110001,Le Tagnone au pont de la RD 443 à l'aval du hameau d'Aghione,Le Tagnone,42.110409,9.41557,2026-01-14,1a,1
Y9110001,Le Tagnone au pont de la RD 443 à l'aval du hameau d'Aghione,Le Tagnone,42.110409,9.41557,2026-04-21,1a,1
Y9110001,Le Tagnone au pont de la RD 443 à l'aval du hameau d'Aghione,Le Tagnone,42.110409,9.41557,2026-05-25,1a,1
Y9110001,Le Tagnone au pont de la RD 443 à l'aval du hameau d'Aghione,Le Tagnone,42.110409,9.41557,2026-06-26,1a,1
Y9110001,Le Tagnone au pont de la RD 443 à l'aval du hameau d'Aghione,Le Tagnone,42.110409,9.41557,2026-07-13,1a,1
Y9110001,Le Tagnone au pont de la RD 443 à l'aval du hameau d'Aghione,Le Tagnone,42.110409,9.41557,2026-07-23,1f,1
Y9110001,Le Tagnone au pont de la RD 443 à l'aval du hameau d'Aghione,Le Tagnone,42.110409,9.41557,2026-08-25,3,0
Y9110001,Le Tagnone au pont de la RD 443 à l'aval du hameau d'Aghione,Le Tagnone,42.110409,9.41557,2026-09-24,1f,1
Y9210001,La Bravona à l'amont de la station de pompage,Rivière de Bravona,42.197596,9.517331,2012-05-25,1a,1
Y9210001,La Bravona à l'amont de la station de pompage,Rivière de Bravona,42.197596,9.517331,2012-06-25,1a,1
Y9210001,La Bravona à l'amont de la station de pompage,Rivière de Bravona,42.197596,9.517331,2012-07-11,1f,1
Y9210001,La Bravona à l'amont de la station de pompage,Rivière de Bravona,42.197596,9.517331,2012-07-25,1f,1
Y9210001,La Bravona à l'amont de la station de pompage,Rivière de Bravona,42.197596,9.517331,2012-08-23,2,0
Y9210001,La Bravona à l'amont de la station de pompage,Rivière de Bravona,42.197596,9.517331,2012-09-25,1a,1
Y9210001,La Bravona à l'amont de la station de pompage,Rivière de Bravona,42.197596,9.517331,2013-05-23,1a,1
Y9210001,La Bravona à l'amont de la station de pompage,Rivière de Bravona,42.197596,9.517331,2013-06-25,1a,1
Y9210001,La Bravona à l'amont de la station de pompage,Rivière de Bravona,42.197596,9.517331,2013-07-25,1a,1
Y9210001,La Bravona à l'amont de la station de pompage,Rivière de Bravona,42.197596,9.517331,2013-08-23,1f,1
Y9210001,La Bravona à l'amont de la station de pompage,Rivière de Bravona,42.197596,9.517331,2013-09-19,1f,1
Y9210001,La Bravona à l'amont de la station de pompage,Rivière de Bravona,42.197596,9.517331,2013-10-24,1f,1
Y9210001,La Bravona à l'amont de la station de pompage,Rivière de Bravona,42.197596,9.517331,2014-05-26,1a,1
Y9210001,La Bravona à l'amont de la station de pompage,Rivière de Bravona,42.197596,9.517331,2014-06-25,1a,1
Y9210001,La Bravona à l'amont de la station de pompage,Rivière de Bravona,42.197596,9.517331,2014-07-23,1a,1
Y9210001,La Bravona à l'amont de la station de pompage,Rivière de Bravona,42.197596,9.517331,2014-08-25,1a,1
Y9210001,La Bravona à l'amont de la station de pompage,Rivière de Bravona,42.197596,9.517331,2014-09-25,1a,1
Y9210001,La Bravona à l'amont de la station de pompage,Rivière de Bravona,42.197596,9.517331,2014-10-28,1,1
Y9210001,La Bravona à l'amont de la station de pompage,Rivière de Bravona,42.197596,9.517331,2015-05-26,1a,1
Y9210001,La Bravona à l'amont de la station de pompage,Rivière de Bravona,42.197596,9.517331,2015-06-23,1a,1
Y9210001,La Bravona à l'amont de la station de pompage,Rivière de Bravona,42.197596,9.517331,2015-07-23,1a,1
Y9210001,La Bravona à l'amont de la station de pompage,Rivière de Bravona,42.197596,9.517331,2015-08-27,1f,1
Y9210001,La Bravona à l'amont de la station de pompage,Rivière de Bravona,42.197596,9.517331,2015-09-22,1f,1
Y9210001,La Bravona à l'amont de la station de pompage,Rivière de Bravona,42.197596,9.517331,2016-05-18,1,1
Y9210001,La Bravona à l'amont de la station de pompage,Rivière de Bravona,42.197596,9.517331,2016-06-27,1,1
Y9210001,La Bravona à l'amont de la station de pompage,Rivière de Bravona,42.197596,9.517331,2016-07-22,1,1
Y9210001,La Bravona à l'amont de la station de pompage,Rivière de Bravona,42.197596,9.517331,2016-08-22,1,1
Y9210001,La Bravona à l'amont de la station de pompage,Rivière de Bravona,42.197596,9.517331,2016-09-06,1,1
Y9210001,La Bravona à l'amont de la station de pompage,Rivière de Bravona,42.197596,9.517331,2016-09-21,1,1
Y9210001,La Bravona à l'amont de la station de pompage,Rivière de Bravona,42.197596,9.517331,2017-05-22,1,1
Y9210001,La Bravona à l'amont de la station de pompage,Rivière de Bravona,42.197596,9.517331,2017-06-27,1,1
Y9210001,La Bravona à l'amont de la station de pompage,Rivière de Bravona,42.197596,9.517331,2017-06-28,1,1
Y9210001,La Bravona à l'amont de la station de pompage,Rivière de Bravona,42.197596,9.517331,2017-07-19,1,1
Y9210001,La Bravona à l'amont de la station de pompage,Rivière de Bravona,42.197596,9.517331,2017-08-02,1,1
Y9210001,La Bravona à l'amont de la station de pompage,Rivière de Bravona,42.197596,9.517331,2017-08-16,1,1
Y9210001,La Bravona à l'amont de la station de pompage,Rivière de Bravona,42.197596,9.517331,2017-08-29,1,1
Y9210001,La Bravona à l'amont de la station de pompage,Rivière de Bravona,42.197596,9.517331,2017-08-30,1,1
Y9210001,La Bravona à l'amont de la station de pompage,Rivière de Bravona,42.197596,9.517331,2017-09-27,1,1
Y9210001,La Bravona à l'amont de la station de pompage,Rivière de Bravona,42.197596,9.517331,2017-10-25,1,1
Y9210001,La Bravona à l'amont de la station de pompage,Rivière de Bravona,42.197596,9.517331,2017-11-07,1,1
Y9210001,La Bravona à l'amont de la station de pompage,Rivière de Bravona,42.197596,9.517331,2017-11-22,1,1
Y9210001,La Bravona à l'amont de la station de pompage,Rivière de Bravona,42.197596,9.517331,2018-02-06,1,1
Y9210001,La Bravona à l'amont de la station de pompage,Rivière de Bravona,42.197596,9.517331,2018-03-06,1,1
Y9210001,La Bravona à l'amont de la station de pompage,Rivière de Bravona,42.197596,9.517331,2018-03-21,1,1
Y9210001,La Bravona à l'amont de la station de pompage,Rivière de Bravona,42.197596,9.517331,2018-04-25,1,1
Y9210001,La Bravona à l'amont de la station de pompage,Rivière de Bravona,42.197596,9.517331,2018-05-29,1,1
Y9210001,La Bravona à l'amont de la station de pompage,Rivière de Bravona,42.197596,9.517331,2018-06-19,1,1
Y9210001,La Bravona à l'amont de la station de pompage,Rivière de Bravona,42.197596,9.517331,2018-07-25,1,1
Y9210001,La Bravona à l'amont de la station de pompage,Rivière de Bravona,42.197596,9.517331,2018-08-27,1,1
Y9210001,La Bravona à l'amont de la station de pompage,Rivière de Bravona,42.197596,9.517331,2018-09-25,1,1
Y9210001,La Bravona à l'amont de la station de pompage,Rivière de Bravona,42.197596,9.517331,2018-10-25,1,1
Y9210001,La Bravona à l'amont de la station de pompage,Rivière de Bravona,42.197596,9.517331,2019-04-02,1,1
Y9210001,La Bravona à l'amont de la station de pompage,Rivière de Bravona,42.197596,9.517331,2019-04-24,1,1
Y9210001,La Bravona à l'amont de la station de pompage,Rivière de Bravona,42.197596,9.517331,2019-05-27,1,1
Y9210001,La Bravona à l'amont de la station de pompage,Rivière de Bravona,42.197596,9.517331,2019-06-20,1,1
Y9210001,La Bravona à l'amont de la station de pompage,Rivière de Bravona,42.197596,9.517331,2019-07-25,1,1
Y9210001,La Bravona à l'amont de la station de pompage,Rivière de Bravona,42.197596,9.517331,2019-08-27,1,1
Y9210001,La Bravona à l'amont de la station de pompage,Rivière de Bravona,42.197596,9.517331,2019-09-25,1,1
Y9210001,La Bravona à l'amont de la station de pompage,Rivière de Bravona,42.197596,9.517331,2019-10-28,1,1
Y9210001,La Bravona à l'amont de la station de pompage,Rivière de Bravona,42.197596,9.517331,2020-05-27,1,1
Y9210001,La Bravona à l'amont de la station de pompage,Rivière de Bravona,42.197596,9.517331,2020-06-23,1,1
Y9210001,La Bravona à l'amont de la station de pompage,Rivière de Bravona,42.197596,9.517331,2020-07-23,1,1
Y9210001,La Bravona à l'amont de la station de pompage,Rivière de Bravona,42.197596,9.517331,2020-08-14,1,1
Y9210001,La Bravona à l'amont de la station de pompage,Rivière de Bravona,42.197596,9.517331,2020-08-25,1,1
Y9210001,La Bravona à l'amont de la station de pompage,Rivière de Bravona,42.197596,9.517331,2020-09-24,1,1
Y9210001,La Bravona à l'amont de la station de pompage,Rivière de Bravona,42.197596,9.517331,2020-10-26,1,1
Y9210001,La Bravona à l'amont de la station de pompage,Rivière de Bravona,42.197596,9.517331,2021-05-26,1,1
Y9210001,La Bravona à l'amont de la station de pompage,Rivière de Bravona,42.197596,9.517331,2021-06-30,1,1
Y9210001,La Bravona à l'amont de la station de pompage,Rivière de Bravona,42.197596,9.517331,2021-07-26,3,0
Y9210001,La Bravona à l'amont de la station de pompage,Rivière de Bravona,42.197596,9.517331,2021-08-16,3,0
Y9210001,La Bravona à l'amont de la station de pompage,Rivière de Bravona,42.197596,9.517331,2021-08-26,3,0
Y9210001,La Bravona à l'amont de la station de pompage,Rivière de Bravona,42.197596,9.517331,2021-09-24,3,0
Y9210001,La Bravona à l'amont de la station de pompage,Rivière de Bravona,42.197596,9.517331,2021-10-25,1,1
Y9210001,La Bravona à l'amont de la station de pompage,Rivière de Bravona,42.197596,9.517331,2022-03-25,1,1
Y9210001,La Bravona à l'amont de la station de pompage,Rivière de Bravona,42.197596,9.517331,2022-04-25,1,1
Y9210001,La Bravona à l'amont de la station de pompage,Rivière de Bravona,42.197596,9.517331,2022-05-23,1,1
Y9210001,La Bravona à l'amont de la station de pompage,Rivière de Bravona,42.197596,9.517331,2022-06-23,1,1
Y9210001,La Bravona à l'amont de la station de pompage,Rivière de Bravona,42.197596,9.517331,2022-07-11,1,1
Y9210001,La Bravona à l'amont de la station de pompage,Rivière de Bravona,42.197596,9.517331,2022-07-25,2,0
Y9210001,La Bravona à l'amont de la station de pompage,Rivière de Bravona,42.197596,9.517331,2022-08-10,3,0
Y9210001,La Bravona à l'amont de la station de pompage,Rivière de Bravona,42.197596,9.517331,2022-08-23,3,0
Y9210001,La Bravona à l'amont de la station de pompage,Rivière de Bravona,42.197596,9.517331,2022-09-09,2,0
Y9210001,La Bravona à l'amont de la station de pompage,Rivière de Bravona,42.197596,9.517331,2022-09-26,2,0
Y9210001,La Bravona à l'amont de la station de pompage,Rivière de Bravona,42.197596,9.517331,2022-10-10,2,0
Y9210001,La Bravona à l'amont de la station de pompage,Rivière de Bravona,42.197596,9.517331,2022-10-24,2,0
Y9210001,La Bravona à l'amont de la station de pompage,Rivière de Bravona,42.197596,9.517331,2022-11-11,2,0
Y9210001,La Bravona à l'amont de la station de pompage,Rivière de Bravona,42.197596,9.517331,2022-11-22,2,0
Y9210001,La Bravona à l'amont de la station de pompage,Rivière de Bravona,42.197596,9.517331,2022-12-14,1,1
Y9210001,La Bravona à l'amont de la station de pompage,Rivière de Bravona,42.197596,9.517331,2023-01-23,1,1
Y9210001,La Bravona à l'amont de la station de pompage,Rivière de Bravona,42.197596,9.517331,2023-02-22,1,1
Y9210001,La Bravona à l'amont de la station de pompage,Rivière de Bravona,42.197596,9.517331,2023-03-24,1f,1
Y9210001,La Bravona à l'amont de la station de pompage,Rivière de Bravona,42.197596,9.517331,2023-04-24,1a,1
Y9210001,La Bravona à l'amont de la station de pompage,Rivière de Bravona,42.197596,9.517331,2023-05-24,1a,1
Y9210001,La Bravona à l'amont de la station de pompage,Rivière de Bravona,42.197596,9.517331,2023-06-05,1a,1
Y9210001,La Bravona à l'amont de la station de pompage,Rivière de Bravona,42.197596,9.517331,2023-06-26,1a,1
Y9210001,La Bravona à l'amont de la station de pompage,Rivière de Bravona,42.197596,9.517331,2023-07-24,1f,1
Y9210001,La Bravona à l'amont de la station de pompage,Rivière de Bravona,42.197596,9.517331,2023-08-21,2,0
Y9210001,La Bravona à l'amont de la station de pompage,Rivière de Bravona,42.197596,9.517331,2023-09-12,2,0
Y9210001,La Bravona à l'amont de la station de pompage,Rivière de Bravona,42.197596,9.517331,2023-09-25,2,0
Y9210001,La Bravona à l'amont de la station de pompage,Rivière de Bravona,42.197596,9.517331,2023-10-10,2,0
Y9210001,La Bravona à l'amont de la station de pompage,Rivière de Bravona,42.197596,9.517331,2023-10-23,2,0
Y9210001,La Bravona à l'amont de la station de pompage,Rivière de Bravona,42.197596,9.517331,2023-11-24,1a,1
Y9210001,La Bravona à l'amont de la station de pompage,Rivière de Bravona,42.197596,9.517331,2024-01-24,1f,1
Y9210001,La Bravona à l'amont de la station de pompage,Rivière de Bravona,42.197596,9.517331,2024-02-22,2,0
Y9210001,La Bravona à l'amont de la station de pompage,Rivière de Bravona,42.197596,9.517331,2024-03-22,1a,1
Y9210001,La Bravona à l'amont de la station de pompage,Rivière de Bravona,42.197596,9.517331,2024-04-24,1a,1
Y9210001,La Bravona à l'amont de la station de pompage,Rivière de Bravona,42.197596,9.517331,2024-05-24,1f,1
Y9210001,La Bravona à l'amont de la station de pompage,Rivière de Bravona,42.197596,9.517331,2024-06-21,2,0
Y9210001,La Bravona à l'amont de la station de pompage,Rivière de Bravona,42.197596,9.517331,2024-07-22,3,0
Y9210001,La Bravona à l'amont de la station de pompage,Rivière de Bravona,42.197596,9.517331,2024-08-22,3,0
Y9210001,La Bravona à l'amont de la station de pompage,Rivière de Bravona,42.197596,9.517331,2024-09-23,3,0
Y9210001,La Bravona à l'amont de la station de pompage,Rivière de Bravona,42.197596,9.517331,2024-10-10,2,0
Y9210001,La Bravona à l'amont de la station de pompage,Rivière de Bravona,42.197596,9.517331,2024-10-22,2,0
Y9210001,La Bravona à l'amont de la station de pompage,Rivière de Bravona,42.197596,9.517331,2024-11-12,1a,1
Y9210001,La Bravona à l'amont de la station de pompage,Rivière de Bravona,42.197596,9.517331,2025-04-11,1a,1
Y9210001,La Bravona à l'amont de la station de pompage,Rivière de Bravona,42.197596,9.517331,2025-05-23,1a,1
Y9210001,La Bravona à l'amont de la station de pompage,Rivière de Bravona,42.197596,9.517331,2025-06-23,1a,1
Y9210001,La Bravona à l'amont de la station de pompage,Rivière de Bravona,42.197596,9.517331,2025-07-23,1f,1
Y9210001,La Bravona à l'amont de la station de pompage,Rivière de Bravona,42.197596,9.517331,2025-08-25,1a,1
Y9210001,La Bravona à l'amont de la station de pompage,Rivière de Bravona,42.197596,9.517331,2025-09-25,1a,1
Y9210001,La Bravona à l'amont de la station de pompage,Rivière de Bravona,42.197596,9.517331,2025-10-24,1a,1
Y9210001,La Bravona à l'amont de la station de pompage,Rivière de Bravona,42.197596,9.517331,2025-11-20,1a,1
Y9210001,La Bravona à l'amont de la station de pompage,Rivière de Bravona,42.197596,9.517331,2025-12-15,1a,1
Y9210001,La Bravona à l'amont de la station de pompage,Rivière de Bravona,42.197596,9.517331,2026-01-14,1a,1
Y9210001,La Bravona à l'amont de la station de pompage,Rivière de Bravona,42.197596,9.517331,2026-04-21,1a,1
Y9210001,La Bravona à l'amont de la station de pompage,Rivière de Bravona,42.197596,9.517331,2026-05-25,1a,1
Y9210001,La Bravona à l'amont de la station de pompage,Rivière de Bravona,42.197596,9.517331,2026-06-26,1a,1
Y9210001,La Bravona à l'amont de la station de pompage,Rivière de Bravona,42.197596,9.517331,2026-07-13,1a,1
Y9210001,La Bravona à l'amont de la station de pompage,Rivière de Bravona,42.197596,9.517331,2026-07-23,1f,1
Y9210001,La Bravona à l'amont de la station de pompage,Rivière de Bravona,42.197596,9.517331,2026-08-25,2,0
Y9210001,La Bravona à l'amont de la station de pompage,Rivière de Bravona,42.197596,9.517331,2026-09-24,1f,1
Y9420001,Le Varagno au pont de Coti,Ruisseau de Varagno,42.036519,9.330255,2012-05-25,1a,1
Y9420001,Le Varagno au pont de Coti,Ruisseau de Varagno,42.036519,9.330255,2012-06-25,1a,1
Y9420001,Le Varagno au pont de Coti,Ruisseau de Varagno,42.036519,9.330255,2012-07-11,1a,1
Y9420001,Le Varagno au pont de Coti,Ruisseau de Varagno,42.036519,9.330255,2012-07-25,1a,1
Y9420001,Le Varagno au pont de Coti,Ruisseau de Varagno,42.036519,9.330255,2012-08-23,1f,1
Y9420001,Le Varagno au pont de Coti,Ruisseau de Varagno,42.036519,9.330255,2012-09-25,1a,1
Y9420001,Le Varagno au pont de Coti,Ruisseau de Varagno,42.036519,9.330255,2013-05-23,1a,1
Y9420001,Le Varagno au pont de Coti,Ruisseau de Varagno,42.036519,9.330255,2013-06-25,1a,1
Y9420001,Le Varagno au pont de Coti,Ruisseau de Varagno,42.036519,9.330255,2013-07-25,1a,1
Y9420001,Le Varagno au pont de Coti,Ruisseau de Varagno,42.036519,9.330255,2013-08-23,1f,1
Y9420001,Le Varagno au pont de Coti,Ruisseau de Varagno,42.036519,9.330255,2013-09-19,1a,1
Y9420001,Le Varagno au pont de Coti,Ruisseau de Varagno,42.036519,9.330255,2013-10-24,1a,1
Y9420001,Le Varagno au pont de Coti,Ruisseau de Varagno,42.036519,9.330255,2014-05-26,1a,1
Y9420001,Le Varagno au pont de Coti,Ruisseau de Varagno,42.036519,9.330255,2014-06-25,1a,1
Y9420001,Le Varagno au pont de Coti,Ruisseau de Varagno,42.036519,9.330255,2014-07-23,1a,1
Y9420001,Le Varagno au pont de Coti,Ruisseau de Varagno,42.036519,9.330255,2014-08-25,1a,1
Y9420001,Le Varagno au pont de Coti,Ruisseau de Varagno,42.036519,9.330255,2014-09-25,1a,1
Y9420001,Le Varagno au pont de Coti,Ruisseau de Varagno,42.036519,9.330255,2014-10-28,1,1
Y9420001,Le Varagno au pont de Coti,Ruisseau de Varagno,42.036519,9.330255,2015-05-26,1a,1
Y9420001,Le Varagno au pont de Coti,Ruisseau de Varagno,42.036519,9.330255,2015-06-23,1a,1
Y9420001,Le Varagno au pont de Coti,Ruisseau de Varagno,42.036519,9.330255,2015-07-23,1a,1
Y9420001,Le Varagno au pont de Coti,Ruisseau de Varagno,42.036519,9.330255,2015-08-27,1f,1
Y9420001,Le Varagno au pont de Coti,Ruisseau de Varagno,42.036519,9.330255,2015-09-22,1f,1
Y9420001,Le Varagno au pont de Coti,Ruisseau de Varagno,42.036519,9.330255,2016-05-18,1,1
Y9420001,Le Varagno au pont de Coti,Ruisseau de Varagno,42.036519,9.330255,2016-06-27,1,1
Y9420001,Le Varagno au pont de Coti,Ruisseau de Varagno,42.036519,9.330255,2016-07-22,1,1
Y9420001,Le Varagno au pont de Coti,Ruisseau de Varagno,42.036519,9.330255,2016-08-22,1,1
Y9420001,Le Varagno au pont de Coti,Ruisseau de Varagno,42.036519,9.330255,2016-09-06,1,1
Y9420001,Le Varagno au pont de Coti,Ruisseau de Varagno,42.036519,9.330255,2016-09-21,1,1
Y9420001,Le Varagno au pont de Coti,Ruisseau de Varagno,42.036519,9.330255,2017-05-22,1,1
Y9420001,Le Varagno au pont de Coti,Ruisseau de Varagno,42.036519,9.330255,2017-06-27,1,1
Y9420001,Le Varagno au pont de Coti,Ruisseau de Varagno,42.036519,9.330255,2017-06-28,1,1
Y9420001,Le Varagno au pont de Coti,Ruisseau de Varagno,42.036519,9.330255,2017-07-19,1,1
Y9420001,Le Varagno au pont de Coti,Ruisseau de Varagno,42.036519,9.330255,2017-08-02,1,1
Y9420001,Le Varagno au pont de Coti,Ruisseau de Varagno,42.036519,9.330255,2017-08-16,1,1
Y9420001,Le Varagno au pont de Coti,Ruisseau de Varagno,42.036519,9.330255,2017-08-29,1,1
Y9420001,Le Varagno au pont de Coti,Ruisseau de Varagno,42.036519,9.330255,2017-08-30,1,1
Y9420001,Le Varagno au pont de Coti,Ruisseau de Varagno,42.036519,9.330255,2017-09-27,1,1
Y9420001,Le Varagno au pont de Coti,Ruisseau de Varagno,42.036519,9.330255,2017-10-25,1,1
Y9420001,Le Varagno au pont de Coti,Ruisseau de Varagno,42.036519,9.330255,2017-11-07,1,1
Y9420001,Le Varagno au pont de Coti,Ruisseau de Varagno,42.036519,9.330255,2017-11-22,1,1
Y9420001,Le Varagno au pont de Coti,Ruisseau de Varagno,42.036519,9.330255,2018-02-06,1,1
Y9420001,Le Varagno au pont de Coti,Ruisseau de Varagno,42.036519,9.330255,2018-03-06,1,1
Y9420001,Le Varagno au pont de Coti,Ruisseau de Varagno,42.036519,9.330255,2018-03-21,1,1
Y9420001,Le Varagno au pont de Coti,Ruisseau de Varagno,42.036519,9.330255,2018-04-25,1,1
Y9420001,Le Varagno au pont de Coti,Ruisseau de Varagno,42.036519,9.330255,2018-05-29,1,1
Y9420001,Le Varagno au pont de Coti,Ruisseau de Varagno,42.036519,9.330255,2018-06-19,1,1
Y9420001,Le Varagno au pont de Coti,Ruisseau de Varagno,42.036519,9.330255,2018-07-25,1,1
Y9420001,Le Varagno au pont de Coti,Ruisseau de Varagno,42.036519,9.330255,2018-08-27,1,1
Y9420001,Le Varagno au pont de Coti,Ruisseau de Varagno,42.036519,9.330255,2018-09-25,1,1
Y9420001,Le Varagno au pont de Coti,Ruisseau de Varagno,42.036519,9.330255,2018-10-25,1,1
Y9420001,Le Varagno au pont de Coti,Ruisseau de Varagno,42.036519,9.330255,2019-04-02,1,1
Y9420001,Le Varagno au pont de Coti,Ruisseau de Varagno,42.036519,9.330255,2019-04-24,1,1
Y9420001,Le Varagno au pont de Coti,Ruisseau de Varagno,42.036519,9.330255,2019-05-27,1,1
Y9420001,Le Varagno au pont de Coti,Ruisseau de Varagno,42.036519,9.330255,2019-06-20,1,1
Y9420001,Le Varagno au pont de Coti,Ruisseau de Varagno,42.036519,9.330255,2019-07-25,1,1
Y9420001,Le Varagno au pont de Coti,Ruisseau de Varagno,42.036519,9.330255,2019-08-27,1,1
Y9420001,Le Varagno au pont de Coti,Ruisseau de Varagno,42.036519,9.330255,2019-09-25,1,1
Y9420001,Le Varagno au pont de Coti,Ruisseau de Varagno,42.036519,9.330255,2019-10-28,1,1
Y9420001,Le Varagno au pont de Coti,Ruisseau de Varagno,42.036519,9.330255,2020-05-27,1,1
Y9420001,Le Varagno au pont de Coti,Ruisseau de Varagno,42.036519,9.330255,2020-06-23,1,1
Y9420001,Le Varagno au pont de Coti,Ruisseau de Varagno,42.036519,9.330255,2020-07-23,1,1
Y9420001,Le Varagno au pont de Coti,Ruisseau de Varagno,42.036519,9.330255,2020-08-14,1,1
Y9420001,Le Varagno au pont de Coti,Ruisseau de Varagno,42.036519,9.330255,2020-08-25,1,1
Y9420001,Le Varagno au pont de Coti,Ruisseau de Varagno,42.036519,9.330255,2020-09-24,1,1
Y9420001,Le Varagno au pont de Coti,Ruisseau de Varagno,42.036519,9.330255,2020-10-26,1,1
Y9420001,Le Varagno au pont de Coti,Ruisseau de Varagno,42.036519,9.330255,2021-05-26,1,1
Y9420001,Le Varagno au pont de Coti,Ruisseau de Varagno,42.036519,9.330255,2021-06-30,1,1
Y9420001,Le Varagno au pont de Coti,Ruisseau de Varagno,42.036519,9.330255,2021-07-26,1,1
Y9420001,Le Varagno au pont de Coti,Ruisseau de Varagno,42.036519,9.330255,2021-08-16,1,1
Y9420001,Le Varagno au pont de Coti,Ruisseau de Varagno,42.036519,9.330255,2021-08-26,1,1
Y9420001,Le Varagno au pont de Coti,Ruisseau de Varagno,42.036519,9.330255,2021-09-24,1,1
Y9420001,Le Varagno au pont de Coti,Ruisseau de Varagno,42.036519,9.330255,2021-10-25,1,1
Y9420001,Le Varagno au pont de Coti,Ruisseau de Varagno,42.036519,9.330255,2022-03-25,1,1
Y9420001,Le Varagno au pont de Coti,Ruisseau de Varagno,42.036519,9.330255,2022-04-25,1,1
Y9420001,Le Varagno au pont de Coti,Ruisseau de Varagno,42.036519,9.330255,2022-05-23,1,1
Y9420001,Le Varagno au pont de Coti,Ruisseau de Varagno,42.036519,9.330255,2022-06-23,1,1
Y9420001,Le Varagno au pont de Coti,Ruisseau de Varagno,42.036519,9.330255,2022-07-11,1,1
Y9420001,Le Varagno au pont de Coti,Ruisseau de Varagno,42.036519,9.330255,2022-07-25,1,1
Y9420001,Le Varagno au pont de Coti,Ruisseau de Varagno,42.036519,9.330255,2022-08-10,1,1
Y9420001,Le Varagno au pont de Coti,Ruisseau de Varagno,42.036519,9.330255,2022-08-23,1,1
Y9420001,Le Varagno au pont de Coti,Ruisseau de Varagno,42.036519,9.330255,2022-09-09,1,1
Y9420001,Le Varagno au pont de Coti,Ruisseau de Varagno,42.036519,9.330255,2022-09-26,1,1
Y9420001,Le Varagno au pont de Coti,Ruisseau de Varagno,42.036519,9.330255,2022-10-10,1,1
Y9420001,Le Varagno au pont de Coti,Ruisseau de Varagno,42.036519,9.330255,2022-10-24,1,1
Y9420001,Le Varagno au pont de Coti,Ruisseau de Varagno,42.036519,9.330255,2022-11-11,1,1
Y9420001,Le Varagno au pont de Coti,Ruisseau de Varagno,42.036519,9.330255,2022-11-22,1,1
Y9420001,Le Varagno au pont de Coti,Ruisseau de Varagno,42.036519,9.330255,2022-12-14,1,1
Y9420001,Le Varagno au pont de Coti,Ruisseau de Varagno,42.036519,9.330255,2023-01-23,1,1
Y9420001,Le Varagno au pont de Coti,Ruisseau de Varagno,42.036519,9.330255,2023-02-22,1,1
Y9420001,Le Varagno au pont de Coti,Ruisseau de Varagno,42.036519,9.330255,2023-03-24,1a,1
Y9420001,Le Varagno au pont de Coti,Ruisseau de Varagno,42.036519,9.330255,2023-04-24,1a,1
Y9420001,Le Varagno au pont de Coti,Ruisseau de Varagno,42.036519,9.330255,2023-05-24,1a,1
Y9420001,Le Varagno au pont de Coti,Ruisseau de Varagno,42.036519,9.330255,2023-06-05,1a,1
Y9420001,Le Varagno au pont de Coti,Ruisseau de Varagno,42.036519,9.330255,2023-06-26,1a,1
Y9420001,Le Varagno au pont de Coti,Ruisseau de Varagno,42.036519,9.330255,2023-07-24,1a,1
Y9420001,Le Varagno au pont de Coti,Ruisseau de Varagno,42.036519,9.330255,2023-08-21,1a,1
Y9420001,Le Varagno au pont de Coti,Ruisseau de Varagno,42.036519,9.330255,2023-09-12,1a,1
Y9420001,Le Varagno au pont de Coti,Ruisseau de Varagno,42.036519,9.330255,2023-09-25,1a,1
Y9420001,Le Varagno au pont de Coti,Ruisseau de Varagno,42.036519,9.330255,2023-10-10,1a,1
Y9420001,Le Varagno au pont de Coti,Ruisseau de Varagno,42.036519,9.330255,2023-10-23,1a,1
Y9420001,Le Varagno au pont de Coti,Ruisseau de Varagno,42.036519,9.330255,2023-11-24,1a,1
Y9420001,Le Varagno au pont de Coti,Ruisseau de Varagno,42.036519,9.330255,2024-01-24,1a,1
Y9420001,Le Varagno au pont de Coti,Ruisseau de Varagno,42.036519,9.330255,2024-02-22,1a,1
Y9420001,Le Varagno au pont de Coti,Ruisseau de Varagno,42.036519,9.330255,2024-03-22,1a,1
Y9420001,Le Varagno au pont de Coti,Ruisseau de Varagno,42.036519,9.330255,2024-04-24,1a,1
Y9420001,Le Varagno au pont de Coti,Ruisseau de Varagno,42.036519,9.330255,2024-05-24,1a,1
Y9420001,Le Varagno au pont de Coti,Ruisseau de Varagno,42.036519,9.330255,2024-06-21,1a,1
Y9420001,Le Varagno au pont de Coti,Ruisseau de Varagno,42.036519,9.330255,2024-07-22,1a,1
Y9420001,Le Varagno au pont de Coti,Ruisseau de Varagno,42.036519,9.330255,2024-08-22,1a,1
Y9420001,Le Varagno au pont de Coti,Ruisseau de Varagno,42.036519,9.330255,2024-09-23,1a,1
Y9420001,Le Varagno au pont de Coti,Ruisseau de Varagno,42.036519,9.330255,2024-10-10,1a,1
Y9420001,Le Varagno au pont de Coti,Ruisseau de Varagno,42.036519,9.330255,2024-10-22,1a,1
Y9420001,Le Varagno au pont de Coti,Ruisseau de Varagno,42.036519,9.330255,2024-11-12,1a,1
Y9420001,Le Varagno au pont de Coti,Ruisseau de Varagno,42.036519,9.330255,2025-04-11,1a,1
Y9420001,Le Varagno au pont de Coti,Ruisseau de Varagno,42.036519,9.330255,2025-05-23,1a,1
Y9420001,Le Varagno au pont de Coti,Ruisseau de Varagno,42.036519,9.330255,2025-06-23,1a,1
Y9420001,Le Varagno au pont de Coti,Ruisseau de Varagno,42.036519,9.330255,2025-07-23,1a,1
Y9420001,Le Varagno au pont de Coti,Ruisseau de Varagno,42.036519,9.330255,2025-08-25,1a,1
Y9420001,Le Varagno au pont de Coti,Ruisseau de Varagno,42.036519,9.330255,2025-09-25,1a,1
Y9420001,Le Varagno au pont de Coti,Ruisseau de Varagno,42.036519,9.330255,2025-10-24,1a,1
Y9420001,Le Varagno au pont de Coti,Ruisseau de Varagno,42.036519,9.330255,2025-11-20,1a,1
Y9420001,Le Varagno au pont de Coti,Ruisseau de Varagno,42.036519,9.330255,2025-12-15,1a,1
Y9420001,Le Varagno au pont de Coti,Ruisseau de Varagno,42.036519,9.330255,2026-01-14,1a,1
Y9420001,Le Varagno au pont de Coti,Ruisseau de Varagno,42.036519,9.330255,2026-04-21,1a,1
Y9420001,Le Varagno au pont de Coti,Ruisseau de Varagno,42.036519,9.330255,2026-05-25,1a,1
Y9420001,Le Varagno au pont de Coti,Ruisseau de Varagno,42.036519,9.330255,2026-06-26,1a,1
Y9420001,Le Varagno au pont de Coti,Ruisseau de Varagno,42.036519,9.330255,2026-07-13,1a,1
Y9420001,Le Varagno au pont de Coti,Ruisseau de Varagno,42.036519,9.330255,2026-07-23,1a,1
Y9420001,Le Varagno au pont de Coti,Ruisseau de Varagno,42.036519,9.330255,2026-08-25,1a,1
Y9420001,Le Varagno au pont de Coti,Ruisseau de Varagno,42.036519,9.330255,2026-09-24,1f,1
Y9610001,Le Tarcu au pont de la RD 168,Rivière de Tarcu,41.749069,9.368984,2012-05-25,1a,1
Y9610001,Le Tarcu au pont de la RD 168,Rivière de Tarcu,41.749069,9.368984,2012-06-25,1a,1
Y9610001,Le Tarcu au pont de la RD 168,Rivière de Tarcu,41.749069,9.368984,2012-07-25,1f,1
Y9610001,Le Tarcu au pont de la RD 168,Rivière de Tarcu,41.749069,9.368984,2012-08-23,2,0
Y9610001,Le Tarcu au pont de la RD 168,Rivière de Tarcu,41.749069,9.368984,2012-09-25,1a,1
Y9610001,Le Tarcu au pont de la RD 168,Rivière de Tarcu,41.749069,9.368984,2013-05-23,1a,1
Y9610001,Le Tarcu au pont de la RD 168,Rivière de Tarcu,41.749069,9.368984,2013-06-25,1a,1
Y9610001,Le Tarcu au pont de la RD 168,Rivière de Tarcu,41.749069,9.368984,2013-07-25,1a,1
Y9610001,Le Tarcu au pont de la RD 168,Rivière de Tarcu,41.749069,9.368984,2013-08-23,1f,1
Y9610001,Le Tarcu au pont de la RD 168,Rivière de Tarcu,41.749069,9.368984,2014-05-27,1a,1
Y9610001,Le Tarcu au pont de la RD 168,Rivière de Tarcu,41.749069,9.368984,2014-06-25,1,1
Y9610001,Le Tarcu au pont de la RD 168,Rivière de Tarcu,41.749069,9.368984,2014-07-24,1a,1
Y9610001,Le Tarcu au pont de la RD 168,Rivière de Tarcu,41.749069,9.368984,2014-08-25,1f,1
Y9610001,Le Tarcu au pont de la RD 168,Rivière de Tarcu,41.749069,9.368984,2014-09-26,1f,1
Y9610001,Le Tarcu au pont de la RD 168,Rivière de Tarcu,41.749069,9.368984,2014-10-24,1f,1
Y9610001,Le Tarcu au pont de la RD 168,Rivière de Tarcu,41.749069,9.368984,2015-05-26,1a,1
Y9610001,Le Tarcu au pont de la RD 168,Rivière de Tarcu,41.749069,9.368984,2015-06-25,1f,1
Y9610001,Le Tarcu au pont de la RD 168,Rivière de Tarcu,41.749069,9.368984,2015-07-22,2,0
Y9610001,Le Tarcu au pont de la RD 168,Rivière de Tarcu,41.749069,9.368984,2015-08-27,1f,1
Y9610001,Le Tarcu au pont de la RD 168,Rivière de Tarcu,41.749069,9.368984,2015-09-22,2,0
Y9610001,Le Tarcu au pont de la RD 168,Rivière de Tarcu,41.749069,9.368984,2016-05-18,1,1
Y9610001,Le Tarcu au pont de la RD 168,Rivière de Tarcu,41.749069,9.368984,2016-06-27,1,1
Y9610001,Le Tarcu au pont de la RD 168,Rivière de Tarcu,41.749069,9.368984,2016-07-21,1,1
Y9610001,Le Tarcu au pont de la RD 168,Rivière de Tarcu,41.749069,9.368984,2016-08-22,1,1
Y9610001,Le Tarcu au pont de la RD 168,Rivière de Tarcu,41.749069,9.368984,2016-09-21,1,1
Y9610001,Le Tarcu au pont de la RD 168,Rivière de Tarcu,41.749069,9.368984,2017-05-22,1,1
Y9610001,Le Tarcu au pont de la RD 168,Rivière de Tarcu,41.749069,9.368984,2017-06-23,2,0
Y9610001,Le Tarcu au pont de la RD 168,Rivière de Tarcu,41.749069,9.368984,2017-07-23,2,0
Y9610001,Le Tarcu au pont de la RD 168,Rivière de Tarcu,41.749069,9.368984,2017-08-07,2,0
Y9610001,Le Tarcu au pont de la RD 168,Rivière de Tarcu,41.749069,9.368984,2017-08-21,2,0
Y9610001,Le Tarcu au pont de la RD 168,Rivière de Tarcu,41.749069,9.368984,2017-09-04,2,0
Y9610001,Le Tarcu au pont de la RD 168,Rivière de Tarcu,41.749069,9.368984,2017-09-18,2,0
Y9610001,Le Tarcu au pont de la RD 168,Rivière de Tarcu,41.749069,9.368984,2017-09-29,2,0
Y9610001,Le Tarcu au pont de la RD 168,Rivière de Tarcu,41.749069,9.368984,2018-05-28,1,1
Y9610001,Le Tarcu au pont de la RD 168,Rivière de Tarcu,41.749069,9.368984,2018-06-19,1,1
Y9610001,Le Tarcu au pont de la RD 168,Rivière de Tarcu,41.749069,9.368984,2018-07-25,1,1
Y9610001,Le Tarcu au pont de la RD 168,Rivière de Tarcu,41.749069,9.368984,2018-08-23,1,1
Y9610001,Le Tarcu au pont de la RD 168,Rivière de Tarcu,41.749069,9.368984,2018-09-24,1,1
Y9610001,Le Tarcu au pont de la RD 168,Rivière de Tarcu,41.749069,9.368984,2018-10-25,1,1
Y9610001,Le Tarcu au pont de la RD 168,Rivière de Tarcu,41.749069,9.368984,2019-04-02,1,1
Y9610001,Le Tarcu au pont de la RD 168,Rivière de Tarcu,41.749069,9.368984,2019-04-24,1,1
Y9610001,Le Tarcu au pont de la RD 168,Rivière de Tarcu,41.749069,9.368984,2019-05-27,1,1
Y9610001,Le Tarcu au pont de la RD 168,Rivière de Tarcu,41.749069,9.368984,2019-06-20,1,1
Y9610001,Le Tarcu au pont de la RD 168,Rivière de Tarcu,41.749069,9.368984,2019-07-24,1,1
Y9610001,Le Tarcu au pont de la RD 168,Rivière de Tarcu,41.749069,9.368984,2019-08-27,1,1
Y9610001,Le Tarcu au pont de la RD 168,Rivière de Tarcu,41.749069,9.368984,2019-09-25,1,1
Y9610001,Le Tarcu au pont de la RD 168,Rivière de Tarcu,41.749069,9.368984,2019-10-28,1,1
Y9610001,Le Tarcu au pont de la RD 168,Rivière de Tarcu,41.749069,9.368984,2020-05-26,1,1
Y9610001,Le Tarcu au pont de la RD 168,Rivière de Tarcu,41.749069,9.368984,2020-06-25,1a,1
Y9610001,Le Tarcu au pont de la RD 168,Rivière de Tarcu,41.749069,9.368984,2020-07-24,1,1
Y9610001,Le Tarcu au pont de la RD 168,Rivière de Tarcu,41.749069,9.368984,2020-08-25,1,1
Y9610001,Le Tarcu au pont de la RD 168,Rivière de Tarcu,41.749069,9.368984,2020-09-29,1,1
Y9610001,Le Tarcu au pont de la RD 168,Rivière de Tarcu,41.749069,9.368984,2021-05-25,1,1
Y9610001,Le Tarcu au pont de la RD 168,Rivière de Tarcu,41.749069,9.368984,2021-06-25,1a,1
Y9610001,Le Tarcu au pont de la RD 168,Rivière de Tarcu,41.749069,9.368984,2021-07-26,1a,1
Y9610001,Le Tarcu au pont de la RD 168,Rivière de Tarcu,41.749069,9.368984,2021-08-25,1f,1
Y9610001,Le Tarcu au pont de la RD 168,Rivière de Tarcu,41.749069,9.368984,2021-09-27,1f,1
Y9610001,Le Tarcu au pont de la RD 168,Rivière de Tarcu,41.749069,9.368984,2022-04-16,1,1
Y9610001,Le Tarcu au pont de la RD 168,Rivière de Tarcu,41.749069,9.368984,2022-05-23,1,1
Y9610001,Le Tarcu au pont de la RD 168,Rivière de Tarcu,41.749069,9.368984,2022-06-22,1,1
Y9610001,Le Tarcu au pont de la RD 168,Rivière de Tarcu,41.749069,9.368984,2022-07-11,1,1
Y9610001,Le Tarcu au pont de la RD 168,Rivière de Tarcu,41.749069,9.368984,2022-07-25,1,1
Y9610001,Le Tarcu au pont de la RD 168,Rivière de Tarcu,41.749069,9.368984,2022-08-09,1,1
Y9610001,Le Tarcu au pont de la RD 168,Rivière de Tarcu,41.749069,9.368984,2022-08-22,1,1
Y9610001,Le Tarcu au pont de la RD 168,Rivière de Tarcu,41.749069,9.368984,2022-09-07,1,1
Y9610001,Le Tarcu au pont de la RD 168,Rivière de Tarcu,41.749069,9.368984,2022-09-22,1,1
Y9610001,Le Tarcu au pont de la RD 168,Rivière de Tarcu,41.749069,9.368984,2022-10-05,1,1
Y9610001,Le Tarcu au pont de la RD 168,Rivière de Tarcu,41.749069,9.368984,2022-10-31,2,0
Y9610001,Le Tarcu au pont de la RD 168,Rivière de Tarcu,41.749069,9.368984,2022-11-17,1,1
Y9610001,Le Tarcu au pont de la RD 168,Rivière de Tarcu,41.749069,9.368984,2023-03-28,1,1
Y9610001,Le Tarcu au pont de la RD 168,Rivière de Tarcu,41.749069,9.368984,2023-04-24,1,1
Y9610001,Le Tarcu au pont de la RD 168,Rivière de Tarcu,41.749069,9.368984,2023-05-22,1,1
Y9610001,Le Tarcu au pont de la RD 168,Rivière de Tarcu,41.749069,9.368984,2023-06-28,1,1
Y9610001,Le Tarcu au pont de la RD 168,Rivière de Tarcu,41.749069,9.368984,2023-07-26,1,1
Y9610001,Le Tarcu au pont de la RD 168,Rivière de Tarcu,41.749069,9.368984,2023-08-09,1,1
Y9610001,Le Tarcu au pont de la RD 168,Rivière de Tarcu,41.749069,9.368984,2023-08-27,1,1
Y9610001,Le Tarcu au pont de la RD 168,Rivière de Tarcu,41.749069,9.368984,2023-09-25,1,1
Y9610001,Le Tarcu au pont de la RD 168,Rivière de Tarcu,41.749069,9.368984,2023-10-30,1,1
Y9610001,Le Tarcu au pont de la RD 168,Rivière de Tarcu,41.749069,9.368984,2024-03-07,1,1
Y9610001,Le Tarcu au pont de la RD 168,Rivière de Tarcu,41.749069,9.368984,2024-04-30,1,1
Y9610001,Le Tarcu au pont de la RD 168,Rivière de Tarcu,41.749069,9.368984,2024-05-21,1,1
Y9610001,Le Tarcu au pont de la RD 168,Rivière de Tarcu,41.749069,9.368984,2024-06-24,1,1
Y9610001,Le Tarcu au pont de la RD 168,Rivière de Tarcu,41.749069,9.368984,2024-07-22,1,1
Y9610001,Le Tarcu au pont de la RD 168,Rivière de Tarcu,41.749069,9.368984,2024-08-19,1,1
Y9610001,Le Tarcu au pont de la RD 168,Rivière de Tarcu,41.749069,9.368984,2024-09-24,1a,1
Y9610001,Le Tarcu au pont de la RD 168,Rivière de Tarcu,41.749069,9.368984,2025-04-26,1,1
Y9610001,Le Tarcu au pont de la RD 168,Rivière de Tarcu,41.749069,9.368984,2025-05-27,1,1
Y9610001,Le Tarcu au pont de la RD 168,Rivière de Tarcu,41.749069,9.368984,2025-06-25,1a,1
Y9610001,Le Tarcu au pont de la RD 168,Rivière de Tarcu,41.749069,9.368984,2025-07-23,1a,1
Y9610001,Le Tarcu au pont de la RD 168,Rivière de Tarcu,41.749069,9.368984,2025-08-25,1f,1
Y9610001,Le Tarcu au pont de la RD 168,Rivière de Tarcu,41.749069,9.368984,2025-09-23,1f,1
Y9610001,Le Tarcu au pont de la RD 168,Rivière de Tarcu,41.749069,9.368984,2025-10-24,1a,1
Y9610001,Le Tarcu au pont de la RD 168,Rivière de Tarcu,41.749069,9.368984,2026-05-26,1a,1
Y9610001,Le Tarcu au pont de la RD 168,Rivière de Tarcu,41.749069,9.368984,2026-06-25,1a,1
Y9610001,Le Tarcu au pont de la RD 168,Rivière de Tarcu,41.749069,9.368984,2026-07-27,1f,1
Y9610001,Le Tarcu au pont de la RD 168,Rivière de Tarcu,41.749069,9.368984,2026-08-24,1f,1
Y9610001,Le Tarcu au pont de la RD 168,Rivière de Tarcu,41.749069,9.368984,2026-09-28,1f,1
Y9610002,La Favone sur la piste DFCI à l'amont de la confluence avec le Barrarecciu,Rivière de Favone,41.775683,9.382414,2012-05-25,1a,1
Y9610002,La Favone sur la piste DFCI à l'amont de la confluence avec le Barrarecciu,Rivière de Favone,41.775683,9.382414,2012-06-25,2,0
Y9610002,La Favone sur la piste DFCI à l'amont de la confluence avec le Barrarecciu,Rivière de Favone,41.775683,9.382414,2012-07-25,3,0
Y9610002,La Favone sur la piste DFCI à l'amont de la confluence avec le Barrarecciu,Rivière de Favone,41.775683,9.382414,2012-08-23,3,0
Y9610002,La Favone sur la piste DFCI à l'amont de la confluence avec le Barrarecciu,Rivière de Favone,41.775683,9.382414,2012-09-25,3,0
Y9610002,La Favone sur la piste DFCI à l'amont de la confluence avec le Barrarecciu,Rivière de Favone,41.775683,9.382414,2013-05-23,1a,1
Y9610002,La Favone sur la piste DFCI à l'amont de la confluence avec le Barrarecciu,Rivière de Favone,41.775683,9.382414,2013-06-25,1f,1
Y9610002,La Favone sur la piste DFCI à l'amont de la confluence avec le Barrarecciu,Rivière de Favone,41.775683,9.382414,2013-07-25,2,0
Y9610002,La Favone sur la piste DFCI à l'amont de la confluence avec le Barrarecciu,Rivière de Favone,41.775683,9.382414,2013-08-23,3,0
Y9610002,La Favone sur la piste DFCI à l'amont de la confluence avec le Barrarecciu,Rivière de Favone,41.775683,9.382414,2014-05-27,1a,1
Y9610002,La Favone sur la piste DFCI à l'amont de la confluence avec le Barrarecciu,Rivière de Favone,41.775683,9.382414,2014-06-25,1,1
Y9610002,La Favone sur la piste DFCI à l'amont de la confluence avec le Barrarecciu,Rivière de Favone,41.775683,9.382414,2014-07-24,1a,1
Y9610002,La Favone sur la piste DFCI à l'amont de la confluence avec le Barrarecciu,Rivière de Favone,41.775683,9.382414,2014-08-25,1f,1
Y9610002,La Favone sur la piste DFCI à l'amont de la confluence avec le Barrarecciu,Rivière de Favone,41.775683,9.382414,2014-09-26,3,0
Y9610002,La Favone sur la piste DFCI à l'amont de la confluence avec le Barrarecciu,Rivière de Favone,41.775683,9.382414,2014-10-24,3,0
Y9610002,La Favone sur la piste DFCI à l'amont de la confluence avec le Barrarecciu,Rivière de Favone,41.775683,9.382414,2015-05-26,1a,1
Y9610002,La Favone sur la piste DFCI à l'amont de la confluence avec le Barrarecciu,Rivière de Favone,41.775683,9.382414,2015-06-25,1f,1
Y9610002,La Favone sur la piste DFCI à l'amont de la confluence avec le Barrarecciu,Rivière de Favone,41.775683,9.382414,2015-07-22,3,0
Y9610002,La Favone sur la piste DFCI à l'amont de la confluence avec le Barrarecciu,Rivière de Favone,41.775683,9.382414,2015-08-27,3,0
Y9610002,La Favone sur la piste DFCI à l'amont de la confluence avec le Barrarecciu,Rivière de Favone,41.775683,9.382414,2015-09-22,3,0
Y9610002,La Favone sur la piste DFCI à l'amont de la confluence avec le Barrarecciu,Rivière de Favone,41.775683,9.382414,2016-05-18,1,1
Y9610002,La Favone sur la piste DFCI à l'amont de la confluence avec le Barrarecciu,Rivière de Favone,41.775683,9.382414,2016-06-27,3,0
Y9610002,La Favone sur la piste DFCI à l'amont de la confluence avec le Barrarecciu,Rivière de Favone,41.775683,9.382414,2016-07-21,3,0
Y9610002,La Favone sur la piste DFCI à l'amont de la confluence avec le Barrarecciu,Rivière de Favone,41.775683,9.382414,2016-08-22,3,0
Y9610002,La Favone sur la piste DFCI à l'amont de la confluence avec le Barrarecciu,Rivière de Favone,41.775683,9.382414,2016-09-21,1,1
Y9610002,La Favone sur la piste DFCI à l'amont de la confluence avec le Barrarecciu,Rivière de Favone,41.775683,9.382414,2017-05-22,1,1
Y9610002,La Favone sur la piste DFCI à l'amont de la confluence avec le Barrarecciu,Rivière de Favone,41.775683,9.382414,2017-06-23,3,0
Y9610002,La Favone sur la piste DFCI à l'amont de la confluence avec le Barrarecciu,Rivière de Favone,41.775683,9.382414,2017-07-23,3,0
Y9610002,La Favone sur la piste DFCI à l'amont de la confluence avec le Barrarecciu,Rivière de Favone,41.775683,9.382414,2017-08-07,3,0
Y9610002,La Favone sur la piste DFCI à l'amont de la confluence avec le Barrarecciu,Rivière de Favone,41.775683,9.382414,2017-08-21,3,0
Y9610002,La Favone sur la piste DFCI à l'amont de la confluence avec le Barrarecciu,Rivière de Favone,41.775683,9.382414,2017-09-04,3,0
Y9610002,La Favone sur la piste DFCI à l'amont de la confluence avec le Barrarecciu,Rivière de Favone,41.775683,9.382414,2017-09-18,3,0
Y9610002,La Favone sur la piste DFCI à l'amont de la confluence avec le Barrarecciu,Rivière de Favone,41.775683,9.382414,2017-09-29,2,0
Y9610002,La Favone sur la piste DFCI à l'amont de la confluence avec le Barrarecciu,Rivière de Favone,41.775683,9.382414,2018-05-28,1,1
Y9610002,La Favone sur la piste DFCI à l'amont de la confluence avec le Barrarecciu,Rivière de Favone,41.775683,9.382414,2018-06-19,1,1
Y9610002,La Favone sur la piste DFCI à l'amont de la confluence avec le Barrarecciu,Rivière de Favone,41.775683,9.382414,2018-07-25,3,0
Y9610002,La Favone sur la piste DFCI à l'amont de la confluence avec le Barrarecciu,Rivière de Favone,41.775683,9.382414,2018-08-23,1,1
Y9610002,La Favone sur la piste DFCI à l'amont de la confluence avec le Barrarecciu,Rivière de Favone,41.775683,9.382414,2018-09-24,2,0
Y9610002,La Favone sur la piste DFCI à l'amont de la confluence avec le Barrarecciu,Rivière de Favone,41.775683,9.382414,2018-10-25,1,1
Y9610002,La Favone sur la piste DFCI à l'amont de la confluence avec le Barrarecciu,Rivière de Favone,41.775683,9.382414,2019-04-02,1,1
Y9610002,La Favone sur la piste DFCI à l'amont de la confluence avec le Barrarecciu,Rivière de Favone,41.775683,9.382414,2019-04-24,1,1
Y9610002,La Favone sur la piste DFCI à l'amont de la confluence avec le Barrarecciu,Rivière de Favone,41.775683,9.382414,2019-05-27,1,1
Y9610002,La Favone sur la piste DFCI à l'amont de la confluence avec le Barrarecciu,Rivière de Favone,41.775683,9.382414,2019-06-20,3,0
Y9610002,La Favone sur la piste DFCI à l'amont de la confluence avec le Barrarecciu,Rivière de Favone,41.775683,9.382414,2019-07-24,3,0
Y9610002,La Favone sur la piste DFCI à l'amont de la confluence avec le Barrarecciu,Rivière de Favone,41.775683,9.382414,2019-08-27,1,1
Y9610002,La Favone sur la piste DFCI à l'amont de la confluence avec le Barrarecciu,Rivière de Favone,41.775683,9.382414,2019-09-25,1,1
Y9610002,La Favone sur la piste DFCI à l'amont de la confluence avec le Barrarecciu,Rivière de Favone,41.775683,9.382414,2019-10-28,2,0
Y9610002,La Favone sur la piste DFCI à l'amont de la confluence avec le Barrarecciu,Rivière de Favone,41.775683,9.382414,2020-05-26,1,1
Y9610002,La Favone sur la piste DFCI à l'amont de la confluence avec le Barrarecciu,Rivière de Favone,41.775683,9.382414,2020-06-25,3,0
Y9610002,La Favone sur la piste DFCI à l'amont de la confluence avec le Barrarecciu,Rivière de Favone,41.775683,9.382414,2020-07-24,3,0
Y9610002,La Favone sur la piste DFCI à l'amont de la confluence avec le Barrarecciu,Rivière de Favone,41.775683,9.382414,2020-08-25,3,0
Y9610002,La Favone sur la piste DFCI à l'amont de la confluence avec le Barrarecciu,Rivière de Favone,41.775683,9.382414,2020-09-29,2,0
Y9610002,La Favone sur la piste DFCI à l'amont de la confluence avec le Barrarecciu,Rivière de Favone,41.775683,9.382414,2021-05-25,1,1
Y9610002,La Favone sur la piste DFCI à l'amont de la confluence avec le Barrarecciu,Rivière de Favone,41.775683,9.382414,2021-06-25,1f,1
Y9610002,La Favone sur la piste DFCI à l'amont de la confluence avec le Barrarecciu,Rivière de Favone,41.775683,9.382414,2021-07-26,3,0
Y9610002,La Favone sur la piste DFCI à l'amont de la confluence avec le Barrarecciu,Rivière de Favone,41.775683,9.382414,2021-08-25,3,0
Y9610002,La Favone sur la piste DFCI à l'amont de la confluence avec le Barrarecciu,Rivière de Favone,41.775683,9.382414,2021-09-27,1f,1
Y9610002,La Favone sur la piste DFCI à l'amont de la confluence avec le Barrarecciu,Rivière de Favone,41.775683,9.382414,2022-04-16,1,1
Y9610002,La Favone sur la piste DFCI à l'amont de la confluence avec le Barrarecciu,Rivière de Favone,41.775683,9.382414,2022-05-23,1,1
Y9610002,La Favone sur la piste DFCI à l'amont de la confluence avec le Barrarecciu,Rivière de Favone,41.775683,9.382414,2022-06-22,3,0
Y9610002,La Favone sur la piste DFCI à l'amont de la confluence avec le Barrarecciu,Rivière de Favone,41.775683,9.382414,2022-07-13,3,0
Y9610002,La Favone sur la piste DFCI à l'amont de la confluence avec le Barrarecciu,Rivière de Favone,41.775683,9.382414,2022-07-25,3,0
Y9610002,La Favone sur la piste DFCI à l'amont de la confluence avec le Barrarecciu,Rivière de Favone,41.775683,9.382414,2022-08-09,3,0
Y9610002,La Favone sur la piste DFCI à l'amont de la confluence avec le Barrarecciu,Rivière de Favone,41.775683,9.382414,2022-08-22,3,0
Y9610002,La Favone sur la piste DFCI à l'amont de la confluence avec le Barrarecciu,Rivière de Favone,41.775683,9.382414,2022-09-07,3,0
Y9610002,La Favone sur la piste DFCI à l'amont de la confluence avec le Barrarecciu,Rivière de Favone,41.775683,9.382414,2022-09-22,3,0
Y9610002,La Favone sur la piste DFCI à l'amont de la confluence avec le Barrarecciu,Rivière de Favone,41.775683,9.382414,2022-10-05,3,0
Y9610002,La Favone sur la piste DFCI à l'amont de la confluence avec le Barrarecciu,Rivière de Favone,41.775683,9.382414,2022-10-31,3,0
Y9610002,La Favone sur la piste DFCI à l'amont de la confluence avec le Barrarecciu,Rivière de Favone,41.775683,9.382414,2022-11-17,1,1
Y9610002,La Favone sur la piste DFCI à l'amont de la confluence avec le Barrarecciu,Rivière de Favone,41.775683,9.382414,2023-03-28,1,1
Y9610002,La Favone sur la piste DFCI à l'amont de la confluence avec le Barrarecciu,Rivière de Favone,41.775683,9.382414,2023-04-24,1,1
Y9610002,La Favone sur la piste DFCI à l'amont de la confluence avec le Barrarecciu,Rivière de Favone,41.775683,9.382414,2023-05-22,1,1
Y9610002,La Favone sur la piste DFCI à l'amont de la confluence avec le Barrarecciu,Rivière de Favone,41.775683,9.382414,2023-06-28,1,1
Y9610002,La Favone sur la piste DFCI à l'amont de la confluence avec le Barrarecciu,Rivière de Favone,41.775683,9.382414,2023-07-26,3,0
Y9610002,La Favone sur la piste DFCI à l'amont de la confluence avec le Barrarecciu,Rivière de Favone,41.775683,9.382414,2023-08-09,3,0
Y9610002,La Favone sur la piste DFCI à l'amont de la confluence avec le Barrarecciu,Rivière de Favone,41.775683,9.382414,2023-08-27,3,0
Y9610002,La Favone sur la piste DFCI à l'amont de la confluence avec le Barrarecciu,Rivière de Favone,41.775683,9.382414,2023-09-25,3,0
Y9610002,La Favone sur la piste DFCI à l'amont de la confluence avec le Barrarecciu,Rivière de Favone,41.775683,9.382414,2023-10-30,3,0
Y9610002,La Favone sur la piste DFCI à l'amont de la confluence avec le Barrarecciu,Rivière de Favone,41.775683,9.382414,2024-03-07,1,1
Y9610002,La Favone sur la piste DFCI à l'amont de la confluence avec le Barrarecciu,Rivière de Favone,41.775683,9.382414,2024-04-30,2,0
Y9610002,La Favone sur la piste DFCI à l'amont de la confluence avec le Barrarecciu,Rivière de Favone,41.775683,9.382414,2024-05-21,2,0
Y9610002,La Favone sur la piste DFCI à l'amont de la confluence avec le Barrarecciu,Rivière de Favone,41.775683,9.382414,2024-06-24,1,1
Y9610002,La Favone sur la piste DFCI à l'amont de la confluence avec le Barrarecciu,Rivière de Favone,41.775683,9.382414,2024-07-22,3,0
Y9610002,La Favone sur la piste DFCI à l'amont de la confluence avec le Barrarecciu,Rivière de Favone,41.775683,9.382414,2024-08-19,3,0
Y9610002,La Favone sur la piste DFCI à l'amont de la confluence avec le Barrarecciu,Rivière de Favone,41.775683,9.382414,2024-09-24,1a,1
Y9610002,La Favone sur la piste DFCI à l'amont de la confluence avec le Barrarecciu,Rivière de Favone,41.775683,9.382414,2025-04-26,1,1
Y9610002,La Favone sur la piste DFCI à l'amont de la confluence avec le Barrarecciu,Rivière de Favone,41.775683,9.382414,2025-05-27,1,1
Y9610002,La Favone sur la piste DFCI à l'amont de la confluence avec le Barrarecciu,Rivière de Favone,41.775683,9.382414,2025-06-25,1f,1
Y9610002,La Favone sur la piste DFCI à l'amont de la confluence avec le Barrarecciu,Rivière de Favone,41.775683,9.382414,2025-07-23,3,0
Y9610002,La Favone sur la piste DFCI à l'amont de la confluence avec le Barrarecciu,Rivière de Favone,41.775683,9.382414,2025-08-25,3,0
Y9610002,La Favone sur la piste DFCI à l'amont de la confluence avec le Barrarecciu,Rivière de Favone,41.775683,9.382414,2025-09-23,3,0
Y9610002,La Favone sur la piste DFCI à l'amont de la confluence avec le Barrarecciu,Rivière de Favone,41.775683,9.382414,2025-10-24,1f,1
Y9610002,La Favone sur la piste DFCI à l'amont de la confluence avec le Barrarecciu,Rivière de Favone,41.775683,9.382414,2026-05-26,1a,1
Y9610002,La Favone sur la piste DFCI à l'amont de la confluence avec le Barrarecciu,Rivière de Favone,41.775683,9.382414,2026-06-25,3,0
Y9610002,La Favone sur la piste DFCI à l'amont de la confluence avec le Barrarecciu,Rivière de Favone,41.775683,9.382414,2026-07-27,3,0
Y9610002,La Favone sur la piste DFCI à l'amont de la confluence avec le Barrarecciu,Rivière de Favone,41.775683,9.382414,2026-08-24,3,0
Y9610002,La Favone sur la piste DFCI à l'amont de la confluence avec le Barrarecciu,Rivière de Favone,41.775683,9.382414,2026-09-28,3,0
Y9700001,Le Cavu au pont de Purcilella,Rivière u Cavu,41.706142,9.333879,2012-05-25,1a,1
Y9700001,Le Cavu au pont de Purcilella,Rivière u Cavu,41.706142,9.333879,2012-06-25,1f,1
Y9700001,Le Cavu au pont de Purcilella,Rivière u Cavu,41.706142,9.333879,2012-07-25,1f,1
Y9700001,Le Cavu au pont de Purcilella,Rivière u Cavu,41.706142,9.333879,2012-08-23,2,0
Y9700001,Le Cavu au pont de Purcilella,Rivière u Cavu,41.706142,9.333879,2012-09-25,1a,1
Y9700001,Le Cavu au pont de Purcilella,Rivière u Cavu,41.706142,9.333879,2013-05-23,1a,1
Y9700001,Le Cavu au pont de Purcilella,Rivière u Cavu,41.706142,9.333879,2013-06-25,1a,1
Y9700001,Le Cavu au pont de Purcilella,Rivière u Cavu,41.706142,9.333879,2013-07-25,1a,1
Y9700001,Le Cavu au pont de Purcilella,Rivière u Cavu,41.706142,9.333879,2013-08-23,1f,1
Y9700001,Le Cavu au pont de Purcilella,Rivière u Cavu,41.706142,9.333879,2014-05-27,1a,1
Y9700001,Le Cavu au pont de Purcilella,Rivière u Cavu,41.706142,9.333879,2014-06-25,1,1
Y9700001,Le Cavu au pont de Purcilella,Rivière u Cavu,41.706142,9.333879,2014-07-24,1a,1
Y9700001,Le Cavu au pont de Purcilella,Rivière u Cavu,41.706142,9.333879,2014-08-25,1f,1
Y9700001,Le Cavu au pont de Purcilella,Rivière u Cavu,41.706142,9.333879,2014-09-26,1f,1
Y9700001,Le Cavu au pont de Purcilella,Rivière u Cavu,41.706142,9.333879,2014-10-24,1a,1
Y9700001,Le Cavu au pont de Purcilella,Rivière u Cavu,41.706142,9.333879,2015-05-26,1a,1
Y9700001,Le Cavu au pont de Purcilella,Rivière u Cavu,41.706142,9.333879,2015-06-25,1f,1
Y9700001,Le Cavu au pont de Purcilella,Rivière u Cavu,41.706142,9.333879,2015-07-22,2,0
Y9700001,Le Cavu au pont de Purcilella,Rivière u Cavu,41.706142,9.333879,2015-08-27,1f,1
Y9700001,Le Cavu au pont de Purcilella,Rivière u Cavu,41.706142,9.333879,2015-09-22,2,0
Y9700001,Le Cavu au pont de Purcilella,Rivière u Cavu,41.706142,9.333879,2016-05-03,1,1
Y9700001,Le Cavu au pont de Purcilella,Rivière u Cavu,41.706142,9.333879,2016-05-18,1,1
Y9700001,Le Cavu au pont de Purcilella,Rivière u Cavu,41.706142,9.333879,2016-06-07,1,1
Y9700001,Le Cavu au pont de Purcilella,Rivière u Cavu,41.706142,9.333879,2016-06-27,1,1
Y9700001,Le Cavu au pont de Purcilella,Rivière u Cavu,41.706142,9.333879,2016-07-21,1,1
Y9700001,Le Cavu au pont de Purcilella,Rivière u Cavu,41.706142,9.333879,2016-08-22,1,1
Y9700001,Le Cavu au pont de Purcilella,Rivière u Cavu,41.706142,9.333879,2016-09-21,1,1
Y9700001,Le Cavu au pont de Purcilella,Rivière u Cavu,41.706142,9.333879,2017-05-22,1,1
Y9700001,Le Cavu au pont de Purcilella,Rivière u Cavu,41.706142,9.333879,2017-06-23,1,1
Y9700001,Le Cavu au pont de Purcilella,Rivière u Cavu,41.706142,9.333879,2017-07-23,1,1
Y9700001,Le Cavu au pont de Purcilella,Rivière u Cavu,41.706142,9.333879,2017-08-07,1,1
Y9700001,Le Cavu au pont de Purcilella,Rivière u Cavu,41.706142,9.333879,2017-08-21,1,1
Y9700001,Le Cavu au pont de Purcilella,Rivière u Cavu,41.706142,9.333879,2017-09-04,1,1
Y9700001,Le Cavu au pont de Purcilella,Rivière u Cavu,41.706142,9.333879,2017-09-18,1,1
Y9700001,Le Cavu au pont de Purcilella,Rivière u Cavu,41.706142,9.333879,2017-09-29,1,1
Y9700001,Le Cavu au pont de Purcilella,Rivière u Cavu,41.706142,9.333879,2018-05-28,1,1
Y9700001,Le Cavu au pont de Purcilella,Rivière u Cavu,41.706142,9.333879,2018-06-19,1,1
Y9700001,Le Cavu au pont de Purcilella,Rivière u Cavu,41.706142,9.333879,2018-07-25,1,1
Y9700001,Le Cavu au pont de Purcilella,Rivière u Cavu,41.706142,9.333879,2018-08-23,1,1
Y9700001,Le Cavu au pont de Purcilella,Rivière u Cavu,41.706142,9.333879,2018-09-24,1,1
Y9700001,Le Cavu au pont de Purcilella,Rivière u Cavu,41.706142,9.333879,2018-10-25,1,1
Y9700001,Le Cavu au pont de Purcilella,Rivière u Cavu,41.706142,9.333879,2019-04-02,1,1
Y9700001,Le Cavu au pont de Purcilella,Rivière u Cavu,41.706142,9.333879,2019-04-24,1,1
Y9700001,Le Cavu au pont de Purcilella,Rivière u Cavu,41.706142,9.333879,2019-05-27,1,1
Y9700001,Le Cavu au pont de Purcilella,Rivière u Cavu,41.706142,9.333879,2019-06-20,1,1
Y9700001,Le Cavu au pont de Purcilella,Rivière u Cavu,41.706142,9.333879,2019-07-24,1,1
Y9700001,Le Cavu au pont de Purcilella,Rivière u Cavu,41.706142,9.333879,2019-08-27,1,1
Y9700001,Le Cavu au pont de Purcilella,Rivière u Cavu,41.706142,9.333879,2019-09-25,1,1
Y9700001,Le Cavu au pont de Purcilella,Rivière u Cavu,41.706142,9.333879,2019-10-28,1,1
Y9700001,Le Cavu au pont de Purcilella,Rivière u Cavu,41.706142,9.333879,2020-05-26,1,1
Y9700001,Le Cavu au pont de Purcilella,Rivière u Cavu,41.706142,9.333879,2020-06-25,1a,1
Y9700001,Le Cavu au pont de Purcilella,Rivière u Cavu,41.706142,9.333879,2020-07-24,1,1
Y9700001,Le Cavu au pont de Purcilella,Rivière u Cavu,41.706142,9.333879,2020-08-25,1,1
Y9700001,Le Cavu au pont de Purcilella,Rivière u Cavu,41.706142,9.333879,2020-09-29,1,1
Y9700001,Le Cavu au pont de Purcilella,Rivière u Cavu,41.706142,9.333879,2021-05-25,1,1
Y9700001,Le Cavu au pont de Purcilella,Rivière u Cavu,41.706142,9.333879,2021-06-25,1a,1
Y9700001,Le Cavu au pont de Purcilella,Rivière u Cavu,41.706142,9.333879,2021-07-26,1a,1
Y9700001,Le Cavu au pont de Purcilella,Rivière u Cavu,41.706142,9.333879,2021-08-25,1a,1
Y9700001,Le Cavu au pont de Purcilella,Rivière u Cavu,41.706142,9.333879,2021-09-27,1a,1
Y9700001,Le Cavu au pont de Purcilella,Rivière u Cavu,41.706142,9.333879,2022-04-16,1,1
Y9700001,Le Cavu au pont de Purcilella,Rivière u Cavu,41.706142,9.333879,2022-05-23,1,1
Y9700001,Le Cavu au pont de Purcilella,Rivière u Cavu,41.706142,9.333879,2022-06-22,1,1
Y9700001,Le Cavu au pont de Purcilella,Rivière u Cavu,41.706142,9.333879,2022-07-13,1,1
Y9700001,Le Cavu au pont de Purcilella,Rivière u Cavu,41.706142,9.333879,2022-07-25,1,1
Y9700001,Le Cavu au pont de Purcilella,Rivière u Cavu,41.706142,9.333879,2022-08-09,1,1
Y9700001,Le Cavu au pont de Purcilella,Rivière u Cavu,41.706142,9.333879,2022-08-22,1,1
Y9700001,Le Cavu au pont de Purcilella,Rivière u Cavu,41.706142,9.333879,2022-09-07,1,1
Y9700001,Le Cavu au pont de Purcilella,Rivière u Cavu,41.706142,9.333879,2022-09-22,1,1
Y9700001,Le Cavu au pont de Purcilella,Rivière u Cavu,41.706142,9.333879,2022-10-05,1,1
Y9700001,Le Cavu au pont de Purcilella,Rivière u Cavu,41.706142,9.333879,2022-10-31,1,1
Y9700001,Le Cavu au pont de Purcilella,Rivière u Cavu,41.706142,9.333879,2022-11-17,1,1
Y9700001,Le Cavu au pont de Purcilella,Rivière u Cavu,41.706142,9.333879,2023-03-28,1,1
Y9700001,Le Cavu au pont de Purcilella,Rivière u Cavu,41.706142,9.333879,2023-04-24,1,1
Y9700001,Le Cavu au pont de Purcilella,Rivière u Cavu,41.706142,9.333879,2023-05-22,1,1
Y9700001,Le Cavu au pont de Purcilella,Rivière u Cavu,41.706142,9.333879,2023-06-28,1,1
Y9700001,Le Cavu au pont de Purcilella,Rivière u Cavu,41.706142,9.333879,2023-07-26,1,1
Y9700001,Le Cavu au pont de Purcilella,Rivière u Cavu,41.706142,9.333879,2023-08-09,1,1
Y9700001,Le Cavu au pont de Purcilella,Rivière u Cavu,41.706142,9.333879,2023-08-27,1,1
Y9700001,Le Cavu au pont de Purcilella,Rivière u Cavu,41.706142,9.333879,2023-09-25,1,1
Y9700001,Le Cavu au pont de Purcilella,Rivière u Cavu,41.706142,9.333879,2023-10-30,1,1
Y9700001,Le Cavu au pont de Purcilella,Rivière u Cavu,41.706142,9.333879,2024-03-07,1,1
Y9700001,Le Cavu au pont de Purcilella,Rivière u Cavu,41.706142,9.333879,2024-04-30,1,1
Y9700001,Le Cavu au pont de Purcilella,Rivière u Cavu,41.706142,9.333879,2024-05-21,1,1
Y9700001,Le Cavu au pont de Purcilella,Rivière u Cavu,41.706142,9.333879,2024-06-24,1,1
Y9700001,Le Cavu au pont de Purcilella,Rivière u Cavu,41.706142,9.333879,2024-07-22,1,1
Y9700001,Le Cavu au pont de Purcilella,Rivière u Cavu,41.706142,9.333879,2024-08-19,1,1
Y9700001,Le Cavu au pont de Purcilella,Rivière u Cavu,41.706142,9.333879,2024-09-24,1a,1
Y9700001,Le Cavu au pont de Purcilella,Rivière u Cavu,41.706142,9.333879,2025-04-26,1,1
Y9700001,Le Cavu au pont de Purcilella,Rivière u Cavu,41.706142,9.333879,2025-05-27,1,1
Y9700001,Le Cavu au pont de Purcilella,Rivière u Cavu,41.706142,9.333879,2025-06-25,1a,1
Y9700001,Le Cavu au pont de Purcilella,Rivière u Cavu,41.706142,9.333879,2025-07-23,1f,1
Y9700001,Le Cavu au pont de Purcilella,Rivière u Cavu,41.706142,9.333879,2025-08-25,1f,1
Y9700001,Le Cavu au pont de Purcilella,Rivière u Cavu,41.706142,9.333879,2025-09-23,1f,1
Y9700001,Le Cavu au pont de Purcilella,Rivière u Cavu,41.706142,9.333879,2025-10-24,1a,1
Y9700001,Le Cavu au pont de Purcilella,Rivière u Cavu,41.706142,9.333879,2026-05-26,1a,1
Y9700001,Le Cavu au pont de Purcilella,Rivière u Cavu,41.706142,9.333879,2026-06-25,1a,1
Y9700001,Le Cavu au pont de Purcilella,Rivière u Cavu,41.706142,9.333879,2026-07-27,1f,1
Y9700001,Le Cavu au pont de Purcilella,Rivière u Cavu,41.706142,9.333879,2026-08-24,1f,1
Y9700001,Le Cavu au pont de Purcilella,Rivière u Cavu,41.706142,9.333879,2026-09-28,1f,1
Y9710001,L'Osu au pont de l'ancienne voie ferrée,L'Osu,41.67073,9.300174,2012-05-25,1a,1
Y9710001,L'Osu au pont de l'ancienne voie ferrée,L'Osu,41.67073,9.300174,2012-06-25,1f,1
Y9710001,L'Osu au pont de l'ancienne voie ferrée,L'Osu,41.67073,9.300174,2012-07-25,1f,1
Y9710001,L'Osu au pont de l'ancienne voie ferrée,L'Osu,41.67073,9.300174,2012-08-23,1f,1
Y9710001,L'Osu au pont de l'ancienne voie ferrée,L'Osu,41.67073,9.300174,2012-09-25,1a,1
Y9710001,L'Osu au pont de l'ancienne voie ferrée,L'Osu,41.67073,9.300174,2013-05-23,1a,1
Y9710001,L'Osu au pont de l'ancienne voie ferrée,L'Osu,41.67073,9.300174,2013-06-25,1a,1
Y9710001,L'Osu au pont de l'ancienne voie ferrée,L'Osu,41.67073,9.300174,2013-07-25,1a,1
Y9710001,L'Osu au pont de l'ancienne voie ferrée,L'Osu,41.67073,9.300174,2013-08-23,1f,1
Y9710001,L'Osu au pont de l'ancienne voie ferrée,L'Osu,41.67073,9.300174,2014-05-27,1a,1
Y9710001,L'Osu au pont de l'ancienne voie ferrée,L'Osu,41.67073,9.300174,2014-06-25,1,1
Y9710001,L'Osu au pont de l'ancienne voie ferrée,L'Osu,41.67073,9.300174,2014-07-24,1a,1
Y9710001,L'Osu au pont de l'ancienne voie ferrée,L'Osu,41.67073,9.300174,2014-08-25,1f,1
Y9710001,L'Osu au pont de l'ancienne voie ferrée,L'Osu,41.67073,9.300174,2014-09-26,1f,1
Y9710001,L'Osu au pont de l'ancienne voie ferrée,L'Osu,41.67073,9.300174,2014-10-24,1f,1
Y9710001,L'Osu au pont de l'ancienne voie ferrée,L'Osu,41.67073,9.300174,2015-05-26,1a,1
Y9710001,L'Osu au pont de l'ancienne voie ferrée,L'Osu,41.67073,9.300174,2015-06-25,1f,1
Y9710001,L'Osu au pont de l'ancienne voie ferrée,L'Osu,41.67073,9.300174,2015-07-22,2,0
Y9710001,L'Osu au pont de l'ancienne voie ferrée,L'Osu,41.67073,9.300174,2015-08-27,1f,1
Y9710001,L'Osu au pont de l'ancienne voie ferrée,L'Osu,41.67073,9.300174,2015-09-22,1f,1
Y9710001,L'Osu au pont de l'ancienne voie ferrée,L'Osu,41.67073,9.300174,2016-05-03,1,1
Y9710001,L'Osu au pont de l'ancienne voie ferrée,L'Osu,41.67073,9.300174,2016-05-18,1,1
Y9710001,L'Osu au pont de l'ancienne voie ferrée,L'Osu,41.67073,9.300174,2016-06-07,1,1
Y9710001,L'Osu au pont de l'ancienne voie ferrée,L'Osu,41.67073,9.300174,2016-06-27,1,1
Y9710001,L'Osu au pont de l'ancienne voie ferrée,L'Osu,41.67073,9.300174,2016-07-21,1,1
Y9710001,L'Osu au pont de l'ancienne voie ferrée,L'Osu,41.67073,9.300174,2016-08-22,1,1
Y9710001,L'Osu au pont de l'ancienne voie ferrée,L'Osu,41.67073,9.300174,2016-09-21,1,1
Y9710001,L'Osu au pont de l'ancienne voie ferrée,L'Osu,41.67073,9.300174,2017-05-22,1,1
Y9710001,L'Osu au pont de l'ancienne voie ferrée,L'Osu,41.67073,9.300174,2017-06-23,1,1
Y9710001,L'Osu au pont de l'ancienne voie ferrée,L'Osu,41.67073,9.300174,2017-07-23,1,1
Y9710001,L'Osu au pont de l'ancienne voie ferrée,L'Osu,41.67073,9.300174,2017-08-07,1,1
Y9710001,L'Osu au pont de l'ancienne voie ferrée,L'Osu,41.67073,9.300174,2017-08-21,1,1
Y9710001,L'Osu au pont de l'ancienne voie ferrée,L'Osu,41.67073,9.300174,2017-09-04,1,1
Y9710001,L'Osu au pont de l'ancienne voie ferrée,L'Osu,41.67073,9.300174,2017-09-18,1,1
Y9710001,L'Osu au pont de l'ancienne voie ferrée,L'Osu,41.67073,9.300174,2017-09-29,1,1
Y9710001,L'Osu au pont de l'ancienne voie ferrée,L'Osu,41.67073,9.300174,2018-05-28,1,1
Y9710001,L'Osu au pont de l'ancienne voie ferrée,L'Osu,41.67073,9.300174,2018-06-19,1,1
Y9710001,L'Osu au pont de l'ancienne voie ferrée,L'Osu,41.67073,9.300174,2018-07-25,1,1
Y9710001,L'Osu au pont de l'ancienne voie ferrée,L'Osu,41.67073,9.300174,2018-08-23,1,1
Y9710001,L'Osu au pont de l'ancienne voie ferrée,L'Osu,41.67073,9.300174,2018-09-24,1,1
Y9710001,L'Osu au pont de l'ancienne voie ferrée,L'Osu,41.67073,9.300174,2018-10-25,1,1
Y9710001,L'Osu au pont de l'ancienne voie ferrée,L'Osu,41.67073,9.300174,2019-04-02,1,1
Y9710001,L'Osu au pont de l'ancienne voie ferrée,L'Osu,41.67073,9.300174,2019-04-24,1,1
Y9710001,L'Osu au pont de l'ancienne voie ferrée,L'Osu,41.67073,9.300174,2019-05-27,1,1
Y9710001,L'Osu au pont de l'ancienne voie ferrée,L'Osu,41.67073,9.300174,2019-06-20,1,1
Y9710001,L'Osu au pont de l'ancienne voie ferrée,L'Osu,41.67073,9.300174,2019-07-24,1,1
Y9710001,L'Osu au pont de l'ancienne voie ferrée,L'Osu,41.67073,9.300174,2019-08-27,1,1
Y9710001,L'Osu au pont de l'ancienne voie ferrée,L'Osu,41.67073,9.300174,2019-09-25,1,1
Y9710001,L'Osu au pont de l'ancienne voie ferrée,L'Osu,41.67073,9.300174,2019-10-28,1,1
Y9710001,L'Osu au pont de l'ancienne voie ferrée,L'Osu,41.67073,9.300174,2020-05-26,1,1
Y9710001,L'Osu au pont de l'ancienne voie ferrée,L'Osu,41.67073,9.300174,2020-06-25,1a,1
Y9710001,L'Osu au pont de l'ancienne voie ferrée,L'Osu,41.67073,9.300174,2020-07-24,1,1
Y9710001,L'Osu au pont de l'ancienne voie ferrée,L'Osu,41.67073,9.300174,2020-08-25,1,1
Y9710001,L'Osu au pont de l'ancienne voie ferrée,L'Osu,41.67073,9.300174,2020-09-29,1,1
Y9710001,L'Osu au pont de l'ancienne voie ferrée,L'Osu,41.67073,9.300174,2021-05-25,1,1
Y9710001,L'Osu au pont de l'ancienne voie ferrée,L'Osu,41.67073,9.300174,2021-06-25,1a,1
Y9710001,L'Osu au pont de l'ancienne voie ferrée,L'Osu,41.67073,9.300174,2021-07-26,1f,1
Y9710001,L'Osu au pont de l'ancienne voie ferrée,L'Osu,41.67073,9.300174,2021-08-25,1a,1
Y9710001,L'Osu au pont de l'ancienne voie ferrée,L'Osu,41.67073,9.300174,2021-09-27,1a,1
Y9710001,L'Osu au pont de l'ancienne voie ferrée,L'Osu,41.67073,9.300174,2022-04-16,1,1
Y9710001,L'Osu au pont de l'ancienne voie ferrée,L'Osu,41.67073,9.300174,2022-05-23,1,1
Y9710001,L'Osu au pont de l'ancienne voie ferrée,L'Osu,41.67073,9.300174,2022-06-22,1,1
Y9710001,L'Osu au pont de l'ancienne voie ferrée,L'Osu,41.67073,9.300174,2022-07-13,1,1
Y9710001,L'Osu au pont de l'ancienne voie ferrée,L'Osu,41.67073,9.300174,2022-07-25,1,1
Y9710001,L'Osu au pont de l'ancienne voie ferrée,L'Osu,41.67073,9.300174,2022-08-09,2,0
Y9710001,L'Osu au pont de l'ancienne voie ferrée,L'Osu,41.67073,9.300174,2022-08-22,1,1
Y9710001,L'Osu au pont de l'ancienne voie ferrée,L'Osu,41.67073,9.300174,2022-09-07,1,1
Y9710001,L'Osu au pont de l'ancienne voie ferrée,L'Osu,41.67073,9.300174,2022-09-22,1,1
Y9710001,L'Osu au pont de l'ancienne voie ferrée,L'Osu,41.67073,9.300174,2022-10-05,1,1
Y9710001,L'Osu au pont de l'ancienne voie ferrée,L'Osu,41.67073,9.300174,2022-10-31,1,1
Y9710001,L'Osu au pont de l'ancienne voie ferrée,L'Osu,41.67073,9.300174,2022-11-17,1,1
Y9710001,L'Osu au pont de l'ancienne voie ferrée,L'Osu,41.67073,9.300174,2023-03-28,1,1
Y9710001,L'Osu au pont de l'ancienne voie ferrée,L'Osu,41.67073,9.300174,2023-04-24,1,1
Y9710001,L'Osu au pont de l'ancienne voie ferrée,L'Osu,41.67073,9.300174,2023-05-22,1,1
Y9710001,L'Osu au pont de l'ancienne voie ferrée,L'Osu,41.67073,9.300174,2023-06-28,1,1
Y9710001,L'Osu au pont de l'ancienne voie ferrée,L'Osu,41.67073,9.300174,2023-07-26,1,1
Y9710001,L'Osu au pont de l'ancienne voie ferrée,L'Osu,41.67073,9.300174,2023-08-09,1,1
Y9710001,L'Osu au pont de l'ancienne voie ferrée,L'Osu,41.67073,9.300174,2023-08-27,1,1
Y9710001,L'Osu au pont de l'ancienne voie ferrée,L'Osu,41.67073,9.300174,2023-09-25,1,1
Y9710001,L'Osu au pont de l'ancienne voie ferrée,L'Osu,41.67073,9.300174,2023-10-30,1,1
Y9710001,L'Osu au pont de l'ancienne voie ferrée,L'Osu,41.67073,9.300174,2024-03-07,1,1
Y9710001,L'Osu au pont de l'ancienne voie ferrée,L'Osu,41.67073,9.300174,2024-04-30,1,1
Y9710001,L'Osu au pont de l'ancienne voie ferrée,L'Osu,41.67073,9.300174,2024-05-21,1,1
Y9710001,L'Osu au pont de l'ancienne voie ferrée,L'Osu,41.67073,9.300174,2024-06-24,1,1
Y9710001,L'Osu au pont de l'ancienne voie ferrée,L'Osu,41.67073,9.300174,2024-07-22,1,1
Y9710001,L'Osu au pont de l'ancienne voie ferrée,L'Osu,41.67073,9.300174,2024-08-19,1,1
Y9710001,L'Osu au pont de l'ancienne voie ferrée,L'Osu,41.67073,9.300174,2024-09-24,1a,1
Y9710001,L'Osu au pont de l'ancienne voie ferrée,L'Osu,41.67073,9.300174,2025-04-26,1,1
Y9710001,L'Osu au pont de l'ancienne voie ferrée,L'Osu,41.67073,9.300174,2025-05-27,1,1
Y9710001,L'Osu au pont de l'ancienne voie ferrée,L'Osu,41.67073,9.300174,2025-06-25,1a,1
Y9710001,L'Osu au pont de l'ancienne voie ferrée,L'Osu,41.67073,9.300174,2025-07-23,1a,1
Y9710001,L'Osu au pont de l'ancienne voie ferrée,L'Osu,41.67073,9.300174,2025-08-25,1f,1
Y9710001,L'Osu au pont de l'ancienne voie ferrée,L'Osu,41.67073,9.300174,2025-09-23,1f,1
Y9710001,L'Osu au pont de l'ancienne voie ferrée,L'Osu,41.67073,9.300174,2025-10-24,1f,1
Y9710001,L'Osu au pont de l'ancienne voie ferrée,L'Osu,41.67073,9.300174,2026-05-26,1a,1
Y9710001,L'Osu au pont de l'ancienne voie ferrée,L'Osu,41.67073,9.300174,2026-06-25,1a,1
Y9710001,L'Osu au pont de l'ancienne voie ferrée,L'Osu,41.67073,9.300174,2026-07-27,1a,1
Y9710001,L'Osu au pont de l'ancienne voie ferrée,L'Osu,41.67073,9.300174,2026-08-24,1f,1
Y9710001,L'Osu au pont de l'ancienne voie ferrée,L'Osu,41.67073,9.300174,2026-09-28,1f,1
Y9800001,L'Orgone au bout de la piste de la carrière,Ruisseau d'Orgone,41.552888,9.153623,2012-05-25,1a,1
Y9800001,L'Orgone au bout de la piste de la carrière,Ruisseau d'Orgone,41.552888,9.153623,2012-06-25,1f,1
Y9800001,L'Orgone au bout de la piste de la carrière,Ruisseau d'Orgone,41.552888,9.153623,2012-07-25,1f,1
Y9800001,L'Orgone au bout de la piste de la carrière,Ruisseau d'Orgone,41.552888,9.153623,2012-08-23,1f,1
Y9800001,L'Orgone au bout de la piste de la carrière,Ruisseau d'Orgone,41.552888,9.153623,2012-09-25,1a,1
Y9800001,L'Orgone au bout de la piste de la carrière,Ruisseau d'Orgone,41.552888,9.153623,2013-05-23,1a,1
Y9800001,L'Orgone au bout de la piste de la carrière,Ruisseau d'Orgone,41.552888,9.153623,2013-06-25,1a,1
Y9800001,L'Orgone au bout de la piste de la carrière,Ruisseau d'Orgone,41.552888,9.153623,2013-07-25,1a,1
Y9800001,L'Orgone au bout de la piste de la carrière,Ruisseau d'Orgone,41.552888,9.153623,2013-08-23,1a,1
Y9800001,L'Orgone au bout de la piste de la carrière,Ruisseau d'Orgone,41.552888,9.153623,2014-05-27,1a,1
Y9800001,L'Orgone au bout de la piste de la carrière,Ruisseau d'Orgone,41.552888,9.153623,2014-06-25,1,1
Y9800001,L'Orgone au bout de la piste de la carrière,Ruisseau d'Orgone,41.552888,9.153623,2014-07-24,1a,1
Y9800001,L'Orgone au bout de la piste de la carrière,Ruisseau d'Orgone,41.552888,9.153623,2014-08-25,1f,1
Y9800001,L'Orgone au bout de la piste de la carrière,Ruisseau d'Orgone,41.552888,9.153623,2014-09-26,1f,1
Y9800001,L'Orgone au bout de la piste de la carrière,Ruisseau d'Orgone,41.552888,9.153623,2014-10-24,3,0
Y9800001,L'Orgone au bout de la piste de la carrière,Ruisseau d'Orgone,41.552888,9.153623,2015-05-26,1f,1
Y9800001,L'Orgone au bout de la piste de la carrière,Ruisseau d'Orgone,41.552888,9.153623,2015-06-25,1f,1
Y9800001,L'Orgone au bout de la piste de la carrière,Ruisseau d'Orgone,41.552888,9.153623,2015-07-22,2,0
Y9800001,L'Orgone au bout de la piste de la carrière,Ruisseau d'Orgone,41.552888,9.153623,2015-08-27,2,0
Y9800001,L'Orgone au bout de la piste de la carrière,Ruisseau d'Orgone,41.552888,9.153623,2015-09-22,2,0
Y9800001,L'Orgone au bout de la piste de la carrière,Ruisseau d'Orgone,41.552888,9.153623,2016-05-03,1,1
Y9800001,L'Orgone au bout de la piste de la carrière,Ruisseau d'Orgone,41.552888,9.153623,2016-05-18,1,1
Y9800001,L'Orgone au bout de la piste de la carrière,Ruisseau d'Orgone,41.552888,9.153623,2016-06-07,1,1
Y9800001,L'Orgone au bout de la piste de la carrière,Ruisseau d'Orgone,41.552888,9.153623,2016-06-27,1,1
Y9800001,L'Orgone au bout de la piste de la carrière,Ruisseau d'Orgone,41.552888,9.153623,2016-07-21,1,1
Y9800001,L'Orgone au bout de la piste de la carrière,Ruisseau d'Orgone,41.552888,9.153623,2016-08-22,1,1
Y9800001,L'Orgone au bout de la piste de la carrière,Ruisseau d'Orgone,41.552888,9.153623,2016-09-21,1,1
Y9800001,L'Orgone au bout de la piste de la carrière,Ruisseau d'Orgone,41.552888,9.153623,2017-05-22,1,1
Y9800001,L'Orgone au bout de la piste de la carrière,Ruisseau d'Orgone,41.552888,9.153623,2017-06-23,1,1
Y9800001,L'Orgone au bout de la piste de la carrière,Ruisseau d'Orgone,41.552888,9.153623,2017-07-23,1,1
Y9800001,L'Orgone au bout de la piste de la carrière,Ruisseau d'Orgone,41.552888,9.153623,2017-08-07,2,0
Y9800001,L'Orgone au bout de la piste de la carrière,Ruisseau d'Orgone,41.552888,9.153623,2017-08-21,2,0
Y9800001,L'Orgone au bout de la piste de la carrière,Ruisseau d'Orgone,41.552888,9.153623,2017-09-04,2,0
Y9800001,L'Orgone au bout de la piste de la carrière,Ruisseau d'Orgone,41.552888,9.153623,2017-09-18,2,0
Y9800001,L'Orgone au bout de la piste de la carrière,Ruisseau d'Orgone,41.552888,9.153623,2017-09-29,1,1
Y9800001,L'Orgone au bout de la piste de la carrière,Ruisseau d'Orgone,41.552888,9.153623,2018-05-28,1,1
Y9800001,L'Orgone au bout de la piste de la carrière,Ruisseau d'Orgone,41.552888,9.153623,2018-06-19,1,1
Y9800001,L'Orgone au bout de la piste de la carrière,Ruisseau d'Orgone,41.552888,9.153623,2018-07-25,2,0
Y9800001,L'Orgone au bout de la piste de la carrière,Ruisseau d'Orgone,41.552888,9.153623,2018-08-23,1,1
Y9800001,L'Orgone au bout de la piste de la carrière,Ruisseau d'Orgone,41.552888,9.153623,2018-09-24,2,0
Y9800001,L'Orgone au bout de la piste de la carrière,Ruisseau d'Orgone,41.552888,9.153623,2018-10-25,1,1
Y9800001,L'Orgone au bout de la piste de la carrière,Ruisseau d'Orgone,41.552888,9.153623,2019-04-02,1,1
Y9800001,L'Orgone au bout de la piste de la carrière,Ruisseau d'Orgone,41.552888,9.153623,2019-04-24,1,1
Y9800001,L'Orgone au bout de la piste de la carrière,Ruisseau d'Orgone,41.552888,9.153623,2019-05-27,1,1
Y9800001,L'Orgone au bout de la piste de la carrière,Ruisseau d'Orgone,41.552888,9.153623,2019-06-20,1,1
Y9800001,L'Orgone au bout de la piste de la carrière,Ruisseau d'Orgone,41.552888,9.153623,2019-07-24,1,1
Y9800001,L'Orgone au bout de la piste de la carrière,Ruisseau d'Orgone,41.552888,9.153623,2019-08-27,1,1
Y9800001,L'Orgone au bout de la piste de la carrière,Ruisseau d'Orgone,41.552888,9.153623,2019-09-25,1,1
Y9800001,L'Orgone au bout de la piste de la carrière,Ruisseau d'Orgone,41.552888,9.153623,2019-10-28,1,1
Y9800001,L'Orgone au bout de la piste de la carrière,Ruisseau d'Orgone,41.552888,9.153623,2020-05-26,1,1
Y9800001,L'Orgone au bout de la piste de la carrière,Ruisseau d'Orgone,41.552888,9.153623,2020-06-25,1a,1
Y9800001,L'Orgone au bout de la piste de la carrière,Ruisseau d'Orgone,41.552888,9.153623,2020-07-24,1,1
Y9800001,L'Orgone au bout de la piste de la carrière,Ruisseau d'Orgone,41.552888,9.153623,2020-08-25,1,1
Y9800001,L'Orgone au bout de la piste de la carrière,Ruisseau d'Orgone,41.552888,9.153623,2020-09-29,1,1
Y9800001,L'Orgone au bout de la piste de la carrière,Ruisseau d'Orgone,41.552888,9.153623,2021-05-25,1,1
Y9800001,L'Orgone au bout de la piste de la carrière,Ruisseau d'Orgone,41.552888,9.153623,2021-06-25,1f,1
Y9800001,L'Orgone au bout de la piste de la carrière,Ruisseau d'Orgone,41.552888,9.153623,2021-07-26,1f,1
Y9800001,L'Orgone au bout de la piste de la carrière,Ruisseau d'Orgone,41.552888,9.153623,2021-08-25,1f,1
Y9800001,L'Orgone au bout de la piste de la carrière,Ruisseau d'Orgone,41.552888,9.153623,2021-09-27,1f,1
Y9800001,L'Orgone au bout de la piste de la carrière,Ruisseau d'Orgone,41.552888,9.153623,2022-04-16,1,1
Y9800001,L'Orgone au bout de la piste de la carrière,Ruisseau d'Orgone,41.552888,9.153623,2022-05-23,1,1
Y9800001,L'Orgone au bout de la piste de la carrière,Ruisseau d'Orgone,41.552888,9.153623,2022-06-22,1,1
Y9800001,L'Orgone au bout de la piste de la carrière,Ruisseau d'Orgone,41.552888,9.153623,2022-07-13,1,1
Y9800001,L'Orgone au bout de la piste de la carrière,Ruisseau d'Orgone,41.552888,9.153623,2022-07-25,1,1
Y9800001,L'Orgone au bout de la piste de la carrière,Ruisseau d'Orgone,41.552888,9.153623,2022-08-09,1,1
Y9800001,L'Orgone au bout de la piste de la carrière,Ruisseau d'Orgone,41.552888,9.153623,2022-08-22,1,1
Y9800001,L'Orgone au bout de la piste de la carrière,Ruisseau d'Orgone,41.552888,9.153623,2022-09-07,1,1
Y9800001,L'Orgone au bout de la piste de la carrière,Ruisseau d'Orgone,41.552888,9.153623,2022-09-22,1,1
Y9800001,L'Orgone au bout de la piste de la carrière,Ruisseau d'Orgone,41.552888,9.153623,2022-10-05,1,1
Y9800001,L'Orgone au bout de la piste de la carrière,Ruisseau d'Orgone,41.552888,9.153623,2022-10-31,1,1
Y9800001,L'Orgone au bout de la piste de la carrière,Ruisseau d'Orgone,41.552888,9.153623,2022-11-17,1,1
Y9800001,L'Orgone au bout de la piste de la carrière,Ruisseau d'Orgone,41.552888,9.153623,2023-03-28,1,1
Y9800001,L'Orgone au bout de la piste de la carrière,Ruisseau d'Orgone,41.552888,9.153623,2023-04-24,1,1
Y9800001,L'Orgone au bout de la piste de la carrière,Ruisseau d'Orgone,41.552888,9.153623,2023-05-22,1,1
Y9800001,L'Orgone au bout de la piste de la carrière,Ruisseau d'Orgone,41.552888,9.153623,2023-06-28,1,1
Y9800001,L'Orgone au bout de la piste de la carrière,Ruisseau d'Orgone,41.552888,9.153623,2023-07-26,1,1
Y9800001,L'Orgone au bout de la piste de la carrière,Ruisseau d'Orgone,41.552888,9.153623,2023-08-09,1,1
Y9800001,L'Orgone au bout de la piste de la carrière,Ruisseau d'Orgone,41.552888,9.153623,2023-08-27,1,1
Y9800001,L'Orgone au bout de la piste de la carrière,Ruisseau d'Orgone,41.552888,9.153623,2023-09-25,1,1
Y9800001,L'Orgone au bout de la piste de la carrière,Ruisseau d'Orgone,41.552888,9.153623,2023-10-30,1,1
Y9800001,L'Orgone au bout de la piste de la carrière,Ruisseau d'Orgone,41.552888,9.153623,2024-03-07,1,1
Y9800001,L'Orgone au bout de la piste de la carrière,Ruisseau d'Orgone,41.552888,9.153623,2024-04-30,1,1
Y9800001,L'Orgone au bout de la piste de la carrière,Ruisseau d'Orgone,41.552888,9.153623,2024-05-21,1,1
Y9800001,L'Orgone au bout de la piste de la carrière,Ruisseau d'Orgone,41.552888,9.153623,2024-06-24,1,1
Y9800001,L'Orgone au bout de la piste de la carrière,Ruisseau d'Orgone,41.552888,9.153623,2024-07-22,1,1
Y9800001,L'Orgone au bout de la piste de la carrière,Ruisseau d'Orgone,41.552888,9.153623,2024-08-19,1,1
Y9800001,L'Orgone au bout de la piste de la carrière,Ruisseau d'Orgone,41.552888,9.153623,2024-09-24,1a,1
Y9800001,L'Orgone au bout de la piste de la carrière,Ruisseau d'Orgone,41.552888,9.153623,2025-04-26,1,1
Y9800001,L'Orgone au bout de la piste de la carrière,Ruisseau d'Orgone,41.552888,9.153623,2025-05-27,1,1
Y9800001,L'Orgone au bout de la piste de la carrière,Ruisseau d'Orgone,41.552888,9.153623,2025-06-25,1f,1
Y9800001,L'Orgone au bout de la piste de la carrière,Ruisseau d'Orgone,41.552888,9.153623,2025-07-23,1f,1
Y9800001,L'Orgone au bout de la piste de la carrière,Ruisseau d'Orgone,41.552888,9.153623,2025-08-25,1f,1
Y9800001,L'Orgone au bout de la piste de la carrière,Ruisseau d'Orgone,41.552888,9.153623,2025-09-23,1f,1
Y9800001,L'Orgone au bout de la piste de la carrière,Ruisseau d'Orgone,41.552888,9.153623,2025-10-24,1f,1
Y9800001,L'Orgone au bout de la piste de la carrière,Ruisseau d'Orgone,41.552888,9.153623,2026-05-26,1a,1
Y9800001,L'Orgone au bout de la piste de la carrière,Ruisseau d'Orgone,41.552888,9.153623,2026-06-25,1f,1
Y9800001,L'Orgone au bout de la piste de la carrière,Ruisseau d'Orgone,41.552888,9.153623,2026-07-27,1f,1
Y9800001,L'Orgone au bout de la piste de la carrière,Ruisseau d'Orgone,41.552888,9.153623,2026-08-24,1f,1
Y9800001,L'Orgone au bout de la piste de la carrière,Ruisseau d'Orgone,41.552888,9.153623,2026-09-28,1f,1
