{
"type": "FeatureCollection",
"osm_base": "2026-10-06T11:05:36Z",
"license": "ODbL 1.0, © OpenStreetMap contributors (https://www.openstreetmap.org/copyright)",
"features": [
{
"type": "Feature",
"geometry": {
"type": "Point",
"coordinates": [
8.8432527,
42.5327334
]
},
"properties": {
"osm_id": "node/10008232720",
"kind": "restaurant",
"name": "Piaghja",
"opening_hours": "Mo-Su 19:30-00:00"
}
},
{
"type": "Feature",
"geometry": {
"type": "Point",
"coordinates": [
8.8104098,
42.550403
]
},
"properties": {
"osm_id": "node/10008244417",
"kind": "restaurant",
"name": "L’auberge du Maquis",
"opening_hours": "24/7"
}
},
{
"type": "Feature",
"geometry": {
"type": "Point",
"coordinates": [
8.7582085,
42.5672377
]
},
"properties": {
"osm_id": "node/10008244517",
"kind": "restaurant",
"name": "A Macagna",
"opening_hours": "Mo-Su 08:00-01:30"
}
},
{
"type": "Feature",
"geometry": {
"type": "Point",
"coordinates": [
9.053164,
42.0816875
]
},
"properties": {
"osm_id": "node/10020421364",
"kind": "restaurant",
"name": "Hôtel Beau Séjour"
}
},
{
"type": "Feature",
"geometry": {
"type": "Point",
"coordinates": [
9.4753964,
42.8886961
]
},
"properties": {
"osm_id": "node/10024699885",
"kind": "restaurant",
"name": "U Capezzu",
"opening_hours": "May 01-Sep 30: Tu-Su 12:00-14:00,19:00-22:00; Oct 1-Apr 30: off"
}
},
{
"type": "Feature",
"geometry": {
"type": "Point",
"coordinates": [
9.1234841,
41.7055368
]
},
"properties": {
"osm_id": "node/10031829300",
"kind": "small shop",
"name": "Proxi",
"opening_hours": "Tu-Sa 08:00-12:00, 15:30-19:00; Su 08:00-12:00"
}
},
{
"type": "Feature",
"geometry": {
"type": "Point",
"coordinates": [
9.3319163,
41.5605541
]
},
"properties": {
"osm_id": "node/10031927217",
"kind": "snack bar",
"name": "U Fu"
}
},
{
"type": "Feature",
"geometry": {
"type": "Point",
"coordinates": [
9.0354686,
42.4551187
]
},
"properties": {
"osm_id": "node/10044481517",
"kind": "restaurant",
"name": "La miellerie d’Asco"
}
},
{
"type": "Feature",
"geometry": {
"type": "Point",
"coordinates": [
8.8257162,
41.9232271
]
},
"properties": {
"osm_id": "node/10049337675",
"kind": "bakery",
"name": ""
}
},
{
"type": "Feature",
"geometry": {
"type": "Point",
"coordinates": [
9.2007723,
41.5444675
]
},
"properties": {
"osm_id": "node/10064528828",
"kind": "bakery",
"name": "Boulangerie - Patisserie"
}
},
{
"type": "Feature",
"geometry": {
"type": "Point",
"coordinates": [
8.8048595,
41.8931249
]
},
"properties": {
"osm_id": "node/10065842717",
"kind": "restaurant",
"name": "A bona stella"
}
},
{
"type": "Feature",
"geometry": {
"type": "Point",
"coordinates": [
9.0515745,
42.0821106
]
},
"properties": {
"osm_id": "node/10068419352",
"kind": "restaurant",
"name": "Copacabana"
}
},
{
"type": "Feature",
"geometry": {
"type": "Point",
"coordinates": [
9.4044356,
42.0151765
]
},
"properties": {
"osm_id": "node/10068426936",
"kind": "bar",
"name": "La galère"
}
},
{
"type": "Feature",
"geometry": {
"type": "Point",
"coordinates": [
9.4053231,
42.0163676
]
},
"properties": {
"osm_id": "node/10068433264",
"kind": "café",
"name": "L'étincelle"
}
},
{
"type": "Feature",
"geometry": {
"type": "Point",
"coordinates": [
9.4083271,
42.0207105
]
},
"properties": {
"osm_id": "node/10068439967",
"kind": "bakery",
"name": ""
}
},
{
"type": "Feature",
"geometry": {
"type": "Point",
"coordinates": [
8.8123161,
41.963564
]
},
"properties": {
"osm_id": "node/10068454716",
"kind": "small shop",
"name": "Carrefour Express",
"opening_hours": "Mo-Sa 08:00-20:00; Su 08:00-13:00"
}
},
{
"type": "Feature",
"geometry": {
"type": "Point",
"coordinates": [
9.3957234,
41.954941
]
},
"properties": {
"osm_id": "node/10068485264",
"kind": "snack bar",
"name": ""
}
},
{
"type": "Feature",
"geometry": {
"type": "Point",
"coordinates": [
9.503184,
42.5378716
]
},
"properties": {
"osm_id": "node/10068491954",
"kind": "small shop",
"name": "Mattei's"
}
},
{
"type": "Feature",
"geometry": {
"type": "Point",
"coordinates": [
9.0319266,
42.2299396
]
},
"properties": {
"osm_id": "node/10068491956",
"kind": "café",
"name": ""
}
},
{
"type": "Feature",
"geometry": {
"type": "Point",
"coordinates": [
9.1657532,
42.1697465
]
},
"properties": {
"osm_id": "node/10068495391",
"kind": "restaurant",
"name": "Le Chalet",
"opening_hours": "Mo-Su 05:30-19:00"
}
},
{
"type": "Feature",
"geometry": {
"type": "Point",
"coordinates": [
8.816191,
41.9665108
]
},
"properties": {
"osm_id": "node/10068501242",
"kind": "small shop",
"name": "Le petit marché de Baleone"
}
},
{
"type": "Feature",
"geometry": {
"type": "Point",
"coordinates": [
9.5379059,
42.3300346
]
},
"properties": {
"osm_id": "node/10068505373",
"kind": "small shop",
"name": "La roulotte"
}
},
{
"type": "Feature",
"geometry": {
"type": "Point",
"coordinates": [
9.4038749,
42.0126435
]
},
"properties": {
"osm_id": "node/10068506070",
"kind": "restaurant",
"name": "Le Cintra"
}
},
{
"type": "Feature",
"geometry": {
"type": "Point",
"coordinates": [
9.4497442,
42.6981049
]
},
"properties": {
"osm_id": "node/10081276845",
"kind": "café",
"name": "Boulangerie Patisserie Kaa"
}
},
{
"type": "Feature",
"geometry": {
"type": "Point",
"coordinates": [
9.1726301,
42.2477469
]
},
"properties": {
"osm_id": "node/10083615599",
"kind": "restaurant",
"name": "Hôtel restaurant Le Torrent"
}
},
{
"type": "Feature",
"geometry": {
"type": "Point",
"coordinates": [
9.3647589,
42.7028567
]
},
"properties": {
"osm_id": "node/10102774321",
"kind": "restaurant",
"name": "Le Bartavin"
}
},
{
"type": "Feature",
"geometry": {
"type": "Point",
"coordinates": [
8.7379514,
41.9186804
]
},
"properties": {
"osm_id": "node/10130009325",
"kind": "café",
"name": "Delissimo"
}
},
{
"type": "Feature",
"geometry": {
"type": "Point",
"coordinates": [
9.5509735,
42.11104
]
},
"properties": {
"osm_id": "node/10137607717",
"kind": "café",
"name": "Strand Treibholz Corsika"
}
},
{
"type": "Feature",
"geometry": {
"type": "Point",
"coordinates": [
9.3362665,
42.8099896
]
},
"properties": {
"osm_id": "node/10236419523",
"kind": "restaurant",
"name": "Restaurant Morganti"
}
},
{
"type": "Feature",
"geometry": {
"type": "Point",
"coordinates": [
9.3302374,
42.8452001
]
},
"properties": {
"osm_id": "node/10280822073",
"kind": "restaurant",
"name": "Au Bon Clocher"
}
},
{
"type": "Feature",
"geometry": {
"type": "Point",
"coordinates": [
8.8759695,
42.3032682
]
},
"properties": {
"osm_id": "node/10578185191",
"kind": "restaurant",
"name": "Bergerie de Radule"
}
},
{
"type": "Feature",
"geometry": {
"type": "Point",
"coordinates": [
9.4396977,
42.5224132
]
},
"properties": {
"osm_id": "node/10781962454",
"kind": "bakery",
"name": "Point Chaud Du Golo"
}
},
{
"type": "Feature",
"geometry": {
"type": "Point",
"coordinates": [
9.276906,
41.6021214
]
},
"properties": {
"osm_id": "node/10795099134",
"kind": "supermarket",
"name": "La Vie Claire",
"opening_hours": "Mo-Sa 09:00-20:00; Su 09:00-13:00"
}
},
{
"type": "Feature",
"geometry": {
"type": "Point",
"coordinates": [
9.1588298,
41.3868601
]
},
"properties": {
"osm_id": "node/10797485115",
"kind": "restaurant",
"name": "Casarella"
}
},
{
"type": "Feature",
"geometry": {
"type": "Point",
"coordinates": [
9.3642967,
42.0597687
]
},
"properties": {
"osm_id": "node/10844168571",
"kind": "farm shop",
"name": "GAEC de Pratello"
}
},
{
"type": "Feature",
"geometry": {
"type": "Point",
"coordinates": [
9.2772016,
41.6035691
]
},
"properties": {
"osm_id": "node/10857745105",
"kind": "bakery",
"name": "Paul Mallaroni"
}
},
{
"type": "Feature",
"geometry": {
"type": "Point",
"coordinates": [
9.2764132,
41.6027831
]
},
"properties": {
"osm_id": "node/10862662905",
"kind": "bakery",
"name": "Casa Dolce"
}
},
{
"type": "Feature",
"geometry": {
"type": "Point",
"coordinates": [
9.2753333,
41.5987823
]
},
"properties": {
"osm_id": "node/10862663007",
"kind": "restaurant",
"name": "Køstën"
}
},
{
"type": "Feature",
"geometry": {
"type": "Point",
"coordinates": [
9.2799041,
41.590487
]
},
"properties": {
"osm_id": "node/10862703208",
"kind": "bar",
"name": "BAB"
}
},
{
"type": "Feature",
"geometry": {
"type": "Point",
"coordinates": [
9.2797108,
41.5905319
]
},
"properties": {
"osm_id": "node/10862703708",
"kind": "snack bar",
"name": "BA"
}
},
{
"type": "Feature",
"geometry": {
"type": "Point",
"coordinates": [
9.2800932,
41.590631
]
},
"properties": {
"osm_id": "node/10862716705",
"kind": "bar",
"name": "Le Vinyle"
}
},
{
"type": "Feature",
"geometry": {
"type": "Point",
"coordinates": [
9.2799588,
41.5912667
]
},
"properties": {
"osm_id": "node/10862725306",
"kind": "restaurant",
"name": "BDC"
}
},
{
"type": "Feature",
"geometry": {
"type": "Point",
"coordinates": [
9.2791314,
41.5911071
]
},
"properties": {
"osm_id": "node/10862725406",
"kind": "restaurant",
"name": "L'Allegria",
"opening_hours": "Mo-Su 09:00-22:30"
}
},
{
"type": "Feature",
"geometry": {
"type": "Point",
"coordinates": [
9.162092,
41.3880568
]
},
"properties": {
"osm_id": "node/10864478605",
"kind": "restaurant",
"name": "Sushibar"
}
},
{
"type": "Feature",
"geometry": {
"type": "Point",
"coordinates": [
9.1612765,
41.3884058
]
},
"properties": {
"osm_id": "node/10864478606",
"kind": "restaurant",
"name": "Bar du Quai"
}
},
{
"type": "Feature",
"geometry": {
"type": "Point",
"coordinates": [
9.1595518,
41.3872617
]
},
"properties": {
"osm_id": "node/10864799605",
"kind": "delicatessen",
"name": "A Piccinnina"
}
},
{
"type": "Feature",
"geometry": {
"type": "Point",
"coordinates": [
9.3738891,
42.5063216
]
},
"properties": {
"osm_id": "node/10877211637",
"kind": "café",
"name": ""
}
},
{
"type": "Feature",
"geometry": {
"type": "Point",
"coordinates": [
8.9503581,
42.6310278
]
},
"properties": {
"osm_id": "node/10893296521",
"kind": "small shop",
"name": "Utile",
"opening_hours": "Mo-Sa 07:00-20:00; Su 07:00-13:00"
}
},
{
"type": "Feature",
"geometry": {
"type": "Point",
"coordinates": [
9.1622853,
41.3880565
]
},
"properties": {
"osm_id": "node/10896050730",
"kind": "restaurant",
"name": "Le Voilier"
}
},
{
"type": "Feature",
"geometry": {
"type": "Point",
"coordinates": [
8.8016803,
42.2532786
]
},
"properties": {
"osm_id": "node/10909494908",
"kind": "small shop",
"name": "Utile",
"opening_hours": "Mo-Su 07:30-12:00; 15:30-17:30"
}
},
{
"type": "Feature",
"geometry": {
"type": "Point",
"coordinates": [
9.21681,
41.4074368
]
},
"properties": {
"osm_id": "node/10921016777",
"kind": "restaurant",
"name": "Maora Beach Sailing Club"
}
},
{
"type": "Feature",
"geometry": {
"type": "Point",
"coordinates": [
9.1953068,
41.3943081
]
},
"properties": {
"osm_id": "node/10922644928",
"kind": "supermarket",
"name": "Epicerie Chez Lucette & Fils"
}
},
{
"type": "Feature",
"geometry": {
"type": "Point",
"coordinates": [
9.1988878,
41.4039535
]
},
"properties": {
"osm_id": "node/10928722394",
"kind": "bakery",
"name": "La Bonifacienne"
}
},
{
"type": "Feature",
"geometry": {
"type": "Point",
"coordinates": [
9.5488071,
42.2634182
]
},
"properties": {
"osm_id": "node/10933520362",
"kind": "café",
"name": "Maison Straboni",
"opening_hours": "Tu-Sa 06:00-20:00; Sa 06:00-13:00"
}
},
{
"type": "Feature",
"geometry": {
"type": "Point",
"coordinates": [
9.4757271,
42.7750955
]
},
"properties": {
"osm_id": "node/10944099675",
"kind": "restaurant",
"name": "A Casetta"
}
},
{
"type": "Feature",
"geometry": {
"type": "Point",
"coordinates": [
9.4746491,
42.7742527
]
},
"properties": {
"osm_id": "node/10944099676",
"kind": "restaurant",
"name": "Les Américains"
}
},
{
"type": "Feature",
"geometry": {
"type": "Point",
"coordinates": [
8.7375731,
41.9173937
]
},
"properties": {
"osm_id": "node/10944716605",
"kind": "restaurant",
"name": "Bistro Canaille",
"opening_hours": "Th-Tu 07:30-00:30; We off"
}
},
{
"type": "Feature",
"geometry": {
"type": "Point",
"coordinates": [
9.454117,
42.9577151
]
},
"properties": {
"osm_id": "node/10945697972",
"kind": "restaurant",
"name": "Brasserie Uscalu"
}
},
{
"type": "Feature",
"geometry": {
"type": "Point",
"coordinates": [
8.8659625,
42.5341479
]
},
"properties": {
"osm_id": "node/10946717907",
"kind": "restaurant",
"name": "L'Altezza"
}
},
{
"type": "Feature",
"geometry": {
"type": "Point",
"coordinates": [
8.7443689,
42.2581176
]
},
"properties": {
"osm_id": "node/10948590905",
"kind": "restaurant",
"name": "Retaurant le Café de la Place"
}
},
{
"type": "Feature",
"geometry": {
"type": "Point",
"coordinates": [
9.342248,
41.6973931
]
},
"properties": {
"osm_id": "node/10958005374",
"kind": "bakery",
"name": "U Furnili di u Palazzu",
"opening_hours": "Mo-Sa 06:30-19:30; Su 06:30-13:00"
}
},
{
"type": "Feature",
"geometry": {
"type": "Point",
"coordinates": [
9.2097661,
41.4066297
]
},
"properties": {
"osm_id": "node/10959338244",
"kind": "restaurant",
"name": "Maora Village Restaurant",
"opening_hours": "07:30-10:00, 12:00-14:00, 19:30-21:00"
}
},
{
"type": "Feature",
"geometry": {
"type": "Point",
"coordinates": [
9.1618513,
41.3879963
]
},
"properties": {
"osm_id": "node/10959359943",
"kind": "snack bar",
"name": "U Palazzu"
}
},
{
"type": "Feature",
"geometry": {
"type": "Point",
"coordinates": [
8.7578012,
42.5662363
]
},
"properties": {
"osm_id": "node/10992650205",
"kind": "restaurant",
"name": "Le Nautic"
}
},
{
"type": "Feature",
"geometry": {
"type": "Point",
"coordinates": [
8.7607284,
42.5678207
]
},
"properties": {
"osm_id": "node/10995234406",
"kind": "restaurant",
"name": "A Candella",
"opening_hours": "Mo-Su 12:00-14:30, 19:00-22:30"
}
},
{
"type": "Feature",
"geometry": {
"type": "Point",
"coordinates": [
8.7370853,
41.9170776
]
},
"properties": {
"osm_id": "node/11003446906",
"kind": "restaurant",
"name": "No Stress Thaï"
}
},
{
"type": "Feature",
"geometry": {
"type": "Point",
"coordinates": [
8.7394861,
41.918349
]
},
"properties": {
"osm_id": "node/11006063405",
"kind": "café",
"name": "Emadone Café",
"opening_hours": "Mo-Su 10:00-18:00"
}
},
{
"type": "Feature",
"geometry": {
"type": "Point",
"coordinates": [
8.7586932,
42.5672722
]
},
"properties": {
"osm_id": "node/11006078905",
"kind": "restaurant",
"name": "Me"
}
},
{
"type": "Feature",
"geometry": {
"type": "Point",
"coordinates": [
8.7395946,
41.9186492
]
},
"properties": {
"osm_id": "node/11006092005",
"kind": "bar",
"name": "Le Modern'"
}
},
{
"type": "Feature",
"geometry": {
"type": "Point",
"coordinates": [
8.6944218,
42.2662633
]
},
"properties": {
"osm_id": "node/1100748752",
"kind": "restaurant",
"name": "Le Mini Golf",
"opening_hours": "Mo-Su 10:00-22:00"
}
},
{
"type": "Feature",
"geometry": {
"type": "Point",
"coordinates": [
9.4510826,
42.6931243
]
},
"properties": {
"osm_id": "node/11014994223",
"kind": "bar",
"name": "Cafe Louise"
}
},
{
"type": "Feature",
"geometry": {
"type": "Point",
"coordinates": [
9.4495731,
42.6960439
]
},
"properties": {
"osm_id": "node/11018640541",
"kind": "restaurant",
"name": "Ottimo"
}
},
{
"type": "Feature",
"geometry": {
"type": "Point",
"coordinates": [
9.450445,
42.6972844
]
},
"properties": {
"osm_id": "node/11018640543",
"kind": "bar",
"name": "Bernard"
}
},
{
"type": "Feature",
"geometry": {
"type": "Point",
"coordinates": [
9.4522883,
42.6968364
]
},
"properties": {
"osm_id": "node/11018640544",
"kind": "bar",
"name": "Le Petit Palace"
}
},
{
"type": "Feature",
"geometry": {
"type": "Point",
"coordinates": [
9.4515936,
42.6977373
]
},
"properties": {
"osm_id": "node/11018640548",
"kind": "small shop",
"name": "Monop'",
"opening_hours": "Mo-Sa 08:00-21:00; Su 08:00-14:00,16:00-20:30"
}
},
{
"type": "Feature",
"geometry": {
"type": "Point",
"coordinates": [
9.4522333,
42.696449
]
},
"properties": {
"osm_id": "node/11018640549",
"kind": "bar",
"name": "U Taverne"
}
},
{
"type": "Feature",
"geometry": {
"type": "Point",
"coordinates": [
9.452299,
42.6966767
]
},
"properties": {
"osm_id": "node/11018640550",
"kind": "bar",
"name": "Le Comptoir"
}
},
{
"type": "Feature",
"geometry": {
"type": "Point",
"coordinates": [
9.4497764,
42.6965762
]
},
"properties": {
"osm_id": "node/11018640580",
"kind": "restaurant",
"name": "Corto",
"opening_hours": "Fr-Sa 10:00-14:30, 18:30-23:00; Su, We-Th 10:00-14:30, 18:30-22:30"
}
},
{
"type": "Feature",
"geometry": {
"type": "Point",
"coordinates": [
9.4495625,
42.696383
]
},
"properties": {
"osm_id": "node/11018640582",
"kind": "delicatessen",
"name": "L'Orezzinca"
}
},
{
"type": "Feature",
"geometry": {
"type": "Point",
"coordinates": [
9.4496014,
42.6964278
]
},
"properties": {
"osm_id": "node/11018640583",
"kind": "bar",
"name": "Le Méditerranée"
}
},
{
"type": "Feature",
"geometry": {
"type": "Point",
"coordinates": [
9.4517163,
42.6930243
]
},
"properties": {
"osm_id": "node/11018640623",
"kind": "restaurant",
"name": "La Soupière"
}
},
{
"type": "Feature",
"geometry": {
"type": "Point",
"coordinates": [
9.4515111,
42.6932441
]
},
"properties": {
"osm_id": "node/11018640624",
"kind": "restaurant",
"name": "Chez Vincent"
}
},
{
"type": "Feature",
"geometry": {
"type": "Point",
"coordinates": [
9.4512503,
42.6931854
]
},
"properties": {
"osm_id": "node/11018640625",
"kind": "restaurant",
"name": "Citadelle Bar"
}
},
{
"type": "Feature",
"geometry": {
"type": "Point",
"coordinates": [
9.3181458,
41.5534519
]
},
"properties": {
"osm_id": "node/11033428876",
"kind": "restaurant",
"name": "Tamaricciu",
"opening_hours": "Mo-Su 09:00-22:00"
}
},
{
"type": "Feature",
"geometry": {
"type": "Point",
"coordinates": [
9.1625954,
41.395622
]
},
"properties": {
"osm_id": "node/11035572348",
"kind": "café",
"name": "Café di l'Orivu"
}
},
{
"type": "Feature",
"geometry": {
"type": "Point",
"coordinates": [
9.1686477,
41.4030907
]
},
"properties": {
"osm_id": "node/11035579811",
"kind": "restaurant",
"name": "I Partigiani"
}
},
{
"type": "Feature",
"geometry": {
"type": "Point",
"coordinates": [
9.4044682,
42.0147066
]
},
"properties": {
"osm_id": "node/11044634905",
"kind": "restaurant",
"name": "Maria Gjuvanna"
}
},
{
"type": "Feature",
"geometry": {
"type": "Point",
"coordinates": [
9.450044,
42.6922712
]
},
"properties": {
"osm_id": "node/11045430375",
"kind": "bar",
"name": "Santa Maria"
}
},
{
"type": "Feature",
"geometry": {
"type": "Point",
"coordinates": [
9.4500875,
42.6933087
]
},
"properties": {
"osm_id": "node/11045430380",
"kind": "bakery",
"name": "Agostini"
}
},
{
"type": "Feature",
"geometry": {
"type": "Point",
"coordinates": [
9.4496356,
42.6927695
]
},
"properties": {
"osm_id": "node/11045430381",
"kind": "bar",
"name": "Le Parking"
}
},
{
"type": "Feature",
"geometry": {
"type": "Point",
"coordinates": [
9.4481872,
42.6965555
]
},
"properties": {
"osm_id": "node/11045430397",
"kind": "snack bar",
"name": "Crêpe Boulevard"
}
},
{
"type": "Feature",
"geometry": {
"type": "Point",
"coordinates": [
9.4474811,
42.6963416
]
},
"properties": {
"osm_id": "node/11045430404",
"kind": "bakery",
"name": ""
}
},
{
"type": "Feature",
"geometry": {
"type": "Point",
"coordinates": [
9.4476481,
42.6962189
]
},
"properties": {
"osm_id": "node/11045459105",
"kind": "restaurant",
"name": "Rest'O Paoli"
}
},
{
"type": "Feature",
"geometry": {
"type": "Point",
"coordinates": [
9.4470848,
42.6961001
]
},
"properties": {
"osm_id": "node/11045459110",
"kind": "snack bar",
"name": "Home"
}
},
{
"type": "Feature",
"geometry": {
"type": "Point",
"coordinates": [
9.4471465,
42.6961356
]
},
"properties": {
"osm_id": "node/11045459111",
"kind": "café",
"name": "Café du Lycée"
}
},
{
"type": "Feature",
"geometry": {
"type": "Point",
"coordinates": [
9.4468933,
42.6959392
]
},
"properties": {
"osm_id": "node/11045459112",
"kind": "ice cream",
"name": "Le Glacier"
}
},
{
"type": "Feature",
"geometry": {
"type": "Point",
"coordinates": [
9.4468278,
42.6959158
]
},
"properties": {
"osm_id": "node/11045459113",
"kind": "bar",
"name": "Bar Jean"
}
},
{
"type": "Feature",
"geometry": {
"type": "Point",
"coordinates": [
9.4475315,
42.6945895
]
},
"properties": {
"osm_id": "node/11045459131",
"kind": "small shop",
"name": "L'Étoile du Soir"
}
},
{
"type": "Feature",
"geometry": {
"type": "Point",
"coordinates": [
9.4490228,
41.9963133
]
},
"properties": {
"osm_id": "node/11049193805",
"kind": "bar",
"name": ""
}
},
{
"type": "Feature",
"geometry": {
"type": "Point",
"coordinates": [
9.3628485,
42.5947067
]
},
"properties": {
"osm_id": "node/11051419297",
"kind": "restaurant",
"name": "U Mulinu"
}
},
{
"type": "Feature",
"geometry": {
"type": "Point",
"coordinates": [
8.8838438,
41.6946353
]
},
"properties": {
"osm_id": "node/11056641205",
"kind": "snack bar",
"name": "Chez Antoine Airstream Pizzeria",
"opening_hours": "09:00-11:00,18:30-21:30"
}
},
{
"type": "Feature",
"geometry": {
"type": "Point",
"coordinates": [
8.7916275,
41.8845404
]
},
"properties": {
"osm_id": "node/11084061832",
"kind": "restaurant",
"name": "Chez Jean-Michel"
}
},
{
"type": "Feature",
"geometry": {
"type": "Point",
"coordinates": [
8.8024944,
41.8886864
]
},
"properties": {
"osm_id": "node/11084960100",
"kind": "restaurant",
"name": "Le vingt-six douze"
}
},
{
"type": "Feature",
"geometry": {
"type": "Point",
"coordinates": [
8.7379111,
41.9226923
]
},
"properties": {
"osm_id": "node/11104731505",
"kind": "restaurant",
"name": ""
}
},
{
"type": "Feature",
"geometry": {
"type": "Point",
"coordinates": [
9.529573,
42.3818748
]
},
"properties": {
"osm_id": "node/11107521905",
"kind": "bakery",
"name": "Boulangerie artisanale Dolc'Elina Banette",
"opening_hours": "Mo-Su 06:00-20:00"
}
},
{
"type": "Feature",
"geometry": {
"type": "Point",
"coordinates": [
8.6480226,
42.4089343
]
},
"properties": {
"osm_id": "node/11111479506",
"kind": "restaurant",
"name": "Chez Titine"
}
},
{
"type": "Feature",
"geometry": {
"type": "Point",
"coordinates": [
8.6488982,
42.4094481
]
},
"properties": {
"osm_id": "node/11111554105",
"kind": "restaurant",
"name": "Chez Titine"
}
},
{
"type": "Feature",
"geometry": {
"type": "Point",
"coordinates": [
9.5464901,
42.3162253
]
},
"properties": {
"osm_id": "node/11119584721",
"kind": "small shop",
"name": ""
}
},
{
"type": "Feature",
"geometry": {
"type": "Point",
"coordinates": [
9.54645,
42.3162196
]
},
"properties": {
"osm_id": "node/11119584722",
"kind": "bakery",
"name": ""
}
},
{
"type": "Feature",
"geometry": {
"type": "Point",
"coordinates": [
9.5463764,
42.3162101
]
},
"properties": {
"osm_id": "node/11119584723",
"kind": "bar",
"name": ""
}
},
{
"type": "Feature",
"geometry": {
"type": "Point",
"coordinates": [
9.5464221,
42.3162166
]
},
"properties": {
"osm_id": "node/11119584724",
"kind": "ice cream",
"name": ""
}
},
{
"type": "Feature",
"geometry": {
"type": "Point",
"coordinates": [
9.4796833,
42.4876785
]
},
"properties": {
"osm_id": "node/11130200576",
"kind": "fuel station",
"name": "Vito",
"opening_hours": "24/7"
}
},
{
"type": "Feature",
"geometry": {
"type": "Point",
"coordinates": [
9.0236535,
42.223426
]
},
"properties": {
"osm_id": "node/11136735853",
"kind": "bar",
"name": "Bergerie du Melo"
}
},
{
"type": "Feature",
"geometry": {
"type": "Point",
"coordinates": [
9.0672664,
42.6538833
]
},
"properties": {
"osm_id": "node/11164418912",
"kind": "restaurant",
"name": ""
}
},
{
"type": "Feature",
"geometry": {
"type": "Point",
"coordinates": [
8.9376893,
42.6350936
]
},
"properties": {
"osm_id": "node/11169926946",
"kind": "restaurant",
"name": "Bistrotemu"
}
},
{
"type": "Feature",
"geometry": {
"type": "Point",
"coordinates": [
9.3009326,
42.6805952
]
},
"properties": {
"osm_id": "node/11170119837",
"kind": "ice cream",
"name": "La Gelateria St. Flo",
"opening_hours": "Mo-Su 11:00-22:30"
}
},
{
"type": "Feature",
"geometry": {
"type": "Point",
"coordinates": [
9.3000102,
42.6810565
]
},
"properties": {
"osm_id": "node/11172071537",
"kind": "restaurant",
"name": "Moules Corses de Diana"
}
},
{
"type": "Feature",
"geometry": {
"type": "Point",
"coordinates": [
9.2998484,
42.6808707
]
},
"properties": {
"osm_id": "node/11172071538",
"kind": "restaurant",
"name": "Poppa"
}
},
{
"type": "Feature",
"geometry": {
"type": "Point",
"coordinates": [
9.3009821,
42.680428
]
},
"properties": {
"osm_id": "node/11172071539",
"kind": "restaurant",
"name": "Artacos"
}
},
{
"type": "Feature",
"geometry": {
"type": "Point",
"coordinates": [
9.3013476,
42.6803461
]
},
"properties": {
"osm_id": "node/11172071540",
"kind": "restaurant",
"name": "Restaurant de l’Europe"
}
},
{
"type": "Feature",
"geometry": {
"type": "Point",
"coordinates": [
9.3024751,
42.6803734
]
},
"properties": {
"osm_id": "node/11172071541",
"kind": "bar",
"name": "Le Passage"
}
},
{
"type": "Feature",
"geometry": {
"type": "Point",
"coordinates": [
9.3022957,
42.6799538
]
},
"properties": {
"osm_id": "node/11172071637",
"kind": "bar",
"name": "Casanova"
}
},
{
"type": "Feature",
"geometry": {
"type": "Point",
"coordinates": [
9.3551108,
42.6340291
]
},
"properties": {
"osm_id": "node/11172071738",
"kind": "restaurant",
"name": "A Piazzetta"
}
},
{
"type": "Feature",
"geometry": {
"type": "Point",
"coordinates": [
9.3026981,
42.6787776
]
},
"properties": {
"osm_id": "node/11172382737",
"kind": "restaurant",
"name": "Le four à pizza"
}
},
{
"type": "Feature",
"geometry": {
"type": "Point",
"coordinates": [
9.3001815,
42.6812894
]
},
"properties": {
"osm_id": "node/11172382837",
"kind": "snack bar",
"name": "A casa di a fritella"
}
},
{
"type": "Feature",
"geometry": {
"type": "Point",
"coordinates": [
9.3004065,
42.6812711
]
},
"properties": {
"osm_id": "node/11176173037",
"kind": "delicatessen",
"name": "U San Petrone",
"opening_hours": "Mo-Sa 08:30-12:30,16:00-20:00"
}
},
{
"type": "Feature",
"geometry": {
"type": "Point",
"coordinates": [
9.300422,
42.6810975
]
},
"properties": {
"osm_id": "node/11176173038",
"kind": "delicatessen",
"name": "L‘épicerie Scotto"
}
},
{
"type": "Feature",
"geometry": {
"type": "Point",
"coordinates": [
9.3004007,
42.6810437
]
},
"properties": {
"osm_id": "node/11176173237",
"kind": "bar",
"name": "L‘Orsu Biancu"
}
},
{
"type": "Feature",
"geometry": {
"type": "Point",
"coordinates": [
9.3003997,
42.6812789
]
},
"properties": {
"osm_id": "node/11177536004",
"kind": "restaurant",
"name": "Pizza costa"
}
},
{
"type": "Feature",
"geometry": {
"type": "Point",
"coordinates": [
8.9311772,
42.5435321
]
},
"properties": {
"osm_id": "node/11188098994",
"kind": "restaurant",
"name": ""
}
},
{
"type": "Feature",
"geometry": {
"type": "Point",
"coordinates": [
9.1578315,
41.3869596
]
},
"properties": {
"osm_id": "node/11188327262",
"kind": "restaurant",
"name": "La Bodega"
}
},
{
"type": "Feature",
"geometry": {
"type": "Point",
"coordinates": [
9.1582919,
41.387007
]
},
"properties": {
"osm_id": "node/11188327263",
"kind": "café",
"name": "Cafe Nicois"
}
},
{
"type": "Feature",
"geometry": {
"type": "Point",
"coordinates": [
8.8566143,
42.5079431
]
},
"properties": {
"osm_id": "node/11193143203",
"kind": "bakery",
"name": "SARL e fritelle",
"opening_hours": "Mo-Fr 07:00-18:30; Sa 07:00-12:30; Su off"
}
},
{
"type": "Feature",
"geometry": {
"type": "Point",
"coordinates": [
9.3231513,
42.6967704
]
},
"properties": {
"osm_id": "node/11193176037",
"kind": "restaurant",
"name": "Restaurant and Nautical base"
}
},
{
"type": "Feature",
"geometry": {
"type": "Point",
"coordinates": [
8.6938657,
42.2684585
]
},
"properties": {
"osm_id": "node/11199610555",
"kind": "bakery",
"name": "Histoire de Pains"
}
},
{
"type": "Feature",
"geometry": {
"type": "Point",
"coordinates": [
8.7396076,
41.9185724
]
},
"properties": {
"osm_id": "node/11200234828",
"kind": "bar",
"name": "Le Forum"
}
},
{
"type": "Feature",
"geometry": {
"type": "Point",
"coordinates": [
9.3944869,
41.8000609
]
},
"properties": {
"osm_id": "node/11203083437",
"kind": "restaurant",
"name": "Le Grand Bleu"
}
},
{
"type": "Feature",
"geometry": {
"type": "Point",
"coordinates": [
9.0592377,
42.0807695
]
},
"properties": {
"osm_id": "node/11215177803",
"kind": "restaurant",
"name": "A Funtanella"
}
},
{
"type": "Feature",
"geometry": {
"type": "Point",
"coordinates": [
9.053019,
42.0005547
]
},
"properties": {
"osm_id": "node/11215431508",
"kind": "restaurant",
"name": "Auberge Scaldasole"
}
},
{
"type": "Feature",
"geometry": {
"type": "Point",
"coordinates": [
9.274878,
41.5955955
]
},
"properties": {
"osm_id": "node/11220564026",
"kind": "snack bar",
"name": "Daniel Pizza"
}
},
{
"type": "Feature",
"geometry": {
"type": "Point",
"coordinates": [
8.8926907,
42.6119015
]
},
"properties": {
"osm_id": "node/11225362113",
"kind": "supermarket",
"name": "La Vie Claire",
"opening_hours": "Mo-Su 09:30-19:30"
}
},
{
"type": "Feature",
"geometry": {
"type": "Point",
"coordinates": [
9.3756918,
41.6825456
]
},
"properties": {
"osm_id": "node/11226888938",
"kind": "restaurant",
"name": "Chez Fred"
}
},
{
"type": "Feature",
"geometry": {
"type": "Point",
"coordinates": [
9.4445877,
42.6838981
]
},
"properties": {
"osm_id": "node/11228559479",
"kind": "restaurant",
"name": ""
}
},
{
"type": "Feature",
"geometry": {
"type": "Point",
"coordinates": [
9.4438237,
42.6814711
]
},
"properties": {
"osm_id": "node/11228574438",
"kind": "restaurant",
"name": "Sud Hotel"
}
},
{
"type": "Feature",
"geometry": {
"type": "Point",
"coordinates": [
8.7936994,
41.7088529
]
},
"properties": {
"osm_id": "node/11250709018",
"kind": "small shop",
"name": "Chez Marc",
"opening_hours": "Mo, Tu, Th-Su 08:00-19:30"
}
},
{
"type": "Feature",
"geometry": {
"type": "Point",
"coordinates": [
8.7525562,
42.5588732
]
},
"properties": {
"osm_id": "node/11302335624",
"kind": "delicatessen",
"name": ""
}
},
{
"type": "Feature",
"geometry": {
"type": "Point",
"coordinates": [
8.7375054,
41.9183616
]
},
"properties": {
"osm_id": "node/11351233269",
"kind": "restaurant",
"name": "Le Comptoir Italien",
"opening_hours": "Tu 11:30-14:30, 19:00-23:00; We 11:30-14:30; Th-Fr 11:30-14:30, 19:00-23:00; Sa 19:00-23:00"
}
},
{
"type": "Feature",
"geometry": {
"type": "Point",
"coordinates": [
8.9790029,
41.7885133
]
},
"properties": {
"osm_id": "node/11356058969",
"kind": "bakery",
"name": "Canistrelli Monte San Petru",
"opening_hours": "Tu-Sa 08:45-13:30,16:00-19:00; Mo,Su,PH off"
}
},
{
"type": "Feature",
"geometry": {
"type": "Point",
"coordinates": [
9.5167619,
42.1570192
]
},
"properties": {
"osm_id": "node/11503207826",
"kind": "farm shop",
"name": "Domaine Caniciololetto"
}
},
{
"type": "Feature",
"geometry": {
"type": "Point",
"coordinates": [
8.9385608,
42.6339434
]
},
"properties": {
"osm_id": "node/1152056645",
"kind": "café",
"name": "Café des Platanes"
}
},
{
"type": "Feature",
"geometry": {
"type": "Point",
"coordinates": [
8.7636472,
41.9473243
]
},
"properties": {
"osm_id": "node/11540291803",
"kind": "snack bar",
"name": "Pokawa"
}
},
{
"type": "Feature",
"geometry": {
"type": "Point",
"coordinates": [
8.8024647,
41.9543747
]
},
"properties": {
"osm_id": "node/11572346569",
"kind": "restaurant",
"name": "Jour Ajaccio",
"opening_hours": "Mo-Tu 09:00-19:00; We 10:00-19:00; Th-Sa 09:00-19:00"
}
},
{
"type": "Feature",
"geometry": {
"type": "Point",
"coordinates": [
8.7403589,
41.9162411
]
},
"properties": {
"osm_id": "node/11620072952",
"kind": "café",
"name": "Ghinghetta"
}
},
{
"type": "Feature",
"geometry": {
"type": "Point",
"coordinates": [
9.5121925,
42.1046678
]
},
"properties": {
"osm_id": "node/11762235961",
"kind": "restaurant",
"name": "Bella-Vista"
}
},
{
"type": "Feature",
"geometry": {
"type": "Point",
"coordinates": [
9.4372964,
42.6729755
]
},
"properties": {
"osm_id": "node/11770188970",
"kind": "snack bar",
"name": "Chez Pascal"
}
},
{
"type": "Feature",
"geometry": {
"type": "Point",
"coordinates": [
9.5187786,
42.3843366
]
},
"properties": {
"osm_id": "node/11773657469",
"kind": "restaurant",
"name": "A Stalla Di Paulina"
}
},
{
"type": "Feature",
"geometry": {
"type": "Point",
"coordinates": [
9.5303145,
42.3708395
]
},
"properties": {
"osm_id": "node/1180390543",
"kind": "snack bar",
"name": "A Stonda"
}
},
{
"type": "Feature",
"geometry": {
"type": "Point",
"coordinates": [
9.528455,
42.3728947
]
},
"properties": {
"osm_id": "node/1180397262",
"kind": "café",
"name": "Le Dolce"
}
},
{
"type": "Feature",
"geometry": {
"type": "Point",
"coordinates": [
9.5297357,
42.3746711
]
},
"properties": {
"osm_id": "node/1180399144",
"kind": "bar",
"name": "Bar Xavier"
}
},
{
"type": "Feature",
"geometry": {
"type": "Point",
"coordinates": [
9.3533042,
42.4220776
]
},
"properties": {
"osm_id": "node/11806819488",
"kind": "small shop",
"name": ""
}
},
{
"type": "Feature",
"geometry": {
"type": "Point",
"coordinates": [
9.0124351,
41.6416942
]
},
"properties": {
"osm_id": "node/11807110644",
"kind": "small shop",
"name": "Épicerie Dépôt de pain",
"opening_hours": "Mo-Sa 09:30-12:00"
}
},
{
"type": "Feature",
"geometry": {
"type": "Point",
"coordinates": [
9.474082,
42.8879799
]
},
"properties": {
"osm_id": "node/11813530371",
"kind": "restaurant",
"name": "A Pasterella"
}
},
{
"type": "Feature",
"geometry": {
"type": "Point",
"coordinates": [
8.8228479,
41.9070964
]
},
"properties": {
"osm_id": "node/11818074123",
"kind": "small shop",
"name": "U  San Petru",
"opening_hours": "Mo-Sa 09:00-19:00; Su 09:00-12:00"
}
},
{
"type": "Feature",
"geometry": {
"type": "Point",
"coordinates": [
8.9091401,
41.8122495
]
},
"properties": {
"osm_id": "node/11818425616",
"kind": "restaurant",
"name": ""
}
},
{
"type": "Feature",
"geometry": {
"type": "Point",
"coordinates": [
9.1383691,
41.7658129
]
},
"properties": {
"osm_id": "node/11821809623",
"kind": "small shop",
"name": "Proxi"
}
},
{
"type": "Feature",
"geometry": {
"type": "Point",
"coordinates": [
9.0265952,
41.6660497
]
},
"properties": {
"osm_id": "node/11823986906",
"kind": "restaurant",
"name": "A Machja"
}
},
{
"type": "Feature",
"geometry": {
"type": "Point",
"coordinates": [
8.9524046,
41.6448307
]
},
"properties": {
"osm_id": "node/11824007700",
"kind": "restaurant",
"name": "L'Asiatica"
}
},
{
"type": "Feature",
"geometry": {
"type": "Point",
"coordinates": [
8.9812963,
42.6035146
]
},
"properties": {
"osm_id": "node/11840537087",
"kind": "farm shop",
"name": "Olivadia"
}
},
{
"type": "Feature",
"geometry": {
"type": "Point",
"coordinates": [
8.8031739,
41.8885794
]
},
"properties": {
"osm_id": "node/11847455874",
"kind": "bakery",
"name": "Le Bon Pain de Purtichju",
"opening_hours": "Mo-Fr 06:30-20:00; Sa 07:00-19:30; Su 07:30-13:30"
}
},
{
"type": "Feature",
"geometry": {
"type": "Point",
"coordinates": [
9.3729311,
42.261202
]
},
"properties": {
"osm_id": "node/11860920094",
"kind": "bar",
"name": "Chez Vincent"
}
},
{
"type": "Feature",
"geometry": {
"type": "Point",
"coordinates": [
9.3987313,
42.2428146
]
},
"properties": {
"osm_id": "node/11860920168",
"kind": "bar",
"name": "Chez Dume"
}
},
{
"type": "Feature",
"geometry": {
"type": "Point",
"coordinates": [
9.5080729,
42.4433652
]
},
"properties": {
"osm_id": "node/11862352076",
"kind": "restaurant",
"name": "Nustral'Bowls"
}
},
{
"type": "Feature",
"geometry": {
"type": "Point",
"coordinates": [
8.6845808,
42.4876632
]
},
"properties": {
"osm_id": "node/11862451123",
"kind": "restaurant",
"name": "Restaurant Le Prince Pierre"
}
},
{
"type": "Feature",
"geometry": {
"type": "Point",
"coordinates": [
8.6359907,
42.2406356
]
},
"properties": {
"osm_id": "node/11869279869",
"kind": "restaurant",
"name": "Le Josephine"
}
},
{
"type": "Feature",
"geometry": {
"type": "Point",
"coordinates": [
9.2850782,
41.5460689
]
},
"properties": {
"osm_id": "node/11875177769",
"kind": "restaurant",
"name": "Bocca d'Oro"
}
},
{
"type": "Feature",
"geometry": {
"type": "Point",
"coordinates": [
8.7913685,
42.502399
]
},
"properties": {
"osm_id": "node/11882989669",
"kind": "restaurant",
"name": "La Marmite du Chef"
}
},
{
"type": "Feature",
"geometry": {
"type": "Point",
"coordinates": [
8.6829103,
42.3106881
]
},
"properties": {
"osm_id": "node/11886685073",
"kind": "restaurant",
"name": "A Funtanella"
}
},
{
"type": "Feature",
"geometry": {
"type": "Point",
"coordinates": [
9.0193563,
42.3343519
]
},
"properties": {
"osm_id": "node/11893182069",
"kind": "café",
"name": "Bar du Cinto"
}
},
{
"type": "Feature",
"geometry": {
"type": "Point",
"coordinates": [
9.4041021,
42.0147957
]
},
"properties": {
"osm_id": "node/11910733490",
"kind": "restaurant",
"name": "La Gazelle",
"opening_hours": "Mo-Su 10:00-23:30"
}
},
{
"type": "Feature",
"geometry": {
"type": "Point",
"coordinates": [
8.7239512,
41.9154345
]
},
"properties": {
"osm_id": "node/11921932300",
"kind": "ice cream",
"name": "Neri",
"opening_hours": "Mo-Su 15:30-00:30"
}
},
{
"type": "Feature",
"geometry": {
"type": "Point",
"coordinates": [
8.9078391,
42.6160577
]
},
"properties": {
"osm_id": "node/11930341670",
"kind": "small shop",
"name": "Épicerie - A petr'alta - Chez Benoit",
"opening_hours": "Mo-Su 09:00-13:30, 17:00-19:30"
}
},
{
"type": "Feature",
"geometry": {
"type": "Point",
"coordinates": [
8.7371293,
41.9187824
]
},
"properties": {
"osm_id": "node/11930769369",
"kind": "restaurant",
"name": "Gusto"
}
},
{
"type": "Feature",
"geometry": {
"type": "Point",
"coordinates": [
9.4493317,
42.6994426
]
},
"properties": {
"osm_id": "node/11932729069",
"kind": "café",
"name": "Aux delices de miot"
}
},
{
"type": "Feature",
"geometry": {
"type": "Point",
"coordinates": [
9.4431264,
42.6552436
]
},
"properties": {
"osm_id": "node/11937952369",
"kind": "café",
"name": "Dolce Mare",
"opening_hours": "Mo-Sa 11:00-19:00; Su 11:45-19:00"
}
},
{
"type": "Feature",
"geometry": {
"type": "Point",
"coordinates": [
9.4457093,
42.6721973
]
},
"properties": {
"osm_id": "node/11937952469",
"kind": "snack bar",
"name": "L'Art Lequin"
}
},
{
"type": "Feature",
"geometry": {
"type": "Point",
"coordinates": [
8.8953953,
42.5821787
]
},
"properties": {
"osm_id": "node/11939924998",
"kind": "supermarket",
"name": "Vival",
"opening_hours": "Mo-Sa 08:00-12:30,15:00-19:00; Su 08:00-12:30"
}
},
{
"type": "Feature",
"geometry": {
"type": "Point",
"coordinates": [
9.2900289,
41.574184
]
},
"properties": {
"osm_id": "node/11952511736",
"kind": "greengrocer",
"name": ""
}
},
{
"type": "Feature",
"geometry": {
"type": "Point",
"coordinates": [
8.971625,
41.6210388
]
},
"properties": {
"osm_id": "node/11953865752",
"kind": "restaurant",
"name": "Le Restaurant Caramama"
}
},
{
"type": "Feature",
"geometry": {
"type": "Point",
"coordinates": [
9.4540237,
42.9577713
]
},
"properties": {
"osm_id": "node/11954137669",
"kind": "ice cream",
"name": "Glacier Clavel"
}
},
{
"type": "Feature",
"geometry": {
"type": "Point",
"coordinates": [
9.1274684,
42.4724067
]
},
"properties": {
"osm_id": "node/11974874617",
"kind": "restaurant",
"name": "Petra e legnu",
"opening_hours": "Tu-Su 10:00-22:00"
}
},
{
"type": "Feature",
"geometry": {
"type": "Point",
"coordinates": [
8.793373,
41.9534588
]
},
"properties": {
"osm_id": "node/11976196417",
"kind": "supermarket",
"name": "Auchan",
"opening_hours": "Mo-Sa 08:30-20:30; Su 08:30-13:00"
}
},
{
"type": "Feature",
"geometry": {
"type": "Point",
"coordinates": [
9.4282202,
42.8134165
]
},
"properties": {
"osm_id": "node/11980508969",
"kind": "farm shop",
"name": "L'ortu & a manera (la safranière du Cap)"
}
},
{
"type": "Feature",
"geometry": {
"type": "Point",
"coordinates": [
9.2794877,
41.5901607
]
},
"properties": {
"osm_id": "node/11985673369",
"kind": "restaurant",
"name": "A Pergola"
}
},
{
"type": "Feature",
"geometry": {
"type": "Point",
"coordinates": [
8.7685288,
42.5528396
]
},
"properties": {
"osm_id": "node/11985683628",
"kind": "restaurant",
"name": "La Table de la Pinède",
"opening_hours": "Mo-Su,PH 08:00-22:00"
}
},
{
"type": "Feature",
"geometry": {
"type": "Point",
"coordinates": [
9.3660765,
42.5063214
]
},
"properties": {
"osm_id": "node/12000689937",
"kind": "small shop",
"name": "Utile",
"opening_hours": "Mo-Sa 06:00-20:00; Su 07:00-20:00"
}
},
{
"type": "Feature",
"geometry": {
"type": "Point",
"coordinates": [
9.3663289,
42.5064219
]
},
"properties": {
"osm_id": "node/12001542462",
"kind": "restaurant",
"name": "Brasserie",
"opening_hours": "Mo-Fr 06:00-15:00; Sa 06:00-15:00,18:00-24:00; Su 07:00-15:00"
}
},
{
"type": "Feature",
"geometry": {
"type": "Point",
"coordinates": [
8.7569144,
42.5665105
]
},
"properties": {
"osm_id": "node/12017217391",
"kind": "café",
"name": "Le Concept"
}
},
{
"type": "Feature",
"geometry": {
"type": "Point",
"coordinates": [
9.5468147,
42.2627087
]
},
"properties": {
"osm_id": "node/12018532275",
"kind": "café",
"name": "U Caffè"
}
},
{
"type": "Feature",
"geometry": {
"type": "Point",
"coordinates": [
8.9861853,
42.3280436
]
},
"properties": {
"osm_id": "node/12023771576",
"kind": "restaurant",
"name": ""
}
},
{
"type": "Feature",
"geometry": {
"type": "Point",
"coordinates": [
8.9841159,
42.3268646
]
},
"properties": {
"osm_id": "node/12023771594",
"kind": "bar",
"name": "Bar des Amis chez Francois"
}
},
{
"type": "Feature",
"geometry": {
"type": "Point",
"coordinates": [
8.9120101,
41.7448451
]
},
"properties": {
"osm_id": "node/12025476069",
"kind": "bar",
"name": "Chez Tina"
}
},
{
"type": "Feature",
"geometry": {
"type": "Point",
"coordinates": [
9.146212,
42.3040569
]
},
"properties": {
"osm_id": "node/12033530167",
"kind": "restaurant",
"name": "Chez Bartho"
}
},
{
"type": "Feature",
"geometry": {
"type": "Point",
"coordinates": [
9.1463421,
42.3040773
]
},
"properties": {
"osm_id": "node/12033546471",
"kind": "café",
"name": "Chez Bartho"
}
},
{
"type": "Feature",
"geometry": {
"type": "Point",
"coordinates": [
9.4495439,
42.6926715
]
},
"properties": {
"osm_id": "node/12053849269",
"kind": "restaurant",
"name": "Chez Ade"
}
},
{
"type": "Feature",
"geometry": {
"type": "Point",
"coordinates": [
8.7823212,
41.8341642
]
},
"properties": {
"osm_id": "node/12056907037",
"kind": "restaurant",
"name": "Paillotte du Rupione",
"opening_hours": "Mo-Fr 09:00-23:00; Sa 09:00-01:30; Su 09:00-23:00"
}
},
{
"type": "Feature",
"geometry": {
"type": "Point",
"coordinates": [
8.7388397,
41.9186632
]
},
"properties": {
"osm_id": "node/12058993759",
"kind": "restaurant",
"name": "Pizzeria Astoria"
}
},
{
"type": "Feature",
"geometry": {
"type": "Point",
"coordinates": [
9.3721624,
41.6776901
]
},
"properties": {
"osm_id": "node/12066428769",
"kind": "restaurant",
"name": ""
}
},
{
"type": "Feature",
"geometry": {
"type": "Point",
"coordinates": [
9.4532002,
42.9586497
]
},
"properties": {
"osm_id": "node/12068793369",
"kind": "ice cream",
"name": "La Crêperie Macinaghju"
}
},
{
"type": "Feature",
"geometry": {
"type": "Point",
"coordinates": [
8.9385048,
42.6348685
]
},
"properties": {
"osm_id": "node/12079698670",
"kind": "small shop",
"name": "L'épicerie du marché couvert"
}
},
{
"type": "Feature",
"geometry": {
"type": "Point",
"coordinates": [
9.1511838,
42.305526
]
},
"properties": {
"osm_id": "node/12079983569",
"kind": "restaurant",
"name": "U Valentinu",
"opening_hours": "Mo-Su 12:00-15:00, 19:00-22:30"
}
},
{
"type": "Feature",
"geometry": {
"type": "Point",
"coordinates": [
9.3967534,
41.7703368
]
},
"properties": {
"osm_id": "node/12080551269",
"kind": "small shop",
"name": "Panier Gourmand",
"opening_hours": "Mo-Su 06:00-21:00"
}
},
{
"type": "Feature",
"geometry": {
"type": "Point",
"coordinates": [
9.3992294,
41.7716109
]
},
"properties": {
"osm_id": "node/12080571369",
"kind": "restaurant",
"name": "A Pineta",
"opening_hours": "11:45-15:45"
}
},
{
"type": "Feature",
"geometry": {
"type": "Point",
"coordinates": [
9.3967294,
41.7731713
]
},
"properties": {
"osm_id": "node/12080882672",
"kind": "restaurant",
"name": "La Siesta"
}
},
{
"type": "Feature",
"geometry": {
"type": "Point",
"coordinates": [
9.3963614,
41.7725688
]
},
"properties": {
"osm_id": "node/12080910869",
"kind": "restaurant",
"name": "U Veniqui"
}
},
{
"type": "Feature",
"geometry": {
"type": "Point",
"coordinates": [
9.3950312,
41.775517
]
},
"properties": {
"osm_id": "node/12081013569",
"kind": "restaurant",
"name": "Le Maradea",
"opening_hours": "Mo-Su 10:30-14:30, 18:30-22:30"
}
},
{
"type": "Feature",
"geometry": {
"type": "Point",
"coordinates": [
9.39542,
41.7740214
]
},
"properties": {
"osm_id": "node/12082624371",
"kind": "small shop",
"name": "Mercatu du Favona"
}
},
{
"type": "Feature",
"geometry": {
"type": "Point",
"coordinates": [
8.7261614,
41.9134888
]
},
"properties": {
"osm_id": "node/12083834121",
"kind": "restaurant",
"name": "Le Bistrot Gourmand"
}
},
{
"type": "Feature",
"geometry": {
"type": "Point",
"coordinates": [
8.6477173,
41.9098339
]
},
"properties": {
"osm_id": "node/12084650828",
"kind": "restaurant",
"name": "La Paillote du week end",
"opening_hours": "Tu-Sa 09:30-23:00; Su 09:30-18:00"
}
},
{
"type": "Feature",
"geometry": {
"type": "Point",
"coordinates": [
8.7371739,
41.9185679
]
},
"properties": {
"osm_id": "node/12086965126",
"kind": "delicatessen",
"name": "A Casetta"
}
},
{
"type": "Feature",
"geometry": {
"type": "Point",
"coordinates": [
8.9724388,
41.6200453
]
},
"properties": {
"osm_id": "node/12088767873",
"kind": "restaurant",
"name": "Aux Gourmets"
}
},
{
"type": "Feature",
"geometry": {
"type": "Point",
"coordinates": [
8.9737496,
41.6180816
]
},
"properties": {
"osm_id": "node/12088777969",
"kind": "restaurant",
"name": "Brasserie La Belle Epoque"
}
},
{
"type": "Feature",
"geometry": {
"type": "Point",
"coordinates": [
8.9732423,
41.6188929
]
},
"properties": {
"osm_id": "node/12088787669",
"kind": "small shop",
"name": "Abuttega"
}
},
{
"type": "Feature",
"geometry": {
"type": "Point",
"coordinates": [
8.972695,
41.6194452
]
},
"properties": {
"osm_id": "node/12088787769",
"kind": "ice cream",
"name": "Filicità"
}
},
{
"type": "Feature",
"geometry": {
"type": "Point",
"coordinates": [
8.9720334,
41.6211359
]
},
"properties": {
"osm_id": "node/12088811669",
"kind": "restaurant",
"name": "Piazza Porta"
}
},
{
"type": "Feature",
"geometry": {
"type": "Point",
"coordinates": [
8.9726816,
41.62095
]
},
"properties": {
"osm_id": "node/12088811869",
"kind": "bar",
"name": "Central Bar"
}
},
{
"type": "Feature",
"geometry": {
"type": "Point",
"coordinates": [
8.9726851,
41.620819
]
},
"properties": {
"osm_id": "node/12088811969",
"kind": "café",
"name": "L'Idéal Bar"
}
},
{
"type": "Feature",
"geometry": {
"type": "Point",
"coordinates": [
9.1794261,
41.4186532
]
},
"properties": {
"osm_id": "node/12089516487",
"kind": "restaurant",
"name": "U Canettu"
}
},
{
"type": "Feature",
"geometry": {
"type": "Point",
"coordinates": [
8.7376363,
41.9178885
]
},
"properties": {
"osm_id": "node/12089528969",
"kind": "restaurant",
"name": "L'8 Dicembri"
}
},
{
"type": "Feature",
"geometry": {
"type": "Point",
"coordinates": [
8.7378791,
41.9178002
]
},
"properties": {
"osm_id": "node/12089528970",
"kind": "restaurant",
"name": "L'arôme"
}
},
{
"type": "Feature",
"geometry": {
"type": "Point",
"coordinates": [
8.7378757,
41.9179378
]
},
"properties": {
"osm_id": "node/12089529069",
"kind": "restaurant",
"name": "La Maison Bonaparte"
}
},
{
"type": "Feature",
"geometry": {
"type": "Point",
"coordinates": [
8.7377693,
41.9178395
]
},
"properties": {
"osm_id": "node/12089529169",
"kind": "café",
"name": "Gustino"
}
},
{
"type": "Feature",
"geometry": {
"type": "Point",
"coordinates": [
8.9734028,
41.618557
]
},
"properties": {
"osm_id": "node/12091580397",
"kind": "restaurant",
"name": "una voglia"
}
},
{
"type": "Feature",
"geometry": {
"type": "Point",
"coordinates": [
9.1593606,
41.3870281
]
},
"properties": {
"osm_id": "node/12095253592",
"kind": "restaurant",
"name": "Le BO Restaurant"
}
},
{
"type": "Feature",
"geometry": {
"type": "Point",
"coordinates": [
9.158251,
41.3874751
]
},
"properties": {
"osm_id": "node/12095302463",
"kind": "restaurant",
"name": "La Corsica"
}
},
{
"type": "Feature",
"geometry": {
"type": "Point",
"coordinates": [
9.1599151,
41.3886715
]
},
"properties": {
"osm_id": "node/12095538481",
"kind": "bar",
"name": "Chez José"
}
},
{
"type": "Feature",
"geometry": {
"type": "Point",
"coordinates": [
9.1599781,
41.388686
]
},
"properties": {
"osm_id": "node/12095565977",
"kind": "restaurant",
"name": "Les 4 Vents"
}
},
{
"type": "Feature",
"geometry": {
"type": "Point",
"coordinates": [
9.0042293,
41.8919788
]
},
"properties": {
"osm_id": "node/12101483405",
"kind": "café",
"name": "Café de la Poste"
}
},
{
"type": "Feature",
"geometry": {
"type": "Point",
"coordinates": [
9.0019377,
41.8879689
]
},
"properties": {
"osm_id": "node/12103164813",
"kind": "bar",
"name": "U Castagnu"
}
},
{
"type": "Feature",
"geometry": {
"type": "Point",
"coordinates": [
9.0492885,
42.0014274
]
},
"properties": {
"osm_id": "node/12104499103",
"kind": "small shop",
"name": "Proxi"
}
},
{
"type": "Feature",
"geometry": {
"type": "Point",
"coordinates": [
9.3002615,
42.6811748
]
},
"properties": {
"osm_id": "node/12104592448",
"kind": "restaurant",
"name": "A Stretta"
}
},
{
"type": "Feature",
"geometry": {
"type": "Point",
"coordinates": [
9.0492885,
42.0014274
]
},
"properties": {
"osm_id": "node/12105261436",
"kind": "small shop",
"name": "Proxi"
}
},
{
"type": "Feature",
"geometry": {
"type": "Point",
"coordinates": [
8.7399658,
41.9164988
]
},
"properties": {
"osm_id": "node/12109719279",
"kind": "restaurant",
"name": "Le Pavillon du Général",
"opening_hours": "Mo-Su,PH 20:00-24:00"
}
},
{
"type": "Feature",
"geometry": {
"type": "Point",
"coordinates": [
9.5411348,
42.4475586
]
},
"properties": {
"osm_id": "node/12110814602",
"kind": "bar",
"name": "Bar à Cocktails"
}
},
{
"type": "Feature",
"geometry": {
"type": "Point",
"coordinates": [
9.4495586,
42.6958116
]
},
"properties": {
"osm_id": "node/12113277501",
"kind": "ice cream",
"name": "Giacomelli Artisan Glacier",
"opening_hours": "Mo-Su 10:00-00:00"
}
},
{
"type": "Feature",
"geometry": {
"type": "Point",
"coordinates": [
8.7382977,
41.9221252
]
},
"properties": {
"osm_id": "node/12115017873",
"kind": "bar",
"name": "Le Passe Temps"
}
},
{
"type": "Feature",
"geometry": {
"type": "Point",
"coordinates": [
8.7378187,
41.9193908
]
},
"properties": {
"osm_id": "node/12115082130",
"kind": "ice cream",
"name": "I'm Gelazo"
}
},
{
"type": "Feature",
"geometry": {
"type": "Point",
"coordinates": [
8.7381312,
41.9247537
]
},
"properties": {
"osm_id": "node/12115088389",
"kind": "small shop",
"name": "Maison de Mina"
}
},
{
"type": "Feature",
"geometry": {
"type": "Point",
"coordinates": [
8.7382844,
41.9220818
]
},
"properties": {
"osm_id": "node/12115092710",
"kind": "ice cream",
"name": "Casalonga Christophe"
}
},
{
"type": "Feature",
"geometry": {
"type": "Point",
"coordinates": [
8.7386464,
41.923136
]
},
"properties": {
"osm_id": "node/12115096066",
"kind": "restaurant",
"name": "Le Mimo"
}
},
{
"type": "Feature",
"geometry": {
"type": "Point",
"coordinates": [
8.7385719,
41.9225884
]
},
"properties": {
"osm_id": "node/12115102710",
"kind": "ice cream",
"name": "Glaces Artisanales"
}
},
{
"type": "Feature",
"geometry": {
"type": "Point",
"coordinates": [
8.7377135,
41.9202537
]
},
"properties": {
"osm_id": "node/12115110215",
"kind": "ice cream",
"name": "Yayourt"
}
},
{
"type": "Feature",
"geometry": {
"type": "Point",
"coordinates": [
8.7380015,
41.9207692
]
},
"properties": {
"osm_id": "node/12115112611",
"kind": "restaurant",
"name": "La Table d'Antoine"
}
},
{
"type": "Feature",
"geometry": {
"type": "Point",
"coordinates": [
8.7387362,
41.9181536
]
},
"properties": {
"osm_id": "node/12115120946",
"kind": "restaurant",
"name": "Chez Joséphine",
"opening_hours": "Tu-Su 08:00-18:30"
}
},
{
"type": "Feature",
"geometry": {
"type": "Point",
"coordinates": [
8.7380407,
41.925842
]
},
"properties": {
"osm_id": "node/12115120958",
"kind": "bakery",
"name": "La Boulangerie du Cours"
}
},
{
"type": "Feature",
"geometry": {
"type": "Point",
"coordinates": [
8.7386291,
41.9228693
]
},
"properties": {
"osm_id": "node/12115122824",
"kind": "café",
"name": "OTea"
}
},
{
"type": "Feature",
"geometry": {
"type": "Point",
"coordinates": [
8.7380157,
41.9258899
]
},
"properties": {
"osm_id": "node/12115146468",
"kind": "café",
"name": "Green Bagel Café"
}
},
{
"type": "Feature",
"geometry": {
"type": "Point",
"coordinates": [
8.7379277,
41.9251978
]
},
"properties": {
"osm_id": "node/12115151005",
"kind": "bakery",
"name": "La Princiere"
}
},
{
"type": "Feature",
"geometry": {
"type": "Point",
"coordinates": [
9.3693182,
41.686381
]
},
"properties": {
"osm_id": "node/12116445831",
"kind": "small shop",
"name": "Le Patio"
}
},
{
"type": "Feature",
"geometry": {
"type": "Point",
"coordinates": [
9.3691873,
41.6863924
]
},
"properties": {
"osm_id": "node/12116445832",
"kind": "restaurant",
"name": "Le Patio",
"opening_hours": "Mo-Su 19:00-02:00"
}
},
{
"type": "Feature",
"geometry": {
"type": "Point",
"coordinates": [
8.9728573,
41.621018
]
},
"properties": {
"osm_id": "node/12120487306",
"kind": "snack bar",
"name": "Bistrot des Voûtes"
}
},
{
"type": "Feature",
"geometry": {
"type": "Point",
"coordinates": [
9.3075172,
41.5480676
]
},
"properties": {
"osm_id": "node/12128239903",
"kind": "restaurant",
"name": "Cala d'Asciaghju",
"opening_hours": "\"Tous les samedis er dimanches. Et tous les jours Pendant les vacances scolaires\""
}
},
{
"type": "Feature",
"geometry": {
"type": "Point",
"coordinates": [
9.2810755,
41.5922398
]
},
"properties": {
"osm_id": "node/12134064898",
"kind": "bar",
"name": "U Di Vini"
}
},
{
"type": "Feature",
"geometry": {
"type": "Point",
"coordinates": [
9.435551,
42.6762893
]
},
"properties": {
"osm_id": "node/12137511949",
"kind": "supermarket",
"name": "Carrefour Contact",
"opening_hours": "Mo-Sa 08:00-20:00; Su 08:30-13:00"
}
},
{
"type": "Feature",
"geometry": {
"type": "Point",
"coordinates": [
8.9751351,
41.6403694
]
},
"properties": {
"osm_id": "node/12139343758",
"kind": "restaurant",
"name": "Pizzaria Olva",
"opening_hours": "Mo-Su 08:00-12:00, 17:00-23:00"
}
},
{
"type": "Feature",
"geometry": {
"type": "Point",
"coordinates": [
8.9750952,
41.6403872
]
},
"properties": {
"osm_id": "node/12139759603",
"kind": "small shop",
"name": ""
}
},
{
"type": "Feature",
"geometry": {
"type": "Point",
"coordinates": [
9.017534,
42.5855755
]
},
"properties": {
"osm_id": "node/12142642686",
"kind": "restaurant",
"name": "Le Sans Soucis"
}
},
{
"type": "Feature",
"geometry": {
"type": "Point",
"coordinates": [
9.0174842,
42.5854782
]
},
"properties": {
"osm_id": "node/12142666574",
"kind": "bar",
"name": "A Cupulatta"
}
},
{
"type": "Feature",
"geometry": {
"type": "Point",
"coordinates": [
9.1209364,
42.4700371
]
},
"properties": {
"osm_id": "node/12145769212",
"kind": "restaurant",
"name": "Tizarella"
}
},
{
"type": "Feature",
"geometry": {
"type": "Point",
"coordinates": [
9.0356303,
42.4550562
]
},
"properties": {
"osm_id": "node/12146347688",
"kind": "café",
"name": "Le Pont Genoísc"
}
},
{
"type": "Feature",
"geometry": {
"type": "Point",
"coordinates": [
9.3295301,
42.717897
]
},
"properties": {
"osm_id": "node/12149821545",
"kind": "restaurant",
"name": ""
}
},
{
"type": "Feature",
"geometry": {
"type": "Point",
"coordinates": [
9.3296106,
42.7178348
]
},
"properties": {
"osm_id": "node/12149830808",
"kind": "small shop",
"name": ""
}
},
{
"type": "Feature",
"geometry": {
"type": "Point",
"coordinates": [
8.9721325,
41.6204186
]
},
"properties": {
"osm_id": "node/12154858911",
"kind": "small shop",
"name": "Moulin de valinco"
}
},
{
"type": "Feature",
"geometry": {
"type": "Point",
"coordinates": [
9.1569635,
41.3883874
]
},
"properties": {
"osm_id": "node/12159887171",
"kind": "café",
"name": "La grotte"
}
},
{
"type": "Feature",
"geometry": {
"type": "Point",
"coordinates": [
9.1648791,
41.3881829
]
},
"properties": {
"osm_id": "node/12161564640",
"kind": "ice cream",
"name": "Rocca Serra"
}
},
{
"type": "Feature",
"geometry": {
"type": "Point",
"coordinates": [
8.9397418,
42.5431263
]
},
"properties": {
"osm_id": "node/12161568203",
"kind": "restaurant",
"name": "La Pa'Paillote"
}
},
{
"type": "Feature",
"geometry": {
"type": "Point",
"coordinates": [
9.4502203,
42.7032052
]
},
"properties": {
"osm_id": "node/12162223065",
"kind": "restaurant",
"name": "Delizia"
}
},
{
"type": "Feature",
"geometry": {
"type": "Point",
"coordinates": [
9.4501504,
42.7022194
]
},
"properties": {
"osm_id": "node/12162223070",
"kind": "bar",
"name": "Bar de la Poste",
"opening_hours": "Mo 10:00-22:00; Tu,We,Th,Sa 09:00-23:30; Fr 09:00-00:00"
}
},
{
"type": "Feature",
"geometry": {
"type": "Point",
"coordinates": [
9.4503418,
42.7037861
]
},
"properties": {
"osm_id": "node/12163120088",
"kind": "restaurant",
"name": "My Karma Traiteur"
}
},
{
"type": "Feature",
"geometry": {
"type": "Point",
"coordinates": [
8.9245166,
42.6281597
]
},
"properties": {
"osm_id": "node/12165619232",
"kind": "restaurant",
"name": "Metre Carre"
}
},
{
"type": "Feature",
"geometry": {
"type": "Point",
"coordinates": [
8.9254266,
42.6294454
]
},
"properties": {
"osm_id": "node/12165620258",
"kind": "bar",
"name": "Bar à Pizza"
}
},
{
"type": "Feature",
"geometry": {
"type": "Point",
"coordinates": [
8.6367314,
42.2391773
]
},
"properties": {
"osm_id": "node/12165905101",
"kind": "restaurant",
"name": "Les jardins de Piana",
"opening_hours": "12:00-14:00, 19:00-22:30"
}
},
{
"type": "Feature",
"geometry": {
"type": "Point",
"coordinates": [
9.3002996,
42.6809976
]
},
"properties": {
"osm_id": "node/12170025815",
"kind": "delicatessen",
"name": "Lazzarini"
}
},
{
"type": "Feature",
"geometry": {
"type": "Point",
"coordinates": [
9.3004243,
42.680936
]
},
"properties": {
"osm_id": "node/12170025816",
"kind": "restaurant",
"name": "L'altezza"
}
},
{
"type": "Feature",
"geometry": {
"type": "Point",
"coordinates": [
9.3003233,
42.6808819
]
},
"properties": {
"osm_id": "node/12170025817",
"kind": "restaurant",
"name": "Le Mathy's"
}
},
{
"type": "Feature",
"geometry": {
"type": "Point",
"coordinates": [
9.3000686,
42.6809648
]
},
"properties": {
"osm_id": "node/12170025821",
"kind": "restaurant",
"name": "Tacos & Sushis St Florent"
}
},
{
"type": "Feature",
"geometry": {
"type": "Point",
"coordinates": [
9.3565729,
42.4926358
]
},
"properties": {
"osm_id": "node/12171547395",
"kind": "restaurant",
"name": "U San Petru"
}
},
{
"type": "Feature",
"geometry": {
"type": "Point",
"coordinates": [
9.2820939,
41.5965502
]
},
"properties": {
"osm_id": "node/12172984825",
"kind": "snack bar",
"name": "L'Imprevu"
}
},
{
"type": "Feature",
"geometry": {
"type": "Point",
"coordinates": [
9.2795482,
41.5962223
]
},
"properties": {
"osm_id": "node/12172988646",
"kind": "greengrocer",
"name": "A Buttega"
}
},
{
"type": "Feature",
"geometry": {
"type": "Point",
"coordinates": [
9.2832132,
41.589416
]
},
"properties": {
"osm_id": "node/12172994580",
"kind": "snack bar",
"name": "La Crêperie de Ketty"
}
},
{
"type": "Feature",
"geometry": {
"type": "Point",
"coordinates": [
9.285154,
41.5888935
]
},
"properties": {
"osm_id": "node/12172994585",
"kind": "restaurant",
"name": "U Grill"
}
},
{
"type": "Feature",
"geometry": {
"type": "Point",
"coordinates": [
9.284332,
41.5951157
]
},
"properties": {
"osm_id": "node/12172995263",
"kind": "restaurant",
"name": "Casa Santini"
}
},
{
"type": "Feature",
"geometry": {
"type": "Point",
"coordinates": [
9.2838058,
41.5942697
]
},
"properties": {
"osm_id": "node/12172995264",
"kind": "restaurant",
"name": "La Terrasse du Shegara"
}
},
{
"type": "Feature",
"geometry": {
"type": "Point",
"coordinates": [
9.2844742,
41.5886336
]
},
"properties": {
"osm_id": "node/12173087262",
"kind": "restaurant",
"name": "Versione Originale"
}
},
{
"type": "Feature",
"geometry": {
"type": "Point",
"coordinates": [
9.2843915,
41.5886561
]
},
"properties": {
"osm_id": "node/12173087263",
"kind": "restaurant",
"name": "Via Mare"
}
},
{
"type": "Feature",
"geometry": {
"type": "Point",
"coordinates": [
9.178429,
41.3773933
]
},
"properties": {
"osm_id": "node/12174480470",
"kind": "snack bar",
"name": "Les Bouches de Bonifacio"
}
},
{
"type": "Feature",
"geometry": {
"type": "Point",
"coordinates": [
9.1583642,
41.3875496
]
},
"properties": {
"osm_id": "node/12174793460",
"kind": "delicatessen",
"name": "L'Orée de Maquis"
}
},
{
"type": "Feature",
"geometry": {
"type": "Point",
"coordinates": [
9.1570947,
41.3870416
]
},
"properties": {
"osm_id": "node/12174957153",
"kind": "delicatessen",
"name": "Casa Lucchini"
}
},
{
"type": "Feature",
"geometry": {
"type": "Point",
"coordinates": [
8.7075089,
42.2996739
]
},
"properties": {
"osm_id": "node/12175713412",
"kind": "restaurant",
"name": "L'Usteria"
}
},
{
"type": "Feature",
"geometry": {
"type": "Point",
"coordinates": [
9.1653052,
41.3896352
]
},
"properties": {
"osm_id": "node/12175963055",
"kind": "restaurant",
"name": "La Grillade"
}
},
{
"type": "Feature",
"geometry": {
"type": "Point",
"coordinates": [
9.0118163,
41.5133801
]
},
"properties": {
"osm_id": "node/12176059448",
"kind": "delicatessen",
"name": ""
}
},
{
"type": "Feature",
"geometry": {
"type": "Point",
"coordinates": [
9.0110488,
41.5120023
]
},
"properties": {
"osm_id": "node/12176059450",
"kind": "café",
"name": "Chez Pierre-Marie",
"opening_hours": "08:30-12:00,18:00-20:00"
}
},
{
"type": "Feature",
"geometry": {
"type": "Point",
"coordinates": [
9.0015869,
41.4993206
]
},
"properties": {
"osm_id": "node/12176703473",
"kind": "restaurant",
"name": ""
}
},
{
"type": "Feature",
"geometry": {
"type": "Point",
"coordinates": [
9.1965524,
41.5448609
]
},
"properties": {
"osm_id": "node/12176783845",
"kind": "delicatessen",
"name": "L’avili Chez Féfé"
}
},
{
"type": "Feature",
"geometry": {
"type": "Point",
"coordinates": [
9.0107136,
41.5129922
]
},
"properties": {
"osm_id": "node/12176978781",
"kind": "bar",
"name": "Le Retro"
}
},
{
"type": "Feature",
"geometry": {
"type": "Point",
"coordinates": [
8.9078239,
42.0265769
]
},
"properties": {
"osm_id": "node/12182091642",
"kind": "snack bar",
"name": "U Spuntinu"
}
},
{
"type": "Feature",
"geometry": {
"type": "Point",
"coordinates": [
8.9044708,
41.7767322
]
},
"properties": {
"osm_id": "node/12201903876",
"kind": "bar",
"name": "Bar Anotti"
}
},
{
"type": "Feature",
"geometry": {
"type": "Point",
"coordinates": [
9.1506483,
42.306443
]
},
"properties": {
"osm_id": "node/12208544801",
"kind": "restaurant",
"name": "A Bocca",
"opening_hours": "Mo-Su 09:00-22:30"
}
},
{
"type": "Feature",
"geometry": {
"type": "Point",
"coordinates": [
9.3424049,
41.6974319
]
},
"properties": {
"osm_id": "node/12210723928",
"kind": "bar",
"name": "A Catina di u Palazzu"
}
},
{
"type": "Feature",
"geometry": {
"type": "Point",
"coordinates": [
9.0221026,
42.3334046
]
},
"properties": {
"osm_id": "node/12214113828",
"kind": "restaurant",
"name": "A Casa Niulinca",
"opening_hours": "Mo-Su 12:00-14:30, 19:30-22:30"
}
},
{
"type": "Feature",
"geometry": {
"type": "Point",
"coordinates": [
9.117458,
42.4876267
]
},
"properties": {
"osm_id": "node/12231633113",
"kind": "restaurant",
"name": "in piazza"
}
},
{
"type": "Feature",
"geometry": {
"type": "Point",
"coordinates": [
9.4529257,
42.7059435
]
},
"properties": {
"osm_id": "node/12246009743",
"kind": "restaurant",
"name": "Brasserie L'Amiral"
}
},
{
"type": "Feature",
"geometry": {
"type": "Point",
"coordinates": [
8.6451446,
41.9102259
]
},
"properties": {
"osm_id": "node/12246198643",
"kind": "restaurant",
"name": "Macumba"
}
},
{
"type": "Feature",
"geometry": {
"type": "Point",
"coordinates": [
8.7385967,
41.9192816
]
},
"properties": {
"osm_id": "node/12246921225",
"kind": "café",
"name": "Café Gilda"
}
},
{
"type": "Feature",
"geometry": {
"type": "Point",
"coordinates": [
8.7383121,
41.9191207
]
},
"properties": {
"osm_id": "node/12246921226",
"kind": "café",
"name": "Solferino"
}
},
{
"type": "Feature",
"geometry": {
"type": "Point",
"coordinates": [
9.4432078,
42.6736597
]
},
"properties": {
"osm_id": "node/12269396829",
"kind": "bar",
"name": "Brasserie Bar L'Année 2000",
"opening_hours": "Mo-Su 06:30-02:00"
}
},
{
"type": "Feature",
"geometry": {
"type": "Point",
"coordinates": [
9.0909283,
41.8334207
]
},
"properties": {
"osm_id": "node/12287815501",
"kind": "restaurant",
"name": "Ferme Auberge du Col de la Vaccia",
"opening_hours": "Mo-Su 08:00-21:30"
}
},
{
"type": "Feature",
"geometry": {
"type": "Point",
"coordinates": [
8.9868855,
41.8783481
]
},
"properties": {
"osm_id": "node/12323407678",
"kind": "fuel station",
"name": "Vito"
}
},
{
"type": "Feature",
"geometry": {
"type": "Point",
"coordinates": [
9.0024921,
42.3184173
]
},
"properties": {
"osm_id": "node/12362345966",
"kind": "restaurant",
"name": "Pizzeria Délices de Capoue"
}
},
{
"type": "Feature",
"geometry": {
"type": "Point",
"coordinates": [
8.7761953,
41.949604
]
},
"properties": {
"osm_id": "node/12402097185",
"kind": "café",
"name": "Segafredo",
"opening_hours": "Mo-Sa 08:00-19:00"
}
},
{
"type": "Feature",
"geometry": {
"type": "Point",
"coordinates": [
9.5090209,
42.4571723
]
},
"properties": {
"osm_id": "node/12403419211",
"kind": "restaurant",
"name": "A Dulcezza"
}
},
{
"type": "Feature",
"geometry": {
"type": "Point",
"coordinates": [
9.4441916,
42.5246097
]
},
"properties": {
"osm_id": "node/12511828901",
"kind": "bar",
"name": "Chez Philippe et Alexis"
}
},
{
"type": "Feature",
"geometry": {
"type": "Point",
"coordinates": [
9.4649784,
42.5013155
]
},
"properties": {
"osm_id": "node/12517831091",
"kind": "restaurant",
"name": "L'Otentik - Brasserie - Boulangerie - Pâtisserie",
"opening_hours": "Mo-Su 05:30-20:00"
}
},
{
"type": "Feature",
"geometry": {
"type": "Point",
"coordinates": [
8.7416667,
41.9333125
]
},
"properties": {
"osm_id": "node/12518091134",
"kind": "small shop",
"name": ""
}
},
{
"type": "Feature",
"geometry": {
"type": "Point",
"coordinates": [
8.8640533,
41.7324407
]
},
"properties": {
"osm_id": "node/12521759901",
"kind": "farm shop",
"name": "L'ortu Tesoru - Le Jardin Trésor"
}
},
{
"type": "Feature",
"geometry": {
"type": "Point",
"coordinates": [
8.9354987,
42.0495665
]
},
"properties": {
"osm_id": "node/12610277117",
"kind": "restaurant",
"name": "Restaurant Merendella",
"opening_hours": "Fr, Sa 09:00-23:00; Su 09:00-17:00"
}
},
{
"type": "Feature",
"geometry": {
"type": "Point",
"coordinates": [
9.3044402,
42.6742216
]
},
"properties": {
"osm_id": "node/12620633856",
"kind": "ice cream",
"name": "La Fabrique de José Salge",
"opening_hours": "Mo-Fr 09:00-17:00"
}
},
{
"type": "Feature",
"geometry": {
"type": "Point",
"coordinates": [
9.4070159,
42.0176214
]
},
"properties": {
"osm_id": "node/12625692746",
"kind": "snack bar",
"name": "Maxi Snack",
"opening_hours": "Mo-Sa 10:30-18:00; Su off"
}
},
{
"type": "Feature",
"geometry": {
"type": "Point",
"coordinates": [
9.1503192,
42.3068262
]
},
"properties": {
"osm_id": "node/12646751702",
"kind": "restaurant",
"name": "A Terrazza di Gabrielle"
}
},
{
"type": "Feature",
"geometry": {
"type": "Point",
"coordinates": [
8.6704406,
41.9056483
]
},
"properties": {
"osm_id": "node/12656989804",
"kind": "restaurant",
"name": "Paillote Cala di Sole"
}
},
{
"type": "Feature",
"geometry": {
"type": "Point",
"coordinates": [
8.741384,
42.0623207
]
},
"properties": {
"osm_id": "node/1265784555",
"kind": "fuel station",
"name": "Vito",
"opening_hours": "24/7"
}
},
{
"type": "Feature",
"geometry": {
"type": "Point",
"coordinates": [
8.7439667,
42.0601194
]
},
"properties": {
"osm_id": "node/1265784570",
"kind": "restaurant",
"name": "Les flots bleus"
}
},
{
"type": "Feature",
"geometry": {
"type": "Point",
"coordinates": [
8.7415836,
42.0623288
]
},
"properties": {
"osm_id": "node/1265784579",
"kind": "small shop",
"name": "Casino Shop"
}
},
{
"type": "Feature",
"geometry": {
"type": "Point",
"coordinates": [
9.4654311,
42.5006933
]
},
"properties": {
"osm_id": "node/12724467595",
"kind": "bar",
"name": "Le Bistrot"
}
},
{
"type": "Feature",
"geometry": {
"type": "Point",
"coordinates": [
9.4646667,
42.501506
]
},
"properties": {
"osm_id": "node/12724467596",
"kind": "restaurant",
"name": "Chez Spiga"
}
},
{
"type": "Feature",
"geometry": {
"type": "Point",
"coordinates": [
9.335877,
42.8094512
]
},
"properties": {
"osm_id": "node/12738731708",
"kind": "restaurant",
"name": "Bar de la marine"
}
},
{
"type": "Feature",
"geometry": {
"type": "Point",
"coordinates": [
9.4431814,
42.671338
]
},
"properties": {
"osm_id": "node/12750512498",
"kind": "snack bar",
"name": "Le Camion"
}
},
{
"type": "Feature",
"geometry": {
"type": "Point",
"coordinates": [
9.442688,
42.6717387
]
},
"properties": {
"osm_id": "node/12750512511",
"kind": "snack bar",
"name": "Ù Takos Bastia",
"opening_hours": "Mo-Su 11:00-23:00"
}
},
{
"type": "Feature",
"geometry": {
"type": "Point",
"coordinates": [
9.427846,
42.6799327
]
},
"properties": {
"osm_id": "node/12750512546",
"kind": "restaurant",
"name": "L'Aghja"
}
},
{
"type": "Feature",
"geometry": {
"type": "Point",
"coordinates": [
9.4283576,
42.6803621
]
},
"properties": {
"osm_id": "node/12750512572",
"kind": "bar",
"name": "Brasserie de l'Hôpital"
}
},
{
"type": "Feature",
"geometry": {
"type": "Point",
"coordinates": [
9.4279057,
42.6799026
]
},
"properties": {
"osm_id": "node/12750512573",
"kind": "bar",
"name": "L'Aghja"
}
},
{
"type": "Feature",
"geometry": {
"type": "Point",
"coordinates": [
9.4290912,
42.6793924
]
},
"properties": {
"osm_id": "node/12750512585",
"kind": "snack bar",
"name": "Coffee"
}
},
{
"type": "Feature",
"geometry": {
"type": "Point",
"coordinates": [
9.4409868,
42.6789512
]
},
"properties": {
"osm_id": "node/12750512590",
"kind": "small shop",
"name": "Proxi"
}
},
{
"type": "Feature",
"geometry": {
"type": "Point",
"coordinates": [
9.4382603,
42.6767624
]
},
"properties": {
"osm_id": "node/12750512594",
"kind": "bakery",
"name": "L'Instant Gourmand"
}
},
{
"type": "Feature",
"geometry": {
"type": "Point",
"coordinates": [
9.4384615,
42.6772638
]
},
"properties": {
"osm_id": "node/12750512596",
"kind": "bar",
"name": "Antea"
}
},
{
"type": "Feature",
"geometry": {
"type": "Point",
"coordinates": [
9.4385903,
42.6772791
]
},
"properties": {
"osm_id": "node/12750512597",
"kind": "small shop",
"name": "Spar"
}
},
{
"type": "Feature",
"geometry": {
"type": "Point",
"coordinates": [
9.4387472,
42.6817951
]
},
"properties": {
"osm_id": "node/12750512601",
"kind": "snack bar",
"name": "La Fringale"
}
},
{
"type": "Feature",
"geometry": {
"type": "Point",
"coordinates": [
9.4386466,
42.6816339
]
},
"properties": {
"osm_id": "node/12750512602",
"kind": "bar",
"name": ""
}
},
{
"type": "Feature",
"geometry": {
"type": "Point",
"coordinates": [
9.4387203,
42.6817448
]
},
"properties": {
"osm_id": "node/12750512603",
"kind": "small shop",
"name": ""
}
},
{
"type": "Feature",
"geometry": {
"type": "Point",
"coordinates": [
9.4402036,
42.6812799
]
},
"properties": {
"osm_id": "node/12750512604",
"kind": "bakery",
"name": ""
}
},
{
"type": "Feature",
"geometry": {
"type": "Point",
"coordinates": [
9.4413563,
42.6802038
]
},
"properties": {
"osm_id": "node/12750512606",
"kind": "small shop",
"name": "Aux 4 Saisons"
}
},
{
"type": "Feature",
"geometry": {
"type": "Point",
"coordinates": [
9.4430555,
42.6794304
]
},
"properties": {
"osm_id": "node/12750512630",
"kind": "snack bar",
"name": "Casa Pizza"
}
},
{
"type": "Feature",
"geometry": {
"type": "Point",
"coordinates": [
9.4439708,
42.6804814
]
},
"properties": {
"osm_id": "node/12750512640",
"kind": "bar",
"name": "Bar de la Libération"
}
},
{
"type": "Feature",
"geometry": {
"type": "Point",
"coordinates": [
9.4435246,
42.6821602
]
},
"properties": {
"osm_id": "node/12750512644",
"kind": "snack bar",
"name": "Country Burger"
}
},
{
"type": "Feature",
"geometry": {
"type": "Point",
"coordinates": [
9.4425298,
42.6808876
]
},
"properties": {
"osm_id": "node/12750512652",
"kind": "small shop",
"name": "Utile"
}
},
{
"type": "Feature",
"geometry": {
"type": "Point",
"coordinates": [
8.9161206,
42.6267442
]
},
"properties": {
"osm_id": "node/1277254322",
"kind": "small shop",
"name": ""
}
},
{
"type": "Feature",
"geometry": {
"type": "Point",
"coordinates": [
9.4513532,
42.6932128
]
},
"properties": {
"osm_id": "node/12779339001",
"kind": "restaurant",
"name": "Les Affranchis"
}
},
{
"type": "Feature",
"geometry": {
"type": "Point",
"coordinates": [
9.4506001,
42.6965723
]
},
"properties": {
"osm_id": "node/12786959801",
"kind": "restaurant",
"name": "Mare E Monti"
}
},
{
"type": "Feature",
"geometry": {
"type": "Point",
"coordinates": [
9.4891278,
42.8099395
]
},
"properties": {
"osm_id": "node/12840339101",
"kind": "restaurant",
"name": "Le Galion"
}
},
{
"type": "Feature",
"geometry": {
"type": "Point",
"coordinates": [
9.4895071,
42.8115958
]
},
"properties": {
"osm_id": "node/12842638901",
"kind": "restaurant",
"name": "A Casaiola"
}
},
{
"type": "Feature",
"geometry": {
"type": "Point",
"coordinates": [
9.4673087,
42.810349
]
},
"properties": {
"osm_id": "node/12847320801",
"kind": "restaurant",
"name": "U San Martinu"
}
},
{
"type": "Feature",
"geometry": {
"type": "Point",
"coordinates": [
8.7385583,
41.9208377
]
},
"properties": {
"osm_id": "node/12848447267",
"kind": "restaurant",
"name": "Prova"
}
},
{
"type": "Feature",
"geometry": {
"type": "Point",
"coordinates": [
8.7385159,
41.920775
]
},
"properties": {
"osm_id": "node/12848459004",
"kind": "restaurant",
"name": "L'Ardoise"
}
},
{
"type": "Feature",
"geometry": {
"type": "Point",
"coordinates": [
8.7384789,
41.9207153
]
},
"properties": {
"osm_id": "node/12848463442",
"kind": "restaurant",
"name": "Maison Cameda"
}
},
{
"type": "Feature",
"geometry": {
"type": "Point",
"coordinates": [
9.4005283,
41.8580082
]
},
"properties": {
"osm_id": "node/12848754901",
"kind": "restaurant",
"name": "Chez Papou"
}
},
{
"type": "Feature",
"geometry": {
"type": "Point",
"coordinates": [
8.7385013,
41.9185856
]
},
"properties": {
"osm_id": "node/12855585001",
"kind": "ice cream",
"name": "Bonagelat"
}
},
{
"type": "Feature",
"geometry": {
"type": "Point",
"coordinates": [
8.738538,
41.9182911
]
},
"properties": {
"osm_id": "node/12855591701",
"kind": "restaurant",
"name": "Le Bosco"
}
},
{
"type": "Feature",
"geometry": {
"type": "Point",
"coordinates": [
9.535116,
42.2013561
]
},
"properties": {
"osm_id": "node/12856057237",
"kind": "snack bar",
"name": "Riot Sushis",
"opening_hours": "Mo,Th-Su 18:00-22:00"
}
},
{
"type": "Feature",
"geometry": {
"type": "Point",
"coordinates": [
8.9170268,
42.1958206
]
},
"properties": {
"osm_id": "node/12864061001",
"kind": "snack bar",
"name": "Pizzeria A croce maiò"
}
},
{
"type": "Feature",
"geometry": {
"type": "Point",
"coordinates": [
8.931793,
42.1852428
]
},
"properties": {
"osm_id": "node/12864157343",
"kind": "bar",
"name": "Versu l'Ortu"
}
},
{
"type": "Feature",
"geometry": {
"type": "Point",
"coordinates": [
8.9153356,
41.917814
]
},
"properties": {
"osm_id": "node/12866937109",
"kind": "restaurant",
"name": "L'Auberge Napoléon"
}
},
{
"type": "Feature",
"geometry": {
"type": "Point",
"coordinates": [
8.7357723,
41.9291266
]
},
"properties": {
"osm_id": "node/12866938123",
"kind": "bakery",
"name": ""
}
},
{
"type": "Feature",
"geometry": {
"type": "Point",
"coordinates": [
9.4390583,
42.6566632
]
},
"properties": {
"osm_id": "node/12878745318",
"kind": "supermarket",
"name": "Auchan",
"opening_hours": "Mo-Sa 08:00-20:30; Su 08:30-13:00"
}
},
{
"type": "Feature",
"geometry": {
"type": "Point",
"coordinates": [
9.4419135,
42.0034585
]
},
"properties": {
"osm_id": "node/12880519689",
"kind": "restaurant",
"name": "Gustu"
}
},
{
"type": "Feature",
"geometry": {
"type": "Point",
"coordinates": [
9.44177,
42.0028864
]
},
"properties": {
"osm_id": "node/12880519690",
"kind": "restaurant",
"name": "A suara"
}
},
{
"type": "Feature",
"geometry": {
"type": "Point",
"coordinates": [
9.5298336,
42.3822719
]
},
"properties": {
"osm_id": "node/12881268635",
"kind": "restaurant",
"name": "La famiglia"
}
},
{
"type": "Feature",
"geometry": {
"type": "Point",
"coordinates": [
9.5056964,
42.4484108
]
},
"properties": {
"osm_id": "node/12884645006",
"kind": "supermarket",
"name": "E.Leclerc",
"opening_hours": "Mo-Sa 08:30-20:00; Su 09:00-13:00"
}
},
{
"type": "Feature",
"geometry": {
"type": "Point",
"coordinates": [
9.4020968,
41.858073
]
},
"properties": {
"osm_id": "node/12884655653",
"kind": "restaurant",
"name": "L'Annexe"
}
},
{
"type": "Feature",
"geometry": {
"type": "Point",
"coordinates": [
9.3562501,
41.6412458
]
},
"properties": {
"osm_id": "node/12917102201",
"kind": "snack bar",
"name": "Foodtruck"
}
},
{
"type": "Feature",
"geometry": {
"type": "Point",
"coordinates": [
9.2548437,
41.5804567
]
},
"properties": {
"osm_id": "node/12917354202",
"kind": "restaurant",
"name": "Lˋaffameé Food Truck"
}
},
{
"type": "Feature",
"geometry": {
"type": "Point",
"coordinates": [
9.1510533,
42.3127091
]
},
"properties": {
"osm_id": "node/12924413501",
"kind": "small shop",
"name": "Utile",
"opening_hours": "Mo-Su 07:30-20:30"
}
},
{
"type": "Feature",
"geometry": {
"type": "Point",
"coordinates": [
9.4393701,
42.6447317
]
},
"properties": {
"osm_id": "node/12925544704",
"kind": "supermarket",
"name": "Super Souk Halal",
"opening_hours": "Mo-Su 08:00-20:00"
}
},
{
"type": "Feature",
"geometry": {
"type": "Point",
"coordinates": [
9.4396681,
42.6464089
]
},
"properties": {
"osm_id": "node/12925552802",
"kind": "supermarket",
"name": "La Roulotte Magasin Bio",
"opening_hours": "Mo-Sa 09:00-19:00"
}
},
{
"type": "Feature",
"geometry": {
"type": "Point",
"coordinates": [
9.3456985,
41.6311184
]
},
"properties": {
"osm_id": "node/12925884702",
"kind": "café",
"name": "Le Spot"
}
},
{
"type": "Feature",
"geometry": {
"type": "Point",
"coordinates": [
8.8313603,
42.5745091
]
},
"properties": {
"osm_id": "node/12932195803",
"kind": "bakery",
"name": "Boulanger Patissier Granu Grossu",
"opening_hours": "Mo-Sa 07:00-19:00; Su 07:00-13:00"
}
},
{
"type": "Feature",
"geometry": {
"type": "Point",
"coordinates": [
8.6882998,
42.2815141
]
},
"properties": {
"osm_id": "node/12954873501",
"kind": "restaurant",
"name": "Mare Chiare"
}
},
{
"type": "Feature",
"geometry": {
"type": "Point",
"coordinates": [
8.8620719,
41.9080909
]
},
"properties": {
"osm_id": "node/12955034752",
"kind": "farm shop",
"name": "L’Ortu di San ghuvà"
}
},
{
"type": "Feature",
"geometry": {
"type": "Point",
"coordinates": [
8.7397767,
41.9317401
]
},
"properties": {
"osm_id": "node/12960943201",
"kind": "small shop",
"name": "Proxi",
"opening_hours": "24/7"
}
},
{
"type": "Feature",
"geometry": {
"type": "Point",
"coordinates": [
8.7403394,
41.9295722
]
},
"properties": {
"osm_id": "node/12960943301",
"kind": "fuel station",
"name": ""
}
},
{
"type": "Feature",
"geometry": {
"type": "Point",
"coordinates": [
8.7110151,
41.9085937
]
},
"properties": {
"osm_id": "node/12963856001",
"kind": "restaurant",
"name": "Le Beau Rivage"
}
},
{
"type": "Feature",
"geometry": {
"type": "Point",
"coordinates": [
8.9092108,
41.6768009
]
},
"properties": {
"osm_id": "node/1296669766",
"kind": "bakery",
"name": "A Panattaria"
}
},
{
"type": "Feature",
"geometry": {
"type": "Point",
"coordinates": [
9.4093591,
41.9914613
]
},
"properties": {
"osm_id": "node/1296692458",
"kind": "restaurant",
"name": "Restaurant Campu Serenu"
}
},
{
"type": "Feature",
"geometry": {
"type": "Point",
"coordinates": [
8.761452,
41.8471412
]
},
"properties": {
"osm_id": "node/12977295601",
"kind": "restaurant",
"name": "Restaurant l'Oasis",
"opening_hours": "Tu, Fr-Sa 09:00-23:30; Su, We-Th 08:30-19:30"
}
},
{
"type": "Feature",
"geometry": {
"type": "Point",
"coordinates": [
9.5117727,
42.3611306
]
},
"properties": {
"osm_id": "node/12982391201",
"kind": "restaurant",
"name": "Le Snack de la Cascade"
}
},
{
"type": "Feature",
"geometry": {
"type": "Point",
"coordinates": [
8.7346421,
41.9183636
]
},
"properties": {
"osm_id": "node/12983305003",
"kind": "restaurant",
"name": "Violetta"
}
},
{
"type": "Feature",
"geometry": {
"type": "Point",
"coordinates": [
8.7352994,
41.9184922
]
},
"properties": {
"osm_id": "node/12983305101",
"kind": "bar",
"name": "Mino"
}
},
{
"type": "Feature",
"geometry": {
"type": "Point",
"coordinates": [
8.7340792,
41.9182799
]
},
"properties": {
"osm_id": "node/12983305202",
"kind": "restaurant",
"name": "By Gusto"
}
},
{
"type": "Feature",
"geometry": {
"type": "Point",
"coordinates": [
8.7349345,
41.9184171
]
},
"properties": {
"osm_id": "node/12983305301",
"kind": "bakery",
"name": "Boulangerie Patisserie du Diamant"
}
},
{
"type": "Feature",
"geometry": {
"type": "Point",
"coordinates": [
8.7341236,
41.9182852
]
},
"properties": {
"osm_id": "node/12983305303",
"kind": "café",
"name": "Mile End Café"
}
},
{
"type": "Feature",
"geometry": {
"type": "Point",
"coordinates": [
8.7347072,
41.9183779
]
},
"properties": {
"osm_id": "node/12983305401",
"kind": "ice cream",
"name": "Glacier"
}
},
{
"type": "Feature",
"geometry": {
"type": "Point",
"coordinates": [
8.7352087,
41.9188323
]
},
"properties": {
"osm_id": "node/12983335603",
"kind": "restaurant",
"name": "L'Ailleurs Cafe"
}
},
{
"type": "Feature",
"geometry": {
"type": "Point",
"coordinates": [
8.7349563,
41.9189212
]
},
"properties": {
"osm_id": "node/12983336401",
"kind": "restaurant",
"name": "Ovent d'Ange"
}
},
{
"type": "Feature",
"geometry": {
"type": "Point",
"coordinates": [
8.7347733,
41.9188862
]
},
"properties": {
"osm_id": "node/12983336501",
"kind": "restaurant",
"name": "U Cinnaronu"
}
},
{
"type": "Feature",
"geometry": {
"type": "Point",
"coordinates": [
8.7376521,
41.9225219
]
},
"properties": {
"osm_id": "node/12983338501",
"kind": "restaurant",
"name": "Piuma Artisan Rotisseur",
"opening_hours": "Mo-Fr 07:00-13:30, 15:30-19:00; Sa 08:00-13:30"
}
},
{
"type": "Feature",
"geometry": {
"type": "Point",
"coordinates": [
8.7350925,
41.91846
]
},
"properties": {
"osm_id": "node/12983421540",
"kind": "bar",
"name": "Au Grandval"
}
},
{
"type": "Feature",
"geometry": {
"type": "Point",
"coordinates": [
8.7386857,
41.9252938
]
},
"properties": {
"osm_id": "node/12997930701",
"kind": "snack bar",
"name": "La Pause Solidaire"
}
},
{
"type": "Feature",
"geometry": {
"type": "Point",
"coordinates": [
9.0463208,
42.0003108
]
},
"properties": {
"osm_id": "node/13018763712",
"kind": "restaurant",
"name": "Artemisia, Table d'hôtes"
}
},
{
"type": "Feature",
"geometry": {
"type": "Point",
"coordinates": [
9.3363341,
42.8096162
]
},
"properties": {
"osm_id": "node/13018830101",
"kind": "small shop",
"name": "",
"opening_hours": "Mo-Su 08:00-13:00, 16:00-20:00"
}
},
{
"type": "Feature",
"geometry": {
"type": "Point",
"coordinates": [
9.2054851,
42.4625916
]
},
"properties": {
"osm_id": "node/13026567101",
"kind": "restaurant",
"name": "Café des Sports",
"opening_hours": "Mo,We,Th,Fr,Sa 06:00-16:15; Tu 06:00-18:15"
}
},
{
"type": "Feature",
"geometry": {
"type": "Point",
"coordinates": [
9.41415,
42.6582545
]
},
"properties": {
"osm_id": "node/13026867854",
"kind": "restaurant",
"name": "L'ébistine"
}
},
{
"type": "Feature",
"geometry": {
"type": "Point",
"coordinates": [
8.7657237,
41.8434628
]
},
"properties": {
"osm_id": "node/13027128782",
"kind": "restaurant",
"name": "Iso"
}
},
{
"type": "Feature",
"geometry": {
"type": "Point",
"coordinates": [
8.8618756,
42.006658
]
},
"properties": {
"osm_id": "node/13027139418",
"kind": "restaurant",
"name": "Petit Peri"
}
},
{
"type": "Feature",
"geometry": {
"type": "Point",
"coordinates": [
8.8486028,
41.9935709
]
},
"properties": {
"osm_id": "node/13027139421",
"kind": "bakery",
"name": "Boulangerie Pâtisserie"
}
},
{
"type": "Feature",
"geometry": {
"type": "Point",
"coordinates": [
8.8479508,
41.9931295
]
},
"properties": {
"osm_id": "node/13027139422",
"kind": "greengrocer",
"name": "Fruits Et Légumes"
}
},
{
"type": "Feature",
"geometry": {
"type": "Point",
"coordinates": [
8.865503,
42.0094184
]
},
"properties": {
"osm_id": "node/13027139424",
"kind": "bar",
"name": "Honolulu"
}
},
{
"type": "Feature",
"geometry": {
"type": "Point",
"coordinates": [
8.8654196,
42.0093733
]
},
"properties": {
"osm_id": "node/13027139426",
"kind": "small shop",
"name": "U Cucchjulinu"
}
},
{
"type": "Feature",
"geometry": {
"type": "Point",
"coordinates": [
9.1736508,
42.2484145
]
},
"properties": {
"osm_id": "node/13028369341",
"kind": "restaurant",
"name": "Le Petit Bosquet"
}
},
{
"type": "Feature",
"geometry": {
"type": "Point",
"coordinates": [
8.7376622,
41.9188526
]
},
"properties": {
"osm_id": "node/13034065153",
"kind": "restaurant",
"name": "Algnory"
}
},
{
"type": "Feature",
"geometry": {
"type": "Point",
"coordinates": [
8.5970253,
42.1348057
]
},
"properties": {
"osm_id": "node/13034250501",
"kind": "café",
"name": "Le Chantilly"
}
},
{
"type": "Feature",
"geometry": {
"type": "Point",
"coordinates": [
8.7383474,
41.9200353
]
},
"properties": {
"osm_id": "node/13040713993",
"kind": "bar",
"name": "Bar du Marché"
}
},
{
"type": "Feature",
"geometry": {
"type": "Point",
"coordinates": [
8.9445763,
42.634045
]
},
"properties": {
"osm_id": "node/13046336501",
"kind": "restaurant",
"name": "A Casella"
}
},
{
"type": "Feature",
"geometry": {
"type": "Point",
"coordinates": [
8.9413448,
42.6341538
]
},
"properties": {
"osm_id": "node/13046350301",
"kind": "restaurant",
"name": "Le Grand Large",
"opening_hours": "Tu-Su 09:00-22:00"
}
},
{
"type": "Feature",
"geometry": {
"type": "Point",
"coordinates": [
8.9409517,
42.6342627
]
},
"properties": {
"osm_id": "node/13046350302",
"kind": "restaurant",
"name": "Les Tamaris",
"opening_hours": "Mo-Su 09:00-23:00"
}
},
{
"type": "Feature",
"geometry": {
"type": "Point",
"coordinates": [
9.0468863,
41.6611394
]
},
"properties": {
"osm_id": "node/13058611823",
"kind": "small shop",
"name": "Épicerie Paulina",
"opening_hours": "Mo-Sa 09:00-14:30,17:30-22:00; Su,PH 09:00-14:30"
}
},
{
"type": "Feature",
"geometry": {
"type": "Point",
"coordinates": [
8.9743078,
41.7871525
]
},
"properties": {
"osm_id": "node/13058840007",
"kind": "restaurant",
"name": "La Forge",
"opening_hours": "Mo-Th 06:30-19:30; Fr-Su,PH 06:30-23:00"
}
},
{
"type": "Feature",
"geometry": {
"type": "Point",
"coordinates": [
8.9759383,
41.787825
]
},
"properties": {
"osm_id": "node/13058840024",
"kind": "small shop",
"name": "Marché des Producteurs",
"opening_hours": "Mo-Sa 09:00-13:00,16:00-19:00; Su,PH 09:00-12:30"
}
},
{
"type": "Feature",
"geometry": {
"type": "Point",
"coordinates": [
9.1489068,
41.7211445
]
},
"properties": {
"osm_id": "node/13058942966",
"kind": "snack bar",
"name": "A Doppu"
}
},
{
"type": "Feature",
"geometry": {
"type": "Point",
"coordinates": [
8.877425,
41.6102376
]
},
"properties": {
"osm_id": "node/13072626922",
"kind": "small shop",
"name": "A Funtana Bar Épicerie",
"opening_hours": "Mo-Su 08:00-12:30, 18:00-21:00"
}
},
{
"type": "Feature",
"geometry": {
"type": "Point",
"coordinates": [
9.4789767,
42.4097581
]
},
"properties": {
"osm_id": "node/13090534401",
"kind": "restaurant",
"name": "Tavagna Club",
"opening_hours": "Mo-Su 17:00-00:00"
}
},
{
"type": "Feature",
"geometry": {
"type": "Point",
"coordinates": [
8.7373934,
41.928239
]
},
"properties": {
"osm_id": "node/13097907501",
"kind": "small shop",
"name": "Utile"
}
},
{
"type": "Feature",
"geometry": {
"type": "Point",
"coordinates": [
8.7562462,
41.9427118
]
},
"properties": {
"osm_id": "node/13097907601",
"kind": "small shop",
"name": "Carrefour City",
"opening_hours": "Mo-Sa 08:00-20:00; Su 09:00-20:00"
}
},
{
"type": "Feature",
"geometry": {
"type": "Point",
"coordinates": [
9.5283824,
42.3819177
]
},
"properties": {
"osm_id": "node/13098813701",
"kind": "snack bar",
"name": "American BBQ",
"opening_hours": "Mo-Su 09:00-18:00"
}
},
{
"type": "Feature",
"geometry": {
"type": "Point",
"coordinates": [
9.4410481,
42.6932679
]
},
"properties": {
"osm_id": "node/13109260410",
"kind": "café",
"name": "Le Saint-Antoine"
}
},
{
"type": "Feature",
"geometry": {
"type": "Point",
"coordinates": [
9.445041,
42.6994276
]
},
"properties": {
"osm_id": "node/13109260537",
"kind": "snack bar",
"name": "Pizzeria Les Chemins"
}
},
{
"type": "Feature",
"geometry": {
"type": "Point",
"coordinates": [
9.4448438,
42.699399
]
},
"properties": {
"osm_id": "node/13109260538",
"kind": "snack bar",
"name": "Burger Les chemins"
}
},
{
"type": "Feature",
"geometry": {
"type": "Point",
"coordinates": [
9.4405872,
42.695109
]
},
"properties": {
"osm_id": "node/13109260626",
"kind": "bakery",
"name": "Ghisoni Mariotti"
}
},
{
"type": "Feature",
"geometry": {
"type": "Point",
"coordinates": [
9.4476132,
42.7025056
]
},
"properties": {
"osm_id": "node/13109260737",
"kind": "restaurant",
"name": "Pizza de la Gare"
}
},
{
"type": "Feature",
"geometry": {
"type": "Point",
"coordinates": [
9.4488442,
42.7027719
]
},
"properties": {
"osm_id": "node/13109260739",
"kind": "bar",
"name": "Terminus"
}
},
{
"type": "Feature",
"geometry": {
"type": "Point",
"coordinates": [
9.4436289,
42.7032375
]
},
"properties": {
"osm_id": "node/13109260765",
"kind": "bar",
"name": "L'Allegria"
}
},
{
"type": "Feature",
"geometry": {
"type": "Point",
"coordinates": [
9.4364512,
42.6639159
]
},
"properties": {
"osm_id": "node/13109382661",
"kind": "bakery",
"name": "L'atelier"
}
},
{
"type": "Feature",
"geometry": {
"type": "Point",
"coordinates": [
9.4376904,
42.6726104
]
},
"properties": {
"osm_id": "node/13109396644",
"kind": "café",
"name": "Café Des Jeunes"
}
},
{
"type": "Feature",
"geometry": {
"type": "Point",
"coordinates": [
9.4375737,
42.6726434
]
},
"properties": {
"osm_id": "node/13109396645",
"kind": "snack bar",
"name": "Pizza Foot"
}
},
{
"type": "Feature",
"geometry": {
"type": "Point",
"coordinates": [
9.4374973,
42.6726666
]
},
"properties": {
"osm_id": "node/13109396646",
"kind": "bakery",
"name": "U San Petru"
}
},
{
"type": "Feature",
"geometry": {
"type": "Point",
"coordinates": [
9.4376676,
42.6754018
]
},
"properties": {
"osm_id": "node/13109396672",
"kind": "small shop",
"name": "Utile"
}
},
{
"type": "Feature",
"geometry": {
"type": "Point",
"coordinates": [
9.4362769,
42.6759273
]
},
"properties": {
"osm_id": "node/13109396677",
"kind": "snack bar",
"name": "Pizza Mathieu"
}
},
{
"type": "Feature",
"geometry": {
"type": "Point",
"coordinates": [
9.4360422,
42.6759549
]
},
"properties": {
"osm_id": "node/13109396678",
"kind": "snack bar",
"name": "Imperial Burger"
}
},
{
"type": "Feature",
"geometry": {
"type": "Point",
"coordinates": [
8.7559697,
42.5656577
]
},
"properties": {
"osm_id": "node/13110121317",
"kind": "bakery",
"name": "Maison Piazza"
}
},
{
"type": "Feature",
"geometry": {
"type": "Point",
"coordinates": [
8.7555535,
42.5649817
]
},
"properties": {
"osm_id": "node/13110121318",
"kind": "bar",
"name": "Caipirinhas"
}
},
{
"type": "Feature",
"geometry": {
"type": "Point",
"coordinates": [
8.7614186,
42.5523485
]
},
"properties": {
"osm_id": "node/13110133169",
"kind": "bar",
"name": "Spelunca"
}
},
{
"type": "Feature",
"geometry": {
"type": "Point",
"coordinates": [
8.755359,
42.5647031
]
},
"properties": {
"osm_id": "node/13110171849",
"kind": "bar",
"name": "L'empire"
}
},
{
"type": "Feature",
"geometry": {
"type": "Point",
"coordinates": [
8.7552606,
42.5644489
]
},
"properties": {
"osm_id": "node/13110171850",
"kind": "café",
"name": "Le Marly"
}
},
{
"type": "Feature",
"geometry": {
"type": "Point",
"coordinates": [
8.7550886,
42.5642219
]
},
"properties": {
"osm_id": "node/13110171851",
"kind": "restaurant",
"name": "Karma"
}
},
{
"type": "Feature",
"geometry": {
"type": "Point",
"coordinates": [
8.8386805,
42.5084795
]
},
"properties": {
"osm_id": "node/13110425422",
"kind": "greengrocer",
"name": "Le Jardin De Moncale",
"opening_hours": "10:00-12:00,17:00-20:00"
}
},
{
"type": "Feature",
"geometry": {
"type": "Point",
"coordinates": [
8.8374656,
42.5087846
]
},
"properties": {
"osm_id": "node/13110433632",
"kind": "restaurant",
"name": "Titi Twister Bar Restaurant"
}
},
{
"type": "Feature",
"geometry": {
"type": "Point",
"coordinates": [
9.4465403,
42.6689057
]
},
"properties": {
"osm_id": "node/13110592423",
"kind": "café",
"name": "Le Kiosque"
}
},
{
"type": "Feature",
"geometry": {
"type": "Point",
"coordinates": [
9.4529521,
42.7073317
]
},
"properties": {
"osm_id": "node/13110710157",
"kind": "bar",
"name": "Bar-Tabac de la Paix"
}
},
{
"type": "Feature",
"geometry": {
"type": "Point",
"coordinates": [
9.4527107,
42.7065817
]
},
"properties": {
"osm_id": "node/13110710158",
"kind": "café",
"name": "Le Moka"
}
},
{
"type": "Feature",
"geometry": {
"type": "Point",
"coordinates": [
9.4530058,
42.7040958
]
},
"properties": {
"osm_id": "node/13110710165",
"kind": "snack bar",
"name": "Le Roi de Coeur"
}
},
{
"type": "Feature",
"geometry": {
"type": "Point",
"coordinates": [
9.4518927,
42.7041633
]
},
"properties": {
"osm_id": "node/13110710167",
"kind": "bakery",
"name": "Au Blé d'Or"
}
},
{
"type": "Feature",
"geometry": {
"type": "Point",
"coordinates": [
9.4517224,
42.7036567
]
},
"properties": {
"osm_id": "node/13110710171",
"kind": "small shop",
"name": "Mercatu Bio"
}
},
{
"type": "Feature",
"geometry": {
"type": "Point",
"coordinates": [
9.4511048,
42.7025365
]
},
"properties": {
"osm_id": "node/13110710178",
"kind": "café",
"name": "L'Impasse"
}
},
{
"type": "Feature",
"geometry": {
"type": "Point",
"coordinates": [
9.4409949,
42.6787846
]
},
"properties": {
"osm_id": "node/13110719112",
"kind": "snack bar",
"name": "Miam's Pizza"
}
},
{
"type": "Feature",
"geometry": {
"type": "Point",
"coordinates": [
9.4468904,
42.6949725
]
},
"properties": {
"osm_id": "node/13110719140",
"kind": "bar",
"name": "Bar-Tabac du Palais"
}
},
{
"type": "Feature",
"geometry": {
"type": "Point",
"coordinates": [
9.4471505,
42.6947409
]
},
"properties": {
"osm_id": "node/13110719141",
"kind": "bar",
"name": "L'Ombrage"
}
},
{
"type": "Feature",
"geometry": {
"type": "Point",
"coordinates": [
9.4503276,
42.6940115
]
},
"properties": {
"osm_id": "node/13110719153",
"kind": "snack bar",
"name": "Snack du Quartier"
}
},
{
"type": "Feature",
"geometry": {
"type": "Point",
"coordinates": [
9.4498864,
42.6932574
]
},
"properties": {
"osm_id": "node/13110719159",
"kind": "small shop",
"name": "Spar",
"opening_hours": "Mo-Sa 06:30-20:00; Su 06:30-13:00"
}
},
{
"type": "Feature",
"geometry": {
"type": "Point",
"coordinates": [
9.4496933,
42.6923367
]
},
"properties": {
"osm_id": "node/13110719160",
"kind": "bar",
"name": "Bar Mimi"
}
},
{
"type": "Feature",
"geometry": {
"type": "Point",
"coordinates": [
9.4497979,
42.692248
]
},
"properties": {
"osm_id": "node/13110719161",
"kind": "bakery",
"name": ""
}
},
{
"type": "Feature",
"geometry": {
"type": "Point",
"coordinates": [
9.4497362,
42.6917907
]
},
"properties": {
"osm_id": "node/13110719163",
"kind": "bar",
"name": "Bar Polo"
}
},
{
"type": "Feature",
"geometry": {
"type": "Point",
"coordinates": [
9.4488497,
42.6912061
]
},
"properties": {
"osm_id": "node/13110719165",
"kind": "snack bar",
"name": "L'Accanitu"
}
},
{
"type": "Feature",
"geometry": {
"type": "Point",
"coordinates": [
9.4473061,
42.690659
]
},
"properties": {
"osm_id": "node/13110719169",
"kind": "bakery",
"name": "Eric Lazarini"
}
},
{
"type": "Feature",
"geometry": {
"type": "Point",
"coordinates": [
9.4791524,
42.837628
]
},
"properties": {
"osm_id": "node/13110986911",
"kind": "restaurant",
"name": "Effet Mer"
}
},
{
"type": "Feature",
"geometry": {
"type": "Point",
"coordinates": [
9.4780457,
42.8410997
]
},
"properties": {
"osm_id": "node/13110986912",
"kind": "restaurant",
"name": "Les Chasseurs"
}
},
{
"type": "Feature",
"geometry": {
"type": "Point",
"coordinates": [
9.4795937,
42.8388892
]
},
"properties": {
"osm_id": "node/13110986913",
"kind": "restaurant",
"name": "La Vela"
}
},
{
"type": "Feature",
"geometry": {
"type": "Point",
"coordinates": [
9.476263,
42.8370857
]
},
"properties": {
"osm_id": "node/13110986914",
"kind": "restaurant",
"name": "Ferme Auberge l'Aghja"
}
},
{
"type": "Feature",
"geometry": {
"type": "Point",
"coordinates": [
9.3600057,
42.600703
]
},
"properties": {
"osm_id": "node/13111045319",
"kind": "small shop",
"name": "Epicerie du Col",
"opening_hours": "Mo-Su 07:30-19:30"
}
},
{
"type": "Feature",
"geometry": {
"type": "Point",
"coordinates": [
8.8554958,
42.5081282
]
},
"properties": {
"osm_id": "node/13111815525",
"kind": "restaurant",
"name": "Ecclesia"
}
},
{
"type": "Feature",
"geometry": {
"type": "Point",
"coordinates": [
8.7389608,
41.9181758
]
},
"properties": {
"osm_id": "node/13113102310",
"kind": "restaurant",
"name": "A Casa Leca"
}
},
{
"type": "Feature",
"geometry": {
"type": "Point",
"coordinates": [
8.7388093,
41.918076
]
},
"properties": {
"osm_id": "node/13113102311",
"kind": "restaurant",
"name": "a casa de leca"
}
},
{
"type": "Feature",
"geometry": {
"type": "Point",
"coordinates": [
8.7400793,
41.9181035
]
},
"properties": {
"osm_id": "node/13113102335",
"kind": "restaurant",
"name": "L'Annexe"
}
},
{
"type": "Feature",
"geometry": {
"type": "Point",
"coordinates": [
8.7390225,
41.9186917
]
},
"properties": {
"osm_id": "node/13113102351",
"kind": "restaurant",
"name": "La Gioia"
}
},
{
"type": "Feature",
"geometry": {
"type": "Point",
"coordinates": [
8.7395529,
41.9187706
]
},
"properties": {
"osm_id": "node/13113102353",
"kind": "restaurant",
"name": "La Rade"
}
},
{
"type": "Feature",
"geometry": {
"type": "Point",
"coordinates": [
8.7384962,
41.919534
]
},
"properties": {
"osm_id": "node/13113102374",
"kind": "bar",
"name": "L'Idéal Bar"
}
},
{
"type": "Feature",
"geometry": {
"type": "Point",
"coordinates": [
8.7385029,
41.9194861
]
},
"properties": {
"osm_id": "node/13113102375",
"kind": "small shop",
"name": "Casino",
"opening_hours": "Mo-Su 08:00-20:00"
}
},
{
"type": "Feature",
"geometry": {
"type": "Point",
"coordinates": [
8.7380348,
41.9199341
]
},
"properties": {
"osm_id": "node/13113102376",
"kind": "bar",
"name": "Le Bistro du Quai"
}
},
{
"type": "Feature",
"geometry": {
"type": "Point",
"coordinates": [
8.7374796,
41.9215626
]
},
"properties": {
"osm_id": "node/13115522434",
"kind": "snack bar",
"name": "Green Farmer's",
"opening_hours": "Mo-Su,PH 11:00-21:30"
}
},
{
"type": "Feature",
"geometry": {
"type": "Point",
"coordinates": [
8.7378216,
41.91713
]
},
"properties": {
"osm_id": "node/13115522481",
"kind": "ice cream",
"name": "Glacier Canaille"
}
},
{
"type": "Feature",
"geometry": {
"type": "Point",
"coordinates": [
8.8516059,
42.5084994
]
},
"properties": {
"osm_id": "node/13116528070",
"kind": "fuel station",
"name": "Eni",
"opening_hours": "24/7"
}
},
{
"type": "Feature",
"geometry": {
"type": "Point",
"coordinates": [
8.8547805,
42.5078243
]
},
"properties": {
"osm_id": "node/13119871726",
"kind": "bar",
"name": "Chez Charles"
}
},
{
"type": "Feature",
"geometry": {
"type": "Point",
"coordinates": [
8.9454721,
42.6335427
]
},
"properties": {
"osm_id": "node/13120742462",
"kind": "restaurant",
"name": "L'Acula Marina"
}
},
{
"type": "Feature",
"geometry": {
"type": "Point",
"coordinates": [
8.9481341,
42.6312301
]
},
"properties": {
"osm_id": "node/13120759855",
"kind": "snack bar",
"name": "Stella Mare Snack"
}
},
{
"type": "Feature",
"geometry": {
"type": "Point",
"coordinates": [
8.947167,
42.6333119
]
},
"properties": {
"osm_id": "node/13120759856",
"kind": "snack bar",
"name": "Stella Mare Snack"
}
},
{
"type": "Feature",
"geometry": {
"type": "Point",
"coordinates": [
8.9474219,
42.6333258
]
},
"properties": {
"osm_id": "node/13120759857",
"kind": "restaurant",
"name": "Stella Mare"
}
},
{
"type": "Feature",
"geometry": {
"type": "Point",
"coordinates": [
8.9373073,
42.6353718
]
},
"properties": {
"osm_id": "node/13120821000",
"kind": "restaurant",
"name": "L'osteria"
}
},
{
"type": "Feature",
"geometry": {
"type": "Point",
"coordinates": [
8.9375779,
42.6353855
]
},
"properties": {
"osm_id": "node/13120866201",
"kind": "restaurant",
"name": "Terra D'amore"
}
},
{
"type": "Feature",
"geometry": {
"type": "Point",
"coordinates": [
8.8310641,
42.4514067
]
},
"properties": {
"osm_id": "node/13121207757",
"kind": "farm shop",
"name": "Bergerie De Frassigne"
}
},
{
"type": "Feature",
"geometry": {
"type": "Point",
"coordinates": [
8.9380984,
42.6358518
]
},
"properties": {
"osm_id": "node/13121354979",
"kind": "bar",
"name": "Fruity Bar",
"opening_hours": "Mo-Su 09:00-20:00"
}
},
{
"type": "Feature",
"geometry": {
"type": "Point",
"coordinates": [
8.7390385,
41.9174387
]
},
"properties": {
"osm_id": "node/13125528117",
"kind": "restaurant",
"name": "Marinette",
"opening_hours": "Mo, Th-Su 11:30-14:00, 19:00-22:00"
}
},
{
"type": "Feature",
"geometry": {
"type": "Point",
"coordinates": [
8.7382717,
41.9241524
]
},
"properties": {
"osm_id": "node/13125529723",
"kind": "restaurant",
"name": "Rosette et Charlot",
"opening_hours": "Mo-Fr 09:00-14:30, 18:30-21:30; Sa 19:00-22:00"
}
},
{
"type": "Feature",
"geometry": {
"type": "Point",
"coordinates": [
8.7576043,
42.5661041
]
},
"properties": {
"osm_id": "node/13125654601",
"kind": "restaurant",
"name": "CASA BELLA STORIA",
"opening_hours": "Tu-Su 09:00-23:00"
}
},
{
"type": "Feature",
"geometry": {
"type": "Point",
"coordinates": [
8.8345735,
42.5785625
]
},
"properties": {
"osm_id": "node/13127572577",
"kind": "supermarket",
"name": "Libre Service Presse Tabac"
}
},
{
"type": "Feature",
"geometry": {
"type": "Point",
"coordinates": [
8.8251141,
42.5260927
]
},
"properties": {
"osm_id": "node/13127887536",
"kind": "restaurant",
"name": "La Table du Domaine Camellu",
"opening_hours": "19:30-23:00; Tu off"
}
},
{
"type": "Feature",
"geometry": {
"type": "Point",
"coordinates": [
9.0119449,
42.3350371
]
},
"properties": {
"osm_id": "node/13140604455",
"kind": "restaurant",
"name": "Fucaghjolu"
}
},
{
"type": "Feature",
"geometry": {
"type": "Point",
"coordinates": [
8.9502174,
42.6309758
]
},
"properties": {
"osm_id": "node/13168046798",
"kind": "bakery",
"name": ""
}
},
{
"type": "Feature",
"geometry": {
"type": "Point",
"coordinates": [
9.4518834,
42.6933493
]
},
"properties": {
"osm_id": "node/13169579401",
"kind": "bar",
"name": "Le Perchoir",
"opening_hours": "Mo-Su 09:00-22:00"
}
},
{
"type": "Feature",
"geometry": {
"type": "Point",
"coordinates": [
9.449779,
42.6984054
]
},
"properties": {
"osm_id": "node/13170461505",
"kind": "snack bar",
"name": "smartoni fooding",
"opening_hours": "Mo-Sa 09:00-19:00"
}
},
{
"type": "Feature",
"geometry": {
"type": "Point",
"coordinates": [
8.817653,
41.9688419
]
},
"properties": {
"osm_id": "node/13184382701",
"kind": "snack bar",
"name": "Chez Cathy"
}
},
{
"type": "Feature",
"geometry": {
"type": "Point",
"coordinates": [
9.3828486,
42.0083099
]
},
"properties": {
"osm_id": "node/13194382532",
"kind": "bar",
"name": "Ty Corsa"
}
},
{
"type": "Feature",
"geometry": {
"type": "Point",
"coordinates": [
9.293587,
41.6324468
]
},
"properties": {
"osm_id": "node/13232264237",
"kind": "restaurant",
"name": ""
}
},
{
"type": "Feature",
"geometry": {
"type": "Point",
"coordinates": [
8.8516829,
41.5405985
]
},
"properties": {
"osm_id": "node/13233987001",
"kind": "restaurant",
"name": "ARIA NOVA"
}
},
{
"type": "Feature",
"geometry": {
"type": "Point",
"coordinates": [
8.7490197,
42.0813167
]
},
"properties": {
"osm_id": "node/1324831167",
"kind": "restaurant",
"name": ""
}
},
{
"type": "Feature",
"geometry": {
"type": "Point",
"coordinates": [
8.6952121,
42.1149664
]
},
"properties": {
"osm_id": "node/13250153201",
"kind": "restaurant",
"name": "U Mare"
}
},
{
"type": "Feature",
"geometry": {
"type": "Point",
"coordinates": [
9.4501015,
42.6953809
]
},
"properties": {
"osm_id": "node/13251893653",
"kind": "restaurant",
"name": "Le Saïgon"
}
},
{
"type": "Feature",
"geometry": {
"type": "Point",
"coordinates": [
9.4004798,
41.8587971
]
},
"properties": {
"osm_id": "node/13289860984",
"kind": "restaurant",
"name": "Petite Nems",
"opening_hours": "Tu-Sa  11:30-14:00,18:00-22:00; Su 11:30-14:00"
}
},
{
"type": "Feature",
"geometry": {
"type": "Point",
"coordinates": [
9.1305975,
41.9098238
]
},
"properties": {
"osm_id": "node/1329785000",
"kind": "small shop",
"name": "Alimentation"
}
},
{
"type": "Feature",
"geometry": {
"type": "Point",
"coordinates": [
9.4414877,
42.5508168
]
},
"properties": {
"osm_id": "node/13305928070",
"kind": "restaurant",
"name": "Le Vesuvio 2B",
"opening_hours": "Mo-Th 07:00-19:00; Fr, Sa 07:00-22:00"
}
},
{
"type": "Feature",
"geometry": {
"type": "Point",
"coordinates": [
9.1497305,
42.3110365
]
},
"properties": {
"osm_id": "node/13334822122",
"kind": "restaurant",
"name": "Pizza Panate",
"opening_hours": "uniquement repas du soir"
}
},
{
"type": "Feature",
"geometry": {
"type": "Point",
"coordinates": [
9.4943062,
42.5993225
]
},
"properties": {
"osm_id": "node/13367816721",
"kind": "bakery",
"name": "Point chaud la marana",
"opening_hours": "Mo-Sa 07:00-12:30,15:30-19:00; Su 07:30-12:30"
}
},
{
"type": "Feature",
"geometry": {
"type": "Point",
"coordinates": [
9.0350352,
42.4557308
]
},
"properties": {
"osm_id": "node/1337623561",
"kind": "restaurant",
"name": "L'Acropole"
}
},
{
"type": "Feature",
"geometry": {
"type": "Point",
"coordinates": [
9.4425049,
42.6541092
]
},
"properties": {
"osm_id": "node/13376391196",
"kind": "restaurant",
"name": "Brasserie La Causerie",
"opening_hours": "Mo-Sa 08:00-19:00"
}
},
{
"type": "Feature",
"geometry": {
"type": "Point",
"coordinates": [
9.4398733,
42.6549145
]
},
"properties": {
"osm_id": "node/13376878818",
"kind": "café",
"name": "U San Pancraziu",
"opening_hours": "Mo-Sa 07:00-20:00"
}
},
{
"type": "Feature",
"geometry": {
"type": "Point",
"coordinates": [
9.4419976,
42.6577445
]
},
"properties": {
"osm_id": "node/13378149810",
"kind": "restaurant",
"name": "Restaurant Le 193"
}
},
{
"type": "Feature",
"geometry": {
"type": "Point",
"coordinates": [
9.2057704,
42.4623408
]
},
"properties": {
"osm_id": "node/13382197715",
"kind": "restaurant",
"name": "Restaurant-Brasserie Le Carré d’As",
"opening_hours": "Mo-Su 06:00-23:00"
}
},
{
"type": "Feature",
"geometry": {
"type": "Point",
"coordinates": [
9.2056826,
42.4624606
]
},
"properties": {
"osm_id": "node/13382197716",
"kind": "bakery",
"name": "Boulangerie Viennoiserie \"Pain chaud\""
}
},
{
"type": "Feature",
"geometry": {
"type": "Point",
"coordinates": [
9.2066777,
42.462033
]
},
"properties": {
"osm_id": "node/13382197718",
"kind": "bar",
"name": "Bar La belle époque"
}
},
{
"type": "Feature",
"geometry": {
"type": "Point",
"coordinates": [
9.2082757,
42.4589442
]
},
"properties": {
"osm_id": "node/13382197721",
"kind": "restaurant",
"name": "Mimi Chic",
"opening_hours": "Mo-Sa 06:30-20:00"
}
},
{
"type": "Feature",
"geometry": {
"type": "Point",
"coordinates": [
9.2084275,
42.4588851
]
},
"properties": {
"osm_id": "node/13382197725",
"kind": "supermarket",
"name": "Spar",
"opening_hours": "Mo-Sa 08:00-13:00,15:00-20:00; Su 08:00-13:00"
}
},
{
"type": "Feature",
"geometry": {
"type": "Point",
"coordinates": [
9.2067902,
42.4611722
]
},
"properties": {
"osm_id": "node/13382315637",
"kind": "bakery",
"name": "Le Pasquale Paoli",
"opening_hours": "Mo-Su 06:30-19:00"
}
},
{
"type": "Feature",
"geometry": {
"type": "Point",
"coordinates": [
9.443095,
42.673417
]
},
"properties": {
"osm_id": "node/13383209672",
"kind": "restaurant",
"name": "Snack Aladdin",
"opening_hours": "Mo-Sa 11:00-14:30,18:00-21:30"
}
},
{
"type": "Feature",
"geometry": {
"type": "Point",
"coordinates": [
9.4430034,
42.6735414
]
},
"properties": {
"osm_id": "node/13383371189",
"kind": "bar",
"name": "U Centru"
}
},
{
"type": "Feature",
"geometry": {
"type": "Point",
"coordinates": [
9.4413998,
42.6656834
]
},
"properties": {
"osm_id": "node/13383391786",
"kind": "bar",
"name": "La Brasserie",
"opening_hours": "Mo-Sa 06:30-19:30"
}
},
{
"type": "Feature",
"geometry": {
"type": "Point",
"coordinates": [
9.4510336,
42.702349
]
},
"properties": {
"osm_id": "node/13384336662",
"kind": "restaurant",
"name": "La Table chez Straboni",
"opening_hours": "Mo 07:00-15:00; Tu-Fr 07:00-15:00,18:00-22:00, Sa 10:00-15:00"
}
},
{
"type": "Feature",
"geometry": {
"type": "Point",
"coordinates": [
9.4510754,
42.7024691
]
},
"properties": {
"osm_id": "node/13384336663",
"kind": "bar",
"name": "Brasserie Saint Victor",
"opening_hours": "Mo-Sa 06:00-00:00"
}
},
{
"type": "Feature",
"geometry": {
"type": "Point",
"coordinates": [
9.4498221,
42.7020708
]
},
"properties": {
"osm_id": "node/13384336671",
"kind": "small shop",
"name": "L'Epicerie Fine - La Boutique du Cadeau de luxe Bastia",
"opening_hours": "Mo-Sa 09:00-12:30,14:30-19:30"
}
},
{
"type": "Feature",
"geometry": {
"type": "Point",
"coordinates": [
9.4497584,
42.7018893
]
},
"properties": {
"osm_id": "node/13384336676",
"kind": "café",
"name": "Roma Café"
}
},
{
"type": "Feature",
"geometry": {
"type": "Point",
"coordinates": [
9.3914697,
41.9399113
]
},
"properties": {
"osm_id": "node/13390326124",
"kind": "farm shop",
"name": "U piccuiu"
}
},
{
"type": "Feature",
"geometry": {
"type": "Point",
"coordinates": [
9.546205,
42.2546863
]
},
"properties": {
"osm_id": "node/13390384703",
"kind": "farm shop",
"name": "L'ortu paisanu"
}
},
{
"type": "Feature",
"geometry": {
"type": "Point",
"coordinates": [
8.9144935,
41.6699575
]
},
"properties": {
"osm_id": "node/13395388134",
"kind": "bakery",
"name": "L'atelier & co"
}
},
{
"type": "Feature",
"geometry": {
"type": "Point",
"coordinates": [
8.7677485,
41.8426079
]
},
"properties": {
"osm_id": "node/13401631766",
"kind": "supermarket",
"name": "Carrefour Express Isolella",
"opening_hours": "08:00-20:00"
}
},
{
"type": "Feature",
"geometry": {
"type": "Point",
"coordinates": [
9.4414565,
42.6633198
]
},
"properties": {
"osm_id": "node/13427439746",
"kind": "restaurant",
"name": "Restaurant Gourmet d'Asie",
"opening_hours": "Mo-Su 12:00-14:30,19:00-22:30"
}
},
{
"type": "Feature",
"geometry": {
"type": "Point",
"coordinates": [
9.4484357,
42.6982072
]
},
"properties": {
"osm_id": "node/13427553680",
"kind": "café",
"name": "Columbus Café & Co",
"opening_hours": "Mo-Fr 08:00-19:00; Sa 12:30-19:00; SH Mo-Fr 10:00-19:00; SH Sa 12:00-18:00"
}
},
{
"type": "Feature",
"geometry": {
"type": "Point",
"coordinates": [
8.7567801,
42.5656524
]
},
"properties": {
"osm_id": "node/13434465701",
"kind": "snack bar",
"name": "Basta Basta"
}
},
{
"type": "Feature",
"geometry": {
"type": "Point",
"coordinates": [
9.452319,
42.7046499
]
},
"properties": {
"osm_id": "node/13435140601",
"kind": "restaurant",
"name": "Restaurant Pinellucciu Lasagnaria"
}
},
{
"type": "Feature",
"geometry": {
"type": "Point",
"coordinates": [
9.4499905,
42.7009533
]
},
"properties": {
"osm_id": "node/13439871901",
"kind": "restaurant",
"name": "adn"
}
},
{
"type": "Feature",
"geometry": {
"type": "Point",
"coordinates": [
9.3021627,
42.6729732
]
},
"properties": {
"osm_id": "node/13440331301",
"kind": "restaurant",
"name": "Toi et Moi",
"opening_hours": "We-Mo 12:00-14:00, 18:00-22:00"
}
},
{
"type": "Feature",
"geometry": {
"type": "Point",
"coordinates": [
9.3010863,
42.6806873
]
},
"properties": {
"osm_id": "node/13442981581",
"kind": "snack bar",
"name": "La Crêperie du Centre"
}
},
{
"type": "Feature",
"geometry": {
"type": "Point",
"coordinates": [
9.301385,
42.6805078
]
},
"properties": {
"osm_id": "node/13442981593",
"kind": "restaurant",
"name": "Hotel Restaurant l'Europe"
}
},
{
"type": "Feature",
"geometry": {
"type": "Point",
"coordinates": [
9.3011246,
42.6804002
]
},
"properties": {
"osm_id": "node/13443031901",
"kind": "ice cream",
"name": "Chez Gaston"
}
},
{
"type": "Feature",
"geometry": {
"type": "Point",
"coordinates": [
9.2997638,
42.6809336
]
},
"properties": {
"osm_id": "node/13443233781",
"kind": "bar",
"name": "b sisters"
}
},
{
"type": "Feature",
"geometry": {
"type": "Point",
"coordinates": [
9.3028902,
42.6809972
]
},
"properties": {
"osm_id": "node/13443825125",
"kind": "bakery",
"name": "Maestrali"
}
},
{
"type": "Feature",
"geometry": {
"type": "Point",
"coordinates": [
9.2943165,
42.6742797
]
},
"properties": {
"osm_id": "node/13444904622",
"kind": "snack bar",
"name": "Neptune"
}
},
{
"type": "Feature",
"geometry": {
"type": "Point",
"coordinates": [
9.1497346,
42.309868
]
},
"properties": {
"osm_id": "node/13447025312",
"kind": "delicatessen",
"name": "Ind'è Catali",
"opening_hours": "Mo-Su 08:00-12:30, 15:30-20:00"
}
},
{
"type": "Feature",
"geometry": {
"type": "Point",
"coordinates": [
9.1505835,
42.307177
]
},
"properties": {
"osm_id": "node/13447025354",
"kind": "snack bar",
"name": "Paoli Street"
}
},
{
"type": "Feature",
"geometry": {
"type": "Point",
"coordinates": [
9.1505288,
42.3073298
]
},
"properties": {
"osm_id": "node/13447025355",
"kind": "restaurant",
"name": "A'Volta"
}
},
{
"type": "Feature",
"geometry": {
"type": "Point",
"coordinates": [
9.150424,
42.3071683
]
},
"properties": {
"osm_id": "node/13447025357",
"kind": "bakery",
"name": "CasAstolfi"
}
},
{
"type": "Feature",
"geometry": {
"type": "Point",
"coordinates": [
9.1506877,
42.3068632
]
},
"properties": {
"osm_id": "node/13447091617",
"kind": "snack bar",
"name": "Poulet Cortenais"
}
},
{
"type": "Feature",
"geometry": {
"type": "Point",
"coordinates": [
9.1507079,
42.306804
]
},
"properties": {
"osm_id": "node/13447091618",
"kind": "snack bar",
"name": "U Fornu"
}
},
{
"type": "Feature",
"geometry": {
"type": "Point",
"coordinates": [
9.1509263,
42.306202
]
},
"properties": {
"osm_id": "node/13447091625",
"kind": "bar",
"name": "Accantu"
}
},
{
"type": "Feature",
"geometry": {
"type": "Point",
"coordinates": [
9.1511299,
42.3055817
]
},
"properties": {
"osm_id": "node/13447091634",
"kind": "delicatessen",
"name": "Prudutti di Corsica"
}
},
{
"type": "Feature",
"geometry": {
"type": "Point",
"coordinates": [
9.3553994,
42.6330744
]
},
"properties": {
"osm_id": "node/13451300347",
"kind": "small shop",
"name": "L'Olitesse"
}
},
{
"type": "Feature",
"geometry": {
"type": "Point",
"coordinates": [
9.3558206,
42.6329458
]
},
"properties": {
"osm_id": "node/13451300349",
"kind": "bar",
"name": "Chez Mathieu"
}
},
{
"type": "Feature",
"geometry": {
"type": "Point",
"coordinates": [
9.3567838,
42.6327052
]
},
"properties": {
"osm_id": "node/13451300353",
"kind": "restaurant",
"name": "A Forge",
"opening_hours": "Mo-Sa 09:00-14:30, 19:30-22:00"
}
},
{
"type": "Feature",
"geometry": {
"type": "Point",
"coordinates": [
9.4400127,
42.649115
]
},
"properties": {
"osm_id": "node/13451430214",
"kind": "restaurant",
"name": "Groot"
}
},
{
"type": "Feature",
"geometry": {
"type": "Point",
"coordinates": [
9.4400255,
42.6490208
]
},
"properties": {
"osm_id": "node/13451430215",
"kind": "bakery",
"name": "Boulangerie Farina",
"opening_hours": "Tu, Th-Fr 08:00-18:30"
}
},
{
"type": "Feature",
"geometry": {
"type": "Point",
"coordinates": [
9.4378707,
42.6349244
]
},
"properties": {
"osm_id": "node/13451454815",
"kind": "café",
"name": "L'Atelier du Chef"
}
},
{
"type": "Feature",
"geometry": {
"type": "Point",
"coordinates": [
9.4368707,
42.6282407
]
},
"properties": {
"osm_id": "node/13452218039",
"kind": "bar",
"name": "O'BDM",
"opening_hours": "Mo-Sa 09:00-12:00,15:00-02:00"
}
},
{
"type": "Feature",
"geometry": {
"type": "Point",
"coordinates": [
9.436872,
42.6281586
]
},
"properties": {
"osm_id": "node/13452218040",
"kind": "café",
"name": "Caffè d'Italia"
}
},
{
"type": "Feature",
"geometry": {
"type": "Point",
"coordinates": [
9.4379644,
42.6285123
]
},
"properties": {
"osm_id": "node/13452218052",
"kind": "bakery",
"name": "Ange-Mathieu Carlotti"
}
},
{
"type": "Feature",
"geometry": {
"type": "Point",
"coordinates": [
9.4367975,
42.6273729
]
},
"properties": {
"osm_id": "node/13452218061",
"kind": "supermarket",
"name": "Eau Vive"
}
},
{
"type": "Feature",
"geometry": {
"type": "Point",
"coordinates": [
9.4373814,
42.6227182
]
},
"properties": {
"osm_id": "node/13452297831",
"kind": "bar",
"name": "Brasserie Pizzeria L'Umbria"
}
},
{
"type": "Feature",
"geometry": {
"type": "Point",
"coordinates": [
9.4365251,
42.6224067
]
},
"properties": {
"osm_id": "node/13452297835",
"kind": "bakery",
"name": "U Mulinu"
}
},
{
"type": "Feature",
"geometry": {
"type": "Point",
"coordinates": [
9.4364075,
42.6203679
]
},
"properties": {
"osm_id": "node/13452297844",
"kind": "snack bar",
"name": "Chez Jules"
}
},
{
"type": "Feature",
"geometry": {
"type": "Point",
"coordinates": [
9.4367583,
42.6188729
]
},
"properties": {
"osm_id": "node/13452297849",
"kind": "bakery",
"name": "The Cookie factory"
}
},
{
"type": "Feature",
"geometry": {
"type": "Point",
"coordinates": [
9.4367663,
42.6187852
]
},
"properties": {
"osm_id": "node/13452297850",
"kind": "restaurant",
"name": "A Casa Manca"
}
},
{
"type": "Feature",
"geometry": {
"type": "Point",
"coordinates": [
9.1550385,
42.3007157
]
},
"properties": {
"osm_id": "node/13455455501",
"kind": "bakery",
"name": "Le péché Mignon"
}
},
{
"type": "Feature",
"geometry": {
"type": "Point",
"coordinates": [
9.1525937,
42.3053738
]
},
"properties": {
"osm_id": "node/13456875113",
"kind": "snack bar",
"name": "Frittelle Curtinese"
}
},
{
"type": "Feature",
"geometry": {
"type": "Point",
"coordinates": [
9.1524152,
42.3051674
]
},
"properties": {
"osm_id": "node/13456875116",
"kind": "snack bar",
"name": "Caffè di u Liceu"
}
},
{
"type": "Feature",
"geometry": {
"type": "Point",
"coordinates": [
9.3682282,
42.5066515
]
},
"properties": {
"osm_id": "node/13464015171",
"kind": "small shop",
"name": "I Gressini Corsi"
}
},
{
"type": "Feature",
"geometry": {
"type": "Point",
"coordinates": [
9.443513,
42.7032549
]
},
"properties": {
"osm_id": "node/13472977974",
"kind": "restaurant",
"name": "L'étudiant"
}
},
{
"type": "Feature",
"geometry": {
"type": "Point",
"coordinates": [
9.3755857,
41.6827124
]
},
"properties": {
"osm_id": "node/1353579773",
"kind": "restaurant",
"name": "La csa"
}
},
{
"type": "Feature",
"geometry": {
"type": "Point",
"coordinates": [
9.3481899,
41.6996461
]
},
"properties": {
"osm_id": "node/1353579776",
"kind": "bakery",
"name": "",
"opening_hours": "Mo-Sa 07:00-13:00"
}
},
{
"type": "Feature",
"geometry": {
"type": "Point",
"coordinates": [
9.3757823,
41.6825967
]
},
"properties": {
"osm_id": "node/1353579788",
"kind": "restaurant",
"name": "La fleur de sel"
}
},
{
"type": "Feature",
"geometry": {
"type": "Point",
"coordinates": [
9.3761115,
41.6829447
]
},
"properties": {
"osm_id": "node/1353579790",
"kind": "restaurant",
"name": "Stella Diana"
}
},
{
"type": "Feature",
"geometry": {
"type": "Point",
"coordinates": [
9.1388749,
42.1615553
]
},
"properties": {
"osm_id": "node/1354229958",
"kind": "restaurant",
"name": "Chez Mimi Costa"
}
},
{
"type": "Feature",
"geometry": {
"type": "Point",
"coordinates": [
9.4485106,
42.6983295
]
},
"properties": {
"osm_id": "node/13564402201",
"kind": "café",
"name": "Le Saint François"
}
},
{
"type": "Feature",
"geometry": {
"type": "Point",
"coordinates": [
9.1512482,
42.3054887
]
},
"properties": {
"osm_id": "node/1357176182",
"kind": "café",
"name": "Café de la Place"
}
},
{
"type": "Feature",
"geometry": {
"type": "Point",
"coordinates": [
9.4412998,
42.6630488
]
},
"properties": {
"osm_id": "node/13585331401",
"kind": "bakery",
"name": "Ghisoni Mariotti"
}
},
{
"type": "Feature",
"geometry": {
"type": "Point",
"coordinates": [
9.1496841,
42.3051704
]
},
"properties": {
"osm_id": "node/1363936551",
"kind": "café",
"name": "Bar de la haute ville"
}
},
{
"type": "Feature",
"geometry": {
"type": "Point",
"coordinates": [
9.4470097,
42.6959911
]
},
"properties": {
"osm_id": "node/13641354477",
"kind": "restaurant",
"name": "Zebrus"
}
},
{
"type": "Feature",
"geometry": {
"type": "Point",
"coordinates": [
9.1520898,
42.2999377
]
},
"properties": {
"osm_id": "node/13654757501",
"kind": "restaurant",
"name": "Restaurant Universitaire",
"opening_hours": "Mo-Su 11:30-13:30"
}
},
{
"type": "Feature",
"geometry": {
"type": "Point",
"coordinates": [
9.4303367,
42.6282078
]
},
"properties": {
"osm_id": "node/13667134225",
"kind": "small shop",
"name": "Proxi",
"opening_hours": "Mo-Sa 07:30-19:45; Su 08:30-19:45"
}
},
{
"type": "Feature",
"geometry": {
"type": "Point",
"coordinates": [
9.4302128,
42.6286138
]
},
"properties": {
"osm_id": "node/13667134228",
"kind": "restaurant",
"name": "Pizza Ficabruna"
}
},
{
"type": "Feature",
"geometry": {
"type": "Point",
"coordinates": [
9.4343581,
42.6330505
]
},
"properties": {
"osm_id": "node/13667283508",
"kind": "bakery",
"name": "Poyet"
}
},
{
"type": "Feature",
"geometry": {
"type": "Point",
"coordinates": [
9.4362143,
42.633294
]
},
"properties": {
"osm_id": "node/13667283512",
"kind": "bar",
"name": "RESTAURANT ATMOSPHERE LOUNGE"
}
},
{
"type": "Feature",
"geometry": {
"type": "Point",
"coordinates": [
9.4335064,
42.6379586
]
},
"properties": {
"osm_id": "node/13667842530",
"kind": "small shop",
"name": "Utile",
"opening_hours": "Mo-Sa 06:00-19:45; Su 06:00-13:00"
}
},
{
"type": "Feature",
"geometry": {
"type": "Point",
"coordinates": [
9.4334878,
42.6380498
]
},
"properties": {
"osm_id": "node/13667842531",
"kind": "bar",
"name": "Bar des collines"
}
},
{
"type": "Feature",
"geometry": {
"type": "Point",
"coordinates": [
9.433601,
42.6379635
]
},
"properties": {
"osm_id": "node/13667842532",
"kind": "restaurant",
"name": "Pizzeria Micka"
}
},
{
"type": "Feature",
"geometry": {
"type": "Point",
"coordinates": [
9.4338141,
42.6378243
]
},
"properties": {
"osm_id": "node/13667842533",
"kind": "bakery",
"name": "A Finetta",
"opening_hours": "Mo-Sa 06:30-20:00; Su 06:30-13:00"
}
},
{
"type": "Feature",
"geometry": {
"type": "Point",
"coordinates": [
9.4388274,
42.6408667
]
},
"properties": {
"osm_id": "node/13667903883",
"kind": "supermarket",
"name": "Fresh",
"opening_hours": "Mo-Su 08:00-19:00"
}
},
{
"type": "Feature",
"geometry": {
"type": "Point",
"coordinates": [
9.4336837,
42.64775
]
},
"properties": {
"osm_id": "node/13667903897",
"kind": "snack bar",
"name": "Campo Food",
"opening_hours": "Mo-Su 18:00-23:00"
}
},
{
"type": "Feature",
"geometry": {
"type": "Point",
"coordinates": [
9.4334569,
42.6475857
]
},
"properties": {
"osm_id": "node/13667903899",
"kind": "café",
"name": "Rêves des Sens"
}
},
{
"type": "Feature",
"geometry": {
"type": "Point",
"coordinates": [
9.4315111,
42.6553186
]
},
"properties": {
"osm_id": "node/13667987724",
"kind": "small shop",
"name": "Spar",
"opening_hours": "Mo-Su 07:00-21:00"
}
},
{
"type": "Feature",
"geometry": {
"type": "Point",
"coordinates": [
9.4412965,
42.6636437
]
},
"properties": {
"osm_id": "node/13668526200",
"kind": "greengrocer",
"name": "Corseprim"
}
},
{
"type": "Feature",
"geometry": {
"type": "Point",
"coordinates": [
9.5261373,
42.5470411
]
},
"properties": {
"osm_id": "node/13669679357",
"kind": "restaurant",
"name": "Casa Livia",
"opening_hours": "Mo-Su 18:30-22:30"
}
},
{
"type": "Feature",
"geometry": {
"type": "Point",
"coordinates": [
9.4453034,
42.7019749
]
},
"properties": {
"osm_id": "node/13670146356",
"kind": "snack bar",
"name": "Snack sandwicherie L’excellence"
}
},
{
"type": "Feature",
"geometry": {
"type": "Point",
"coordinates": [
9.5300468,
42.3744722
]
},
"properties": {
"osm_id": "node/13684301791",
"kind": "delicatessen",
"name": "Le Petit Gourmet"
}
},
{
"type": "Feature",
"geometry": {
"type": "Point",
"coordinates": [
9.529574,
42.3738175
]
},
"properties": {
"osm_id": "node/13684314305",
"kind": "restaurant",
"name": "Chez Ludo"
}
},
{
"type": "Feature",
"geometry": {
"type": "Point",
"coordinates": [
9.4390078,
42.5867081
]
},
"properties": {
"osm_id": "node/13701023974",
"kind": "restaurant",
"name": "La Table du Tavignanu"
}
},
{
"type": "Feature",
"geometry": {
"type": "Point",
"coordinates": [
9.4551755,
42.709395
]
},
"properties": {
"osm_id": "node/13703952402",
"kind": "restaurant",
"name": "Gioia"
}
},
{
"type": "Feature",
"geometry": {
"type": "Point",
"coordinates": [
9.4531594,
42.7054477
]
},
"properties": {
"osm_id": "node/13704000401",
"kind": "restaurant",
"name": "La Casbah"
}
},
{
"type": "Feature",
"geometry": {
"type": "Point",
"coordinates": [
8.7103846,
42.095353
]
},
"properties": {
"osm_id": "node/13704159927",
"kind": "restaurant",
"name": "U Castellu Sagone"
}
},
{
"type": "Feature",
"geometry": {
"type": "Point",
"coordinates": [
8.753687,
41.9347201
]
},
"properties": {
"osm_id": "node/13709156362",
"kind": "bakery",
"name": "Boulangerie Patisserie"
}
},
{
"type": "Feature",
"geometry": {
"type": "Point",
"coordinates": [
9.4512258,
42.6967015
]
},
"properties": {
"osm_id": "node/13732254701",
"kind": "restaurant",
"name": "Mercà",
"opening_hours": "Mo-Sa 07:00-02:00; Su 07:00-17:00"
}
},
{
"type": "Feature",
"geometry": {
"type": "Point",
"coordinates": [
9.4505731,
42.7005354
]
},
"properties": {
"osm_id": "node/13732293901",
"kind": "restaurant",
"name": "Le Conti",
"opening_hours": "Tu-Su 11:30-22:00"
}
},
{
"type": "Feature",
"geometry": {
"type": "Point",
"coordinates": [
9.3486258,
42.3723069
]
},
"properties": {
"osm_id": "node/13752801801",
"kind": "bar",
"name": "Chez Aurèle"
}
},
{
"type": "Feature",
"geometry": {
"type": "Point",
"coordinates": [
9.0119417,
41.8085971
]
},
"properties": {
"osm_id": "node/13754637230",
"kind": "bar",
"name": "A Funtana"
}
},
{
"type": "Feature",
"geometry": {
"type": "Point",
"coordinates": [
9.4417043,
42.5558066
]
},
"properties": {
"osm_id": "node/13756697025",
"kind": "delicatessen",
"name": "A Casa di perone"
}
},
{
"type": "Feature",
"geometry": {
"type": "Point",
"coordinates": [
9.4417088,
42.5559972
]
},
"properties": {
"osm_id": "node/13756697026",
"kind": "snack bar",
"name": "Pizzeria L’ODYSSÉE Borgo"
}
},
{
"type": "Feature",
"geometry": {
"type": "Point",
"coordinates": [
9.4420064,
42.5569427
]
},
"properties": {
"osm_id": "node/13756697044",
"kind": "snack bar",
"name": "Ù TAKOS Borgo",
"opening_hours": "11:00-14:00,18:00-22:00"
}
},
{
"type": "Feature",
"geometry": {
"type": "Point",
"coordinates": [
9.4423976,
42.5569024
]
},
"properties": {
"osm_id": "node/13756697046",
"kind": "restaurant",
"name": "U cicarnu"
}
},
{
"type": "Feature",
"geometry": {
"type": "Point",
"coordinates": [
8.9378167,
42.6350112
]
},
"properties": {
"osm_id": "node/13758378701",
"kind": "restaurant",
"name": "P'tit Thaï"
}
},
{
"type": "Feature",
"geometry": {
"type": "Point",
"coordinates": [
8.9376808,
42.6350047
]
},
"properties": {
"osm_id": "node/13758446301",
"kind": "small shop",
"name": "Spar",
"opening_hours": "Mo-Su 08:00-21:30"
}
},
{
"type": "Feature",
"geometry": {
"type": "Point",
"coordinates": [
8.7586647,
42.5673547
]
},
"properties": {
"osm_id": "node/13760432802",
"kind": "restaurant",
"name": "La Voglia Di"
}
},
{
"type": "Feature",
"geometry": {
"type": "Point",
"coordinates": [
8.7582019,
42.5670878
]
},
"properties": {
"osm_id": "node/13760440601",
"kind": "café",
"name": "Café des Fleurs"
}
},
{
"type": "Feature",
"geometry": {
"type": "Point",
"coordinates": [
8.75779,
42.5666143
]
},
"properties": {
"osm_id": "node/13760449501",
"kind": "café",
"name": "Buvette de la Place",
"opening_hours": "Mo-Su 08:30-17:00"
}
},
{
"type": "Feature",
"geometry": {
"type": "Point",
"coordinates": [
8.7578415,
42.5663747
]
},
"properties": {
"osm_id": "node/13760453201",
"kind": "ice cream",
"name": "Soléa"
}
},
{
"type": "Feature",
"geometry": {
"type": "Point",
"coordinates": [
8.7603494,
42.5682709
]
},
"properties": {
"osm_id": "node/13760634101",
"kind": "ice cream",
"name": "A Scola"
}
},
{
"type": "Feature",
"geometry": {
"type": "Point",
"coordinates": [
8.7603713,
42.5686691
]
},
"properties": {
"osm_id": "node/13760646801",
"kind": "restaurant",
"name": "Mil"
}
},
{
"type": "Feature",
"geometry": {
"type": "Point",
"coordinates": [
8.705179,
42.2663721
]
},
"properties": {
"osm_id": "node/13761120701",
"kind": "restaurant",
"name": "Le maquis"
}
},
{
"type": "Feature",
"geometry": {
"type": "Point",
"coordinates": [
8.7092138,
42.2635873
]
},
"properties": {
"osm_id": "node/13761209301",
"kind": "restaurant",
"name": "La cigale"
}
},
{
"type": "Feature",
"geometry": {
"type": "Point",
"coordinates": [
8.5973102,
42.1352648
]
},
"properties": {
"osm_id": "node/13764473601",
"kind": "restaurant",
"name": "Maremmiese"
}
},
{
"type": "Feature",
"geometry": {
"type": "Point",
"coordinates": [
8.5939427,
42.1454374
]
},
"properties": {
"osm_id": "node/13766119501",
"kind": "restaurant",
"name": "U Lustincone"
}
},
{
"type": "Feature",
"geometry": {
"type": "Point",
"coordinates": [
9.4408868,
42.6557879
]
},
"properties": {
"osm_id": "node/13787880801",
"kind": "snack bar",
"name": "L'Ideal"
}
},
{
"type": "Feature",
"geometry": {
"type": "Point",
"coordinates": [
9.4427138,
42.5509322
]
},
"properties": {
"osm_id": "node/13796600572",
"kind": "restaurant",
"name": "L’After Work",
"opening_hours": "Th 18:00-00:00; Fr-Sa 18:00-02:00"
}
},
{
"type": "Feature",
"geometry": {
"type": "Point",
"coordinates": [
9.4425061,
42.550906
]
},
"properties": {
"osm_id": "node/13796600573",
"kind": "bakery",
"name": "Sissi's Cupcakes"
}
},
{
"type": "Feature",
"geometry": {
"type": "Point",
"coordinates": [
9.442402,
42.5499116
]
},
"properties": {
"osm_id": "node/13796600574",
"kind": "café",
"name": "MASTER'S CAFE"
}
},
{
"type": "Feature",
"geometry": {
"type": "Point",
"coordinates": [
9.4426561,
42.5494571
]
},
"properties": {
"osm_id": "node/13796600579",
"kind": "bakery",
"name": "Vanilla"
}
},
{
"type": "Feature",
"geometry": {
"type": "Point",
"coordinates": [
9.4436396,
42.5495337
]
},
"properties": {
"osm_id": "node/13796600584",
"kind": "bar",
"name": "A Funtanellla"
}
},
{
"type": "Feature",
"geometry": {
"type": "Point",
"coordinates": [
9.4443469,
42.549578
]
},
"properties": {
"osm_id": "node/13796600595",
"kind": "snack bar",
"name": "Pizza & Co"
}
},
{
"type": "Feature",
"geometry": {
"type": "Point",
"coordinates": [
9.4446919,
42.5495987
]
},
"properties": {
"osm_id": "node/13796600598",
"kind": "snack bar",
"name": "Le Petit M"
}
},
{
"type": "Feature",
"geometry": {
"type": "Point",
"coordinates": [
8.6125862,
42.3492554
]
},
"properties": {
"osm_id": "node/13799801491",
"kind": "snack bar",
"name": "A Bastella",
"opening_hours": "Apr 01-Oct 15 09:00-20:00"
}
},
{
"type": "Feature",
"geometry": {
"type": "Point",
"coordinates": [
8.6128219,
42.3493735
]
},
"properties": {
"osm_id": "node/13799801492",
"kind": "snack bar",
"name": "Chez Mamin'Anna",
"opening_hours": "Apr-Nov 07:00-21:00"
}
},
{
"type": "Feature",
"geometry": {
"type": "Point",
"coordinates": [
9.4427579,
42.6549105
]
},
"properties": {
"osm_id": "node/13803905111",
"kind": "delicatessen",
"name": "U Spurtellu",
"opening_hours": "Tu-Sa 09:00-19:00"
}
},
{
"type": "Feature",
"geometry": {
"type": "Point",
"coordinates": [
8.6950304,
42.1150482
]
},
"properties": {
"osm_id": "node/13805573188",
"kind": "restaurant",
"name": "Aspusata"
}
},
{
"type": "Feature",
"geometry": {
"type": "Point",
"coordinates": [
8.6947949,
42.1151761
]
},
"properties": {
"osm_id": "node/13805573196",
"kind": "restaurant",
"name": "Le Grain de Sable"
}
},
{
"type": "Feature",
"geometry": {
"type": "Point",
"coordinates": [
8.6965165,
42.1145947
]
},
"properties": {
"osm_id": "node/13806293886",
"kind": "restaurant",
"name": "La petite voile rouge sagone"
}
},
{
"type": "Feature",
"geometry": {
"type": "Point",
"coordinates": [
8.7019485,
42.1135547
]
},
"properties": {
"osm_id": "node/13807050070",
"kind": "bakery",
"name": "Fleur De Caramel",
"opening_hours": "Mo-Su 07:00-20:00"
}
},
{
"type": "Feature",
"geometry": {
"type": "Point",
"coordinates": [
8.7019221,
42.1136785
]
},
"properties": {
"osm_id": "node/13807050071",
"kind": "restaurant",
"name": "A Sulana"
}
},
{
"type": "Feature",
"geometry": {
"type": "Point",
"coordinates": [
8.7019604,
42.1132552
]
},
"properties": {
"osm_id": "node/13807050072",
"kind": "delicatessen",
"name": "Aux saveurs de la Corse Chez Francois"
}
},
{
"type": "Feature",
"geometry": {
"type": "Point",
"coordinates": [
8.5923234,
42.1709672
]
},
"properties": {
"osm_id": "node/13807073640",
"kind": "restaurant",
"name": "U Tragulinu"
}
},
{
"type": "Feature",
"geometry": {
"type": "Point",
"coordinates": [
9.4426865,
42.6798932
]
},
"properties": {
"osm_id": "node/13808179695",
"kind": "delicatessen",
"name": "Jardin Salé Sucré"
}
},
{
"type": "Feature",
"geometry": {
"type": "Point",
"coordinates": [
9.4430236,
42.6798232
]
},
"properties": {
"osm_id": "node/13808179698",
"kind": "bar",
"name": "Le Carrefour"
}
},
{
"type": "Feature",
"geometry": {
"type": "Point",
"coordinates": [
9.4379152,
42.6552488
]
},
"properties": {
"osm_id": "node/13811118759",
"kind": "bakery",
"name": "Maison Bécam",
"opening_hours": "Mo-Su 06:30-20:00"
}
},
{
"type": "Feature",
"geometry": {
"type": "Point",
"coordinates": [
8.7287233,
41.9136432
]
},
"properties": {
"osm_id": "node/13820588633",
"kind": "restaurant",
"name": "Pizza chez Sté",
"opening_hours": "Tu-Su 18:00-22:30"
}
},
{
"type": "Feature",
"geometry": {
"type": "Point",
"coordinates": [
9.4492371,
42.6977948
]
},
"properties": {
"osm_id": "node/13830807378",
"kind": "café",
"name": "Carlotti"
}
},
{
"type": "Feature",
"geometry": {
"type": "Point",
"coordinates": [
9.4493644,
42.698728
]
},
"properties": {
"osm_id": "node/13833834961",
"kind": "café",
"name": "Café des Gourmets"
}
},
{
"type": "Feature",
"geometry": {
"type": "Point",
"coordinates": [
9.4497547,
42.6991941
]
},
"properties": {
"osm_id": "node/13833834973",
"kind": "delicatessen",
"name": "LA PANIERE GOURMANDE"
}
},
{
"type": "Feature",
"geometry": {
"type": "Point",
"coordinates": [
9.4500031,
42.6998572
]
},
"properties": {
"osm_id": "node/13835825526",
"kind": "delicatessen",
"name": "Terre du Cap Corse"
}
},
{
"type": "Feature",
"geometry": {
"type": "Point",
"coordinates": [
9.4504922,
42.7019081
]
},
"properties": {
"osm_id": "node/13835969441",
"kind": "delicatessen",
"name": "Noi"
}
},
{
"type": "Feature",
"geometry": {
"type": "Point",
"coordinates": [
9.4495174,
42.702584
]
},
"properties": {
"osm_id": "node/13835969450",
"kind": "bakery",
"name": "The Cookie Factory",
"opening_hours": "Mo-Sa 12:00-19:00"
}
},
{
"type": "Feature",
"geometry": {
"type": "Point",
"coordinates": [
9.4489453,
42.7026458
]
},
"properties": {
"osm_id": "node/13835969454",
"kind": "bar",
"name": "L'Aghja"
}
},
{
"type": "Feature",
"geometry": {
"type": "Point",
"coordinates": [
9.4491408,
42.7020308
]
},
"properties": {
"osm_id": "node/13836129399",
"kind": "restaurant",
"name": "La teranga"
}
},
{
"type": "Feature",
"geometry": {
"type": "Point",
"coordinates": [
9.4494086,
42.7018462
]
},
"properties": {
"osm_id": "node/13836133101",
"kind": "restaurant",
"name": "U san Petrone"
}
},
{
"type": "Feature",
"geometry": {
"type": "Point",
"coordinates": [
9.4706852,
42.4944341
]
},
"properties": {
"osm_id": "node/13839006920",
"kind": "restaurant",
"name": "Pizza les 4 chemins",
"opening_hours": "Tu-Sa 18:00-21:30"
}
},
{
"type": "Feature",
"geometry": {
"type": "Point",
"coordinates": [
9.4570854,
42.7237229
]
},
"properties": {
"osm_id": "node/1386442032",
"kind": "fuel station",
"name": "Total"
}
},
{
"type": "Feature",
"geometry": {
"type": "Point",
"coordinates": [
9.1583854,
42.3034887
]
},
"properties": {
"osm_id": "node/1387172769",
"kind": "restaurant",
"name": "Bar de la Plage",
"opening_hours": "Mo-Su 06:00-20:00"
}
},
{
"type": "Feature",
"geometry": {
"type": "Point",
"coordinates": [
9.1722837,
42.2319597
]
},
"properties": {
"osm_id": "node/1387914030",
"kind": "bakery",
"name": "Pain chaud du Venacais",
"opening_hours": "Tu-Su 07:00-13:00"
}
},
{
"type": "Feature",
"geometry": {
"type": "Point",
"coordinates": [
9.4485748,
42.6984626
]
},
"properties": {
"osm_id": "node/13882956266",
"kind": "small shop",
"name": "Ava",
"opening_hours": "Mo-Sa 08:00-12:30,16:00-19:30"
}
},
{
"type": "Feature",
"geometry": {
"type": "Point",
"coordinates": [
8.7385627,
41.923759
]
},
"properties": {
"osm_id": "node/13883068169",
"kind": "café",
"name": "Bartlebty's"
}
},
{
"type": "Feature",
"geometry": {
"type": "Point",
"coordinates": [
8.7381214,
41.9244291
]
},
"properties": {
"osm_id": "node/13887051701",
"kind": "restaurant",
"name": "A Piazetta"
}
},
{
"type": "Feature",
"geometry": {
"type": "Point",
"coordinates": [
8.7383499,
41.92047
]
},
"properties": {
"osm_id": "node/13887403201",
"kind": "bakery",
"name": "Paul",
"opening_hours": "Mo-Sa 06:00-20:00; Su 06:30-19:00"
}
},
{
"type": "Feature",
"geometry": {
"type": "Point",
"coordinates": [
8.7382971,
41.9203559
]
},
"properties": {
"osm_id": "node/13887403401",
"kind": "restaurant",
"name": "Le Tout va Bien"
}
},
{
"type": "Feature",
"geometry": {
"type": "Point",
"coordinates": [
9.4410545,
42.5243116
]
},
"properties": {
"osm_id": "node/13890796101",
"kind": "snack bar",
"name": "Smash"
}
},
{
"type": "Feature",
"geometry": {
"type": "Point",
"coordinates": [
9.4108411,
42.5256164
]
},
"properties": {
"osm_id": "node/13890857401",
"kind": "restaurant",
"name": "Sole è Frescu"
}
},
{
"type": "Feature",
"geometry": {
"type": "Point",
"coordinates": [
9.5334278,
42.3641725
]
},
"properties": {
"osm_id": "node/13893290964",
"kind": "bar",
"name": ""
}
},
{
"type": "Feature",
"geometry": {
"type": "Point",
"coordinates": [
9.4595081,
42.5365279
]
},
"properties": {
"osm_id": "node/13896277154",
"kind": "bar",
"name": "Au Petit Cabanon"
}
},
{
"type": "Feature",
"geometry": {
"type": "Point",
"coordinates": [
9.4593966,
42.5365227
]
},
"properties": {
"osm_id": "node/13896277155",
"kind": "greengrocer",
"name": "Au Palais Fruité"
}
},
{
"type": "Feature",
"geometry": {
"type": "Point",
"coordinates": [
9.3455654,
41.6486056
]
},
"properties": {
"osm_id": "node/13901355001",
"kind": "snack bar",
"name": "Food Truck Tra Di No"
}
},
{
"type": "Feature",
"geometry": {
"type": "Point",
"coordinates": [
8.8623284,
42.6081508
]
},
"properties": {
"osm_id": "node/13902141201",
"kind": "delicatessen",
"name": ""
}
},
{
"type": "Feature",
"geometry": {
"type": "Point",
"coordinates": [
8.9162111,
42.6268253
]
},
"properties": {
"osm_id": "node/1390735572",
"kind": "bar",
"name": ""
}
},
{
"type": "Feature",
"geometry": {
"type": "Point",
"coordinates": [
8.7378707,
41.9176361
]
},
"properties": {
"osm_id": "node/13908063902",
"kind": "restaurant",
"name": "U Campanile"
}
},
{
"type": "Feature",
"geometry": {
"type": "Point",
"coordinates": [
9.1187628,
41.5454493
]
},
"properties": {
"osm_id": "node/13909409101",
"kind": "farm shop",
"name": "U Porcu Ranger",
"opening_hours": "Mo-Fr 10:00-17:00"
}
},
{
"type": "Feature",
"geometry": {
"type": "Point",
"coordinates": [
8.8899255,
42.0173687
]
},
"properties": {
"osm_id": "node/13909979303",
"kind": "fuel station",
"name": "TotalEnergies"
}
},
{
"type": "Feature",
"geometry": {
"type": "Point",
"coordinates": [
9.5070262,
42.444466
]
},
"properties": {
"osm_id": "node/13910267614",
"kind": "supermarket",
"name": "La Vie Claire"
}
},
{
"type": "Feature",
"geometry": {
"type": "Point",
"coordinates": [
8.5971386,
42.134206
]
},
"properties": {
"osm_id": "node/13913929501",
"kind": "restaurant",
"name": "Manhattan Café"
}
},
{
"type": "Feature",
"geometry": {
"type": "Point",
"coordinates": [
8.597235,
42.1349058
]
},
"properties": {
"osm_id": "node/13914085504",
"kind": "restaurant",
"name": "Casa di l'Artigiani"
}
},
{
"type": "Feature",
"geometry": {
"type": "Point",
"coordinates": [
8.596577,
42.1348958
]
},
"properties": {
"osm_id": "node/13914095503",
"kind": "restaurant",
"name": "Aux deux cloches"
}
},
{
"type": "Feature",
"geometry": {
"type": "Point",
"coordinates": [
9.4749207,
42.88855
]
},
"properties": {
"osm_id": "node/13914277302",
"kind": "restaurant",
"name": "UPianuPianu"
}
},
{
"type": "Feature",
"geometry": {
"type": "Point",
"coordinates": [
9.3407158,
42.8672628
]
},
"properties": {
"osm_id": "node/13917939675",
"kind": "restaurant",
"name": "A Mugliarese",
"opening_hours": "Mo-Su 09:00-21:30"
}
},
{
"type": "Feature",
"geometry": {
"type": "Point",
"coordinates": [
9.3536617,
42.6113007
]
},
"properties": {
"osm_id": "node/13918265835",
"kind": "snack bar",
"name": "Snack Le Chalet"
}
},
{
"type": "Feature",
"geometry": {
"type": "Point",
"coordinates": [
9.0152415,
41.5117148
]
},
"properties": {
"osm_id": "node/13929289614",
"kind": "restaurant",
"name": "A Cuncaredda"
}
},
{
"type": "Feature",
"geometry": {
"type": "Point",
"coordinates": [
9.4673326,
42.4984652
]
},
"properties": {
"osm_id": "node/13930429801",
"kind": "bakery",
"name": ""
}
},
{
"type": "Feature",
"geometry": {
"type": "Point",
"coordinates": [
9.4725815,
42.4929241
]
},
"properties": {
"osm_id": "node/13930429901",
"kind": "greengrocer",
"name": "CorsePrime"
}
},
{
"type": "Feature",
"geometry": {
"type": "Point",
"coordinates": [
9.4912904,
42.466907
]
},
"properties": {
"osm_id": "node/13930430101",
"kind": "restaurant",
"name": "L'evidenza"
}
},
{
"type": "Feature",
"geometry": {
"type": "Point",
"coordinates": [
9.4755748,
42.4922851
]
},
"properties": {
"osm_id": "node/13931668502",
"kind": "bar",
"name": "U Sant'Anghjulu"
}
},
{
"type": "Feature",
"geometry": {
"type": "Point",
"coordinates": [
9.4671452,
42.4986898
]
},
"properties": {
"osm_id": "node/13931686401",
"kind": "snack bar",
"name": ""
}
},
{
"type": "Feature",
"geometry": {
"type": "Point",
"coordinates": [
9.4478409,
42.6945765
]
},
"properties": {
"osm_id": "node/13935627202",
"kind": "bakery",
"name": "Boulangerie Gaudin"
}
},
{
"type": "Feature",
"geometry": {
"type": "Point",
"coordinates": [
9.4494541,
42.694627
]
},
"properties": {
"osm_id": "node/13935666003",
"kind": "snack bar",
"name": "Snack Gaudin"
}
},
{
"type": "Feature",
"geometry": {
"type": "Point",
"coordinates": [
9.4502403,
42.6942867
]
},
"properties": {
"osm_id": "node/13935666301",
"kind": "snack bar",
"name": "Snack Ben"
}
},
{
"type": "Feature",
"geometry": {
"type": "Point",
"coordinates": [
9.4491504,
42.6964505
]
},
"properties": {
"osm_id": "node/13935762102",
"kind": "café",
"name": "Café Théodore"
}
},
{
"type": "Feature",
"geometry": {
"type": "Point",
"coordinates": [
9.4499308,
42.6979987
]
},
"properties": {
"osm_id": "node/13935969402",
"kind": "greengrocer",
"name": "Pratali"
}
},
{
"type": "Feature",
"geometry": {
"type": "Point",
"coordinates": [
9.4500963,
42.6986032
]
},
"properties": {
"osm_id": "node/13935969502",
"kind": "bakery",
"name": "A Biscutteria",
"opening_hours": "Tu-Sa 07:30-12:30, 14:30-18:30"
}
},
{
"type": "Feature",
"geometry": {
"type": "Point",
"coordinates": [
9.4502546,
42.6990155
]
},
"properties": {
"osm_id": "node/13935974603",
"kind": "delicatessen",
"name": "a Volta"
}
},
{
"type": "Feature",
"geometry": {
"type": "Point",
"coordinates": [
9.4496815,
42.6983054
]
},
"properties": {
"osm_id": "node/13936377202",
"kind": "snack bar",
"name": "La Crêperie"
}
},
{
"type": "Feature",
"geometry": {
"type": "Point",
"coordinates": [
9.4506495,
42.6979166
]
},
"properties": {
"osm_id": "node/13936380002",
"kind": "ice cream",
"name": "A Cantina San Roccu"
}
},
{
"type": "Feature",
"geometry": {
"type": "Point",
"coordinates": [
9.4519487,
42.696825
]
},
"properties": {
"osm_id": "node/13936397002",
"kind": "restaurant",
"name": ""
}
},
{
"type": "Feature",
"geometry": {
"type": "Point",
"coordinates": [
9.4517154,
42.696436
]
},
"properties": {
"osm_id": "node/13936403402",
"kind": "bar",
"name": "Rhumerie"
}
},
{
"type": "Feature",
"geometry": {
"type": "Point",
"coordinates": [
9.4520061,
42.6969895
]
},
"properties": {
"osm_id": "node/13936407701",
"kind": "restaurant",
"name": "Chez Marnie"
}
},
{
"type": "Feature",
"geometry": {
"type": "Point",
"coordinates": [
9.4519301,
42.6964301
]
},
"properties": {
"osm_id": "node/13936411201",
"kind": "restaurant",
"name": "A Piazzetta Vechju Portu"
}
},
{
"type": "Feature",
"geometry": {
"type": "Point",
"coordinates": [
9.4518085,
42.6964486
]
},
"properties": {
"osm_id": "node/13936411202",
"kind": "restaurant",
"name": "La Rhumerie"
}
},
{
"type": "Feature",
"geometry": {
"type": "Point",
"coordinates": [
9.4504686,
42.6966582
]
},
"properties": {
"osm_id": "node/13936435602",
"kind": "restaurant",
"name": "Lavezzi"
}
},
{
"type": "Feature",
"geometry": {
"type": "Point",
"coordinates": [
9.4502532,
42.6966412
]
},
"properties": {
"osm_id": "node/13936439901",
"kind": "restaurant",
"name": "Col Tempo"
}
},
{
"type": "Feature",
"geometry": {
"type": "Point",
"coordinates": [
9.4512538,
42.6967346
]
},
"properties": {
"osm_id": "node/13936519203",
"kind": "bakery",
"name": ""
}
},
{
"type": "Feature",
"geometry": {
"type": "Point",
"coordinates": [
9.4604849,
42.6412206
]
},
"properties": {
"osm_id": "node/13936967001",
"kind": "bar",
"name": "Aio! La Cabane"
}
},
{
"type": "Feature",
"geometry": {
"type": "Point",
"coordinates": [
9.4051748,
42.015138
]
},
"properties": {
"osm_id": "node/13938665998",
"kind": "restaurant",
"name": "Pizzeria di a Corte"
}
},
{
"type": "Feature",
"geometry": {
"type": "Point",
"coordinates": [
9.4492481,
42.5307859
]
},
"properties": {
"osm_id": "node/13950410010",
"kind": "bar",
"name": ""
}
},
{
"type": "Feature",
"geometry": {
"type": "Point",
"coordinates": [
9.2945867,
42.674181
]
},
"properties": {
"osm_id": "node/13953400701",
"kind": "restaurant",
"name": "Cala Roya",
"opening_hours": "Mo-Su 10:00-23:00"
}
},
{
"type": "Feature",
"geometry": {
"type": "Point",
"coordinates": [
8.7390008,
41.9177791
]
},
"properties": {
"osm_id": "node/13957521346",
"kind": "ice cream",
"name": "Gourmandises Impériales - Glacier Ajaccio",
"opening_hours": "Mo-Su 12:00-23:30"
}
},
{
"type": "Feature",
"geometry": {
"type": "Point",
"coordinates": [
8.7390176,
41.9179423
]
},
"properties": {
"osm_id": "node/13957750258",
"kind": "restaurant",
"name": "Malïlona Cantina"
}
},
{
"type": "Feature",
"geometry": {
"type": "Point",
"coordinates": [
9.4376146,
42.6546277
]
},
"properties": {
"osm_id": "node/13962144103",
"kind": "small shop",
"name": "Carrefour City",
"opening_hours": "Mo-Sa 07:00-21:00; Su 08:00-13:00,16:00-20:00"
}
},
{
"type": "Feature",
"geometry": {
"type": "Point",
"coordinates": [
9.434205,
42.6559668
]
},
"properties": {
"osm_id": "node/13963010598",
"kind": "restaurant",
"name": "Rôtisserie de Furiani"
}
},
{
"type": "Feature",
"geometry": {
"type": "Point",
"coordinates": [
9.4409843,
42.7050875
]
},
"properties": {
"osm_id": "node/13970102171",
"kind": "restaurant",
"name": "Le Bouillon Bastiais",
"opening_hours": "Mo-Th 11:30-14:00; Fr-Sa 11:30-14:00,19:30-22:00"
}
},
{
"type": "Feature",
"geometry": {
"type": "Point",
"coordinates": [
9.4411635,
42.7055907
]
},
"properties": {
"osm_id": "node/13970102174",
"kind": "bakery",
"name": "Carlotti et Michel",
"opening_hours": "Mo-Su 07:00-20:00"
}
},
{
"type": "Feature",
"geometry": {
"type": "Point",
"coordinates": [
8.7568208,
42.565914
]
},
"properties": {
"osm_id": "node/13970314799",
"kind": "café",
"name": "Kelly's Pastry"
}
},
{
"type": "Feature",
"geometry": {
"type": "Point",
"coordinates": [
8.8084187,
41.8956646
]
},
"properties": {
"osm_id": "node/13971767301",
"kind": "restaurant",
"name": "Le bistrot lily's"
}
},
{
"type": "Feature",
"geometry": {
"type": "Point",
"coordinates": [
9.4534368,
42.7038774
]
},
"properties": {
"osm_id": "node/13994239401",
"kind": "restaurant",
"name": "Le Marina"
}
},
{
"type": "Feature",
"geometry": {
"type": "Point",
"coordinates": [
9.4525791,
42.7029059
]
},
"properties": {
"osm_id": "node/13994239501",
"kind": "bar",
"name": "Loup de Mer"
}
},
{
"type": "Feature",
"geometry": {
"type": "Point",
"coordinates": [
9.4450476,
42.6859164
]
},
"properties": {
"osm_id": "node/13994243901",
"kind": "bakery",
"name": ""
}
},
{
"type": "Feature",
"geometry": {
"type": "Point",
"coordinates": [
9.4446375,
42.6833225
]
},
"properties": {
"osm_id": "node/13994246901",
"kind": "snack bar",
"name": "Imperial Burger"
}
},
{
"type": "Feature",
"geometry": {
"type": "Point",
"coordinates": [
9.4500626,
42.6989493
]
},
"properties": {
"osm_id": "node/13994551101",
"kind": "bar",
"name": "E Negri"
}
},
{
"type": "Feature",
"geometry": {
"type": "Point",
"coordinates": [
9.4499352,
42.6984985
]
},
"properties": {
"osm_id": "node/13994551102",
"kind": "bar",
"name": "L'"
}
},
{
"type": "Feature",
"geometry": {
"type": "Point",
"coordinates": [
9.4496656,
42.697522
]
},
"properties": {
"osm_id": "node/13994558301",
"kind": "bakery",
"name": "la tarterie"
}
},
{
"type": "Feature",
"geometry": {
"type": "Point",
"coordinates": [
8.7413583,
41.9345384
]
},
"properties": {
"osm_id": "node/14006927136",
"kind": "small shop",
"name": "You Can"
}
},
{
"type": "Feature",
"geometry": {
"type": "Point",
"coordinates": [
9.4533535,
42.7037819
]
},
"properties": {
"osm_id": "node/14007744105",
"kind": "café",
"name": "Café du Port"
}
},
{
"type": "Feature",
"geometry": {
"type": "Point",
"coordinates": [
9.3520366,
42.6255984
]
},
"properties": {
"osm_id": "node/14014165101",
"kind": "snack bar",
"name": ""
}
},
{
"type": "Feature",
"geometry": {
"type": "Point",
"coordinates": [
8.7455137,
41.9353409
]
},
"properties": {
"osm_id": "node/14017611487",
"kind": "bakery",
"name": "Pasquale Paoli"
}
},
{
"type": "Feature",
"geometry": {
"type": "Point",
"coordinates": [
8.8033679,
41.8887982
]
},
"properties": {
"osm_id": "node/14023779685",
"kind": "delicatessen",
"name": "U Monte Cintu Boucherie Traiteur Fromages Epicerie"
}
},
{
"type": "Feature",
"geometry": {
"type": "Point",
"coordinates": [
8.8073084,
42.5638336
]
},
"properties": {
"osm_id": "node/14024188473",
"kind": "snack bar",
"name": "Pizz'Abeille"
}
},
{
"type": "Feature",
"geometry": {
"type": "Point",
"coordinates": [
8.8035731,
41.8885596
]
},
"properties": {
"osm_id": "node/14024199697",
"kind": "bakery",
"name": "La Mie Câline"
}
},
{
"type": "Feature",
"geometry": {
"type": "Point",
"coordinates": [
9.5259248,
42.5572746
]
},
"properties": {
"osm_id": "node/14024875813",
"kind": "restaurant",
"name": "ORA VOSTRA"
}
},
{
"type": "Feature",
"geometry": {
"type": "Point",
"coordinates": [
9.4282031,
42.5910334
]
},
"properties": {
"osm_id": "node/14024920134",
"kind": "restaurant",
"name": "U Fucone"
}
},
{
"type": "Feature",
"geometry": {
"type": "Point",
"coordinates": [
9.4988544,
42.5959379
]
},
"properties": {
"osm_id": "node/14024920148",
"kind": "restaurant",
"name": "Cucina Campana"
}
},
{
"type": "Feature",
"geometry": {
"type": "Point",
"coordinates": [
9.4385066,
42.5965312
]
},
"properties": {
"osm_id": "node/14024946058",
"kind": "bakery",
"name": "Boulangerie Patisserie N 4",
"opening_hours": "Mo-Su 05:30-20:00"
}
},
{
"type": "Feature",
"geometry": {
"type": "Point",
"coordinates": [
9.5079341,
42.443754
]
},
"properties": {
"osm_id": "node/14027232435",
"kind": "delicatessen",
"name": "A FIERA"
}
},
{
"type": "Feature",
"geometry": {
"type": "Point",
"coordinates": [
8.8055624,
41.8930613
]
},
"properties": {
"osm_id": "node/14027425127",
"kind": "delicatessen",
"name": "A Casa"
}
},
{
"type": "Feature",
"geometry": {
"type": "Point",
"coordinates": [
8.8086858,
41.8958843
]
},
"properties": {
"osm_id": "node/14027430430",
"kind": "delicatessen",
"name": ""
}
},
{
"type": "Feature",
"geometry": {
"type": "Point",
"coordinates": [
8.8022418,
41.9009806
]
},
"properties": {
"osm_id": "node/14027441028",
"kind": "restaurant",
"name": "L’Alta Rocca"
}
},
{
"type": "Feature",
"geometry": {
"type": "Point",
"coordinates": [
8.8035606,
41.8905954
]
},
"properties": {
"osm_id": "node/14027467733",
"kind": "ice cream",
"name": "Glacier Le Club"
}
},
{
"type": "Feature",
"geometry": {
"type": "Point",
"coordinates": [
9.0010344,
42.5295781
]
},
"properties": {
"osm_id": "node/14042143601",
"kind": "restaurant",
"name": "U Pasturellu"
}
},
{
"type": "Feature",
"geometry": {
"type": "Point",
"coordinates": [
9.0067764,
42.639339
]
},
"properties": {
"osm_id": "node/14046328754",
"kind": "restaurant",
"name": "La Payotte",
"opening_hours": "Mo-Su 10:00-23:00"
}
},
{
"type": "Feature",
"geometry": {
"type": "Point",
"coordinates": [
9.481108,
42.4823494
]
},
"properties": {
"osm_id": "node/14048223602",
"kind": "restaurant",
"name": ""
}
},
{
"type": "Feature",
"geometry": {
"type": "Point",
"coordinates": [
9.4975856,
42.4610111
]
},
"properties": {
"osm_id": "node/14048223603",
"kind": "greengrocer",
"name": ""
}
},
{
"type": "Feature",
"geometry": {
"type": "Point",
"coordinates": [
9.4910853,
42.4668908
]
},
"properties": {
"osm_id": "node/14048223701",
"kind": "restaurant",
"name": "U Mercadu"
}
},
{
"type": "Feature",
"geometry": {
"type": "Point",
"coordinates": [
9.5073721,
42.4480894
]
},
"properties": {
"osm_id": "node/14048223703",
"kind": "bakery",
"name": "The Cookie Factory"
}
},
{
"type": "Feature",
"geometry": {
"type": "Point",
"coordinates": [
9.4824066,
42.4792553
]
},
"properties": {
"osm_id": "node/14049613787",
"kind": "restaurant",
"name": "Ranch des 2 Vallées",
"opening_hours": "Mo-Su 19:00-23:00"
}
},
{
"type": "Feature",
"geometry": {
"type": "Point",
"coordinates": [
9.3594581,
42.6009085
]
},
"properties": {
"osm_id": "node/14054140101",
"kind": "snack bar",
"name": ""
}
},
{
"type": "Feature",
"geometry": {
"type": "Point",
"coordinates": [
8.7090047,
41.9091122
]
},
"properties": {
"osm_id": "node/14054187701",
"kind": "restaurant",
"name": "L'Arbre à Pain Sanguinaires",
"opening_hours": "Mo-Su 07:00-20:00"
}
},
{
"type": "Feature",
"geometry": {
"type": "Point",
"coordinates": [
9.4404386,
42.526591
]
},
"properties": {
"osm_id": "node/14055580501",
"kind": "bakery",
"name": "Pineapple"
}
},
{
"type": "Feature",
"geometry": {
"type": "Point",
"coordinates": [
9.3681296,
42.5066118
]
},
"properties": {
"osm_id": "node/14055591001",
"kind": "bar",
"name": "U Sputinu"
}
},
{
"type": "Feature",
"geometry": {
"type": "Point",
"coordinates": [
8.7938199,
41.9531017
]
},
"properties": {
"osm_id": "node/14055963101",
"kind": "restaurant",
"name": "La Grande Brasserie"
}
},
{
"type": "Feature",
"geometry": {
"type": "Point",
"coordinates": [
8.7932095,
41.9531421
]
},
"properties": {
"osm_id": "node/14056085903",
"kind": "café",
"name": "illy Caffè"
}
},
{
"type": "Feature",
"geometry": {
"type": "Point",
"coordinates": [
8.7916042,
41.9528609
]
},
"properties": {
"osm_id": "node/14056111401",
"kind": "café",
"name": "Columbus Café & Co",
"opening_hours": "Mo-Sa 08:30-20:00"
}
},
{
"type": "Feature",
"geometry": {
"type": "Point",
"coordinates": [
8.7831746,
41.9521274
]
},
"properties": {
"osm_id": "node/14056192202",
"kind": "restaurant",
"name": "La Pizzeria"
}
},
{
"type": "Feature",
"geometry": {
"type": "Point",
"coordinates": [
8.7788273,
41.9510665
]
},
"properties": {
"osm_id": "node/14056193601",
"kind": "snack bar",
"name": ""
}
},
{
"type": "Feature",
"geometry": {
"type": "Point",
"coordinates": [
8.7561803,
41.9393323
]
},
"properties": {
"osm_id": "node/14056201401",
"kind": "restaurant",
"name": "Le Gourmand"
}
},
{
"type": "Feature",
"geometry": {
"type": "Point",
"coordinates": [
8.753699,
41.9359456
]
},
"properties": {
"osm_id": "node/14056201402",
"kind": "bakery",
"name": "Banette"
}
},
{
"type": "Feature",
"geometry": {
"type": "Point",
"coordinates": [
8.7438442,
41.9336893
]
},
"properties": {
"osm_id": "node/14056201702",
"kind": "restaurant",
"name": ""
}
},
{
"type": "Feature",
"geometry": {
"type": "Point",
"coordinates": [
8.7383683,
41.9274988
]
},
"properties": {
"osm_id": "node/14056209201",
"kind": "restaurant",
"name": ""
}
},
{
"type": "Feature",
"geometry": {
"type": "Point",
"coordinates": [
8.7236522,
41.9124264
]
},
"properties": {
"osm_id": "node/14056471501",
"kind": "restaurant",
"name": "Paillotte Trottel Beach"
}
},
{
"type": "Feature",
"geometry": {
"type": "Point",
"coordinates": [
8.7213634,
41.9107798
]
},
"properties": {
"osm_id": "node/14056490901",
"kind": "restaurant",
"name": "Golden Falafel - Corsicasher"
}
},
{
"type": "Feature",
"geometry": {
"type": "Point",
"coordinates": [
8.7364849,
41.9171528
]
},
"properties": {
"osm_id": "node/14058130603",
"kind": "restaurant",
"name": "La Felicità"
}
},
{
"type": "Feature",
"geometry": {
"type": "Point",
"coordinates": [
8.7265077,
41.9131321
]
},
"properties": {
"osm_id": "node/14058130702",
"kind": "delicatessen",
"name": "L'Alina"
}
},
{
"type": "Feature",
"geometry": {
"type": "Point",
"coordinates": [
8.73826,
41.9204524
]
},
"properties": {
"osm_id": "node/14058150401",
"kind": "delicatessen",
"name": ""
}
},
{
"type": "Feature",
"geometry": {
"type": "Point",
"coordinates": [
8.7385208,
41.9232622
]
},
"properties": {
"osm_id": "node/14058305602",
"kind": "delicatessen",
"name": "U Gustaghju"
}
},
{
"type": "Feature",
"geometry": {
"type": "Point",
"coordinates": [
8.7386629,
41.9236092
]
},
"properties": {
"osm_id": "node/14058306901",
"kind": "café",
"name": "La p'tite brasserie"
}
},
{
"type": "Feature",
"geometry": {
"type": "Point",
"coordinates": [
8.7386725,
41.9235412
]
},
"properties": {
"osm_id": "node/14058312502",
"kind": "restaurant",
"name": "Kantina"
}
},
{
"type": "Feature",
"geometry": {
"type": "Point",
"coordinates": [
8.7383364,
41.9237908
]
},
"properties": {
"osm_id": "node/14058327301",
"kind": "restaurant",
"name": ""
}
},
{
"type": "Feature",
"geometry": {
"type": "Point",
"coordinates": [
8.7379048,
41.923805
]
},
"properties": {
"osm_id": "node/14058329001",
"kind": "bar",
"name": "Arsula"
}
},
{
"type": "Feature",
"geometry": {
"type": "Point",
"coordinates": [
8.7372616,
41.9204272
]
},
"properties": {
"osm_id": "node/14058349503",
"kind": "bar",
"name": ""
}
},
{
"type": "Feature",
"geometry": {
"type": "Point",
"coordinates": [
8.7374425,
41.9213658
]
},
"properties": {
"osm_id": "node/14058350801",
"kind": "delicatessen",
"name": ""
}
},
{
"type": "Feature",
"geometry": {
"type": "Point",
"coordinates": [
8.736179,
41.9186596
]
},
"properties": {
"osm_id": "node/14058526505",
"kind": "bakery",
"name": "Dreams Donuts"
}
},
{
"type": "Feature",
"geometry": {
"type": "Point",
"coordinates": [
8.7361252,
41.9186558
]
},
"properties": {
"osm_id": "node/14058526506",
"kind": "ice cream",
"name": "La Fabrique Givrée"
}
},
{
"type": "Feature",
"geometry": {
"type": "Point",
"coordinates": [
8.7231879,
41.9125883
]
},
"properties": {
"osm_id": "node/14058571401",
"kind": "bakery",
"name": ""
}
},
{
"type": "Feature",
"geometry": {
"type": "Point",
"coordinates": [
8.7128415,
41.9086287
]
},
"properties": {
"osm_id": "node/14059751402",
"kind": "restaurant",
"name": "La Table d'Émeraude"
}
},
{
"type": "Feature",
"geometry": {
"type": "Point",
"coordinates": [
8.7257271,
41.913157
]
},
"properties": {
"osm_id": "node/14059769401",
"kind": "restaurant",
"name": "U Petti Rossu"
}
},
{
"type": "Feature",
"geometry": {
"type": "Point",
"coordinates": [
8.7276444,
41.9132429
]
},
"properties": {
"osm_id": "node/14060148101",
"kind": "ice cream",
"name": "Sucré Glacé"
}
},
{
"type": "Feature",
"geometry": {
"type": "Point",
"coordinates": [
8.7274229,
41.9132154
]
},
"properties": {
"osm_id": "node/14060148201",
"kind": "restaurant",
"name": "Sushi'n Wok"
}
},
{
"type": "Feature",
"geometry": {
"type": "Point",
"coordinates": [
8.7253653,
41.9127216
]
},
"properties": {
"osm_id": "node/14060152002",
"kind": "restaurant",
"name": "Sur le toit"
}
},
{
"type": "Feature",
"geometry": {
"type": "Point",
"coordinates": [
8.7372533,
41.9182071
]
},
"properties": {
"osm_id": "node/14060877101",
"kind": "bar",
"name": "ana"
}
},
{
"type": "Feature",
"geometry": {
"type": "Point",
"coordinates": [
8.7406713,
41.9309368
]
},
"properties": {
"osm_id": "node/14060892603",
"kind": "snack bar",
"name": ""
}
},
{
"type": "Feature",
"geometry": {
"type": "Point",
"coordinates": [
8.7558823,
41.9332655
]
},
"properties": {
"osm_id": "node/14060892604",
"kind": "bakery",
"name": ""
}
},
{
"type": "Feature",
"geometry": {
"type": "Point",
"coordinates": [
8.7649526,
41.9285553
]
},
"properties": {
"osm_id": "node/14060896901",
"kind": "snack bar",
"name": "Top Pizza"
}
},
{
"type": "Feature",
"geometry": {
"type": "Point",
"coordinates": [
8.8184676,
41.9700229
]
},
"properties": {
"osm_id": "node/14060912201",
"kind": "snack bar",
"name": "Dépôt Pain"
}
},
{
"type": "Feature",
"geometry": {
"type": "Point",
"coordinates": [
8.8414866,
41.9861321
]
},
"properties": {
"osm_id": "node/14060919301",
"kind": "restaurant",
"name": ""
}
},
{
"type": "Feature",
"geometry": {
"type": "Point",
"coordinates": [
8.848986,
41.9936582
]
},
"properties": {
"osm_id": "node/14060919501",
"kind": "restaurant",
"name": "La Comète"
}
},
{
"type": "Feature",
"geometry": {
"type": "Point",
"coordinates": [
8.8536071,
41.9986799
]
},
"properties": {
"osm_id": "node/14060919502",
"kind": "snack bar",
"name": ""
}
},
{
"type": "Feature",
"geometry": {
"type": "Point",
"coordinates": [
8.8908564,
42.0178168
]
},
"properties": {
"osm_id": "node/14060927101",
"kind": "small shop",
"name": "Carrefour Express",
"opening_hours": "Mo-Su 06:00-22:00"
}
},
{
"type": "Feature",
"geometry": {
"type": "Point",
"coordinates": [
8.9288756,
42.0471264
]
},
"properties": {
"osm_id": "node/14060934201",
"kind": "snack bar",
"name": "Chez Mathieu"
}
},
{
"type": "Feature",
"geometry": {
"type": "Point",
"coordinates": [
9.1128797,
42.1117904
]
},
"properties": {
"osm_id": "node/14060978901",
"kind": "snack bar",
"name": ""
}
},
{
"type": "Feature",
"geometry": {
"type": "Point",
"coordinates": [
9.5079144,
42.4452136
]
},
"properties": {
"osm_id": "node/14061636747",
"kind": "restaurant",
"name": "Brasserie les Sens"
}
},
{
"type": "Feature",
"geometry": {
"type": "Point",
"coordinates": [
8.7931624,
41.9514857
]
},
"properties": {
"osm_id": "node/14061755814",
"kind": "restaurant",
"name": ""
}
},
{
"type": "Feature",
"geometry": {
"type": "Point",
"coordinates": [
8.7610199,
42.5678119
]
},
"properties": {
"osm_id": "node/1406492578",
"kind": "bar",
"name": "Chez Tao"
}
},
{
"type": "Feature",
"geometry": {
"type": "Point",
"coordinates": [
9.4497859,
42.6975711
]
},
"properties": {
"osm_id": "node/14065857835",
"kind": "ice cream",
"name": "Häagen-Dazs",
"opening_hours": "Mo-Su 11:00-23:00"
}
},
{
"type": "Feature",
"geometry": {
"type": "Point",
"coordinates": [
9.3621325,
42.6966859
]
},
"properties": {
"osm_id": "node/14066836001",
"kind": "ice cream",
"name": "La Glace de Patrimonio"
}
},
{
"type": "Feature",
"geometry": {
"type": "Point",
"coordinates": [
9.5034846,
42.4553051
]
},
"properties": {
"osm_id": "node/14067781110",
"kind": "greengrocer",
"name": "Pratali Maraîcher Bio"
}
},
{
"type": "Feature",
"geometry": {
"type": "Point",
"coordinates": [
9.5320128,
42.3745332
]
},
"properties": {
"osm_id": "node/14068728801",
"kind": "restaurant",
"name": "Pascal Paoli",
"opening_hours": "Mo-Su 10:00-23:00"
}
},
{
"type": "Feature",
"geometry": {
"type": "Point",
"coordinates": [
8.7481559,
42.3874069
]
},
"properties": {
"osm_id": "node/14076396601",
"kind": "snack bar",
"name": "Fangu Food",
"opening_hours": "Mo-Su 11:45-17:00"
}
},
{
"type": "Feature",
"geometry": {
"type": "Point",
"coordinates": [
9.2741403,
41.5980564
]
},
"properties": {
"osm_id": "node/14078148926",
"kind": "snack bar",
"name": "Frit'n Co"
}
},
{
"type": "Feature",
"geometry": {
"type": "Point",
"coordinates": [
9.424247,
42.381066
]
},
"properties": {
"osm_id": "node/14084230593",
"kind": "restaurant",
"name": "San Bertuli",
"opening_hours": "Mo-Su 11:15-15:00, 17:00-22:00"
}
},
{
"type": "Feature",
"geometry": {
"type": "Point",
"coordinates": [
9.1125358,
42.1161987
]
},
"properties": {
"osm_id": "node/14087472002",
"kind": "snack bar",
"name": "Bar delle cascate"
}
},
{
"type": "Feature",
"geometry": {
"type": "Point",
"coordinates": [
9.1457843,
41.8851761
]
},
"properties": {
"osm_id": "node/14087472203",
"kind": "restaurant",
"name": ""
}
},
{
"type": "Feature",
"geometry": {
"type": "Point",
"coordinates": [
9.2660896,
41.6444897
]
},
"properties": {
"osm_id": "node/14087472401",
"kind": "restaurant",
"name": "A Furtezza"
}
},
{
"type": "Feature",
"geometry": {
"type": "Point",
"coordinates": [
9.1986637,
42.4790834
]
},
"properties": {
"osm_id": "node/14087703604",
"kind": "snack bar",
"name": "U Camiò"
}
},
{
"type": "Feature",
"geometry": {
"type": "Point",
"coordinates": [
9.1388045,
42.4775218
]
},
"properties": {
"osm_id": "node/14087709501",
"kind": "restaurant",
"name": "U Mulinu"
}
},
{
"type": "Feature",
"geometry": {
"type": "Point",
"coordinates": [
9.5444489,
42.3238917
]
},
"properties": {
"osm_id": "node/14088343138",
"kind": "snack bar",
"name": "Via Luna",
"opening_hours": "Mo-Su 12:00-15:00,18:00-22:00"
}
},
{
"type": "Feature",
"geometry": {
"type": "Point",
"coordinates": [
9.5319492,
42.1389704
]
},
"properties": {
"osm_id": "node/14090007788",
"kind": "restaurant",
"name": "Veni è Posa",
"opening_hours": "Mo-Sa 12:00-21:00"
}
},
{
"type": "Feature",
"geometry": {
"type": "Point",
"coordinates": [
9.3128302,
42.6877027
]
},
"properties": {
"osm_id": "node/14090503502",
"kind": "restaurant",
"name": ""
}
},
{
"type": "Feature",
"geometry": {
"type": "Point",
"coordinates": [
8.6325659,
41.9074987
]
},
"properties": {
"osm_id": "node/14091656834",
"kind": "restaurant",
"name": "Paillote Mooréa plage"
}
},
{
"type": "Feature",
"geometry": {
"type": "Point",
"coordinates": [
9.3521954,
42.6292483
]
},
"properties": {
"osm_id": "node/14094755601",
"kind": "snack bar",
"name": ""
}
},
{
"type": "Feature",
"geometry": {
"type": "Point",
"coordinates": [
8.6325943,
41.9074873
]
},
"properties": {
"osm_id": "node/14098986801",
"kind": "restaurant",
"name": "Paillote Moorea"
}
},
{
"type": "Feature",
"geometry": {
"type": "Point",
"coordinates": [
8.6222288,
41.9390558
]
},
"properties": {
"osm_id": "node/14098986802",
"kind": "restaurant",
"name": "Paillote A Maredda Capo di feno"
}
},
{
"type": "Feature",
"geometry": {
"type": "Point",
"coordinates": [
8.6224054,
41.9385718
]
},
"properties": {
"osm_id": "node/14098990301",
"kind": "restaurant",
"name": "Casa Nostra"
}
},
{
"type": "Feature",
"geometry": {
"type": "Point",
"coordinates": [
9.1910939,
42.3800554
]
},
"properties": {
"osm_id": "node/14099361801",
"kind": "restaurant",
"name": "Pizzeria Chez Tony"
}
},
{
"type": "Feature",
"geometry": {
"type": "Point",
"coordinates": [
9.2004141,
42.4783914
]
},
"properties": {
"osm_id": "node/14099397901",
"kind": "restaurant",
"name": "L'Osteria chez Mémé"
}
},
{
"type": "Feature",
"geometry": {
"type": "Point",
"coordinates": [
8.8342764,
41.9796735
]
},
"properties": {
"osm_id": "node/14100696302",
"kind": "small shop",
"name": "Cocci Market",
"opening_hours": "Mo-Su 08:00-20:00"
}
},
{
"type": "Feature",
"geometry": {
"type": "Point",
"coordinates": [
8.7952172,
42.551003
]
},
"properties": {
"osm_id": "node/1410705808",
"kind": "bakery",
"name": "L'Acapulco"
}
},
{
"type": "Feature",
"geometry": {
"type": "Point",
"coordinates": [
8.7566094,
42.5654837
]
},
"properties": {
"osm_id": "node/14107106401",
"kind": "bakery",
"name": "l'Amadeus",
"opening_hours": "Mo-Su 06:30-20:00"
}
},
{
"type": "Feature",
"geometry": {
"type": "Point",
"coordinates": [
9.5077794,
42.4484543
]
},
"properties": {
"osm_id": "node/14109575793",
"kind": "snack bar",
"name": "A Pizzetta",
"opening_hours": "Mo-Sa 08:00-15:00,17:00-21:30"
}
},
{
"type": "Feature",
"geometry": {
"type": "Point",
"coordinates": [
8.6429531,
41.9102888
]
},
"properties": {
"osm_id": "node/14112226703",
"kind": "restaurant",
"name": "Le Goéland",
"opening_hours": "Tu-Su 10:00-00:00"
}
},
{
"type": "Feature",
"geometry": {
"type": "Point",
"coordinates": [
8.7399634,
41.9342723
]
},
"properties": {
"osm_id": "node/14112676201",
"kind": "restaurant",
"name": "La Romana Pinseria",
"opening_hours": "Tu-Su 18:00-22:00"
}
},
{
"type": "Feature",
"geometry": {
"type": "Point",
"coordinates": [
9.5302899,
42.3751933
]
},
"properties": {
"osm_id": "node/14113201602",
"kind": "snack bar",
"name": "Le Tacos"
}
},
{
"type": "Feature",
"geometry": {
"type": "Point",
"coordinates": [
9.5308422,
42.3748967
]
},
"properties": {
"osm_id": "node/14113205102",
"kind": "bar",
"name": ""
}
},
{
"type": "Feature",
"geometry": {
"type": "Point",
"coordinates": [
8.7972721,
41.9280926
]
},
"properties": {
"osm_id": "node/14114255501",
"kind": "bakery",
"name": "Ange",
"opening_hours": "Mo-Sa 06:30-20:00; Su 06:30-19:00"
}
},
{
"type": "Feature",
"geometry": {
"type": "Point",
"coordinates": [
8.7978756,
41.9283473
]
},
"properties": {
"osm_id": "node/14114269101",
"kind": "supermarket",
"name": "Spar",
"opening_hours": "Mo-Sa 07:45-19:45; Su 08:30-12:30"
}
},
{
"type": "Feature",
"geometry": {
"type": "Point",
"coordinates": [
8.8639428,
42.6083483
]
},
"properties": {
"osm_id": "node/14115679394",
"kind": "restaurant",
"name": "Restaurant l'Ondine"
}
},
{
"type": "Feature",
"geometry": {
"type": "Point",
"coordinates": [
8.8967747,
42.5697467
]
},
"properties": {
"osm_id": "node/14116115628",
"kind": "fuel station",
"name": ""
}
},
{
"type": "Feature",
"geometry": {
"type": "Point",
"coordinates": [
8.866032,
42.6076838
]
},
"properties": {
"osm_id": "node/14116128089",
"kind": "restaurant",
"name": "Restaurant Beau Rivage"
}
},
{
"type": "Feature",
"geometry": {
"type": "Point",
"coordinates": [
8.6225127,
41.9378861
]
},
"properties": {
"osm_id": "node/14118693096",
"kind": "restaurant",
"name": "Le Pirate",
"opening_hours": "Mo-Su 11:30-22:00"
}
},
{
"type": "Feature",
"geometry": {
"type": "Point",
"coordinates": [
8.8769768,
42.5753837
]
},
"properties": {
"osm_id": "node/14123211555",
"kind": "restaurant",
"name": "Le Belvédère",
"opening_hours": "12:00-14:00; 1930-21:30"
}
},
{
"type": "Feature",
"geometry": {
"type": "Point",
"coordinates": [
9.4515639,
42.6928594
]
},
"properties": {
"osm_id": "node/14123794401",
"kind": "restaurant",
"name": "U Guasco"
}
},
{
"type": "Feature",
"geometry": {
"type": "Point",
"coordinates": [
9.017379,
42.5711899
]
},
"properties": {
"osm_id": "node/14125442001",
"kind": "restaurant",
"name": "Le ranch by Édouard",
"opening_hours": "Th-Tu 17:00-00:00"
}
},
{
"type": "Feature",
"geometry": {
"type": "Point",
"coordinates": [
9.122395,
41.7013543
]
},
"properties": {
"osm_id": "node/14127733482",
"kind": "bar",
"name": "Petri Bianchi"
}
},
{
"type": "Feature",
"geometry": {
"type": "Point",
"coordinates": [
9.1226397,
41.7016923
]
},
"properties": {
"osm_id": "node/14127767082",
"kind": "restaurant",
"name": "A rinascita"
}
},
{
"type": "Feature",
"geometry": {
"type": "Point",
"coordinates": [
8.7972722,
41.9529463
]
},
"properties": {
"osm_id": "node/14134558008",
"kind": "supermarket",
"name": "Auchan",
"opening_hours": "Mo-Sa 08:30-20:00; Su 08:30-13:00"
}
},
{
"type": "Feature",
"geometry": {
"type": "Point",
"coordinates": [
8.9057972,
41.9227903
]
},
"properties": {
"osm_id": "node/14135150867",
"kind": "restaurant",
"name": "U Caseddu"
}
},
{
"type": "Feature",
"geometry": {
"type": "Point",
"coordinates": [
8.7044071,
42.1311065
]
},
"properties": {
"osm_id": "node/14135850101",
"kind": "restaurant",
"name": "La Palmeraie"
}
},
{
"type": "Feature",
"geometry": {
"type": "Point",
"coordinates": [
8.7904719,
41.8542831
]
},
"properties": {
"osm_id": "node/14136525382",
"kind": "restaurant",
"name": "Paillotte Des Tamaris"
}
},
{
"type": "Feature",
"geometry": {
"type": "Point",
"coordinates": [
9.179877,
41.4199604
]
},
"properties": {
"osm_id": "node/14136585476",
"kind": "café",
"name": "Le Gardin"
}
},
{
"type": "Feature",
"geometry": {
"type": "Point",
"coordinates": [
9.3632871,
42.6966431
]
},
"properties": {
"osm_id": "node/14136649597",
"kind": "bar",
"name": "L'Aligria"
}
},
{
"type": "Feature",
"geometry": {
"type": "Point",
"coordinates": [
9.3122868,
42.6877132
]
},
"properties": {
"osm_id": "node/14140408819",
"kind": "snack bar",
"name": "Iki Sushi Saint-Florent",
"opening_hours": "Tu-Su 18:00-22:00"
}
},
{
"type": "Feature",
"geometry": {
"type": "Point",
"coordinates": [
8.8976566,
41.6111905
]
},
"properties": {
"osm_id": "node/14140638909",
"kind": "restaurant",
"name": "Alò Bisujè"
}
},
{
"type": "Feature",
"geometry": {
"type": "Point",
"coordinates": [
8.8552967,
42.5080781
]
},
"properties": {
"osm_id": "node/14141623090",
"kind": "small shop",
"name": "Épicerie Cristina"
}
},
{
"type": "Feature",
"geometry": {
"type": "Point",
"coordinates": [
9.1230246,
41.7045045
]
},
"properties": {
"osm_id": "node/14143107855",
"kind": "bakery",
"name": "Point Chaud"
}
},
{
"type": "Feature",
"geometry": {
"type": "Point",
"coordinates": [
9.1225298,
41.7017753
]
},
"properties": {
"osm_id": "node/14143167944",
"kind": "delicatessen",
"name": "A Meda"
}
},
{
"type": "Feature",
"geometry": {
"type": "Point",
"coordinates": [
9.4500727,
42.7007764
]
},
"properties": {
"osm_id": "node/14144771102",
"kind": "restaurant",
"name": "Le Bellagio"
}
},
{
"type": "Feature",
"geometry": {
"type": "Point",
"coordinates": [
9.4499154,
42.6995886
]
},
"properties": {
"osm_id": "node/14144817501",
"kind": "bakery",
"name": "Alexpapagateaux"
}
},
{
"type": "Feature",
"geometry": {
"type": "Point",
"coordinates": [
8.8263772,
42.603256
]
},
"properties": {
"osm_id": "node/14157188888",
"kind": "bar",
"name": "Sant Ambroggio Kfé"
}
},
{
"type": "Feature",
"geometry": {
"type": "Point",
"coordinates": [
8.8263815,
42.6033623
]
},
"properties": {
"osm_id": "node/14157188889",
"kind": "bakery",
"name": "San Kfé Ambroggio"
}
},
{
"type": "Feature",
"geometry": {
"type": "Point",
"coordinates": [
8.9140164,
41.5665373
]
},
"properties": {
"osm_id": "node/14158752739",
"kind": "restaurant",
"name": ""
}
},
{
"type": "Feature",
"geometry": {
"type": "Point",
"coordinates": [
8.8556301,
42.5073914
]
},
"properties": {
"osm_id": "node/14177521214",
"kind": "bar",
"name": "Bistro Le JP"
}
},
{
"type": "Feature",
"geometry": {
"type": "Point",
"coordinates": [
8.901148,
42.5305057
]
},
"properties": {
"osm_id": "node/14177521215",
"kind": "bar",
"name": "Bar Tabac Montegrossu"
}
},
{
"type": "Feature",
"geometry": {
"type": "Point",
"coordinates": [
9.2468879,
42.3104401
]
},
"properties": {
"osm_id": "node/14181558958",
"kind": "small shop",
"name": "Scanseria"
}
},
{
"type": "Feature",
"geometry": {
"type": "Point",
"coordinates": [
9.2753861,
41.5779513
]
},
"properties": {
"osm_id": "node/14188679184",
"kind": "restaurant",
"name": "Parita Thai Food"
}
},
{
"type": "Feature",
"geometry": {
"type": "Point",
"coordinates": [
9.2794073,
41.5901164
]
},
"properties": {
"osm_id": "node/14191392307",
"kind": "restaurant",
"name": "Focacceria"
}
},
{
"type": "Feature",
"geometry": {
"type": "Point",
"coordinates": [
9.2792393,
41.5900176
]
},
"properties": {
"osm_id": "node/14191396084",
"kind": "restaurant",
"name": "U Caseddu"
}
},
{
"type": "Feature",
"geometry": {
"type": "Point",
"coordinates": [
9.2788829,
41.5905977
]
},
"properties": {
"osm_id": "node/14191396085",
"kind": "restaurant",
"name": "Sous la Tonelle"
}
},
{
"type": "Feature",
"geometry": {
"type": "Point",
"coordinates": [
9.2811343,
41.5915466
]
},
"properties": {
"osm_id": "node/14191399780",
"kind": "restaurant",
"name": "La Citadelle"
}
},
{
"type": "Feature",
"geometry": {
"type": "Point",
"coordinates": [
9.2801846,
41.5905742
]
},
"properties": {
"osm_id": "node/14191400507",
"kind": "restaurant",
"name": "Bistrocellu"
}
},
{
"type": "Feature",
"geometry": {
"type": "Point",
"coordinates": [
9.2791433,
41.5898758
]
},
"properties": {
"osm_id": "node/14191405472",
"kind": "restaurant",
"name": "Othello"
}
},
{
"type": "Feature",
"geometry": {
"type": "Point",
"coordinates": [
9.2787884,
41.5907332
]
},
"properties": {
"osm_id": "node/14191417366",
"kind": "restaurant",
"name": "La Suite"
}
},
{
"type": "Feature",
"geometry": {
"type": "Point",
"coordinates": [
9.2799036,
41.5907252
]
},
"properties": {
"osm_id": "node/14191476362",
"kind": "restaurant",
"name": "Alta Rocca"
}
},
{
"type": "Feature",
"geometry": {
"type": "Point",
"coordinates": [
9.2797163,
41.5906736
]
},
"properties": {
"osm_id": "node/14191552611",
"kind": "restaurant",
"name": "O p'tit in Solent"
}
},
{
"type": "Feature",
"geometry": {
"type": "Point",
"coordinates": [
9.2794299,
41.5905816
]
},
"properties": {
"osm_id": "node/14191562275",
"kind": "ice cream",
"name": "Raugi"
}
},
{
"type": "Feature",
"geometry": {
"type": "Point",
"coordinates": [
9.2796474,
41.5908222
]
},
"properties": {
"osm_id": "node/14191569025",
"kind": "restaurant",
"name": "A Storia"
}
},
{
"type": "Feature",
"geometry": {
"type": "Point",
"coordinates": [
9.4004564,
41.8562896
]
},
"properties": {
"osm_id": "node/14191793067",
"kind": "restaurant",
"name": "U San Marcellu"
}
},
{
"type": "Feature",
"geometry": {
"type": "Point",
"coordinates": [
9.3991392,
41.8572676
]
},
"properties": {
"osm_id": "node/14191930596",
"kind": "delicatessen",
"name": "Roba Rusticale"
}
},
{
"type": "Feature",
"geometry": {
"type": "Point",
"coordinates": [
9.3994908,
41.8573324
]
},
"properties": {
"osm_id": "node/14191968709",
"kind": "bar",
"name": "Di' Vinu"
}
},
{
"type": "Feature",
"geometry": {
"type": "Point",
"coordinates": [
9.3997255,
41.8567052
]
},
"properties": {
"osm_id": "node/14191971792",
"kind": "bar",
"name": "LBJ"
}
},
{
"type": "Feature",
"geometry": {
"type": "Point",
"coordinates": [
9.3994623,
41.8563847
]
},
"properties": {
"osm_id": "node/14191980341",
"kind": "bar",
"name": "L'Acinu"
}
},
{
"type": "Feature",
"geometry": {
"type": "Point",
"coordinates": [
8.8025052,
41.952219
]
},
"properties": {
"osm_id": "node/14204001001",
"kind": "restaurant",
"name": "Le Temple du Foot"
}
},
{
"type": "Feature",
"geometry": {
"type": "Point",
"coordinates": [
8.8029866,
41.9535357
]
},
"properties": {
"osm_id": "node/14204609701",
"kind": "restaurant",
"name": "Au Bureau",
"opening_hours": "Mo,Su 11:00-23:00; Tu-Th 11:00-24:00; Fr-Sa 11:00-01:00"
}
},
{
"type": "Feature",
"geometry": {
"type": "Point",
"coordinates": [
8.8027045,
41.9531387
]
},
"properties": {
"osm_id": "node/14204609702",
"kind": "restaurant",
"name": "Hippopotamus Steakhouse Ajaccio"
}
},
{
"type": "Feature",
"geometry": {
"type": "Point",
"coordinates": [
8.7994154,
41.9542674
]
},
"properties": {
"osm_id": "node/14204613702",
"kind": "restaurant",
"name": "Le Chalé"
}
},
{
"type": "Feature",
"geometry": {
"type": "Point",
"coordinates": [
9.4489727,
42.6990368
]
},
"properties": {
"osm_id": "node/14206266578",
"kind": "café",
"name": "Café Marlow",
"opening_hours": "Mo-Su,PH 09:00-19:00"
}
},
{
"type": "Feature",
"geometry": {
"type": "Point",
"coordinates": [
9.4499611,
42.6954319
]
},
"properties": {
"osm_id": "node/14206569058",
"kind": "restaurant",
"name": "La Miss au Verre"
}
},
{
"type": "Feature",
"geometry": {
"type": "Point",
"coordinates": [
9.450223,
42.6953203
]
},
"properties": {
"osm_id": "node/14206597906",
"kind": "restaurant",
"name": "Pigalle"
}
},
{
"type": "Feature",
"geometry": {
"type": "Point",
"coordinates": [
9.450748,
42.6964852
]
},
"properties": {
"osm_id": "node/14206648496",
"kind": "ice cream",
"name": "Raugi"
}
},
{
"type": "Feature",
"geometry": {
"type": "Point",
"coordinates": [
9.4510964,
42.696373
]
},
"properties": {
"osm_id": "node/14206648497",
"kind": "restaurant",
"name": "Ô Sud"
}
},
{
"type": "Feature",
"geometry": {
"type": "Point",
"coordinates": [
9.4513639,
42.6962834
]
},
"properties": {
"osm_id": "node/14206660316",
"kind": "restaurant",
"name": "Do Vino"
}
},
{
"type": "Feature",
"geometry": {
"type": "Point",
"coordinates": [
9.4512297,
42.6963236
]
},
"properties": {
"osm_id": "node/14206664998",
"kind": "restaurant",
"name": "Le Jean Bart"
}
},
{
"type": "Feature",
"geometry": {
"type": "Point",
"coordinates": [
9.4515407,
42.6962766
]
},
"properties": {
"osm_id": "node/14206673959",
"kind": "restaurant",
"name": "LVP"
}
},
{
"type": "Feature",
"geometry": {
"type": "Point",
"coordinates": [
9.4513614,
42.6970023
]
},
"properties": {
"osm_id": "node/14208379094",
"kind": "restaurant",
"name": "L'Atelier du marché"
}
},
{
"type": "Feature",
"geometry": {
"type": "Point",
"coordinates": [
9.4522457,
42.6965576
]
},
"properties": {
"osm_id": "node/14208415282",
"kind": "restaurant",
"name": "Nuba"
}
},
{
"type": "Feature",
"geometry": {
"type": "Point",
"coordinates": [
9.4509554,
42.6966459
]
},
"properties": {
"osm_id": "node/14208423622",
"kind": "bar",
"name": "Corsica Bar"
}
},
{
"type": "Feature",
"geometry": {
"type": "Point",
"coordinates": [
9.2833037,
42.2617807
]
},
"properties": {
"osm_id": "node/14208454723",
"kind": "restaurant",
"name": "U Santt'Antone",
"opening_hours": "Mo-Su 07:30-13:00,17:00-21:00"
}
},
{
"type": "Feature",
"geometry": {
"type": "Point",
"coordinates": [
9.4499624,
42.7030578
]
},
"properties": {
"osm_id": "node/14208900762",
"kind": "bakery",
"name": "A Pagnotta"
}
},
{
"type": "Feature",
"geometry": {
"type": "Point",
"coordinates": [
9.4465432,
42.7040519
]
},
"properties": {
"osm_id": "node/14209027025",
"kind": "restaurant",
"name": ""
}
},
{
"type": "Feature",
"geometry": {
"type": "Point",
"coordinates": [
9.4504164,
42.6985373
]
},
"properties": {
"osm_id": "node/14209098669",
"kind": "café",
"name": "Casale"
}
},
{
"type": "Feature",
"geometry": {
"type": "Point",
"coordinates": [
9.4505948,
42.6984821
]
},
"properties": {
"osm_id": "node/14209101630",
"kind": "restaurant",
"name": ""
}
},
{
"type": "Feature",
"geometry": {
"type": "Point",
"coordinates": [
8.7370492,
41.920993
]
},
"properties": {
"osm_id": "node/14216117519",
"kind": "small shop",
"name": "Carrefour Express",
"opening_hours": "Mo-Su 07:00-21:00"
}
},
{
"type": "Feature",
"geometry": {
"type": "Point",
"coordinates": [
9.0170196,
42.336653
]
},
"properties": {
"osm_id": "node/14218744424",
"kind": "bakery",
"name": "U Fornu"
}
},
{
"type": "Feature",
"geometry": {
"type": "Point",
"coordinates": [
9.445079,
42.6767918
]
},
"properties": {
"osm_id": "node/14220287983",
"kind": "restaurant",
"name": "Le Tempus"
}
},
{
"type": "Feature",
"geometry": {
"type": "Point",
"coordinates": [
9.4445452,
42.6752918
]
},
"properties": {
"osm_id": "node/14220287989",
"kind": "restaurant",
"name": "Puppo"
}
},
{
"type": "Feature",
"geometry": {
"type": "Point",
"coordinates": [
8.878546,
42.2906952
]
},
"properties": {
"osm_id": "node/14221579856",
"kind": "snack bar",
"name": "Col de Verghju"
}
},
{
"type": "Feature",
"geometry": {
"type": "Point",
"coordinates": [
9.3946932,
41.8640016
]
},
"properties": {
"osm_id": "node/14224908901",
"kind": "greengrocer",
"name": ""
}
},
{
"type": "Feature",
"geometry": {
"type": "Point",
"coordinates": [
9.3998566,
41.8565278
]
},
"properties": {
"osm_id": "node/14224909001",
"kind": "restaurant",
"name": "Terracotta"
}
},
{
"type": "Feature",
"geometry": {
"type": "Point",
"coordinates": [
9.4640154,
42.5021194
]
},
"properties": {
"osm_id": "node/14226468096",
"kind": "snack bar",
"name": "Snack Le GP"
}
},
{
"type": "Feature",
"geometry": {
"type": "Point",
"coordinates": [
9.1679527,
41.387759
]
},
"properties": {
"osm_id": "node/14226705301",
"kind": "snack bar",
"name": ""
}
},
{
"type": "Feature",
"geometry": {
"type": "Point",
"coordinates": [
9.1594737,
41.3867627
]
},
"properties": {
"osm_id": "node/14231596702",
"kind": "snack bar",
"name": ""
}
},
{
"type": "Feature",
"geometry": {
"type": "Point",
"coordinates": [
9.1630087,
41.3880259
]
},
"properties": {
"osm_id": "node/14231597302",
"kind": "delicatessen",
"name": "Capistrelli & Co."
}
},
{
"type": "Feature",
"geometry": {
"type": "Point",
"coordinates": [
9.1597006,
41.3872677
]
},
"properties": {
"osm_id": "node/14231597401",
"kind": "snack bar",
"name": "Chez Fifi"
}
},
{
"type": "Feature",
"geometry": {
"type": "Point",
"coordinates": [
9.1614802,
41.3876803
]
},
"properties": {
"osm_id": "node/14231597601",
"kind": "bar",
"name": "La Voute"
}
},
{
"type": "Feature",
"geometry": {
"type": "Point",
"coordinates": [
9.3802058,
41.6663496
]
},
"properties": {
"osm_id": "node/14232661325",
"kind": "small shop",
"name": "Proxi",
"opening_hours": "May,Oct 08:00-13:00; Jun,Sep 08:00-19:00; Jul,Aug 08:00-20:00"
}
},
{
"type": "Feature",
"geometry": {
"type": "Point",
"coordinates": [
9.3797721,
41.6665448
]
},
"properties": {
"osm_id": "node/14232661327",
"kind": "restaurant",
"name": ""
}
},
{
"type": "Feature",
"geometry": {
"type": "Point",
"coordinates": [
8.7972085,
41.9833923
]
},
"properties": {
"osm_id": "node/14234245710",
"kind": "restaurant",
"name": "L'Orangeraie"
}
},
{
"type": "Feature",
"geometry": {
"type": "Point",
"coordinates": [
8.7579838,
42.566362
]
},
"properties": {
"osm_id": "node/14235067901",
"kind": "restaurant",
"name": "À Casetta"
}
},
{
"type": "Feature",
"geometry": {
"type": "Point",
"coordinates": [
9.4781512,
42.5422758
]
},
"properties": {
"osm_id": "node/14235402690",
"kind": "snack bar",
"name": "Casa Lya"
}
},
{
"type": "Feature",
"geometry": {
"type": "Point",
"coordinates": [
9.1863114,
41.3893807
]
},
"properties": {
"osm_id": "node/14238316750",
"kind": "restaurant",
"name": "La Kaosa"
}
},
{
"type": "Feature",
"geometry": {
"type": "Point",
"coordinates": [
8.8785494,
42.2907015
]
},
"properties": {
"osm_id": "node/14238346065",
"kind": "café",
"name": ""
}
},
{
"type": "Feature",
"geometry": {
"type": "Point",
"coordinates": [
9.3729752,
41.6743626
]
},
"properties": {
"osm_id": "node/14239342701",
"kind": "bar",
"name": ""
}
},
{
"type": "Feature",
"geometry": {
"type": "Point",
"coordinates": [
9.3723781,
41.67644
]
},
"properties": {
"osm_id": "node/14239342801",
"kind": "restaurant",
"name": "Playarellu"
}
},
{
"type": "Feature",
"geometry": {
"type": "Point",
"coordinates": [
9.5326352,
42.3625355
]
},
"properties": {
"osm_id": "node/14239485782",
"kind": "restaurant",
"name": "A Muredda"
}
},
{
"type": "Feature",
"geometry": {
"type": "Point",
"coordinates": [
8.757616,
42.5669982
]
},
"properties": {
"osm_id": "node/14242157001",
"kind": "greengrocer",
"name": "marche"
}
},
{
"type": "Feature",
"geometry": {
"type": "Point",
"coordinates": [
9.3495115,
41.7008973
]
},
"properties": {
"osm_id": "node/14246127086",
"kind": "restaurant",
"name": ""
}
},
{
"type": "Feature",
"geometry": {
"type": "Point",
"coordinates": [
9.4497411,
42.7018207
]
},
"properties": {
"osm_id": "node/14246519701",
"kind": "restaurant",
"name": "Restaurant Cristo"
}
},
{
"type": "Feature",
"geometry": {
"type": "Point",
"coordinates": [
9.1524575,
42.3011849
]
},
"properties": {
"osm_id": "node/14251208154",
"kind": "restaurant",
"name": "U Pranzu",
"opening_hours": "Mo-Fr 11:00-22:00"
}
},
{
"type": "Feature",
"geometry": {
"type": "Point",
"coordinates": [
8.9524316,
42.6311768
]
},
"properties": {
"osm_id": "node/1432424429",
"kind": "restaurant",
"name": ""
}
},
{
"type": "Feature",
"geometry": {
"type": "Point",
"coordinates": [
8.9372332,
42.6338713
]
},
"properties": {
"osm_id": "node/1432498222",
"kind": "small shop",
"name": "Proxi"
}
},
{
"type": "Feature",
"geometry": {
"type": "Point",
"coordinates": [
8.7401979,
42.0636943
]
},
"properties": {
"osm_id": "node/1432534869",
"kind": "restaurant",
"name": "L'Igloo"
}
},
{
"type": "Feature",
"geometry": {
"type": "Point",
"coordinates": [
8.7492562,
42.0508269
]
},
"properties": {
"osm_id": "node/1432574324",
"kind": "supermarket",
"name": "Spar",
"opening_hours": "Mo-Sa 07:30-13:00,15:30-20:00; Su 07:30-13:00"
}
},
{
"type": "Feature",
"geometry": {
"type": "Point",
"coordinates": [
9.1589836,
41.3870961
]
},
"properties": {
"osm_id": "node/1434018538",
"kind": "restaurant",
"name": "Hola Bippa"
}
},
{
"type": "Feature",
"geometry": {
"type": "Point",
"coordinates": [
9.1588374,
41.3871041
]
},
"properties": {
"osm_id": "node/1434018542",
"kind": "restaurant",
"name": "Lank"
}
},
{
"type": "Feature",
"geometry": {
"type": "Point",
"coordinates": [
9.1695167,
42.1725672
]
},
"properties": {
"osm_id": "node/1434272401",
"kind": "restaurant",
"name": "E Valle"
}
},
{
"type": "Feature",
"geometry": {
"type": "Point",
"coordinates": [
9.1697743,
42.1726348
]
},
"properties": {
"osm_id": "node/1434272406",
"kind": "small shop",
"name": "L'Affacata"
}
},
{
"type": "Feature",
"geometry": {
"type": "Point",
"coordinates": [
9.1696025,
42.1725841
]
},
"properties": {
"osm_id": "node/1434272408",
"kind": "bar",
"name": "La Cremerie"
}
},
{
"type": "Feature",
"geometry": {
"type": "Point",
"coordinates": [
9.1692938,
42.1725349
]
},
"properties": {
"osm_id": "node/1434272409",
"kind": "small shop",
"name": "chez caline"
}
},
{
"type": "Feature",
"geometry": {
"type": "Point",
"coordinates": [
9.4616131,
42.7416506
]
},
"properties": {
"osm_id": "node/1436384975",
"kind": "bakery",
"name": ""
}
},
{
"type": "Feature",
"geometry": {
"type": "Point",
"coordinates": [
9.4681211,
42.7650792
]
},
"properties": {
"osm_id": "node/1436384976",
"kind": "fuel station",
"name": "Esso",
"opening_hours": "24/7"
}
},
{
"type": "Feature",
"geometry": {
"type": "Point",
"coordinates": [
9.4541901,
42.721324
]
},
"properties": {
"osm_id": "node/1436384988",
"kind": "small shop",
"name": "Utile"
}
},
{
"type": "Feature",
"geometry": {
"type": "Point",
"coordinates": [
9.454387,
42.9574475
]
},
"properties": {
"osm_id": "node/1436403516",
"kind": "bakery",
"name": "Panatteria Quilici"
}
},
{
"type": "Feature",
"geometry": {
"type": "Point",
"coordinates": [
9.3025759,
42.6794038
]
},
"properties": {
"osm_id": "node/1436478985",
"kind": "supermarket",
"name": "Spar",
"opening_hours": "Mo-Su 07:30-20:30"
}
},
{
"type": "Feature",
"geometry": {
"type": "Point",
"coordinates": [
8.7580935,
42.5662296
]
},
"properties": {
"osm_id": "node/1436564907",
"kind": "café",
"name": "Île de Beauté"
}
},
{
"type": "Feature",
"geometry": {
"type": "Point",
"coordinates": [
8.7887717,
42.5544459
]
},
"properties": {
"osm_id": "node/1436744937",
"kind": "small shop",
"name": "Minimarkt"
}
},
{
"type": "Feature",
"geometry": {
"type": "Point",
"coordinates": [
8.7089307,
42.2622843
]
},
"properties": {
"osm_id": "node/1437678625",
"kind": "fuel station",
"name": "Vito"
}
},
{
"type": "Feature",
"geometry": {
"type": "Point",
"coordinates": [
9.0091621,
42.3487772
]
},
"properties": {
"osm_id": "node/1437699232",
"kind": "bar",
"name": ""
}
},
{
"type": "Feature",
"geometry": {
"type": "Point",
"coordinates": [
9.158301,
42.3036836
]
},
"properties": {
"osm_id": "node/1437726457",
"kind": "bakery",
"name": "Panatteria Cesari",
"opening_hours": "Mo-Fr 06:30-20:00; Sa, Su 06:30-13:00, 16:00-20:00"
}
},
{
"type": "Feature",
"geometry": {
"type": "Point",
"coordinates": [
8.8631989,
42.0066682
]
},
"properties": {
"osm_id": "node/1437742619",
"kind": "supermarket",
"name": "Spar",
"opening_hours": "Mo-Sa 08:00-20:00; Su 08:30-13:00"
}
},
{
"type": "Feature",
"geometry": {
"type": "Point",
"coordinates": [
8.833942,
41.9796594
]
},
"properties": {
"osm_id": "node/1438513644",
"kind": "fuel station",
"name": "Vito",
"opening_hours": "24/7"
}
},
{
"type": "Feature",
"geometry": {
"type": "Point",
"coordinates": [
8.739798,
41.9317599
]
},
"properties": {
"osm_id": "node/1438522383",
"kind": "fuel station",
"name": "Esso",
"opening_hours": "24/7"
}
},
{
"type": "Feature",
"geometry": {
"type": "Point",
"coordinates": [
8.7379901,
41.9199944
]
},
"properties": {
"osm_id": "node/1438522393",
"kind": "restaurant",
"name": "La Belle Époque"
}
},
{
"type": "Feature",
"geometry": {
"type": "Point",
"coordinates": [
8.7389243,
41.9236159
]
},
"properties": {
"osm_id": "node/1438522398",
"kind": "bar",
"name": "Le Pingouin"
}
},
{
"type": "Feature",
"geometry": {
"type": "Point",
"coordinates": [
8.7387256,
41.9249375
]
},
"properties": {
"osm_id": "node/1438522399",
"kind": "bakery",
"name": "Le Sampiero"
}
},
{
"type": "Feature",
"geometry": {
"type": "Point",
"coordinates": [
8.7217705,
41.9105425
]
},
"properties": {
"osm_id": "node/1438525067",
"kind": "fuel station",
"name": "Total",
"opening_hours": "24/7"
}
},
{
"type": "Feature",
"geometry": {
"type": "Point",
"coordinates": [
8.7107643,
41.9089808
]
},
"properties": {
"osm_id": "node/1438525068",
"kind": "small shop",
"name": "Casino",
"opening_hours": "Mo-Su 07:00-21:00"
}
},
{
"type": "Feature",
"geometry": {
"type": "Point",
"coordinates": [
8.6112633,
41.8973628
]
},
"properties": {
"osm_id": "node/1438536150",
"kind": "restaurant",
"name": "I Sanguinari"
}
},
{
"type": "Feature",
"geometry": {
"type": "Point",
"coordinates": [
8.8413436,
41.698879
]
},
"properties": {
"osm_id": "node/1438557517",
"kind": "restaurant",
"name": "L'Estatina"
}
},
{
"type": "Feature",
"geometry": {
"type": "Point",
"coordinates": [
8.8412357,
41.6992317
]
},
"properties": {
"osm_id": "node/1438557520",
"kind": "supermarket",
"name": "Spar",
"opening_hours": "Mo-Su 08:30-13:00,15:30-20:00; PH 08:30-12:30,15:30-19:30"
}
},
{
"type": "Feature",
"geometry": {
"type": "Point",
"coordinates": [
8.9726707,
41.6213539
]
},
"properties": {
"osm_id": "node/1438593844",
"kind": "restaurant",
"name": "La Terasse"
}
},
{
"type": "Feature",
"geometry": {
"type": "Point",
"coordinates": [
9.1634154,
41.3880612
]
},
"properties": {
"osm_id": "node/1438677695",
"kind": "bar",
"name": "Côté Fruits"
}
},
{
"type": "Feature",
"geometry": {
"type": "Point",
"coordinates": [
9.1668543,
41.388172
]
},
"properties": {
"osm_id": "node/1438677715",
"kind": "supermarket",
"name": "Spar",
"opening_hours": "Mo-Su 08:00-20:00"
}
},
{
"type": "Feature",
"geometry": {
"type": "Point",
"coordinates": [
9.1513553,
42.1523989
]
},
"properties": {
"osm_id": "node/1439072746",
"kind": "restaurant",
"name": "Le Soleil"
}
},
{
"type": "Feature",
"geometry": {
"type": "Point",
"coordinates": [
8.7079417,
42.1013634
]
},
"properties": {
"osm_id": "node/1457474998",
"kind": "fuel station",
"name": "Esso",
"opening_hours": "24/7"
}
},
{
"type": "Feature",
"geometry": {
"type": "Point",
"coordinates": [
8.9029245,
41.6757232
]
},
"properties": {
"osm_id": "node/1594835315",
"kind": "café",
"name": "Le Royal"
}
},
{
"type": "Feature",
"geometry": {
"type": "Point",
"coordinates": [
9.0224244,
41.8149051
]
},
"properties": {
"osm_id": "node/1674820953",
"kind": "bar",
"name": "Le Cyrnos"
}
},
{
"type": "Feature",
"geometry": {
"type": "Point",
"coordinates": [
8.9379571,
42.636139
]
},
"properties": {
"osm_id": "node/1726329828",
"kind": "restaurant",
"name": "La Taverne"
}
},
{
"type": "Feature",
"geometry": {
"type": "Point",
"coordinates": [
9.1209764,
41.7135234
]
},
"properties": {
"osm_id": "node/1742839746",
"kind": "restaurant",
"name": "U Spuntinu"
}
},
{
"type": "Feature",
"geometry": {
"type": "Point",
"coordinates": [
8.9080654,
41.8157389
]
},
"properties": {
"osm_id": "node/1750856220",
"kind": "small shop",
"name": ""
}
},
{
"type": "Feature",
"geometry": {
"type": "Point",
"coordinates": [
9.150814,
42.3065318
]
},
"properties": {
"osm_id": "node/1758880646",
"kind": "bar",
"name": "Le Bips",
"opening_hours": "Mo-Su 07:00-02:00"
}
},
{
"type": "Feature",
"geometry": {
"type": "Point",
"coordinates": [
9.4456651,
41.9949482
]
},
"properties": {
"osm_id": "node/1775816803",
"kind": "restaurant",
"name": ""
}
},
{
"type": "Feature",
"geometry": {
"type": "Point",
"coordinates": [
9.4460013,
41.9950181
]
},
"properties": {
"osm_id": "node/1775816805",
"kind": "bar",
"name": ""
}
},
{
"type": "Feature",
"geometry": {
"type": "Point",
"coordinates": [
9.4458514,
41.9952
]
},
"properties": {
"osm_id": "node/1775816826",
"kind": "small shop",
"name": "Mini Market",
"opening_hours": "Mo-Su,PH 08:00-12:00,16:00-19:00"
}
},
{
"type": "Feature",
"geometry": {
"type": "Point",
"coordinates": [
8.7497632,
41.9346136
]
},
"properties": {
"osm_id": "node/1785285341",
"kind": "bar",
"name": ""
}
},
{
"type": "Feature",
"geometry": {
"type": "Point",
"coordinates": [
8.7453023,
41.9352558
]
},
"properties": {
"osm_id": "node/1785285358",
"kind": "bar",
"name": "Bar Candia"
}
},
{
"type": "Feature",
"geometry": {
"type": "Point",
"coordinates": [
8.749157,
41.9350167
]
},
"properties": {
"osm_id": "node/1785285383",
"kind": "small shop",
"name": ""
}
},
{
"type": "Feature",
"geometry": {
"type": "Point",
"coordinates": [
8.7506178,
41.9347166
]
},
"properties": {
"osm_id": "node/1785285429",
"kind": "greengrocer",
"name": "La Pomme Verte"
}
},
{
"type": "Feature",
"geometry": {
"type": "Point",
"coordinates": [
8.8233922,
41.9072712
]
},
"properties": {
"osm_id": "node/1794460133",
"kind": "snack bar",
"name": "Magic Food"
}
},
{
"type": "Feature",
"geometry": {
"type": "Point",
"coordinates": [
8.8234139,
41.9072734
]
},
"properties": {
"osm_id": "node/1794460958",
"kind": "bar",
"name": "Magic Food"
}
},
{
"type": "Feature",
"geometry": {
"type": "Point",
"coordinates": [
8.8097466,
41.8974194
]
},
"properties": {
"osm_id": "node/1794679829",
"kind": "supermarket",
"name": "Super U"
}
},
{
"type": "Feature",
"geometry": {
"type": "Point",
"coordinates": [
8.8036955,
41.8908606
]
},
"properties": {
"osm_id": "node/1794695729",
"kind": "bakery",
"name": "Boulangerie Le Club"
}
},
{
"type": "Feature",
"geometry": {
"type": "Point",
"coordinates": [
8.823356,
41.9072382
]
},
"properties": {
"osm_id": "node/1794697037",
"kind": "bakery",
"name": "Boulangerie Benista"
}
},
{
"type": "Feature",
"geometry": {
"type": "Point",
"coordinates": [
9.4492047,
42.6961468
]
},
"properties": {
"osm_id": "node/1838786903",
"kind": "bar",
"name": "bar Bruno"
}
},
{
"type": "Feature",
"geometry": {
"type": "Point",
"coordinates": [
9.4492315,
42.6960469
]
},
"properties": {
"osm_id": "node/1838787689",
"kind": "restaurant",
"name": ""
}
},
{
"type": "Feature",
"geometry": {
"type": "Point",
"coordinates": [
9.4046634,
42.0154741
]
},
"properties": {
"osm_id": "node/1885354599",
"kind": "bar",
"name": "A Volta"
}
},
{
"type": "Feature",
"geometry": {
"type": "Point",
"coordinates": [
9.5321536,
42.375388
]
},
"properties": {
"osm_id": "node/1885354600",
"kind": "restaurant",
"name": "Le Lido",
"opening_hours": "Mo-Su 09:00-22:30"
}
},
{
"type": "Feature",
"geometry": {
"type": "Point",
"coordinates": [
9.4034386,
41.750496
]
},
"properties": {
"osm_id": "node/1885354602",
"kind": "restaurant",
"name": "La Taverne"
}
},
{
"type": "Feature",
"geometry": {
"type": "Point",
"coordinates": [
9.3962288,
41.773064
]
},
"properties": {
"osm_id": "node/1885354603",
"kind": "restaurant",
"name": "Le Favona"
}
},
{
"type": "Feature",
"geometry": {
"type": "Point",
"coordinates": [
9.4506536,
42.700754
]
},
"properties": {
"osm_id": "node/1885354604",
"kind": "café",
"name": "Café Albert 1er"
}
},
{
"type": "Feature",
"geometry": {
"type": "Point",
"coordinates": [
8.5969305,
42.1345516
]
},
"properties": {
"osm_id": "node/1888084976",
"kind": "bakery",
"name": "L'atelier des saveurs",
"opening_hours": "Mo-Sa 07:00-12:00, 16:00-19:00; Su 07:00-12:00"
}
},
{
"type": "Feature",
"geometry": {
"type": "Point",
"coordinates": [
8.5969164,
42.134666
]
},
"properties": {
"osm_id": "node/1888085654",
"kind": "bar",
"name": "BDA café"
}
},
{
"type": "Feature",
"geometry": {
"type": "Point",
"coordinates": [
8.5979618,
42.1339494
]
},
"properties": {
"osm_id": "node/1888086789",
"kind": "fuel station",
"name": "Total",
"opening_hours": "24/7"
}
},
{
"type": "Feature",
"geometry": {
"type": "Point",
"coordinates": [
8.7387684,
41.9175869
]
},
"properties": {
"osm_id": "node/1888132174",
"kind": "restaurant",
"name": "Bar a vin 1755"
}
},
{
"type": "Feature",
"geometry": {
"type": "Point",
"coordinates": [
8.7384634,
41.9176996
]
},
"properties": {
"osm_id": "node/1888132204",
"kind": "bakery",
"name": ""
}
},
{
"type": "Feature",
"geometry": {
"type": "Point",
"coordinates": [
8.7385733,
41.9176418
]
},
"properties": {
"osm_id": "node/1888133061",
"kind": "greengrocer",
"name": "A Buttea"
}
},
{
"type": "Feature",
"geometry": {
"type": "Point",
"coordinates": [
8.7390179,
41.9178972
]
},
"properties": {
"osm_id": "node/1888137082",
"kind": "café",
"name": "Jeunesse bar"
}
},
{
"type": "Feature",
"geometry": {
"type": "Point",
"coordinates": [
8.7395556,
41.9180394
]
},
"properties": {
"osm_id": "node/1888144047",
"kind": "restaurant",
"name": ""
}
},
{
"type": "Feature",
"geometry": {
"type": "Point",
"coordinates": [
8.7394584,
41.9180065
]
},
"properties": {
"osm_id": "node/1888144049",
"kind": "restaurant",
"name": "A Madunaccia"
}
},
{
"type": "Feature",
"geometry": {
"type": "Point",
"coordinates": [
8.7396797,
41.9182245
]
},
"properties": {
"osm_id": "node/1888151911",
"kind": "restaurant",
"name": "La Pizza"
}
},
{
"type": "Feature",
"geometry": {
"type": "Point",
"coordinates": [
8.7397797,
41.9181427
]
},
"properties": {
"osm_id": "node/1888151916",
"kind": "restaurant",
"name": ""
}
},
{
"type": "Feature",
"geometry": {
"type": "Point",
"coordinates": [
8.7397294,
41.9183019
]
},
"properties": {
"osm_id": "node/1888151920",
"kind": "restaurant",
"name": "A Vista"
}
},
{
"type": "Feature",
"geometry": {
"type": "Point",
"coordinates": [
8.7398587,
41.9179157
]
},
"properties": {
"osm_id": "node/1888162750",
"kind": "restaurant",
"name": "A Calata",
"opening_hours": "Mo-Su 08:00-02:00"
}
},
{
"type": "Feature",
"geometry": {
"type": "Point",
"coordinates": [
8.7398158,
41.9180075
]
},
"properties": {
"osm_id": "node/1888162756",
"kind": "restaurant",
"name": "Le glacier du port"
}
},
{
"type": "Feature",
"geometry": {
"type": "Point",
"coordinates": [
9.5373367,
42.4329556
]
},
"properties": {
"osm_id": "node/1900996941",
"kind": "restaurant",
"name": ""
}
},
{
"type": "Feature",
"geometry": {
"type": "Point",
"coordinates": [
9.540941,
42.4334773
]
},
"properties": {
"osm_id": "node/1900996942",
"kind": "restaurant",
"name": "",
"opening_hours": "Jul-Aug"
}
},
{
"type": "Feature",
"geometry": {
"type": "Point",
"coordinates": [
8.7876626,
41.8687942
]
},
"properties": {
"osm_id": "node/1904664318",
"kind": "restaurant",
"name": "Le Rivoli"
}
},
{
"type": "Feature",
"geometry": {
"type": "Point",
"coordinates": [
8.7851228,
41.8757248
]
},
"properties": {
"osm_id": "node/1904824494",
"kind": "restaurant",
"name": "Casetta Novelli"
}
},
{
"type": "Feature",
"geometry": {
"type": "Point",
"coordinates": [
8.7913619,
41.8668075
]
},
"properties": {
"osm_id": "node/1905998326",
"kind": "supermarket",
"name": "Spar",
"opening_hours": "Mo-Su 08:00-19:30"
}
},
{
"type": "Feature",
"geometry": {
"type": "Point",
"coordinates": [
8.8361585,
41.9127234
]
},
"properties": {
"osm_id": "node/1910175223",
"kind": "restaurant",
"name": "Auberge du Prunelli"
}
},
{
"type": "Feature",
"geometry": {
"type": "Point",
"coordinates": [
8.8355451,
41.9133021
]
},
"properties": {
"osm_id": "node/1910175238",
"kind": "restaurant",
"name": "Restaurant Le Bon Coin"
}
},
{
"type": "Feature",
"geometry": {
"type": "Point",
"coordinates": [
8.8084781,
41.8846013
]
},
"properties": {
"osm_id": "node/1915760771",
"kind": "restaurant",
"name": "Le Panoramique"
}
},
{
"type": "Feature",
"geometry": {
"type": "Point",
"coordinates": [
8.7020346,
42.1117876
]
},
"properties": {
"osm_id": "node/1940229516",
"kind": "restaurant",
"name": "A Stonda"
}
},
{
"type": "Feature",
"geometry": {
"type": "Point",
"coordinates": [
8.6932814,
42.1162402
]
},
"properties": {
"osm_id": "node/1940229523",
"kind": "café",
"name": "Café Tabac"
}
},
{
"type": "Feature",
"geometry": {
"type": "Point",
"coordinates": [
8.6935235,
42.1161587
]
},
"properties": {
"osm_id": "node/1940229526",
"kind": "delicatessen",
"name": "Casa Corsa"
}
},
{
"type": "Feature",
"geometry": {
"type": "Point",
"coordinates": [
9.4418061,
42.549881
]
},
"properties": {
"osm_id": "node/1961843376",
"kind": "fuel station",
"name": "Vito",
"opening_hours": "24/7"
}
},
{
"type": "Feature",
"geometry": {
"type": "Point",
"coordinates": [
9.3290618,
42.2364615
]
},
"properties": {
"osm_id": "node/1965456733",
"kind": "café",
"name": ""
}
},
{
"type": "Feature",
"geometry": {
"type": "Point",
"coordinates": [
9.1494686,
42.3052248
]
},
"properties": {
"osm_id": "node/1969135837",
"kind": "restaurant",
"name": "Le Bonaparte"
}
},
{
"type": "Feature",
"geometry": {
"type": "Point",
"coordinates": [
9.2806899,
42.4829089
]
},
"properties": {
"osm_id": "node/1972837266",
"kind": "fuel station",
"name": "Esso"
}
},
{
"type": "Feature",
"geometry": {
"type": "Point",
"coordinates": [
9.28253,
42.4880873
]
},
"properties": {
"osm_id": "node/1972837276",
"kind": "fuel station",
"name": "Total",
"opening_hours": "24/7"
}
},
{
"type": "Feature",
"geometry": {
"type": "Point",
"coordinates": [
8.8680047,
42.6074091
]
},
"properties": {
"osm_id": "node/1975968192",
"kind": "bakery",
"name": ""
}
},
{
"type": "Feature",
"geometry": {
"type": "Point",
"coordinates": [
9.3895063,
41.9147914
]
},
"properties": {
"osm_id": "node/2013498389",
"kind": "restaurant",
"name": ""
}
},
{
"type": "Feature",
"geometry": {
"type": "Point",
"coordinates": [
9.3831373,
41.9193116
]
},
"properties": {
"osm_id": "node/2013498402",
"kind": "bar",
"name": ""
}
},
{
"type": "Feature",
"geometry": {
"type": "Point",
"coordinates": [
9.389615,
41.9147794
]
},
"properties": {
"osm_id": "node/2013498414",
"kind": "bar",
"name": ""
}
},
{
"type": "Feature",
"geometry": {
"type": "Point",
"coordinates": [
9.3890683,
41.9151361
]
},
"properties": {
"osm_id": "node/2013498417",
"kind": "restaurant",
"name": ""
}
},
{
"type": "Feature",
"geometry": {
"type": "Point",
"coordinates": [
9.3891254,
41.9160299
]
},
"properties": {
"osm_id": "node/2013506009",
"kind": "restaurant",
"name": "Pizza Sporting",
"opening_hours": "19:00-22:00"
}
},
{
"type": "Feature",
"geometry": {
"type": "Point",
"coordinates": [
9.3832607,
41.9193026
]
},
"properties": {
"osm_id": "node/2013506010",
"kind": "small shop",
"name": "Épicerie & Co"
}
},
{
"type": "Feature",
"geometry": {
"type": "Point",
"coordinates": [
9.3308194,
41.9414671
]
},
"properties": {
"osm_id": "node/2013515434",
"kind": "restaurant",
"name": ""
}
},
{
"type": "Feature",
"geometry": {
"type": "Point",
"coordinates": [
9.4839595,
42.315658
]
},
"properties": {
"osm_id": "node/2016707155",
"kind": "restaurant",
"name": "Le Coton's Café"
}
},
{
"type": "Feature",
"geometry": {
"type": "Point",
"coordinates": [
9.4909217,
42.3310481
]
},
"properties": {
"osm_id": "node/2022351830",
"kind": "small shop",
"name": "Spar",
"opening_hours": "Mo-Sa 08:30-12:00,15:30-19:00; Su 08:30-12:00"
}
},
{
"type": "Feature",
"geometry": {
"type": "Point",
"coordinates": [
9.4920506,
42.3315971
]
},
"properties": {
"osm_id": "node/2022351831",
"kind": "restaurant",
"name": "U Casone"
}
},
{
"type": "Feature",
"geometry": {
"type": "Point",
"coordinates": [
9.4916722,
42.3311479
]
},
"properties": {
"osm_id": "node/2022351832",
"kind": "restaurant",
"name": "Aux 3 Fourchettes"
}
},
{
"type": "Feature",
"geometry": {
"type": "Point",
"coordinates": [
9.4922945,
42.3308496
]
},
"properties": {
"osm_id": "node/2022351907",
"kind": "café",
"name": "Oceane"
}
},
{
"type": "Feature",
"geometry": {
"type": "Point",
"coordinates": [
9.4907456,
42.331051
]
},
"properties": {
"osm_id": "node/2022351921",
"kind": "bakery",
"name": ""
}
},
{
"type": "Feature",
"geometry": {
"type": "Point",
"coordinates": [
9.4795833,
42.4857817
]
},
"properties": {
"osm_id": "node/2090106768",
"kind": "bar",
"name": "bar tabac"
}
},
{
"type": "Feature",
"geometry": {
"type": "Point",
"coordinates": [
9.4760496,
42.7742692
]
},
"properties": {
"osm_id": "node/2097691033",
"kind": "restaurant",
"name": "A Strega"
}
},
{
"type": "Feature",
"geometry": {
"type": "Point",
"coordinates": [
9.4676052,
42.6287642
]
},
"properties": {
"osm_id": "node/2121778753",
"kind": "small shop",
"name": "Carrefour Express",
"opening_hours": "Mo-Su 07:30-12:30, 15:30-19:30"
}
},
{
"type": "Feature",
"geometry": {
"type": "Point",
"coordinates": [
9.4694626,
42.6297106
]
},
"properties": {
"osm_id": "node/2121778796",
"kind": "restaurant",
"name": "La Pagode"
}
},
{
"type": "Feature",
"geometry": {
"type": "Point",
"coordinates": [
9.4787181,
42.6154947
]
},
"properties": {
"osm_id": "node/2121778801",
"kind": "restaurant",
"name": "Brasserie Pizzeria U Casone",
"opening_hours": "Mo-Fr 12:00-14:00,19:00-22:00; Sa 12:00-13:30,19:00-22:00"
}
},
{
"type": "Feature",
"geometry": {
"type": "Point",
"coordinates": [
9.4320545,
42.6563404
]
},
"properties": {
"osm_id": "node/2121787463",
"kind": "bakery",
"name": "Au Pain Chaud du Bastio",
"opening_hours": "Mo-Su 06:30-20:00"
}
},
{
"type": "Feature",
"geometry": {
"type": "Point",
"coordinates": [
9.438243,
42.593651
]
},
"properties": {
"osm_id": "node/2121835834",
"kind": "restaurant",
"name": "Point-Chaud d'Ortale",
"opening_hours": "Mo-Su 05:45-19:45"
}
},
{
"type": "Feature",
"geometry": {
"type": "Point",
"coordinates": [
8.9227133,
41.6680634
]
},
"properties": {
"osm_id": "node/2191003229",
"kind": "supermarket",
"name": "Carrefour Market",
"opening_hours": "Mo 08:00-20:30; Tu-Sa 08:00-20:00"
}
},
{
"type": "Feature",
"geometry": {
"type": "Point",
"coordinates": [
9.5484258,
42.3177555
]
},
"properties": {
"osm_id": "node/2217613432",
"kind": "restaurant",
"name": "Le Campoloro"
}
},
{
"type": "Feature",
"geometry": {
"type": "Point",
"coordinates": [
9.0086439,
42.3342451
]
},
"properties": {
"osm_id": "node/2294110030",
"kind": "bar",
"name": ""
}
},
{
"type": "Feature",
"geometry": {
"type": "Point",
"coordinates": [
8.6460475,
42.4118094
]
},
"properties": {
"osm_id": "node/2298343411",
"kind": "bakery",
"name": "Banette",
"opening_hours": "Mo-Su 07:00-18:30"
}
},
{
"type": "Feature",
"geometry": {
"type": "Point",
"coordinates": [
9.3514583,
42.9660478
]
},
"properties": {
"osm_id": "node/2311276509",
"kind": "small shop",
"name": ""
}
},
{
"type": "Feature",
"geometry": {
"type": "Point",
"coordinates": [
9.3455002,
42.7850809
]
},
"properties": {
"osm_id": "node/2311277411",
"kind": "small shop",
"name": "Chez Jojo"
}
},
{
"type": "Feature",
"geometry": {
"type": "Point",
"coordinates": [
9.3450054,
42.7847343
]
},
"properties": {
"osm_id": "node/2311277523",
"kind": "bar",
"name": "Café de la Tour"
}
},
{
"type": "Feature",
"geometry": {
"type": "Point",
"coordinates": [
8.9247179,
42.045564
]
},
"properties": {
"osm_id": "node/2311278577",
"kind": "restaurant",
"name": "U Porcu Neru"
}
},
{
"type": "Feature",
"geometry": {
"type": "Point",
"coordinates": [
9.1568041,
41.3871851
]
},
"properties": {
"osm_id": "node/2311278845",
"kind": "bar",
"name": "Le St DO"
}
},
{
"type": "Feature",
"geometry": {
"type": "Point",
"coordinates": [
9.1568685,
41.3870321
]
},
"properties": {
"osm_id": "node/2311278925",
"kind": "snack bar",
"name": "Minute Mouse"
}
},
{
"type": "Feature",
"geometry": {
"type": "Point",
"coordinates": [
9.1584563,
41.3869919
]
},
"properties": {
"osm_id": "node/2311279176",
"kind": "bakery",
"name": ""
}
},
{
"type": "Feature",
"geometry": {
"type": "Point",
"coordinates": [
9.1628981,
41.3880383
]
},
"properties": {
"osm_id": "node/2311279277",
"kind": "bar",
"name": "Le Marina"
}
},
{
"type": "Feature",
"geometry": {
"type": "Point",
"coordinates": [
9.3766165,
41.6698184
]
},
"properties": {
"osm_id": "node/2311279341",
"kind": "bar",
"name": ""
}
},
{
"type": "Feature",
"geometry": {
"type": "Point",
"coordinates": [
9.376071,
41.6829209
]
},
"properties": {
"osm_id": "node/2311279350",
"kind": "bakery",
"name": "La Boulangerie"
}
},
{
"type": "Feature",
"geometry": {
"type": "Point",
"coordinates": [
9.4756094,
42.7741765
]
},
"properties": {
"osm_id": "node/2311279356",
"kind": "restaurant",
"name": "A Piazetta"
}
},
{
"type": "Feature",
"geometry": {
"type": "Point",
"coordinates": [
9.4760521,
42.7741798
]
},
"properties": {
"osm_id": "node/2311279368",
"kind": "bar",
"name": "U Scalu"
}
},
{
"type": "Feature",
"geometry": {
"type": "Point",
"coordinates": [
9.4764385,
42.7741842
]
},
"properties": {
"osm_id": "node/2311279377",
"kind": "restaurant",
"name": "Le Pirate"
}
},
{
"type": "Feature",
"geometry": {
"type": "Point",
"coordinates": [
8.8519362,
41.5428157
]
},
"properties": {
"osm_id": "node/2315810408",
"kind": "restaurant",
"name": "L'Escale"
}
},
{
"type": "Feature",
"geometry": {
"type": "Point",
"coordinates": [
8.8518168,
41.5424976
]
},
"properties": {
"osm_id": "node/2315810409",
"kind": "restaurant",
"name": "Chez Antoine"
}
},
{
"type": "Feature",
"geometry": {
"type": "Point",
"coordinates": [
9.3999644,
41.8579214
]
},
"properties": {
"osm_id": "node/2315850143",
"kind": "small shop",
"name": "Utile",
"opening_hours": "Mo-Su 07:30-20:00"
}
},
{
"type": "Feature",
"geometry": {
"type": "Point",
"coordinates": [
8.7365784,
41.9189127
]
},
"properties": {
"osm_id": "node/2317369211",
"kind": "café",
"name": "A Conca d'Oru"
}
},
{
"type": "Feature",
"geometry": {
"type": "Point",
"coordinates": [
8.7371439,
41.9184275
]
},
"properties": {
"osm_id": "node/2317369222",
"kind": "bar",
"name": "Bar des Sports"
}
},
{
"type": "Feature",
"geometry": {
"type": "Point",
"coordinates": [
8.7253891,
41.9126726
]
},
"properties": {
"osm_id": "node/2317445154",
"kind": "restaurant",
"name": "Bella Storia"
}
},
{
"type": "Feature",
"geometry": {
"type": "Point",
"coordinates": [
8.7375293,
41.930007
]
},
"properties": {
"osm_id": "node/2317445169",
"kind": "restaurant",
"name": "Le Mandarin"
}
},
{
"type": "Feature",
"geometry": {
"type": "Point",
"coordinates": [
8.7218437,
41.91121
]
},
"properties": {
"osm_id": "node/2330127488",
"kind": "restaurant",
"name": "Le Parc"
}
},
{
"type": "Feature",
"geometry": {
"type": "Point",
"coordinates": [
8.7221494,
41.911707
]
},
"properties": {
"osm_id": "node/2330127530",
"kind": "bakery",
"name": "Boulangerie du parc"
}
},
{
"type": "Feature",
"geometry": {
"type": "Point",
"coordinates": [
8.73717,
41.9183129
]
},
"properties": {
"osm_id": "node/2330506448",
"kind": "bar",
"name": "Brasserie Diamant"
}
},
{
"type": "Feature",
"geometry": {
"type": "Point",
"coordinates": [
8.7370837,
41.9170165
]
},
"properties": {
"osm_id": "node/2330506456",
"kind": "bar",
"name": "Lamparo"
}
},
{
"type": "Feature",
"geometry": {
"type": "Point",
"coordinates": [
8.7380282,
41.9283141
]
},
"properties": {
"osm_id": "node/2331007916",
"kind": "bakery",
"name": "Kallyste"
}
},
{
"type": "Feature",
"geometry": {
"type": "Point",
"coordinates": [
8.7576281,
41.9328534
]
},
"properties": {
"osm_id": "node/2332139107",
"kind": "restaurant",
"name": "Courtepaille",
"opening_hours": "Mo-Su 11:00-23:00"
}
},
{
"type": "Feature",
"geometry": {
"type": "Point",
"coordinates": [
9.2999462,
42.6811994
]
},
"properties": {
"osm_id": "node/2337010177",
"kind": "restaurant",
"name": "Le Grand Bleu"
}
},
{
"type": "Feature",
"geometry": {
"type": "Point",
"coordinates": [
9.3015301,
42.6804766
]
},
"properties": {
"osm_id": "node/2337027398",
"kind": "bar",
"name": "Comptoir de l'Europe"
}
},
{
"type": "Feature",
"geometry": {
"type": "Point",
"coordinates": [
8.8027205,
41.7121767
]
},
"properties": {
"osm_id": "node/2337832262",
"kind": "bakery",
"name": "Artisan Boulanger"
}
},
{
"type": "Feature",
"geometry": {
"type": "Point",
"coordinates": [
8.8031845,
41.712248
]
},
"properties": {
"osm_id": "node/2337832263",
"kind": "restaurant",
"name": "20140",
"opening_hours": "Tu-Su 06:00-02:00"
}
},
{
"type": "Feature",
"geometry": {
"type": "Point",
"coordinates": [
8.7983273,
41.7109334
]
},
"properties": {
"osm_id": "node/2337832264",
"kind": "bar",
"name": "Le Toucan"
}
},
{
"type": "Feature",
"geometry": {
"type": "Point",
"coordinates": [
8.7988438,
41.7113286
]
},
"properties": {
"osm_id": "node/2337832265",
"kind": "restaurant",
"name": "Le Valinco"
}
},
{
"type": "Feature",
"geometry": {
"type": "Point",
"coordinates": [
8.803031,
41.7122247
]
},
"properties": {
"osm_id": "node/2337832292",
"kind": "greengrocer",
"name": ""
}
},
{
"type": "Feature",
"geometry": {
"type": "Point",
"coordinates": [
8.7984457,
41.711169
]
},
"properties": {
"osm_id": "node/2337832295",
"kind": "restaurant",
"name": "Le Toucan"
}
},
{
"type": "Feature",
"geometry": {
"type": "Point",
"coordinates": [
9.4017904,
41.8585343
]
},
"properties": {
"osm_id": "node/2337844685",
"kind": "restaurant",
"name": "A Marina"
}
},
{
"type": "Feature",
"geometry": {
"type": "Point",
"coordinates": [
9.2851893,
41.5461312
]
},
"properties": {
"osm_id": "node/2338505681",
"kind": "restaurant",
"name": "Bocca d'Oro"
}
},
{
"type": "Feature",
"geometry": {
"type": "Point",
"coordinates": [
9.3361383,
41.559649
]
},
"properties": {
"osm_id": "node/2338505786",
"kind": "bar",
"name": "La Pailotte"
}
},
{
"type": "Feature",
"geometry": {
"type": "Point",
"coordinates": [
9.2795729,
41.5908432
]
},
"properties": {
"osm_id": "node/2338505806",
"kind": "bakery",
"name": "Boulangerie Patisserie Simoni"
}
},
{
"type": "Feature",
"geometry": {
"type": "Point",
"coordinates": [
9.2796327,
41.5909079
]
},
"properties": {
"osm_id": "node/2338506033",
"kind": "snack bar",
"name": "L'Amore"
}
},
{
"type": "Feature",
"geometry": {
"type": "Point",
"coordinates": [
9.2798812,
41.5913828
]
},
"properties": {
"osm_id": "node/2338529426",
"kind": "café",
"name": "A Cantina di L'Orriu"
}
},
{
"type": "Feature",
"geometry": {
"type": "Point",
"coordinates": [
9.2826366,
41.5903016
]
},
"properties": {
"osm_id": "node/2338529726",
"kind": "restaurant",
"name": "Café La Marine"
}
},
{
"type": "Feature",
"geometry": {
"type": "Point",
"coordinates": [
9.2801899,
41.5906938
]
},
"properties": {
"osm_id": "node/2338530370",
"kind": "restaurant",
"name": "Le Vistaero"
}
},
{
"type": "Feature",
"geometry": {
"type": "Point",
"coordinates": [
9.2831401,
41.5894847
]
},
"properties": {
"osm_id": "node/2338541417",
"kind": "restaurant",
"name": "Le Bistrot Maison Guiducci"
}
},
{
"type": "Feature",
"geometry": {
"type": "Point",
"coordinates": [
9.2803033,
41.5906571
]
},
"properties": {
"osm_id": "node/2339550346",
"kind": "restaurant",
"name": "Merendella"
}
},
{
"type": "Feature",
"geometry": {
"type": "Point",
"coordinates": [
9.2804627,
41.5917633
]
},
"properties": {
"osm_id": "node/2339550412",
"kind": "café",
"name": "Maxime"
}
},
{
"type": "Feature",
"geometry": {
"type": "Point",
"coordinates": [
9.2740126,
41.5666049
]
},
"properties": {
"osm_id": "node/2339550414",
"kind": "supermarket",
"name": "Spar",
"opening_hours": "Mo-Su 08:00-21:00"
}
},
{
"type": "Feature",
"geometry": {
"type": "Point",
"coordinates": [
9.2802322,
41.5906054
]
},
"properties": {
"osm_id": "node/2339550418",
"kind": "restaurant",
"name": "U Borgu"
}
},
{
"type": "Feature",
"geometry": {
"type": "Point",
"coordinates": [
9.2992917,
41.5495963
]
},
"properties": {
"osm_id": "node/2339563082",
"kind": "restaurant",
"name": "A Chabraca"
}
},
{
"type": "Feature",
"geometry": {
"type": "Point",
"coordinates": [
9.4036258,
41.7509145
]
},
"properties": {
"osm_id": "node/2339609613",
"kind": "restaurant",
"name": "A canca Marina"
}
},
{
"type": "Feature",
"geometry": {
"type": "Point",
"coordinates": [
9.4007627,
41.7480334
]
},
"properties": {
"osm_id": "node/2339609616",
"kind": "restaurant",
"name": "Aria Marina"
}
},
{
"type": "Feature",
"geometry": {
"type": "Point",
"coordinates": [
9.4034439,
41.7507657
]
},
"properties": {
"osm_id": "node/2339609722",
"kind": "small shop",
"name": ""
}
},
{
"type": "Feature",
"geometry": {
"type": "Point",
"coordinates": [
9.3759365,
41.6828583
]
},
"properties": {
"osm_id": "node/2339706652",
"kind": "café",
"name": "Le Vig Vog"
}
},
{
"type": "Feature",
"geometry": {
"type": "Point",
"coordinates": [
9.3977711,
41.8590965
]
},
"properties": {
"osm_id": "node/2339743482",
"kind": "restaurant",
"name": "Chez Doume"
}
},
{
"type": "Feature",
"geometry": {
"type": "Point",
"coordinates": [
9.3976394,
41.8588782
]
},
"properties": {
"osm_id": "node/2339743490",
"kind": "restaurant",
"name": "La Calèche"
}
},
{
"type": "Feature",
"geometry": {
"type": "Point",
"coordinates": [
8.7588885,
42.5554473
]
},
"properties": {
"osm_id": "node/2340594591",
"kind": "restaurant",
"name": "Camping International"
}
},
{
"type": "Feature",
"geometry": {
"type": "Point",
"coordinates": [
8.7719967,
42.555426
]
},
"properties": {
"osm_id": "node/2340594668",
"kind": "restaurant",
"name": "Le Belgodère"
}
},
{
"type": "Feature",
"geometry": {
"type": "Point",
"coordinates": [
8.7700394,
42.5555749
]
},
"properties": {
"osm_id": "node/2340594671",
"kind": "restaurant",
"name": "L'Estate"
}
},
{
"type": "Feature",
"geometry": {
"type": "Point",
"coordinates": [
8.7636207,
42.5566995
]
},
"properties": {
"osm_id": "node/2340594675",
"kind": "restaurant",
"name": "Restaurant La Licorne"
}
},
{
"type": "Feature",
"geometry": {
"type": "Point",
"coordinates": [
8.762639,
42.557167
]
},
"properties": {
"osm_id": "node/2340594679",
"kind": "restaurant",
"name": "Restaurant Le Blockos"
}
},
{
"type": "Feature",
"geometry": {
"type": "Point",
"coordinates": [
8.7623318,
42.5573135
]
},
"properties": {
"osm_id": "node/2340594683",
"kind": "restaurant",
"name": "Restaurant Le bout du monde"
}
},
{
"type": "Feature",
"geometry": {
"type": "Point",
"coordinates": [
8.7717256,
42.5554426
]
},
"properties": {
"osm_id": "node/2340594687",
"kind": "restaurant",
"name": "Les Dunes"
}
},
{
"type": "Feature",
"geometry": {
"type": "Point",
"coordinates": [
8.7633935,
42.5568105
]
},
"properties": {
"osm_id": "node/2340594691",
"kind": "restaurant",
"name": "Restaurant O' Serge"
}
},
{
"type": "Feature",
"geometry": {
"type": "Point",
"coordinates": [
8.7642188,
42.5564586
]
},
"properties": {
"osm_id": "node/2340594695",
"kind": "restaurant",
"name": "Restaurant Octopussy"
}
},
{
"type": "Feature",
"geometry": {
"type": "Point",
"coordinates": [
8.7646124,
42.5563707
]
},
"properties": {
"osm_id": "node/2340594700",
"kind": "restaurant",
"name": "Restaurant U Pinu"
}
},
{
"type": "Feature",
"geometry": {
"type": "Point",
"coordinates": [
8.7631783,
42.5568975
]
},
"properties": {
"osm_id": "node/2340594701",
"kind": "restaurant",
"name": "Restaurant U Ricantu"
}
},
{
"type": "Feature",
"geometry": {
"type": "Point",
"coordinates": [
8.7728572,
42.555463
]
},
"properties": {
"osm_id": "node/2340594702",
"kind": "restaurant",
"name": "In Casa"
}
},
{
"type": "Feature",
"geometry": {
"type": "Point",
"coordinates": [
9.1595551,
41.3867404
]
},
"properties": {
"osm_id": "node/2342365381",
"kind": "restaurant",
"name": "La Manichella"
}
},
{
"type": "Feature",
"geometry": {
"type": "Point",
"coordinates": [
9.1653537,
41.3882744
]
},
"properties": {
"osm_id": "node/2342365418",
"kind": "small shop",
"name": "Utile"
}
},
{
"type": "Feature",
"geometry": {
"type": "Point",
"coordinates": [
9.1651768,
41.3882263
]
},
"properties": {
"osm_id": "node/2342365425",
"kind": "supermarket",
"name": "Spar"
}
},
{
"type": "Feature",
"geometry": {
"type": "Point",
"coordinates": [
9.2803366,
41.5906899
]
},
"properties": {
"osm_id": "node/2345183333",
"kind": "restaurant",
"name": "A Tanna"
}
},
{
"type": "Feature",
"geometry": {
"type": "Point",
"coordinates": [
8.8161384,
41.6292865
]
},
"properties": {
"osm_id": "node/2352641112",
"kind": "bar",
"name": "Chez Pierre-Paul"
}
},
{
"type": "Feature",
"geometry": {
"type": "Point",
"coordinates": [
9.5304631,
42.3748131
]
},
"properties": {
"osm_id": "node/2358305013",
"kind": "bar",
"name": "Ci Campemu"
}
},
{
"type": "Feature",
"geometry": {
"type": "Point",
"coordinates": [
9.5431748,
42.3265947
]
},
"properties": {
"osm_id": "node/2358305021",
"kind": "restaurant",
"name": "A Marina"
}
},
{
"type": "Feature",
"geometry": {
"type": "Point",
"coordinates": [
9.5315749,
42.3747658
]
},
"properties": {
"osm_id": "node/2358305031",
"kind": "restaurant",
"name": "À l'Abri des Flots"
}
},
{
"type": "Feature",
"geometry": {
"type": "Point",
"coordinates": [
9.5320794,
42.375125
]
},
"properties": {
"osm_id": "node/2358305039",
"kind": "restaurant",
"name": "A pota marina"
}
},
{
"type": "Feature",
"geometry": {
"type": "Point",
"coordinates": [
9.5320596,
42.3749926
]
},
"properties": {
"osm_id": "node/2358305086",
"kind": "restaurant",
"name": "Bor' di mare"
}
},
{
"type": "Feature",
"geometry": {
"type": "Point",
"coordinates": [
9.5292352,
42.3736199
]
},
"properties": {
"osm_id": "node/2358305109",
"kind": "supermarket",
"name": "Auchan Supermarché",
"opening_hours": "Mo-Sa 08:00-20:30; Su 08:00-20:00"
}
},
{
"type": "Feature",
"geometry": {
"type": "Point",
"coordinates": [
9.529745,
42.3747616
]
},
"properties": {
"osm_id": "node/2358305116",
"kind": "snack bar",
"name": "Entre Deux Îles"
}
},
{
"type": "Feature",
"geometry": {
"type": "Point",
"coordinates": [
9.4914886,
42.3309435
]
},
"properties": {
"osm_id": "node/2358305162",
"kind": "café",
"name": "De L'Avenue"
}
},
{
"type": "Feature",
"geometry": {
"type": "Point",
"coordinates": [
9.4915877,
42.3309317
]
},
"properties": {
"osm_id": "node/2358305170",
"kind": "café",
"name": "Des Platanes"
}
},
{
"type": "Feature",
"geometry": {
"type": "Point",
"coordinates": [
9.5395133,
42.3391665
]
},
"properties": {
"osm_id": "node/2358305185",
"kind": "café",
"name": "Dubai"
}
},
{
"type": "Feature",
"geometry": {
"type": "Point",
"coordinates": [
9.5300412,
42.3742347
]
},
"properties": {
"osm_id": "node/2358305202",
"kind": "restaurant",
"name": "Gusti e Sapori"
}
},
{
"type": "Feature",
"geometry": {
"type": "Point",
"coordinates": [
9.5312553,
42.3747499
]
},
"properties": {
"osm_id": "node/2358305251",
"kind": "café",
"name": "JS Café"
}
},
{
"type": "Feature",
"geometry": {
"type": "Point",
"coordinates": [
9.5293197,
42.3733821
]
},
"properties": {
"osm_id": "node/2358305290",
"kind": "café",
"name": "L'Icône Café",
"opening_hours": "Mo-Su 08:00-19:00"
}
},
{
"type": "Feature",
"geometry": {
"type": "Point",
"coordinates": [
9.5297882,
42.37513
]
},
"properties": {
"osm_id": "node/2358305301",
"kind": "bakery",
"name": "L'arbre a pain"
}
},
{
"type": "Feature",
"geometry": {
"type": "Point",
"coordinates": [
9.5394331,
42.3397025
]
},
"properties": {
"osm_id": "node/2358305340",
"kind": "restaurant",
"name": "Le Cargo"
}
},
{
"type": "Feature",
"geometry": {
"type": "Point",
"coordinates": [
9.5393887,
42.3393856
]
},
"properties": {
"osm_id": "node/2358305356",
"kind": "restaurant",
"name": "Le Flibustier"
}
},
{
"type": "Feature",
"geometry": {
"type": "Point",
"coordinates": [
9.5300506,
42.3745449
]
},
"properties": {
"osm_id": "node/2358305366",
"kind": "bakery",
"name": "Le florentin"
}
},
{
"type": "Feature",
"geometry": {
"type": "Point",
"coordinates": [
9.4725628,
42.3875649
]
},
"properties": {
"osm_id": "node/2358305374",
"kind": "restaurant",
"name": "Le Pont de l'enfer",
"opening_hours": "Mo-Su 12:00-14:30, 19:00-22:30"
}
},
{
"type": "Feature",
"geometry": {
"type": "Point",
"coordinates": [
9.5321686,
42.3666709
]
},
"properties": {
"osm_id": "node/2358305383",
"kind": "restaurant",
"name": "Le grand bleu"
}
},
{
"type": "Feature",
"geometry": {
"type": "Point",
"coordinates": [
9.539297,
42.3394462
]
},
"properties": {
"osm_id": "node/2358305960",
"kind": "supermarket",
"name": ""
}
},
{
"type": "Feature",
"geometry": {
"type": "Point",
"coordinates": [
9.5303977,
42.3711008
]
},
"properties": {
"osm_id": "node/2358306450",
"kind": "bakery",
"name": ""
}
},
{
"type": "Feature",
"geometry": {
"type": "Point",
"coordinates": [
9.4904329,
42.3310253
]
},
"properties": {
"osm_id": "node/2358308688",
"kind": "café",
"name": "Snack Café"
}
},
{
"type": "Feature",
"geometry": {
"type": "Point",
"coordinates": [
9.5499505,
42.277354
]
},
"properties": {
"osm_id": "node/2358308689",
"kind": "snack bar",
"name": "Snack Marco"
}
},
{
"type": "Feature",
"geometry": {
"type": "Point",
"coordinates": [
9.5302824,
42.3748136
]
},
"properties": {
"osm_id": "node/2358308690",
"kind": "ice cream",
"name": "Sole e Mare"
}
},
{
"type": "Feature",
"geometry": {
"type": "Point",
"coordinates": [
9.5495867,
42.2773384
]
},
"properties": {
"osm_id": "node/2358308693",
"kind": "greengrocer",
"name": "Superette Florentine"
}
},
{
"type": "Feature",
"geometry": {
"type": "Point",
"coordinates": [
9.5313701,
42.3747463
]
},
"properties": {
"osm_id": "node/2358308701",
"kind": "snack bar",
"name": "U Gregale"
}
},
{
"type": "Feature",
"geometry": {
"type": "Point",
"coordinates": [
9.5247723,
42.3755177
]
},
"properties": {
"osm_id": "node/2358308703",
"kind": "restaurant",
"name": "U Lampione"
}
},
{
"type": "Feature",
"geometry": {
"type": "Point",
"coordinates": [
8.9083191,
42.1892205
]
},
"properties": {
"osm_id": "node/2370256820",
"kind": "restaurant",
"name": "A Merendella"
}
},
{
"type": "Feature",
"geometry": {
"type": "Point",
"coordinates": [
9.4465849,
42.2251357
]
},
"properties": {
"osm_id": "node/2375366336",
"kind": "restaurant",
"name": "U Mulinu"
}
},
{
"type": "Feature",
"geometry": {
"type": "Point",
"coordinates": [
9.3773637,
42.6890324
]
},
"properties": {
"osm_id": "node/2405822817",
"kind": "bakery",
"name": "Le fournil bio"
}
},
{
"type": "Feature",
"geometry": {
"type": "Point",
"coordinates": [
8.8530078,
42.5072188
]
},
"properties": {
"osm_id": "node/2405959746",
"kind": "restaurant",
"name": "Bar du GR20",
"opening_hours": "Mo-Tu,Th-Su 08:00-22:30"
}
},
{
"type": "Feature",
"geometry": {
"type": "Point",
"coordinates": [
9.4384394,
42.4929994
]
},
"properties": {
"osm_id": "node/2406329396",
"kind": "restaurant",
"name": "U San Martinu"
}
},
{
"type": "Feature",
"geometry": {
"type": "Point",
"coordinates": [
9.4499851,
42.6966358
]
},
"properties": {
"osm_id": "node/2409069336",
"kind": "restaurant",
"name": "Brasserie Colomba"
}
},
{
"type": "Feature",
"geometry": {
"type": "Point",
"coordinates": [
9.4503564,
42.697996
]
},
"properties": {
"osm_id": "node/2409069339",
"kind": "restaurant",
"name": "La Grotte"
}
},
{
"type": "Feature",
"geometry": {
"type": "Point",
"coordinates": [
9.450214,
42.6980185
]
},
"properties": {
"osm_id": "node/2409069340",
"kind": "bar",
"name": "Le Sax"
}
},
{
"type": "Feature",
"geometry": {
"type": "Point",
"coordinates": [
9.4495667,
42.6962721
]
},
"properties": {
"osm_id": "node/2409069342",
"kind": "restaurant",
"name": "Tratoria Al Dente"
}
},
{
"type": "Feature",
"geometry": {
"type": "Point",
"coordinates": [
9.3077149,
41.6659609
]
},
"properties": {
"osm_id": "node/2424274673",
"kind": "small shop",
"name": "Epicerie du Fiumu d'Ossu"
}
},
{
"type": "Feature",
"geometry": {
"type": "Point",
"coordinates": [
8.7580408,
42.5665311
]
},
"properties": {
"osm_id": "node/2424682876",
"kind": "restaurant",
"name": "L'isula"
}
},
{
"type": "Feature",
"geometry": {
"type": "Point",
"coordinates": [
8.7695588,
42.5555947
]
},
"properties": {
"osm_id": "node/2425084297",
"kind": "restaurant",
"name": "On Dine a Calvi Plage"
}
},
{
"type": "Feature",
"geometry": {
"type": "Point",
"coordinates": [
8.7403125,
41.9322676
]
},
"properties": {
"osm_id": "node/2427012327",
"kind": "restaurant",
"name": "À l'Heure de la Chandeleur"
}
},
{
"type": "Feature",
"geometry": {
"type": "Point",
"coordinates": [
8.7496452,
41.9346096
]
},
"properties": {
"osm_id": "node/2427012336",
"kind": "restaurant",
"name": "Le Coin du Ring"
}
},
{
"type": "Feature",
"geometry": {
"type": "Point",
"coordinates": [
8.7917065,
41.8660542
]
},
"properties": {
"osm_id": "node/2427019039",
"kind": "restaurant",
"name": "Chez Alain"
}
},
{
"type": "Feature",
"geometry": {
"type": "Point",
"coordinates": [
9.4462978,
42.6703183
]
},
"properties": {
"osm_id": "node/2429993805",
"kind": "bar",
"name": ""
}
},
{
"type": "Feature",
"geometry": {
"type": "Point",
"coordinates": [
8.8956111,
41.6750195
]
},
"properties": {
"osm_id": "node/2430048263",
"kind": "bar",
"name": ""
}
},
{
"type": "Feature",
"geometry": {
"type": "Point",
"coordinates": [
8.8969546,
41.6766483
]
},
"properties": {
"osm_id": "node/2430048270",
"kind": "restaurant",
"name": ""
}
},
{
"type": "Feature",
"geometry": {
"type": "Point",
"coordinates": [
8.9024384,
41.6756583
]
},
"properties": {
"osm_id": "node/2430048271",
"kind": "restaurant",
"name": "Le Bellevue"
}
},
{
"type": "Feature",
"geometry": {
"type": "Point",
"coordinates": [
8.9039876,
41.6758525
]
},
"properties": {
"osm_id": "node/2430048272",
"kind": "bakery",
"name": "La Viennoiserie"
}
},
{
"type": "Feature",
"geometry": {
"type": "Point",
"coordinates": [
8.9045965,
41.6747568
]
},
"properties": {
"osm_id": "node/2430048273",
"kind": "small shop",
"name": "Utile"
}
},
{
"type": "Feature",
"geometry": {
"type": "Point",
"coordinates": [
9.2764542,
41.5329158
]
},
"properties": {
"osm_id": "node/2430061260",
"kind": "restaurant",
"name": ""
}
},
{
"type": "Feature",
"geometry": {
"type": "Point",
"coordinates": [
8.7576697,
42.5670278
]
},
"properties": {
"osm_id": "node/2432700844",
"kind": "restaurant",
"name": "U Casanu"
}
},
{
"type": "Feature",
"geometry": {
"type": "Point",
"coordinates": [
9.4439905,
42.5495403
]
},
"properties": {
"osm_id": "node/2443088022",
"kind": "snack bar",
"name": "U San Martinu"
}
},
{
"type": "Feature",
"geometry": {
"type": "Point",
"coordinates": [
9.2725612,
41.5330167
]
},
"properties": {
"osm_id": "node/2447967657",
"kind": "small shop",
"name": "",
"opening_hours": "08:00-20:00 \"only during summer season\""
}
},
{
"type": "Feature",
"geometry": {
"type": "Point",
"coordinates": [
9.2666092,
41.5400669
]
},
"properties": {
"osm_id": "node/2448258317",
"kind": "restaurant",
"name": "Ondella",
"opening_hours": "PH,Mo-Su 19:00-23:00"
}
},
{
"type": "Feature",
"geometry": {
"type": "Point",
"coordinates": [
8.7580819,
42.5664211
]
},
"properties": {
"osm_id": "node/2459512650",
"kind": "restaurant",
"name": "Via Marine"
}
},
{
"type": "Feature",
"geometry": {
"type": "Point",
"coordinates": [
8.5960181,
42.1314247
]
},
"properties": {
"osm_id": "node/2460367717",
"kind": "restaurant",
"name": "Côté Port"
}
},
{
"type": "Feature",
"geometry": {
"type": "Point",
"coordinates": [
9.1859408,
42.2577102
]
},
"properties": {
"osm_id": "node/2460398576",
"kind": "restaurant",
"name": "Auberge Casa Mathea"
}
},
{
"type": "Feature",
"geometry": {
"type": "Point",
"coordinates": [
8.7373431,
41.9180262
]
},
"properties": {
"osm_id": "node/2460419881",
"kind": "restaurant",
"name": "Le 20123"
}
},
{
"type": "Feature",
"geometry": {
"type": "Point",
"coordinates": [
9.3541016,
42.9591826
]
},
"properties": {
"osm_id": "node/2460422587",
"kind": "restaurant",
"name": "Isulottu"
}
},
{
"type": "Feature",
"geometry": {
"type": "Point",
"coordinates": [
9.1712357,
41.7493808
]
},
"properties": {
"osm_id": "node/2483371215",
"kind": "greengrocer",
"name": "Produits Corses"
}
},
{
"type": "Feature",
"geometry": {
"type": "Point",
"coordinates": [
9.2111859,
42.103938
]
},
"properties": {
"osm_id": "node/2483371333",
"kind": "bar",
"name": "A Vadina"
}
},
{
"type": "Feature",
"geometry": {
"type": "Point",
"coordinates": [
9.4413355,
42.6787777
]
},
"properties": {
"osm_id": "node/2483371521",
"kind": "bakery",
"name": "Saveur Multari"
}
},
{
"type": "Feature",
"geometry": {
"type": "Point",
"coordinates": [
9.4515185,
42.6974829
]
},
"properties": {
"osm_id": "node/2483371522",
"kind": "supermarket",
"name": "Alimentation Luciani"
}
},
{
"type": "Feature",
"geometry": {
"type": "Point",
"coordinates": [
9.4513093,
42.6975461
]
},
"properties": {
"osm_id": "node/2483371523",
"kind": "café",
"name": "Les Intimes"
}
},
{
"type": "Feature",
"geometry": {
"type": "Point",
"coordinates": [
9.4514609,
42.6973963
]
},
"properties": {
"osm_id": "node/2483371524",
"kind": "restaurant",
"name": "Algnory"
}
},
{
"type": "Feature",
"geometry": {
"type": "Point",
"coordinates": [
9.4514394,
42.6973332
]
},
"properties": {
"osm_id": "node/2483371525",
"kind": "bar",
"name": "Le Solera"
}
},
{
"type": "Feature",
"geometry": {
"type": "Point",
"coordinates": [
9.4506052,
42.6968197
]
},
"properties": {
"osm_id": "node/2483371526",
"kind": "restaurant",
"name": "Saveurs Lao",
"opening_hours": "12:00-14:00,19:00-22:00; Tu 12:00-14:00; We off"
}
},
{
"type": "Feature",
"geometry": {
"type": "Point",
"coordinates": [
9.4507125,
42.696796
]
},
"properties": {
"osm_id": "node/2483371527",
"kind": "restaurant",
"name": "A la Bottarga",
"opening_hours": "12:00-15:00,19:00-23:00"
}
},
{
"type": "Feature",
"geometry": {
"type": "Point",
"coordinates": [
9.4507729,
42.697688
]
},
"properties": {
"osm_id": "node/2483371531",
"kind": "restaurant",
"name": "Tratteria"
}
},
{
"type": "Feature",
"geometry": {
"type": "Point",
"coordinates": [
9.3679672,
42.3746172
]
},
"properties": {
"osm_id": "node/2483371540",
"kind": "small shop",
"name": ""
}
},
{
"type": "Feature",
"geometry": {
"type": "Point",
"coordinates": [
9.4031533,
41.9980754
]
},
"properties": {
"osm_id": "node/24933547",
"kind": "fuel station",
"name": "Total",
"opening_hours": "24/7"
}
},
{
"type": "Feature",
"geometry": {
"type": "Point",
"coordinates": [
9.4433332,
42.6723446
]
},
"properties": {
"osm_id": "node/2502904186",
"kind": "small shop",
"name": "AVA DESTOCK Au Panier Garni",
"opening_hours": "Mo-Fr 08:30-12:30,14:30-19:00; Sa 08:30-19:00"
}
},
{
"type": "Feature",
"geometry": {
"type": "Point",
"coordinates": [
9.4374504,
42.6234333
]
},
"properties": {
"osm_id": "node/2504294889",
"kind": "restaurant",
"name": "Paul",
"opening_hours": "Mo-Su 06:00-20:30"
}
},
{
"type": "Feature",
"geometry": {
"type": "Point",
"coordinates": [
9.4374458,
42.6232434
]
},
"properties": {
"osm_id": "node/2504294903",
"kind": "small shop",
"name": "Carrefour Express",
"opening_hours": "Mo-Su 07:00-20:00"
}
},
{
"type": "Feature",
"geometry": {
"type": "Point",
"coordinates": [
9.5066564,
42.4477553
]
},
"properties": {
"osm_id": "node/2505410062",
"kind": "café",
"name": "Le Fium'Altu"
}
},
{
"type": "Feature",
"geometry": {
"type": "Point",
"coordinates": [
8.9377076,
42.633119
]
},
"properties": {
"osm_id": "node/2516020189",
"kind": "restaurant",
"name": "Le Rubica"
}
},
{
"type": "Feature",
"geometry": {
"type": "Point",
"coordinates": [
8.9383739,
42.6332434
]
},
"properties": {
"osm_id": "node/2516020236",
"kind": "restaurant",
"name": "L'asco"
}
},
{
"type": "Feature",
"geometry": {
"type": "Point",
"coordinates": [
8.9394855,
42.6340194
]
},
"properties": {
"osm_id": "node/2516020237",
"kind": "restaurant",
"name": "Gioia"
}
},
{
"type": "Feature",
"geometry": {
"type": "Point",
"coordinates": [
8.9377079,
42.6347238
]
},
"properties": {
"osm_id": "node/2516020260",
"kind": "restaurant",
"name": "Le Pascal Paoli"
}
},
{
"type": "Feature",
"geometry": {
"type": "Point",
"coordinates": [
8.9397178,
42.6327116
]
},
"properties": {
"osm_id": "node/2516020310",
"kind": "bakery",
"name": ""
}
},
{
"type": "Feature",
"geometry": {
"type": "Point",
"coordinates": [
8.9421045,
42.6339759
]
},
"properties": {
"osm_id": "node/2516090500",
"kind": "restaurant",
"name": "A siesta",
"opening_hours": "Mo-Su,PH 19:00-18:00+"
}
},
{
"type": "Feature",
"geometry": {
"type": "Point",
"coordinates": [
8.9418539,
42.6340309
]
},
"properties": {
"osm_id": "node/2516090501",
"kind": "restaurant",
"name": "Marinella"
}
},
{
"type": "Feature",
"geometry": {
"type": "Point",
"coordinates": [
8.9390698,
42.6339721
]
},
"properties": {
"osm_id": "node/2516090503",
"kind": "restaurant",
"name": "A Casa Corsa"
}
},
{
"type": "Feature",
"geometry": {
"type": "Point",
"coordinates": [
8.9376452,
42.6339181
]
},
"properties": {
"osm_id": "node/2516090504",
"kind": "restaurant",
"name": "Les Quatre Becs"
}
},
{
"type": "Feature",
"geometry": {
"type": "Point",
"coordinates": [
8.9383864,
42.6359759
]
},
"properties": {
"osm_id": "node/2516090506",
"kind": "restaurant",
"name": "L'escale"
}
},
{
"type": "Feature",
"geometry": {
"type": "Point",
"coordinates": [
9.5519762,
42.2261857
]
},
"properties": {
"osm_id": "node/2523091859",
"kind": "restaurant",
"name": "Fior di Macchia"
}
},
{
"type": "Feature",
"geometry": {
"type": "Point",
"coordinates": [
8.7634062,
42.5525044
]
},
"properties": {
"osm_id": "node/2527310708",
"kind": "restaurant",
"name": "Restaurant",
"opening_hours": "Mo-Sa 06:45-10:30,13:00-14:00,19:00-21:00; Su 06:30-10:30,19:00-21:00"
}
},
{
"type": "Feature",
"geometry": {
"type": "Point",
"coordinates": [
8.758237,
42.5676392
]
},
"properties": {
"osm_id": "node/2527349303",
"kind": "café",
"name": "Café Rex"
}
},
{
"type": "Feature",
"geometry": {
"type": "Point",
"coordinates": [
8.7381481,
41.9283
]
},
"properties": {
"osm_id": "node/2529072330",
"kind": "restaurant",
"name": "Kallibouffe"
}
},
{
"type": "Feature",
"geometry": {
"type": "Point",
"coordinates": [
8.7382658,
41.9175053
]
},
"properties": {
"osm_id": "node/2599334763",
"kind": "bar",
"name": "Irish Pub"
}
},
{
"type": "Feature",
"geometry": {
"type": "Point",
"coordinates": [
8.7581159,
42.567545
]
},
"properties": {
"osm_id": "node/2627361876",
"kind": "restaurant",
"name": "Casa Vinu"
}
},
{
"type": "Feature",
"geometry": {
"type": "Point",
"coordinates": [
9.351044,
42.9075119
]
},
"properties": {
"osm_id": "node/2628644601",
"kind": "fuel station",
"name": ""
}
},
{
"type": "Feature",
"geometry": {
"type": "Point",
"coordinates": [
9.3345886,
42.887653
]
},
"properties": {
"osm_id": "node/2629173683",
"kind": "restaurant",
"name": "O'Lamparo"
}
},
{
"type": "Feature",
"geometry": {
"type": "Point",
"coordinates": [
8.73739,
41.9253524
]
},
"properties": {
"osm_id": "node/2689726278",
"kind": "restaurant",
"name": "A Nepita"
}
},
{
"type": "Feature",
"geometry": {
"type": "Point",
"coordinates": [
8.8767384,
42.615006
]
},
"properties": {
"osm_id": "node/270929536",
"kind": "restaurant",
"name": "A ROTA"
}
},
{
"type": "Feature",
"geometry": {
"type": "Point",
"coordinates": [
8.8540746,
42.6058501
]
},
"properties": {
"osm_id": "node/270933909",
"kind": "restaurant",
"name": ""
}
},
{
"type": "Feature",
"geometry": {
"type": "Point",
"coordinates": [
8.8620413,
42.6081949
]
},
"properties": {
"osm_id": "node/270936906",
"kind": "small shop",
"name": "U Pane Untu",
"opening_hours": "Tu-Su 08:00-13:30"
}
},
{
"type": "Feature",
"geometry": {
"type": "Point",
"coordinates": [
8.8621508,
42.6091303
]
},
"properties": {
"osm_id": "node/270936915",
"kind": "restaurant",
"name": "U Castellu"
}
},
{
"type": "Feature",
"geometry": {
"type": "Point",
"coordinates": [
8.8618108,
42.6084586
]
},
"properties": {
"osm_id": "node/270936916",
"kind": "café",
"name": ""
}
},
{
"type": "Feature",
"geometry": {
"type": "Point",
"coordinates": [
8.9370625,
42.6421733
]
},
"properties": {
"osm_id": "node/271322128",
"kind": "café",
"name": "Brasserie du Port"
}
},
{
"type": "Feature",
"geometry": {
"type": "Point",
"coordinates": [
8.826502,
42.6030406
]
},
"properties": {
"osm_id": "node/271327478",
"kind": "fuel station",
"name": "ViTO"
}
},
{
"type": "Feature",
"geometry": {
"type": "Point",
"coordinates": [
8.8044823,
42.5694494
]
},
"properties": {
"osm_id": "node/271363873",
"kind": "restaurant",
"name": "Le Pain de Sucre"
}
},
{
"type": "Feature",
"geometry": {
"type": "Point",
"coordinates": [
9.0671018,
42.6538369
]
},
"properties": {
"osm_id": "node/2779761962",
"kind": "bar",
"name": ""
}
},
{
"type": "Feature",
"geometry": {
"type": "Point",
"coordinates": [
8.918573,
41.7168727
]
},
"properties": {
"osm_id": "node/2788777915",
"kind": "restaurant",
"name": "Chez mimi"
}
},
{
"type": "Feature",
"geometry": {
"type": "Point",
"coordinates": [
8.9375409,
42.6347122
]
},
"properties": {
"osm_id": "node/2852049175",
"kind": "restaurant",
"name": "Fast Food Mirenda",
"opening_hours": "09:00-24:00"
}
},
{
"type": "Feature",
"geometry": {
"type": "Point",
"coordinates": [
8.7375024,
41.917488
]
},
"properties": {
"osm_id": "node/2899144583",
"kind": "café",
"name": "Café Zézé"
}
},
{
"type": "Feature",
"geometry": {
"type": "Point",
"coordinates": [
8.7371277,
41.9198188
]
},
"properties": {
"osm_id": "node/2899144585",
"kind": "café",
"name": "Grand Café Napoléon"
}
},
{
"type": "Feature",
"geometry": {
"type": "Point",
"coordinates": [
8.7372272,
41.9192797
]
},
"properties": {
"osm_id": "node/2899144588",
"kind": "bar",
"name": "Le Grisbi"
}
},
{
"type": "Feature",
"geometry": {
"type": "Point",
"coordinates": [
8.7371656,
41.9200052
]
},
"properties": {
"osm_id": "node/2899144589",
"kind": "café",
"name": "Le Royal"
}
},
{
"type": "Feature",
"geometry": {
"type": "Point",
"coordinates": [
8.7373408,
41.9224577
]
},
"properties": {
"osm_id": "node/2899144590",
"kind": "supermarket",
"name": "Monoprix",
"opening_hours": "Mo-Sa 08:00-20:00; Su 08:00-19:00"
}
},
{
"type": "Feature",
"geometry": {
"type": "Point",
"coordinates": [
8.7372508,
41.9191602
]
},
"properties": {
"osm_id": "node/2899145612",
"kind": "bakery",
"name": "Maison Davoli"
}
},
{
"type": "Feature",
"geometry": {
"type": "Point",
"coordinates": [
8.7377689,
41.9244377
]
},
"properties": {
"osm_id": "node/2899145632",
"kind": "bakery",
"name": ""
}
},
{
"type": "Feature",
"geometry": {
"type": "Point",
"coordinates": [
8.7375191,
41.9206127
]
},
"properties": {
"osm_id": "node/2899424001",
"kind": "restaurant",
"name": "Da Mama"
}
},
{
"type": "Feature",
"geometry": {
"type": "Point",
"coordinates": [
8.7390531,
41.9232327
]
},
"properties": {
"osm_id": "node/2901412331",
"kind": "restaurant",
"name": "Casa Corsa"
}
},
{
"type": "Feature",
"geometry": {
"type": "Point",
"coordinates": [
8.7381793,
41.921785
]
},
"properties": {
"osm_id": "node/2901412332",
"kind": "restaurant",
"name": "Café de Flore"
}
},
{
"type": "Feature",
"geometry": {
"type": "Point",
"coordinates": [
8.7384899,
41.9191686
]
},
"properties": {
"osm_id": "node/2903077706",
"kind": "café",
"name": "Paninoteca"
}
},
{
"type": "Feature",
"geometry": {
"type": "Point",
"coordinates": [
8.7388494,
41.9275009
]
},
"properties": {
"osm_id": "node/2903775063",
"kind": "café",
"name": "Buffet de la Gare"
}
},
{
"type": "Feature",
"geometry": {
"type": "Point",
"coordinates": [
8.7355109,
41.9173003
]
},
"properties": {
"osm_id": "node/2904618043",
"kind": "restaurant",
"name": "La Rotonde"
}
},
{
"type": "Feature",
"geometry": {
"type": "Point",
"coordinates": [
8.7348041,
41.9174376
]
},
"properties": {
"osm_id": "node/2905253045",
"kind": "café",
"name": "Pé Piace"
}
},
{
"type": "Feature",
"geometry": {
"type": "Point",
"coordinates": [
8.7269689,
41.9129865
]
},
"properties": {
"osm_id": "node/2905253046",
"kind": "restaurant",
"name": "L'Albert 1er"
}
},
{
"type": "Feature",
"geometry": {
"type": "Point",
"coordinates": [
8.7280031,
41.9133783
]
},
"properties": {
"osm_id": "node/2905253047",
"kind": "restaurant",
"name": "Coté Boulevard"
}
},
{
"type": "Feature",
"geometry": {
"type": "Point",
"coordinates": [
8.7351048,
41.9174835
]
},
"properties": {
"osm_id": "node/2905253048",
"kind": "bar",
"name": "Le Galion"
}
},
{
"type": "Feature",
"geometry": {
"type": "Point",
"coordinates": [
8.7292075,
41.9143789
]
},
"properties": {
"osm_id": "node/2905253049",
"kind": "café",
"name": "Le Lantivy"
}
},
{
"type": "Feature",
"geometry": {
"type": "Point",
"coordinates": [
8.7270512,
41.9132858
]
},
"properties": {
"osm_id": "node/2905253050",
"kind": "restaurant",
"name": "Pizza Albert 1er"
}
},
{
"type": "Feature",
"geometry": {
"type": "Point",
"coordinates": [
8.7348304,
41.9181901
]
},
"properties": {
"osm_id": "node/2905253052",
"kind": "supermarket",
"name": "Spar",
"opening_hours": "Mo-Sa 08:30-20:00; Su 08:30-13:00"
}
},
{
"type": "Feature",
"geometry": {
"type": "Point",
"coordinates": [
8.7278581,
41.9133512
]
},
"properties": {
"osm_id": "node/2905253220",
"kind": "café",
"name": "u Caffe"
}
},
{
"type": "Feature",
"geometry": {
"type": "Point",
"coordinates": [
8.7532106,
41.9341398
]
},
"properties": {
"osm_id": "node/2905301546",
"kind": "snack bar",
"name": "La Boîte à Pizza"
}
},
{
"type": "Feature",
"geometry": {
"type": "Point",
"coordinates": [
8.7428801,
41.9333226
]
},
"properties": {
"osm_id": "node/2905301548",
"kind": "café",
"name": "Le Calao"
}
},
{
"type": "Feature",
"geometry": {
"type": "Point",
"coordinates": [
8.7431177,
41.9334145
]
},
"properties": {
"osm_id": "node/2905301549",
"kind": "café",
"name": "Le Skipper"
}
},
{
"type": "Feature",
"geometry": {
"type": "Point",
"coordinates": [
8.7552192,
41.9339243
]
},
"properties": {
"osm_id": "node/2905301552",
"kind": "supermarket",
"name": "Spar",
"opening_hours": "Mo-Sa 08:00-20:00; Su 08:30-12:30"
}
},
{
"type": "Feature",
"geometry": {
"type": "Point",
"coordinates": [
8.7574798,
41.9307194
]
},
"properties": {
"osm_id": "node/2905301586",
"kind": "snack bar",
"name": "Chez Casanova"
}
},
{
"type": "Feature",
"geometry": {
"type": "Point",
"coordinates": [
8.7551715,
41.9333854
]
},
"properties": {
"osm_id": "node/2905302105",
"kind": "fuel station",
"name": "Total Access",
"opening_hours": "24/7"
}
},
{
"type": "Feature",
"geometry": {
"type": "Point",
"coordinates": [
8.7349603,
41.9174615
]
},
"properties": {
"osm_id": "node/2905357061",
"kind": "bar",
"name": ""
}
},
{
"type": "Feature",
"geometry": {
"type": "Point",
"coordinates": [
8.7352654,
41.917508
]
},
"properties": {
"osm_id": "node/2905357062",
"kind": "bar",
"name": ""
}
},
{
"type": "Feature",
"geometry": {
"type": "Point",
"coordinates": [
9.3992757,
41.9993846
]
},
"properties": {
"osm_id": "node/2910928793",
"kind": "bakery",
"name": "Patisseria Saint Michel"
}
},
{
"type": "Feature",
"geometry": {
"type": "Point",
"coordinates": [
9.4036318,
42.0133464
]
},
"properties": {
"osm_id": "node/2911172551",
"kind": "bakery",
"name": ""
}
},
{
"type": "Feature",
"geometry": {
"type": "Point",
"coordinates": [
9.4035934,
42.0065169
]
},
"properties": {
"osm_id": "node/2911181507",
"kind": "bakery",
"name": "A fiumurbaccia",
"opening_hours": "Mo-Su 10:00-20:00"
}
},
{
"type": "Feature",
"geometry": {
"type": "Point",
"coordinates": [
9.4048522,
42.0137131
]
},
"properties": {
"osm_id": "node/2911182935",
"kind": "bakery",
"name": ""
}
},
{
"type": "Feature",
"geometry": {
"type": "Point",
"coordinates": [
9.4052072,
42.0155883
]
},
"properties": {
"osm_id": "node/2911183565",
"kind": "bakery",
"name": ""
}
},
{
"type": "Feature",
"geometry": {
"type": "Point",
"coordinates": [
9.4143166,
42.0086221
]
},
"properties": {
"osm_id": "node/2911186471",
"kind": "restaurant",
"name": "U Paradisu"
}
},
{
"type": "Feature",
"geometry": {
"type": "Point",
"coordinates": [
8.5992284,
42.1337883
]
},
"properties": {
"osm_id": "node/2914271138",
"kind": "restaurant",
"name": "Bel Mare"
}
},
{
"type": "Feature",
"geometry": {
"type": "Point",
"coordinates": [
8.5968008,
42.1318868
]
},
"properties": {
"osm_id": "node/2916416571",
"kind": "restaurant",
"name": "L'Agula Marina"
}
},
{
"type": "Feature",
"geometry": {
"type": "Point",
"coordinates": [
9.3270477,
41.6314903
]
},
"properties": {
"osm_id": "node/2924568133",
"kind": "restaurant",
"name": "Restaurant le K"
}
},
{
"type": "Feature",
"geometry": {
"type": "Point",
"coordinates": [
9.5270949,
42.5623532
]
},
"properties": {
"osm_id": "node/2924758206",
"kind": "supermarket",
"name": "Proxi Super"
}
},
{
"type": "Feature",
"geometry": {
"type": "Point",
"coordinates": [
9.3379277,
42.5765135
]
},
"properties": {
"osm_id": "node/2937690981",
"kind": "restaurant",
"name": "Ferme Campo-Di-Monte"
}
},
{
"type": "Feature",
"geometry": {
"type": "Point",
"coordinates": [
8.7623085,
42.553901
]
},
"properties": {
"osm_id": "node/2940346406",
"kind": "greengrocer",
"name": "U Merca",
"opening_hours": "Mo-Su,PH 08:00-13:00,16:00-19:30"
}
},
{
"type": "Feature",
"geometry": {
"type": "Point",
"coordinates": [
8.7622904,
42.5549017
]
},
"properties": {
"osm_id": "node/2940346408",
"kind": "bakery",
"name": "Spiga",
"opening_hours": "Mo-Sa 08:00-19:30; Su 08:30-12:45"
}
},
{
"type": "Feature",
"geometry": {
"type": "Point",
"coordinates": [
9.3697933,
42.0035486
]
},
"properties": {
"osm_id": "node/294655519",
"kind": "supermarket",
"name": "Super U"
}
},
{
"type": "Feature",
"geometry": {
"type": "Point",
"coordinates": [
9.3360485,
41.5648227
]
},
"properties": {
"osm_id": "node/2951441217",
"kind": "restaurant",
"name": "Ambassador"
}
},
{
"type": "Feature",
"geometry": {
"type": "Point",
"coordinates": [
9.3593154,
41.5893448
]
},
"properties": {
"osm_id": "node/2956453519",
"kind": "snack bar",
"name": ""
}
},
{
"type": "Feature",
"geometry": {
"type": "Point",
"coordinates": [
9.3566289,
41.641247
]
},
"properties": {
"osm_id": "node/2959664388",
"kind": "restaurant",
"name": "Le Cabanon Bleu"
}
},
{
"type": "Feature",
"geometry": {
"type": "Point",
"coordinates": [
9.4970964,
42.6017986
]
},
"properties": {
"osm_id": "node/296960429",
"kind": "restaurant",
"name": "Le Belvedere"
}
},
{
"type": "Feature",
"geometry": {
"type": "Point",
"coordinates": [
9.1279511,
41.4871622
]
},
"properties": {
"osm_id": "node/2974435625",
"kind": "bar",
"name": "U Puncinu"
}
},
{
"type": "Feature",
"geometry": {
"type": "Point",
"coordinates": [
9.0563645,
41.4917909
]
},
"properties": {
"osm_id": "node/2984735960",
"kind": "bar",
"name": "U 2A"
}
},
{
"type": "Feature",
"geometry": {
"type": "Point",
"coordinates": [
9.0558263,
41.4916426
]
},
"properties": {
"osm_id": "node/2984735961",
"kind": "snack bar",
"name": "Sandwicherie U Viagenti"
}
},
{
"type": "Feature",
"geometry": {
"type": "Point",
"coordinates": [
9.0559574,
41.4916781
]
},
"properties": {
"osm_id": "node/2984735962",
"kind": "bakery",
"name": "Ronde des Pains M. Maniccia"
}
},
{
"type": "Feature",
"geometry": {
"type": "Point",
"coordinates": [
9.0555294,
41.4916269
]
},
"properties": {
"osm_id": "node/2984735963",
"kind": "bar",
"name": "Bar Matthieu"
}
},
{
"type": "Feature",
"geometry": {
"type": "Point",
"coordinates": [
9.0549912,
41.4916353
]
},
"properties": {
"osm_id": "node/2984735964",
"kind": "restaurant",
"name": "Le Florida"
}
},
{
"type": "Feature",
"geometry": {
"type": "Point",
"coordinates": [
9.054757,
41.4917898
]
},
"properties": {
"osm_id": "node/2984735966",
"kind": "bar",
"name": "Bar Mimosa"
}
},
{
"type": "Feature",
"geometry": {
"type": "Point",
"coordinates": [
9.0556874,
41.4921842
]
},
"properties": {
"osm_id": "node/2984735978",
"kind": "greengrocer",
"name": ""
}
},
{
"type": "Feature",
"geometry": {
"type": "Point",
"coordinates": [
9.3312657,
41.8372615
]
},
"properties": {
"osm_id": "node/299432138",
"kind": "snack bar",
"name": "U Gaglioli"
}
},
{
"type": "Feature",
"geometry": {
"type": "Point",
"coordinates": [
8.7203763,
42.5238289
]
},
"properties": {
"osm_id": "node/299830114",
"kind": "restaurant",
"name": "U Nichjaretu"
}
},
{
"type": "Feature",
"geometry": {
"type": "Point",
"coordinates": [
9.4506676,
42.7031071
]
},
"properties": {
"osm_id": "node/3016972350",
"kind": "ice cream",
"name": "Raugi",
"opening_hours": "Sep-Jun Tu-Sa 09:30-24:00; Jun-Sep Tu-Fr 09:30-12:30,14:00-01:00; Sa 09:30-12:30,14:30-01:00; Su 09:30-12:30,16:30-01:00"
}
},
{
"type": "Feature",
"geometry": {
"type": "Point",
"coordinates": [
9.3012832,
42.6805355
]
},
"properties": {
"osm_id": "node/3037009459",
"kind": "small shop",
"name": "Produits Corse Angeli"
}
},
{
"type": "Feature",
"geometry": {
"type": "Point",
"coordinates": [
9.1571374,
41.3864236
]
},
"properties": {
"osm_id": "node/3037017773",
"kind": "restaurant",
"name": "Les Terrasses d'Aragon"
}
},
{
"type": "Feature",
"geometry": {
"type": "Point",
"coordinates": [
9.3002281,
42.6808826
]
},
"properties": {
"osm_id": "node/3037019309",
"kind": "restaurant",
"name": "U Troglu"
}
},
{
"type": "Feature",
"geometry": {
"type": "Point",
"coordinates": [
9.3002885,
42.6806242
]
},
"properties": {
"osm_id": "node/3037019310",
"kind": "restaurant",
"name": "L’Olivier"
}
},
{
"type": "Feature",
"geometry": {
"type": "Point",
"coordinates": [
9.3002681,
42.6816963
]
},
"properties": {
"osm_id": "node/3037019312",
"kind": "bar",
"name": "La Vista"
}
},
{
"type": "Feature",
"geometry": {
"type": "Point",
"coordinates": [
9.3002136,
42.6817146
]
},
"properties": {
"osm_id": "node/3037019313",
"kind": "restaurant",
"name": "Le Marinuccia"
}
},
{
"type": "Feature",
"geometry": {
"type": "Point",
"coordinates": [
9.1586399,
41.3874842
]
},
"properties": {
"osm_id": "node/3037019645",
"kind": "bar",
"name": "La Petite Culotte"
}
},
{
"type": "Feature",
"geometry": {
"type": "Point",
"coordinates": [
9.3041156,
42.6816671
]
},
"properties": {
"osm_id": "node/3042158126",
"kind": "restaurant",
"name": "l’Auberge du Pêcheur"
}
},
{
"type": "Feature",
"geometry": {
"type": "Point",
"coordinates": [
9.4488008,
42.699203
]
},
"properties": {
"osm_id": "node/3047263231",
"kind": "delicatessen",
"name": "U Muntagnolu"
}
},
{
"type": "Feature",
"geometry": {
"type": "Point",
"coordinates": [
8.9944375,
41.6617579
]
},
"properties": {
"osm_id": "node/3066610877",
"kind": "restaurant",
"name": ""
}
},
{
"type": "Feature",
"geometry": {
"type": "Point",
"coordinates": [
9.5079978,
42.4435981
]
},
"properties": {
"osm_id": "node/3080331007",
"kind": "restaurant",
"name": "A L'Ardoise"
}
},
{
"type": "Feature",
"geometry": {
"type": "Point",
"coordinates": [
9.3320024,
42.4272411
]
},
"properties": {
"osm_id": "node/3081396249",
"kind": "restaurant",
"name": "U Magu"
}
},
{
"type": "Feature",
"geometry": {
"type": "Point",
"coordinates": [
9.2887218,
41.5879
]
},
"properties": {
"osm_id": "node/3091771865",
"kind": "bar",
"name": "La Mesa"
}
},
{
"type": "Feature",
"geometry": {
"type": "Point",
"coordinates": [
9.3338728,
41.6802041
]
},
"properties": {
"osm_id": "node/3097955529",
"kind": "farm shop",
"name": "Domaine de Torraccia"
}
},
{
"type": "Feature",
"geometry": {
"type": "Point",
"coordinates": [
9.1474974,
42.0772148
]
},
"properties": {
"osm_id": "node/3102165641",
"kind": "café",
"name": ""
}
},
{
"type": "Feature",
"geometry": {
"type": "Point",
"coordinates": [
9.1644678,
41.3879991
]
},
"properties": {
"osm_id": "node/3106954329",
"kind": "restaurant",
"name": "Le Bonifacio"
}
},
{
"type": "Feature",
"geometry": {
"type": "Point",
"coordinates": [
9.1642048,
41.3879094
]
},
"properties": {
"osm_id": "node/3106956229",
"kind": "restaurant",
"name": "La Caravelle"
}
},
{
"type": "Feature",
"geometry": {
"type": "Point",
"coordinates": [
9.1630716,
41.3879497
]
},
"properties": {
"osm_id": "node/3106967429",
"kind": "bakery",
"name": "Noël Faby"
}
},
{
"type": "Feature",
"geometry": {
"type": "Point",
"coordinates": [
9.2837634,
41.5933474
]
},
"properties": {
"osm_id": "node/3107789229",
"kind": "snack bar",
"name": "Planet Pizza"
}
},
{
"type": "Feature",
"geometry": {
"type": "Point",
"coordinates": [
9.55236,
42.2379859
]
},
"properties": {
"osm_id": "node/3116390713",
"kind": "restaurant",
"name": "La Plage"
}
},
{
"type": "Feature",
"geometry": {
"type": "Point",
"coordinates": [
8.9018943,
42.5991653
]
},
"properties": {
"osm_id": "node/3224270902",
"kind": "restaurant",
"name": "A Casarella"
}
},
{
"type": "Feature",
"geometry": {
"type": "Point",
"coordinates": [
8.9018082,
42.5994322
]
},
"properties": {
"osm_id": "node/3224270903",
"kind": "restaurant",
"name": "A Moresca"
}
},
{
"type": "Feature",
"geometry": {
"type": "Point",
"coordinates": [
8.9031895,
42.5987682
]
},
"properties": {
"osm_id": "node/3224270907",
"kind": "restaurant",
"name": "A Mandria"
}
},
{
"type": "Feature",
"geometry": {
"type": "Point",
"coordinates": [
9.4508995,
42.693094
]
},
"properties": {
"osm_id": "node/3392554550",
"kind": "restaurant",
"name": "Le Sampiero"
}
},
{
"type": "Feature",
"geometry": {
"type": "Point",
"coordinates": [
9.4539657,
42.720874
]
},
"properties": {
"osm_id": "node/3397120632",
"kind": "café",
"name": "U Flenu"
}
},
{
"type": "Feature",
"geometry": {
"type": "Point",
"coordinates": [
9.4550349,
42.7145995
]
},
"properties": {
"osm_id": "node/3397120633",
"kind": "fuel station",
"name": "Cap 200",
"opening_hours": "24/7"
}
},
{
"type": "Feature",
"geometry": {
"type": "Point",
"coordinates": [
9.4381443,
42.6296774
]
},
"properties": {
"osm_id": "node/3397294250",
"kind": "restaurant",
"name": "La Boucherie"
}
},
{
"type": "Feature",
"geometry": {
"type": "Point",
"coordinates": [
9.5398273,
42.3198729
]
},
"properties": {
"osm_id": "node/3397600048",
"kind": "café",
"name": "Bar des 4 Chemins"
}
},
{
"type": "Feature",
"geometry": {
"type": "Point",
"coordinates": [
9.5552084,
42.2919977
]
},
"properties": {
"osm_id": "node/3397607537",
"kind": "restaurant",
"name": "Chez Thérésa"
}
},
{
"type": "Feature",
"geometry": {
"type": "Point",
"coordinates": [
9.5457145,
42.2548246
]
},
"properties": {
"osm_id": "node/3397673826",
"kind": "café",
"name": "L'alistru"
}
},
{
"type": "Feature",
"geometry": {
"type": "Point",
"coordinates": [
9.5456891,
42.2547479
]
},
"properties": {
"osm_id": "node/3397673827",
"kind": "restaurant",
"name": "Brasserie A waraka"
}
},
{
"type": "Feature",
"geometry": {
"type": "Point",
"coordinates": [
9.5456572,
42.2546548
]
},
"properties": {
"osm_id": "node/3397673828",
"kind": "small shop",
"name": "Vival",
"opening_hours": "Mo-Su 07:00-20:00"
}
},
{
"type": "Feature",
"geometry": {
"type": "Point",
"coordinates": [
9.5454623,
42.2542509
]
},
"properties": {
"osm_id": "node/3397673984",
"kind": "café",
"name": "Boulangerie Patisserie Dolc'Elina"
}
},
{
"type": "Feature",
"geometry": {
"type": "Point",
"coordinates": [
9.5468834,
42.2586686
]
},
"properties": {
"osm_id": "node/3398890517",
"kind": "café",
"name": "Bar L'Oasis"
}
},
{
"type": "Feature",
"geometry": {
"type": "Point",
"coordinates": [
9.5314691,
42.1974189
]
},
"properties": {
"osm_id": "node/3398962964",
"kind": "restaurant",
"name": "Chez Maria"
}
},
{
"type": "Feature",
"geometry": {
"type": "Point",
"coordinates": [
9.5346609,
42.218107
]
},
"properties": {
"osm_id": "node/3398962966",
"kind": "restaurant",
"name": "L'Alzicciola"
}
},
{
"type": "Feature",
"geometry": {
"type": "Point",
"coordinates": [
9.5383439,
42.2218696
]
},
"properties": {
"osm_id": "node/3398962969",
"kind": "restaurant",
"name": "U Casone"
}
},
{
"type": "Feature",
"geometry": {
"type": "Point",
"coordinates": [
9.5329159,
42.1978562
]
},
"properties": {
"osm_id": "node/3398966122",
"kind": "greengrocer",
"name": ""
}
},
{
"type": "Feature",
"geometry": {
"type": "Point",
"coordinates": [
9.5325516,
42.2132219
]
},
"properties": {
"osm_id": "node/3398966574",
"kind": "greengrocer",
"name": ""
}
},
{
"type": "Feature",
"geometry": {
"type": "Point",
"coordinates": [
9.3945944,
41.8639347
]
},
"properties": {
"osm_id": "node/3401083151",
"kind": "restaurant",
"name": "A Mandria"
}
},
{
"type": "Feature",
"geometry": {
"type": "Point",
"coordinates": [
8.9375964,
42.6349894
]
},
"properties": {
"osm_id": "node/3518268692",
"kind": "restaurant",
"name": "U Spuntinu"
}
},
{
"type": "Feature",
"geometry": {
"type": "Point",
"coordinates": [
9.2265236,
41.6405153
]
},
"properties": {
"osm_id": "node/3560459491",
"kind": "restaurant",
"name": "La Petite Maison de Vardiola"
}
},
{
"type": "Feature",
"geometry": {
"type": "Point",
"coordinates": [
9.2866769,
41.6086265
]
},
"properties": {
"osm_id": "node/3560477416",
"kind": "restaurant",
"name": "Marina Lounge"
}
},
{
"type": "Feature",
"geometry": {
"type": "Point",
"coordinates": [
9.3007005,
41.5780653
]
},
"properties": {
"osm_id": "node/3560495276",
"kind": "restaurant",
"name": "U Cantonu"
}
},
{
"type": "Feature",
"geometry": {
"type": "Point",
"coordinates": [
8.7374039,
41.9203052
]
},
"properties": {
"osm_id": "node/3560509348",
"kind": "restaurant",
"name": "Bistrot d'Emile"
}
},
{
"type": "Feature",
"geometry": {
"type": "Point",
"coordinates": [
8.8283318,
42.0162926
]
},
"properties": {
"osm_id": "node/3566613395",
"kind": "café",
"name": ""
}
},
{
"type": "Feature",
"geometry": {
"type": "Point",
"coordinates": [
9.3549259,
41.8527976
]
},
"properties": {
"osm_id": "node/3588408864",
"kind": "restaurant",
"name": "A Pinzutella (Ferme Auberge)"
}
},
{
"type": "Feature",
"geometry": {
"type": "Point",
"coordinates": [
8.869419,
41.8393935
]
},
"properties": {
"osm_id": "node/3612718790",
"kind": "restaurant",
"name": "A riserva di Bisina"
}
},
{
"type": "Feature",
"geometry": {
"type": "Point",
"coordinates": [
8.7371118,
41.9197052
]
},
"properties": {
"osm_id": "node/3638580212",
"kind": "restaurant",
"name": "Le Bistrot du Cours"
}
},
{
"type": "Feature",
"geometry": {
"type": "Point",
"coordinates": [
9.5260735,
42.3868407
]
},
"properties": {
"osm_id": "node/3646600165",
"kind": "restaurant",
"name": "San Fracescu"
}
},
{
"type": "Feature",
"geometry": {
"type": "Point",
"coordinates": [
9.5321116,
42.3970637
]
},
"properties": {
"osm_id": "node/3646607952",
"kind": "restaurant",
"name": "Les Arbousiers"
}
},
{
"type": "Feature",
"geometry": {
"type": "Point",
"coordinates": [
9.4365928,
42.6206895
]
},
"properties": {
"osm_id": "node/3646663272",
"kind": "supermarket",
"name": "Spar",
"opening_hours": "Mo-Sa 07:00-20:00; Su 08:00-13:00,15:00-20:00"
}
},
{
"type": "Feature",
"geometry": {
"type": "Point",
"coordinates": [
9.3652252,
42.5794881
]
},
"properties": {
"osm_id": "node/3664457600",
"kind": "restaurant",
"name": "A Funtana"
}
},
{
"type": "Feature",
"geometry": {
"type": "Point",
"coordinates": [
9.0216416,
42.6386861
]
},
"properties": {
"osm_id": "node/3665772268",
"kind": "bakery",
"name": "Spiga"
}
},
{
"type": "Feature",
"geometry": {
"type": "Point",
"coordinates": [
9.0216094,
42.6380872
]
},
"properties": {
"osm_id": "node/3665772269",
"kind": "small shop",
"name": "Spar",
"opening_hours": "Mo-Su 08:30-20:00"
}
},
{
"type": "Feature",
"geometry": {
"type": "Point",
"coordinates": [
9.3511774,
42.9659407
]
},
"properties": {
"osm_id": "node/3666091112",
"kind": "restaurant",
"name": "A Macciotta"
}
},
{
"type": "Feature",
"geometry": {
"type": "Point",
"coordinates": [
9.3508643,
42.9658269
]
},
"properties": {
"osm_id": "node/3666091113",
"kind": "bar",
"name": "Chez Marc"
}
},
{
"type": "Feature",
"geometry": {
"type": "Point",
"coordinates": [
9.350026,
42.9656585
]
},
"properties": {
"osm_id": "node/3666091115",
"kind": "snack bar",
"name": "Du Vieux Moulin"
}
},
{
"type": "Feature",
"geometry": {
"type": "Point",
"coordinates": [
9.3021199,
42.6806428
]
},
"properties": {
"osm_id": "node/3666109343",
"kind": "bar",
"name": "Le Col D Amphore, Bar"
}
},
{
"type": "Feature",
"geometry": {
"type": "Point",
"coordinates": [
8.9394494,
42.6327995
]
},
"properties": {
"osm_id": "node/3666115715",
"kind": "café",
"name": ""
}
},
{
"type": "Feature",
"geometry": {
"type": "Point",
"coordinates": [
9.1008329,
41.7540669
]
},
"properties": {
"osm_id": "node/3666127494",
"kind": "café",
"name": "A Scopa"
}
},
{
"type": "Feature",
"geometry": {
"type": "Point",
"coordinates": [
9.1716463,
41.7506027
]
},
"properties": {
"osm_id": "node/3666127495",
"kind": "bakery",
"name": "O. de Peretti",
"opening_hours": "Mo,Tu,Th,Fr 07:30-14:30,17:00-19:00"
}
},
{
"type": "Feature",
"geometry": {
"type": "Point",
"coordinates": [
9.1009183,
41.7541435
]
},
"properties": {
"osm_id": "node/3666127496",
"kind": "small shop",
"name": "Proxi"
}
},
{
"type": "Feature",
"geometry": {
"type": "Point",
"coordinates": [
9.1549576,
41.9347271
]
},
"properties": {
"osm_id": "node/3666135452",
"kind": "bar",
"name": ""
}
},
{
"type": "Feature",
"geometry": {
"type": "Point",
"coordinates": [
8.7838186,
41.7380128
]
},
"properties": {
"osm_id": "node/3686218422",
"kind": "restaurant",
"name": "Cala di Cupabia"
}
},
{
"type": "Feature",
"geometry": {
"type": "Point",
"coordinates": [
8.6794872,
41.9080567
]
},
"properties": {
"osm_id": "node/3686230120",
"kind": "small shop",
"name": "Beach Market",
"opening_hours": "Mo-Su 08:00-19:30"
}
},
{
"type": "Feature",
"geometry": {
"type": "Point",
"coordinates": [
8.5971634,
42.1336611
]
},
"properties": {
"osm_id": "node/3687468699",
"kind": "restaurant",
"name": "A Volta"
}
},
{
"type": "Feature",
"geometry": {
"type": "Point",
"coordinates": [
8.7248744,
41.9129966
]
},
"properties": {
"osm_id": "node/3687472437",
"kind": "small shop",
"name": "La Vie Claire",
"opening_hours": "Mo-Sa 08:30-19:30"
}
},
{
"type": "Feature",
"geometry": {
"type": "Point",
"coordinates": [
8.6796068,
41.9079
]
},
"properties": {
"osm_id": "node/3687715311",
"kind": "restaurant",
"name": "La cantina",
"opening_hours": "\"Ouvert dimanche midi, lundi au samedi le soir, dimanche midi et soir, fermé le jeudi\""
}
},
{
"type": "Feature",
"geometry": {
"type": "Point",
"coordinates": [
8.6767709,
41.9063655
]
},
"properties": {
"osm_id": "node/3687715320",
"kind": "restaurant",
"name": "Marinella"
}
},
{
"type": "Feature",
"geometry": {
"type": "Point",
"coordinates": [
8.6798244,
41.9080665
]
},
"properties": {
"osm_id": "node/3687715322",
"kind": "restaurant",
"name": "L'instant sushi",
"opening_hours": "Mo-Su 18:00-22:00; Tu-Fr 10:30-13:30,18:00-22:00"
}
},
{
"type": "Feature",
"geometry": {
"type": "Point",
"coordinates": [
8.6789666,
41.9074822
]
},
"properties": {
"osm_id": "node/3687715333",
"kind": "restaurant",
"name": "Palm Beach",
"opening_hours": "\"Ouvert tous les jours midi et soir\""
}
},
{
"type": "Feature",
"geometry": {
"type": "Point",
"coordinates": [
8.6805138,
41.9079666
]
},
"properties": {
"osm_id": "node/3687715340",
"kind": "restaurant",
"name": "Texas Café",
"opening_hours": "\"Fermé le dimanche soir et le lundi\""
}
},
{
"type": "Feature",
"geometry": {
"type": "Point",
"coordinates": [
8.6805586,
41.9076195
]
},
"properties": {
"osm_id": "node/3687715344",
"kind": "restaurant",
"name": "Neptune Plage"
}
},
{
"type": "Feature",
"geometry": {
"type": "Point",
"coordinates": [
8.6797536,
41.9079197
]
},
"properties": {
"osm_id": "node/3687715355",
"kind": "restaurant",
"name": "Le Piment Rouge",
"opening_hours": "\"Fermé le mercredi\""
}
},
{
"type": "Feature",
"geometry": {
"type": "Point",
"coordinates": [
8.6780925,
41.9071945
]
},
"properties": {
"osm_id": "node/3687715364",
"kind": "restaurant",
"name": "Kos"
}
},
{
"type": "Feature",
"geometry": {
"type": "Point",
"coordinates": [
8.6828463,
41.9077531
]
},
"properties": {
"osm_id": "node/3687715366",
"kind": "restaurant",
"name": "L'Ariadne"
}
},
{
"type": "Feature",
"geometry": {
"type": "Point",
"coordinates": [
8.6802784,
41.9081674
]
},
"properties": {
"osm_id": "node/3687715367",
"kind": "restaurant",
"name": "China Blue"
}
},
{
"type": "Feature",
"geometry": {
"type": "Point",
"coordinates": [
8.6903006,
41.9093127
]
},
"properties": {
"osm_id": "node/3688915223",
"kind": "restaurant",
"name": "Barbicaggia"
}
},
{
"type": "Feature",
"geometry": {
"type": "Point",
"coordinates": [
8.6888345,
41.9093095
]
},
"properties": {
"osm_id": "node/3688928730",
"kind": "restaurant",
"name": "Côté Plage"
}
},
{
"type": "Feature",
"geometry": {
"type": "Point",
"coordinates": [
8.6270049,
42.2499874
]
},
"properties": {
"osm_id": "node/3692293259",
"kind": "bar",
"name": "U pescadore"
}
},
{
"type": "Feature",
"geometry": {
"type": "Point",
"coordinates": [
9.3004888,
42.6806753
]
},
"properties": {
"osm_id": "node/3696033541",
"kind": "restaurant",
"name": "Le César"
}
},
{
"type": "Feature",
"geometry": {
"type": "Point",
"coordinates": [
9.3000586,
42.6807066
]
},
"properties": {
"osm_id": "node/3696033555",
"kind": "restaurant",
"name": "Le Grill"
}
},
{
"type": "Feature",
"geometry": {
"type": "Point",
"coordinates": [
9.3446694,
42.7849745
]
},
"properties": {
"osm_id": "node/3696070581",
"kind": "snack bar",
"name": "Pizza A Stalla"
}
},
{
"type": "Feature",
"geometry": {
"type": "Point",
"coordinates": [
9.3350196,
42.5871973
]
},
"properties": {
"osm_id": "node/3697647252",
"kind": "restaurant",
"name": ""
}
},
{
"type": "Feature",
"geometry": {
"type": "Point",
"coordinates": [
9.3267576,
42.577563
]
},
"properties": {
"osm_id": "node/3697647255",
"kind": "bakery",
"name": "Boulangerie - Boucherie"
}
},
{
"type": "Feature",
"geometry": {
"type": "Point",
"coordinates": [
9.4802414,
42.83655
]
},
"properties": {
"osm_id": "node/3697659894",
"kind": "restaurant",
"name": "U Sant Antone"
}
},
{
"type": "Feature",
"geometry": {
"type": "Point",
"coordinates": [
9.1301135,
41.4882405
]
},
"properties": {
"osm_id": "node/3698608026",
"kind": "restaurant",
"name": "A Cetera"
}
},
{
"type": "Feature",
"geometry": {
"type": "Point",
"coordinates": [
9.1300035,
41.4882083
]
},
"properties": {
"osm_id": "node/3698608027",
"kind": "bar",
"name": "U Tivareddu"
}
},
{
"type": "Feature",
"geometry": {
"type": "Point",
"coordinates": [
8.9103955,
42.6268299
]
},
"properties": {
"osm_id": "node/3699136875",
"kind": "restaurant",
"name": "La Vieille Gare",
"opening_hours": "\"saisonal\""
}
},
{
"type": "Feature",
"geometry": {
"type": "Point",
"coordinates": [
8.9078847,
42.6275695
]
},
"properties": {
"osm_id": "node/3700269398",
"kind": "bar",
"name": "U Sbiru",
"opening_hours": "\"saisonal\""
}
},
{
"type": "Feature",
"geometry": {
"type": "Point",
"coordinates": [
8.9022707,
42.6272346
]
},
"properties": {
"osm_id": "node/3700269399",
"kind": "bar",
"name": "Junquidou",
"opening_hours": "\"Saison\""
}
},
{
"type": "Feature",
"geometry": {
"type": "Point",
"coordinates": [
8.9384117,
42.6329428
]
},
"properties": {
"osm_id": "node/3708504512",
"kind": "restaurant",
"name": "Le Morgan"
}
},
{
"type": "Feature",
"geometry": {
"type": "Point",
"coordinates": [
8.9480792,
42.6316052
]
},
"properties": {
"osm_id": "node/3708510165",
"kind": "bar",
"name": "Les Vents d'Ange (Caviste)"
}
},
{
"type": "Feature",
"geometry": {
"type": "Point",
"coordinates": [
8.8846236,
42.6035706
]
},
"properties": {
"osm_id": "node/3708525026",
"kind": "restaurant",
"name": ""
}
},
{
"type": "Feature",
"geometry": {
"type": "Point",
"coordinates": [
9.0171798,
42.5860547
]
},
"properties": {
"osm_id": "node/3709814683",
"kind": "café",
"name": "Café de France"
}
},
{
"type": "Feature",
"geometry": {
"type": "Point",
"coordinates": [
9.0171813,
42.5859271
]
},
"properties": {
"osm_id": "node/3709814684",
"kind": "café",
"name": "Café de la Paix"
}
},
{
"type": "Feature",
"geometry": {
"type": "Point",
"coordinates": [
9.098474,
41.4989774
]
},
"properties": {
"osm_id": "node/3720668840",
"kind": "café",
"name": "Café des Voyageurs"
}
},
{
"type": "Feature",
"geometry": {
"type": "Point",
"coordinates": [
9.2821296,
41.5914056
]
},
"properties": {
"osm_id": "node/3720677427",
"kind": "farm shop",
"name": "Cave Corsica"
}
},
{
"type": "Feature",
"geometry": {
"type": "Point",
"coordinates": [
9.2759971,
41.5862769
]
},
"properties": {
"osm_id": "node/3720682229",
"kind": "restaurant",
"name": "L'Ardoise",
"opening_hours": "Mo-Sa 19:00-23:00"
}
},
{
"type": "Feature",
"geometry": {
"type": "Point",
"coordinates": [
9.159813,
41.3873257
]
},
"properties": {
"osm_id": "node/3720682331",
"kind": "restaurant",
"name": "L'Auberge Corse"
}
},
{
"type": "Feature",
"geometry": {
"type": "Point",
"coordinates": [
9.1591179,
41.3870157
]
},
"properties": {
"osm_id": "node/3720682332",
"kind": "restaurant",
"name": "La Loggia"
}
},
{
"type": "Feature",
"geometry": {
"type": "Point",
"coordinates": [
9.2811165,
41.5331814
]
},
"properties": {
"osm_id": "node/3720682430",
"kind": "small shop",
"name": ""
}
},
{
"type": "Feature",
"geometry": {
"type": "Point",
"coordinates": [
9.2808334,
41.5332057
]
},
"properties": {
"osm_id": "node/3720693125",
"kind": "restaurant",
"name": "A Piazetta"
}
},
{
"type": "Feature",
"geometry": {
"type": "Point",
"coordinates": [
9.2808496,
41.592214
]
},
"properties": {
"osm_id": "node/3720693237",
"kind": "restaurant",
"name": "Chez Pino"
}
},
{
"type": "Feature",
"geometry": {
"type": "Point",
"coordinates": [
9.2806072,
41.5314629
]
},
"properties": {
"osm_id": "node/3720693426",
"kind": "restaurant",
"name": "Santa Marina"
}
},
{
"type": "Feature",
"geometry": {
"type": "Point",
"coordinates": [
9.281634,
41.5425622
]
},
"properties": {
"osm_id": "node/3720693437",
"kind": "greengrocer",
"name": ""
}
},
{
"type": "Feature",
"geometry": {
"type": "Point",
"coordinates": [
9.2797751,
41.5901156
]
},
"properties": {
"osm_id": "node/3720693526",
"kind": "restaurant",
"name": "La Vigie"
}
},
{
"type": "Feature",
"geometry": {
"type": "Point",
"coordinates": [
9.2801844,
41.5911204
]
},
"properties": {
"osm_id": "node/3720693528",
"kind": "bar",
"name": "Le Patio"
}
},
{
"type": "Feature",
"geometry": {
"type": "Point",
"coordinates": [
9.2798302,
41.591331
]
},
"properties": {
"osm_id": "node/3720693625",
"kind": "farm shop",
"name": "L'Orriu"
}
},
{
"type": "Feature",
"geometry": {
"type": "Point",
"coordinates": [
9.2790642,
41.5903662
]
},
"properties": {
"osm_id": "node/3721141225",
"kind": "ice cream",
"name": "Glaces Ghjacci"
}
},
{
"type": "Feature",
"geometry": {
"type": "Point",
"coordinates": [
9.1580992,
41.3866947
]
},
"properties": {
"osm_id": "node/3721141525",
"kind": "café",
"name": "Snack"
}
},
{
"type": "Feature",
"geometry": {
"type": "Point",
"coordinates": [
9.2789513,
41.591157
]
},
"properties": {
"osm_id": "node/3721141825",
"kind": "restaurant",
"name": "Pizza du Bastion"
}
},
{
"type": "Feature",
"geometry": {
"type": "Point",
"coordinates": [
9.1583122,
41.3872996
]
},
"properties": {
"osm_id": "node/3721142025",
"kind": "restaurant",
"name": "Le Rustic"
}
},
{
"type": "Feature",
"geometry": {
"type": "Point",
"coordinates": [
9.1571734,
41.3870274
]
},
"properties": {
"osm_id": "node/3721142126",
"kind": "bakery",
"name": "Patisserie Sorba"
}
},
{
"type": "Feature",
"geometry": {
"type": "Point",
"coordinates": [
9.2757084,
41.5797895
]
},
"properties": {
"osm_id": "node/3721142526",
"kind": "small shop",
"name": "Utile"
}
},
{
"type": "Feature",
"geometry": {
"type": "Point",
"coordinates": [
9.2790999,
41.5909627
]
},
"properties": {
"osm_id": "node/3721142625",
"kind": "bar",
"name": "Shirley's Bar"
}
},
{
"type": "Feature",
"geometry": {
"type": "Point",
"coordinates": [
9.2760577,
41.5356372
]
},
"properties": {
"osm_id": "node/3721143226",
"kind": "bar",
"name": ""
}
},
{
"type": "Feature",
"geometry": {
"type": "Point",
"coordinates": [
8.7433839,
41.9345491
]
},
"properties": {
"osm_id": "node/3729810199",
"kind": "snack bar",
"name": "Pizza Bruschetta le NT"
}
},
{
"type": "Feature",
"geometry": {
"type": "Point",
"coordinates": [
9.172071,
42.2318001
]
},
"properties": {
"osm_id": "node/3733657208",
"kind": "bar",
"name": "Central"
}
},
{
"type": "Feature",
"geometry": {
"type": "Point",
"coordinates": [
8.6367459,
42.2390118
]
},
"properties": {
"osm_id": "node/3744633539",
"kind": "restaurant",
"name": "Le Casanova"
}
},
{
"type": "Feature",
"geometry": {
"type": "Point",
"coordinates": [
8.6413889,
42.2401567
]
},
"properties": {
"osm_id": "node/3744633540",
"kind": "restaurant",
"name": "Les Roches Rouges"
}
},
{
"type": "Feature",
"geometry": {
"type": "Point",
"coordinates": [
8.6930775,
42.2651703
]
},
"properties": {
"osm_id": "node/3746148860",
"kind": "restaurant",
"name": "U Pescador"
}
},
{
"type": "Feature",
"geometry": {
"type": "Point",
"coordinates": [
8.6937856,
42.2685063
]
},
"properties": {
"osm_id": "node/3746148898",
"kind": "restaurant",
"name": "Côté Place"
}
},
{
"type": "Feature",
"geometry": {
"type": "Point",
"coordinates": [
8.7058256,
42.2650685
]
},
"properties": {
"osm_id": "node/3746148899",
"kind": "restaurant",
"name": "Cala di sol"
}
},
{
"type": "Feature",
"geometry": {
"type": "Point",
"coordinates": [
9.5370044,
42.4670005
]
},
"properties": {
"osm_id": "node/3747912130",
"kind": "bar",
"name": "Strandbar Bout du Monde"
}
},
{
"type": "Feature",
"geometry": {
"type": "Point",
"coordinates": [
9.532314,
42.5144938
]
},
"properties": {
"osm_id": "node/3752838250",
"kind": "bar",
"name": ""
}
},
{
"type": "Feature",
"geometry": {
"type": "Point",
"coordinates": [
9.1290263,
41.7060901
]
},
"properties": {
"osm_id": "node/3753301727",
"kind": "fuel station",
"name": "Total",
"opening_hours": "24/7"
}
},
{
"type": "Feature",
"geometry": {
"type": "Point",
"coordinates": [
9.1462821,
41.7197752
]
},
"properties": {
"osm_id": "node/3753306731",
"kind": "restaurant",
"name": "Un' antru versu"
}
},
{
"type": "Feature",
"geometry": {
"type": "Point",
"coordinates": [
9.55495,
42.2552374
]
},
"properties": {
"osm_id": "node/3754075673",
"kind": "restaurant",
"name": "Costa Marina (Chez Costa)"
}
},
{
"type": "Feature",
"geometry": {
"type": "Point",
"coordinates": [
9.3651965,
42.9458588
]
},
"properties": {
"osm_id": "node/3756222217",
"kind": "café",
"name": "Antonmattei"
}
},
{
"type": "Feature",
"geometry": {
"type": "Point",
"coordinates": [
9.3587392,
42.6025225
]
},
"properties": {
"osm_id": "node/3763136406",
"kind": "restaurant",
"name": "U Cantarellu"
}
},
{
"type": "Feature",
"geometry": {
"type": "Point",
"coordinates": [
8.7085705,
42.099929
]
},
"properties": {
"osm_id": "node/3766119761",
"kind": "restaurant",
"name": "Le grand Large"
}
},
{
"type": "Feature",
"geometry": {
"type": "Point",
"coordinates": [
8.5759228,
42.2075958
]
},
"properties": {
"osm_id": "node/3766153063",
"kind": "bar",
"name": "Le Casabianca"
}
},
{
"type": "Feature",
"geometry": {
"type": "Point",
"coordinates": [
8.8111252,
41.6315239
]
},
"properties": {
"osm_id": "node/3834569570",
"kind": "restaurant",
"name": "Hôtel Restaurant des Amis"
}
},
{
"type": "Feature",
"geometry": {
"type": "Point",
"coordinates": [
8.8110796,
41.6316362
]
},
"properties": {
"osm_id": "node/3834569584",
"kind": "small shop",
"name": ""
}
},
{
"type": "Feature",
"geometry": {
"type": "Point",
"coordinates": [
8.8162561,
41.6291923
]
},
"properties": {
"osm_id": "node/3834569585",
"kind": "restaurant",
"name": "Cala Gusta"
}
},
{
"type": "Feature",
"geometry": {
"type": "Point",
"coordinates": [
8.9379862,
42.6347304
]
},
"properties": {
"osm_id": "node/3918584539",
"kind": "restaurant",
"name": "L'isula"
}
},
{
"type": "Feature",
"geometry": {
"type": "Point",
"coordinates": [
8.7375407,
41.9202593
]
},
"properties": {
"osm_id": "node/3920393542",
"kind": "restaurant",
"name": "L'arbre"
}
},
{
"type": "Feature",
"geometry": {
"type": "Point",
"coordinates": [
9.150423,
42.305334
]
},
"properties": {
"osm_id": "node/3922375221",
"kind": "restaurant",
"name": "Chez Jo"
}
},
{
"type": "Feature",
"geometry": {
"type": "Point",
"coordinates": [
9.1510709,
42.304802
]
},
"properties": {
"osm_id": "node/3922375665",
"kind": "restaurant",
"name": "Terra Corsa"
}
},
{
"type": "Feature",
"geometry": {
"type": "Point",
"coordinates": [
9.2801715,
42.4830468
]
},
"properties": {
"osm_id": "node/3923467723",
"kind": "restaurant",
"name": "Jose Bar Brasserie"
}
},
{
"type": "Feature",
"geometry": {
"type": "Point",
"coordinates": [
9.1639018,
41.3879479
]
},
"properties": {
"osm_id": "node/4142416489",
"kind": "café",
"name": "B52"
}
},
{
"type": "Feature",
"geometry": {
"type": "Point",
"coordinates": [
8.9487771,
41.4990264
]
},
"properties": {
"osm_id": "node/4142416589",
"kind": "restaurant",
"name": "L'Oasis du Lion de Roccapina"
}
},
{
"type": "Feature",
"geometry": {
"type": "Point",
"coordinates": [
9.4520136,
42.6971243
]
},
"properties": {
"osm_id": "node/4235498190",
"kind": "restaurant",
"name": ""
}
},
{
"type": "Feature",
"geometry": {
"type": "Point",
"coordinates": [
9.3025668,
42.6795593
]
},
"properties": {
"osm_id": "node/4235524980",
"kind": "snack bar",
"name": "L'Atelier du Sandwich",
"opening_hours": "Mo-Su 08:00-19:00"
}
},
{
"type": "Feature",
"geometry": {
"type": "Point",
"coordinates": [
9.3025679,
42.6804462
]
},
"properties": {
"osm_id": "node/4235524981",
"kind": "restaurant",
"name": "La Maison des Pizzas"
}
},
{
"type": "Feature",
"geometry": {
"type": "Point",
"coordinates": [
9.1507846,
42.3060709
]
},
"properties": {
"osm_id": "node/4261695989",
"kind": "bar",
"name": "La Coupole"
}
},
{
"type": "Feature",
"geometry": {
"type": "Point",
"coordinates": [
8.7988124,
41.7286924
]
},
"properties": {
"osm_id": "node/4263226790",
"kind": "restaurant",
"name": "U San Matteu"
}
},
{
"type": "Feature",
"geometry": {
"type": "Point",
"coordinates": [
8.7995657,
41.9560171
]
},
"properties": {
"osm_id": "node/4273038749",
"kind": "snack bar",
"name": "Burger King",
"opening_hours": "Mo 11:00-23:30; Tu 11:00-23:00; We 11:00-22:00; Th 11:00-23:30; Fr-Sa 11:00-24:00; Su 11:00-23:30"
}
},
{
"type": "Feature",
"geometry": {
"type": "Point",
"coordinates": [
8.7984921,
42.1668855
]
},
"properties": {
"osm_id": "node/4274551489",
"kind": "restaurant",
"name": "Café National",
"opening_hours": "Mo-Su 09:00-22:00"
}
},
{
"type": "Feature",
"geometry": {
"type": "Point",
"coordinates": [
9.5500417,
42.1122119
]
},
"properties": {
"osm_id": "node/4276668147",
"kind": "restaurant",
"name": "L'écurie"
}
},
{
"type": "Feature",
"geometry": {
"type": "Point",
"coordinates": [
9.3473311,
41.6997542
]
},
"properties": {
"osm_id": "node/4276692897",
"kind": "bar",
"name": "Le Safari"
}
},
{
"type": "Feature",
"geometry": {
"type": "Point",
"coordinates": [
8.7074691,
42.2641379
]
},
"properties": {
"osm_id": "node/4289488521",
"kind": "café",
"name": "Atelier Piuma"
}
},
{
"type": "Feature",
"geometry": {
"type": "Point",
"coordinates": [
8.7060841,
42.2651778
]
},
"properties": {
"osm_id": "node/4289488527",
"kind": "restaurant",
"name": "Le Pub"
}
},
{
"type": "Feature",
"geometry": {
"type": "Point",
"coordinates": [
8.7064337,
42.2649107
]
},
"properties": {
"osm_id": "node/4289488537",
"kind": "restaurant",
"name": "Le beau séjour"
}
},
{
"type": "Feature",
"geometry": {
"type": "Point",
"coordinates": [
8.7055053,
42.2655792
]
},
"properties": {
"osm_id": "node/4289488538",
"kind": "restaurant",
"name": "Le Vin150",
"opening_hours": "Mo-Su 10:00-22:00"
}
},
{
"type": "Feature",
"geometry": {
"type": "Point",
"coordinates": [
9.0134106,
41.5125515
]
},
"properties": {
"osm_id": "node/4290713094",
"kind": "restaurant",
"name": "La Pergola"
}
},
{
"type": "Feature",
"geometry": {
"type": "Point",
"coordinates": [
8.6932662,
42.2677829
]
},
"properties": {
"osm_id": "node/4291084822",
"kind": "restaurant",
"name": "Le Monte Rosso"
}
},
{
"type": "Feature",
"geometry": {
"type": "Point",
"coordinates": [
8.6939927,
42.2671556
]
},
"properties": {
"osm_id": "node/4291419432",
"kind": "small shop",
"name": "Proxi",
"opening_hours": "Mo-Su 08:00-20:00"
}
},
{
"type": "Feature",
"geometry": {
"type": "Point",
"coordinates": [
8.6463619,
42.4130007
]
},
"properties": {
"osm_id": "node/4291436100",
"kind": "restaurant",
"name": "L'Altru Sognu"
}
},
{
"type": "Feature",
"geometry": {
"type": "Point",
"coordinates": [
9.3733114,
42.5078206
]
},
"properties": {
"osm_id": "node/4298587492",
"kind": "café",
"name": "A Ricella"
}
},
{
"type": "Feature",
"geometry": {
"type": "Point",
"coordinates": [
9.5290456,
42.3638207
]
},
"properties": {
"osm_id": "node/4303152103",
"kind": "greengrocer",
"name": "Fruits et Legumes",
"opening_hours": "Mo-Fr 07:00-12:00,14:00-18:00"
}
},
{
"type": "Feature",
"geometry": {
"type": "Point",
"coordinates": [
8.6366039,
42.2387307
]
},
"properties": {
"osm_id": "node/4304842670",
"kind": "restaurant",
"name": "Chez Jeannette"
}
},
{
"type": "Feature",
"geometry": {
"type": "Point",
"coordinates": [
8.6946629,
42.2669009
]
},
"properties": {
"osm_id": "node/4304892104",
"kind": "café",
"name": "Duo Lounge"
}
},
{
"type": "Feature",
"geometry": {
"type": "Point",
"coordinates": [
9.1716231,
41.7479035
]
},
"properties": {
"osm_id": "node/4304892106",
"kind": "bakery",
"name": "Boulangerie"
}
},
{
"type": "Feature",
"geometry": {
"type": "Point",
"coordinates": [
9.4043956,
42.0145951
]
},
"properties": {
"osm_id": "node/4304892348",
"kind": "café",
"name": ""
}
},
{
"type": "Feature",
"geometry": {
"type": "Point",
"coordinates": [
9.2287421,
41.7950267
]
},
"properties": {
"osm_id": "node/4304893844",
"kind": "snack bar",
"name": "Crepes-panini"
}
},
{
"type": "Feature",
"geometry": {
"type": "Point",
"coordinates": [
8.6947605,
42.2668805
]
},
"properties": {
"osm_id": "node/4304894050",
"kind": "restaurant",
"name": "Le Duo"
}
},
{
"type": "Feature",
"geometry": {
"type": "Point",
"coordinates": [
9.1651691,
41.388357
]
},
"properties": {
"osm_id": "node/4304894051",
"kind": "restaurant",
"name": ""
}
},
{
"type": "Feature",
"geometry": {
"type": "Point",
"coordinates": [
9.1502842,
42.3080777
]
},
"properties": {
"osm_id": "node/4304894055",
"kind": "restaurant",
"name": "Café de France",
"opening_hours": "Mo-Su 07:00-01:00"
}
},
{
"type": "Feature",
"geometry": {
"type": "Point",
"coordinates": [
9.2792311,
41.5913133
]
},
"properties": {
"osm_id": "node/4304894209",
"kind": "café",
"name": "Sin Café"
}
},
{
"type": "Feature",
"geometry": {
"type": "Point",
"coordinates": [
9.4045597,
42.0147829
]
},
"properties": {
"osm_id": "node/4304894210",
"kind": "restaurant",
"name": "U Monte Padru"
}
},
{
"type": "Feature",
"geometry": {
"type": "Point",
"coordinates": [
8.6940677,
42.2675711
]
},
"properties": {
"osm_id": "node/4304896942",
"kind": "restaurant",
"name": "La Marine"
}
},
{
"type": "Feature",
"geometry": {
"type": "Point",
"coordinates": [
9.1580862,
41.3874255
]
},
"properties": {
"osm_id": "node/4304896945",
"kind": "restaurant",
"name": "Café de la Poste"
}
},
{
"type": "Feature",
"geometry": {
"type": "Point",
"coordinates": [
9.1583575,
41.3872324
]
},
"properties": {
"osm_id": "node/4304896946",
"kind": "restaurant",
"name": "L'Enoteca"
}
},
{
"type": "Feature",
"geometry": {
"type": "Point",
"coordinates": [
9.4577293,
42.0048832
]
},
"properties": {
"osm_id": "node/4304898115",
"kind": "restaurant",
"name": "Les Deux Mâts"
}
},
{
"type": "Feature",
"geometry": {
"type": "Point",
"coordinates": [
8.6941731,
42.2670929
]
},
"properties": {
"osm_id": "node/4304898294",
"kind": "café",
"name": "Sole e Mare"
}
},
{
"type": "Feature",
"geometry": {
"type": "Point",
"coordinates": [
9.1581497,
41.3872543
]
},
"properties": {
"osm_id": "node/4304898296",
"kind": "café",
"name": "Café de la Poste"
}
},
{
"type": "Feature",
"geometry": {
"type": "Point",
"coordinates": [
9.1649888,
41.3883208
]
},
"properties": {
"osm_id": "node/4304898297",
"kind": "restaurant",
"name": ""
}
},
{
"type": "Feature",
"geometry": {
"type": "Point",
"coordinates": [
9.172237,
41.7512587
]
},
"properties": {
"osm_id": "node/4304903491",
"kind": "small shop",
"name": "Utile",
"opening_hours": "Mo-Su 08:00-20:00"
}
},
{
"type": "Feature",
"geometry": {
"type": "Point",
"coordinates": [
9.1720739,
41.7514826
]
},
"properties": {
"osm_id": "node/4304903492",
"kind": "restaurant",
"name": "l'Eternisula",
"opening_hours": "Tu-Su 11:00-14:00,18:00-23:00"
}
},
{
"type": "Feature",
"geometry": {
"type": "Point",
"coordinates": [
8.6937618,
42.2672235
]
},
"properties": {
"osm_id": "node/4304903619",
"kind": "restaurant",
"name": "Restaurant A GIOIA"
}
},
{
"type": "Feature",
"geometry": {
"type": "Point",
"coordinates": [
9.1581972,
41.3876389
]
},
"properties": {
"osm_id": "node/4304903620",
"kind": "restaurant",
"name": "Sushi'K Bar"
}
},
{
"type": "Feature",
"geometry": {
"type": "Point",
"coordinates": [
9.1647037,
41.3882458
]
},
"properties": {
"osm_id": "node/4304903621",
"kind": "restaurant",
"name": ""
}
},
{
"type": "Feature",
"geometry": {
"type": "Point",
"coordinates": [
9.2793274,
41.5913763
]
},
"properties": {
"osm_id": "node/4304903622",
"kind": "café",
"name": "Shanka"
}
},
{
"type": "Feature",
"geometry": {
"type": "Point",
"coordinates": [
9.3186869,
41.5542588
]
},
"properties": {
"osm_id": "node/4304903623",
"kind": "bar",
"name": "L'Isolebella"
}
},
{
"type": "Feature",
"geometry": {
"type": "Point",
"coordinates": [
8.694296,
42.267084
]
},
"properties": {
"osm_id": "node/4304903908",
"kind": "restaurant",
"name": "Sole e Mare"
}
},
{
"type": "Feature",
"geometry": {
"type": "Point",
"coordinates": [
8.6945322,
42.2673378
]
},
"properties": {
"osm_id": "node/4304903909",
"kind": "restaurant",
"name": "Le Panorama"
}
},
{
"type": "Feature",
"geometry": {
"type": "Point",
"coordinates": [
8.6368195,
42.2380209
]
},
"properties": {
"osm_id": "node/4304903911",
"kind": "restaurant",
"name": "U Campanile"
}
},
{
"type": "Feature",
"geometry": {
"type": "Point",
"coordinates": [
9.3965197,
41.8762219
]
},
"properties": {
"osm_id": "node/4304903912",
"kind": "restaurant",
"name": "Le Galion"
}
},
{
"type": "Feature",
"geometry": {
"type": "Point",
"coordinates": [
9.4032685,
41.9994523
]
},
"properties": {
"osm_id": "node/4304903913",
"kind": "restaurant",
"name": "A Merendella",
"opening_hours": "Mo-Th 11:30-14:00; Fr, Sa 11:30-14:00, 19:00-21:30"
}
},
{
"type": "Feature",
"geometry": {
"type": "Point",
"coordinates": [
9.3986353,
41.8659717
]
},
"properties": {
"osm_id": "node/4304904018",
"kind": "restaurant",
"name": "La Voile Rouge"
}
},
{
"type": "Feature",
"geometry": {
"type": "Point",
"coordinates": [
9.5082892,
42.4442435
]
},
"properties": {
"osm_id": "node/4305661293",
"kind": "small shop",
"name": "Alba Marché"
}
},
{
"type": "Feature",
"geometry": {
"type": "Point",
"coordinates": [
9.5099039,
42.4442029
]
},
"properties": {
"osm_id": "node/4305778292",
"kind": "bakery",
"name": ""
}
},
{
"type": "Feature",
"geometry": {
"type": "Point",
"coordinates": [
8.9721273,
41.6207173
]
},
"properties": {
"osm_id": "node/4307779009",
"kind": "café",
"name": "Bar Café au bien assis"
}
},
{
"type": "Feature",
"geometry": {
"type": "Point",
"coordinates": [
8.9048094,
41.6761083
]
},
"properties": {
"osm_id": "node/4307779016",
"kind": "small shop",
"name": "Mini-Spar"
}
},
{
"type": "Feature",
"geometry": {
"type": "Point",
"coordinates": [
8.9083046,
41.6768311
]
},
"properties": {
"osm_id": "node/4307811511",
"kind": "café",
"name": "Côte Plage"
}
},
{
"type": "Feature",
"geometry": {
"type": "Point",
"coordinates": [
8.8984971,
41.6755545
]
},
"properties": {
"osm_id": "node/4307811514",
"kind": "greengrocer",
"name": "Valinca Primeurs"
}
},
{
"type": "Feature",
"geometry": {
"type": "Point",
"coordinates": [
9.1940161,
41.6508111
]
},
"properties": {
"osm_id": "node/4309856128",
"kind": "small shop",
"name": "Maison Valli"
}
},
{
"type": "Feature",
"geometry": {
"type": "Point",
"coordinates": [
9.3288165,
41.6446939
]
},
"properties": {
"osm_id": "node/4318700730",
"kind": "restaurant",
"name": "Pizza Mora",
"opening_hours": "Mo-Su 18:00-23:00"
}
},
{
"type": "Feature",
"geometry": {
"type": "Point",
"coordinates": [
9.3675412,
42.3751202
]
},
"properties": {
"osm_id": "node/4323053792",
"kind": "bar",
"name": ""
}
},
{
"type": "Feature",
"geometry": {
"type": "Point",
"coordinates": [
9.1054278,
41.4271418
]
},
"properties": {
"osm_id": "node/4324906892",
"kind": "café",
"name": "Beach bar"
}
},
{
"type": "Feature",
"geometry": {
"type": "Point",
"coordinates": [
8.761383,
41.8094601
]
},
"properties": {
"osm_id": "node/4327631990",
"kind": "restaurant",
"name": "Cala Verghia"
}
},
{
"type": "Feature",
"geometry": {
"type": "Point",
"coordinates": [
9.4308656,
42.6283641
]
},
"properties": {
"osm_id": "node/4330975621",
"kind": "bar",
"name": "La Rotonde",
"opening_hours": "Mo-Su 05:00-24:00"
}
},
{
"type": "Feature",
"geometry": {
"type": "Point",
"coordinates": [
9.2667607,
41.5828723
]
},
"properties": {
"osm_id": "node/4332069735",
"kind": "restaurant",
"name": "Guest Burger",
"opening_hours": "Mo-Sa 11:00-22:30, Su closed"
}
},
{
"type": "Feature",
"geometry": {
"type": "Point",
"coordinates": [
9.2996751,
42.681344
]
},
"properties": {
"osm_id": "node/4338237682",
"kind": "restaurant",
"name": "Rosalie"
}
},
{
"type": "Feature",
"geometry": {
"type": "Point",
"coordinates": [
9.3000626,
42.681168
]
},
"properties": {
"osm_id": "node/4338959793",
"kind": "restaurant",
"name": "L'ombrée"
}
},
{
"type": "Feature",
"geometry": {
"type": "Point",
"coordinates": [
9.299796,
42.6810191
]
},
"properties": {
"osm_id": "node/4338987812",
"kind": "bar",
"name": "Owls"
}
},
{
"type": "Feature",
"geometry": {
"type": "Point",
"coordinates": [
9.4684175,
42.7638322
]
},
"properties": {
"osm_id": "node/4340891889",
"kind": "restaurant",
"name": "El Campinca"
}
},
{
"type": "Feature",
"geometry": {
"type": "Point",
"coordinates": [
8.9053554,
42.5891563
]
},
"properties": {
"osm_id": "node/4344486982",
"kind": "restaurant",
"name": "La Voute"
}
},
{
"type": "Feature",
"geometry": {
"type": "Point",
"coordinates": [
8.9050666,
42.5883138
]
},
"properties": {
"osm_id": "node/4344486983",
"kind": "restaurant",
"name": "I Scalini"
}
},
{
"type": "Feature",
"geometry": {
"type": "Point",
"coordinates": [
9.2791547,
41.5910334
]
},
"properties": {
"osm_id": "node/4349790720",
"kind": "bar",
"name": "Le Povo"
}
},
{
"type": "Feature",
"geometry": {
"type": "Point",
"coordinates": [
9.2757983,
41.5967523
]
},
"properties": {
"osm_id": "node/4350614093",
"kind": "café",
"name": "MY café"
}
},
{
"type": "Feature",
"geometry": {
"type": "Point",
"coordinates": [
9.2763,
41.5973046
]
},
"properties": {
"osm_id": "node/4350614100",
"kind": "café",
"name": "La Cafét"
}
},
{
"type": "Feature",
"geometry": {
"type": "Point",
"coordinates": [
9.2756955,
41.5968076
]
},
"properties": {
"osm_id": "node/4350631389",
"kind": "bakery",
"name": "Lupains"
}
},
{
"type": "Feature",
"geometry": {
"type": "Point",
"coordinates": [
8.847083,
41.697382
]
},
"properties": {
"osm_id": "node/4352944635",
"kind": "restaurant",
"name": "La Crique d'Olmeto"
}
},
{
"type": "Feature",
"geometry": {
"type": "Point",
"coordinates": [
8.8474532,
41.697386
]
},
"properties": {
"osm_id": "node/4352944636",
"kind": "restaurant",
"name": "U Farniente"
}
},
{
"type": "Feature",
"geometry": {
"type": "Point",
"coordinates": [
8.9003874,
42.4262779
]
},
"properties": {
"osm_id": "node/4355620103",
"kind": "small shop",
"name": "Refuge de Carozzu"
}
},
{
"type": "Feature",
"geometry": {
"type": "Point",
"coordinates": [
9.4754541,
42.7745507
]
},
"properties": {
"osm_id": "node/4358660869",
"kind": "supermarket",
"name": "Spar",
"opening_hours": "Mo-Sa 08:00-13:00,15:00-20:00; Su 08:00-13:00; Jun-Aug 08:00-20:00"
}
},
{
"type": "Feature",
"geometry": {
"type": "Point",
"coordinates": [
8.7428285,
41.7606575
]
},
"properties": {
"osm_id": "node/4358687535",
"kind": "small shop",
"name": "Epicerie Acqua d'Oria"
}
},
{
"type": "Feature",
"geometry": {
"type": "Point",
"coordinates": [
9.3649205,
42.9453019
]
},
"properties": {
"osm_id": "node/4358703790",
"kind": "small shop",
"name": "Épicerie U Mercatellu"
}
},
{
"type": "Feature",
"geometry": {
"type": "Point",
"coordinates": [
9.3186753,
41.5542526
]
},
"properties": {
"osm_id": "node/4359972697",
"kind": "bar",
"name": "Paillotte"
}
},
{
"type": "Feature",
"geometry": {
"type": "Point",
"coordinates": [
9.1514111,
42.3051232
]
},
"properties": {
"osm_id": "node/4359972993",
"kind": "bar",
"name": "Gelateria"
}
},
{
"type": "Feature",
"geometry": {
"type": "Point",
"coordinates": [
8.7952688,
42.5506794
]
},
"properties": {
"osm_id": "node/4374059626",
"kind": "supermarket",
"name": "Spar",
"opening_hours": "Mo-Sa 08:00-20:00; Su 08:00-12:45"
}
},
{
"type": "Feature",
"geometry": {
"type": "Point",
"coordinates": [
8.7565901,
42.5600188
]
},
"properties": {
"osm_id": "node/4377902674",
"kind": "bakery",
"name": ""
}
},
{
"type": "Feature",
"geometry": {
"type": "Point",
"coordinates": [
8.7566303,
42.5599546
]
},
"properties": {
"osm_id": "node/4377902675",
"kind": "restaurant",
"name": "Le patio"
}
},
{
"type": "Feature",
"geometry": {
"type": "Point",
"coordinates": [
8.7568369,
42.5587826
]
},
"properties": {
"osm_id": "node/4377902677",
"kind": "restaurant",
"name": "Than Mai"
}
},
{
"type": "Feature",
"geometry": {
"type": "Point",
"coordinates": [
9.0173417,
42.5856465
]
},
"properties": {
"osm_id": "node/4383036293",
"kind": "small shop",
"name": ""
}
},
{
"type": "Feature",
"geometry": {
"type": "Point",
"coordinates": [
9.2034895,
42.6581474
]
},
"properties": {
"osm_id": "node/4388745789",
"kind": "café",
"name": "U salone",
"opening_hours": "PH,Mo-Su 08:00-20:00+"
}
},
{
"type": "Feature",
"geometry": {
"type": "Point",
"coordinates": [
9.0216579,
42.6384463
]
},
"properties": {
"osm_id": "node/4388936226",
"kind": "restaurant",
"name": "Brasserie a piazzetta"
}
},
{
"type": "Feature",
"geometry": {
"type": "Point",
"coordinates": [
9.0216913,
42.638397
]
},
"properties": {
"osm_id": "node/4388936231",
"kind": "ice cream",
"name": "Di Zùccaru"
}
},
{
"type": "Feature",
"geometry": {
"type": "Point",
"coordinates": [
9.0216778,
42.6384224
]
},
"properties": {
"osm_id": "node/4392684041",
"kind": "restaurant",
"name": "Pizza Livia"
}
},
{
"type": "Feature",
"geometry": {
"type": "Point",
"coordinates": [
8.8481784,
42.5905075
]
},
"properties": {
"osm_id": "node/439742973",
"kind": "bar",
"name": ""
}
},
{
"type": "Feature",
"geometry": {
"type": "Point",
"coordinates": [
8.7410451,
41.9363624
]
},
"properties": {
"osm_id": "node/4408731527",
"kind": "bakery",
"name": "Boulangerie Gambini"
}
},
{
"type": "Feature",
"geometry": {
"type": "Point",
"coordinates": [
8.7408041,
41.9364705
]
},
"properties": {
"osm_id": "node/4408731528",
"kind": "small shop",
"name": "Epicerie"
}
},
{
"type": "Feature",
"geometry": {
"type": "Point",
"coordinates": [
8.7413176,
41.9338346
]
},
"properties": {
"osm_id": "node/4409255695",
"kind": "bakery",
"name": ""
}
},
{
"type": "Feature",
"geometry": {
"type": "Point",
"coordinates": [
9.4304,
42.7139196
]
},
"properties": {
"osm_id": "node/4410386787",
"kind": "bakery",
"name": ""
}
},
{
"type": "Feature",
"geometry": {
"type": "Point",
"coordinates": [
9.1524919,
42.1496426
]
},
"properties": {
"osm_id": "node/4438927644",
"kind": "bakery",
"name": ""
}
},
{
"type": "Feature",
"geometry": {
"type": "Point",
"coordinates": [
9.4392071,
42.5950364
]
},
"properties": {
"osm_id": "node/4451916889",
"kind": "restaurant",
"name": "Wagon de Pizza",
"opening_hours": "Mo-Sa 18:00-22:00"
}
},
{
"type": "Feature",
"geometry": {
"type": "Point",
"coordinates": [
8.7575658,
42.5664523
]
},
"properties": {
"osm_id": "node/4455533917",
"kind": "restaurant",
"name": "Santa Maria"
}
},
{
"type": "Feature",
"geometry": {
"type": "Point",
"coordinates": [
8.757824,
42.5665116
]
},
"properties": {
"osm_id": "node/4455533918",
"kind": "restaurant",
"name": "Chez Dumé"
}
},
{
"type": "Feature",
"geometry": {
"type": "Point",
"coordinates": [
8.9813908,
42.5615604
]
},
"properties": {
"osm_id": "node/445820116",
"kind": "bar",
"name": "La Voute"
}
},
{
"type": "Feature",
"geometry": {
"type": "Point",
"coordinates": [
9.4751006,
42.7741141
]
},
"properties": {
"osm_id": "node/4459641703",
"kind": "bakery",
"name": ""
}
},
{
"type": "Feature",
"geometry": {
"type": "Point",
"coordinates": [
9.4752819,
42.7743693
]
},
"properties": {
"osm_id": "node/4459641704",
"kind": "café",
"name": "Bar de l'Arrêt"
}
},
{
"type": "Feature",
"geometry": {
"type": "Point",
"coordinates": [
8.6364769,
42.238951
]
},
"properties": {
"osm_id": "node/4461396818",
"kind": "restaurant",
"name": "La Voûte"
}
},
{
"type": "Feature",
"geometry": {
"type": "Point",
"coordinates": [
9.4495807,
42.6969573
]
},
"properties": {
"osm_id": "node/4465022300",
"kind": "restaurant",
"name": "Babbu Café"
}
},
{
"type": "Feature",
"geometry": {
"type": "Point",
"coordinates": [
9.4499336,
42.7009957
]
},
"properties": {
"osm_id": "node/4469072258",
"kind": "restaurant",
"name": "OResto!"
}
},
{
"type": "Feature",
"geometry": {
"type": "Point",
"coordinates": [
8.7545411,
41.9453116
]
},
"properties": {
"osm_id": "node/4492625830",
"kind": "restaurant",
"name": "Buffalo Grill",
"opening_hours": "Mo-Fr 11:30-14:30,18:30-22:30; Sa-Su 11:30-15:00,18:30-22:30"
}
},
{
"type": "Feature",
"geometry": {
"type": "Point",
"coordinates": [
9.4597006,
42.4671294
]
},
"properties": {
"osm_id": "node/4498547632",
"kind": "café",
"name": "Cafe di centre"
}
},
{
"type": "Feature",
"geometry": {
"type": "Point",
"coordinates": [
9.452017,
42.7045438
]
},
"properties": {
"osm_id": "node/4505168195",
"kind": "bakery",
"name": "La huche à pain"
}
},
{
"type": "Feature",
"geometry": {
"type": "Point",
"coordinates": [
9.451649,
42.7044713
]
},
"properties": {
"osm_id": "node/4505172793",
"kind": "snack bar",
"name": "Eat & Co"
}
},
{
"type": "Feature",
"geometry": {
"type": "Point",
"coordinates": [
9.4520799,
42.7047275
]
},
"properties": {
"osm_id": "node/4505172794",
"kind": "small shop",
"name": "Utile",
"opening_hours": "Mo-Sa 06:30-12:30,15:00-19:45; Su 07:00-12:30,16:00-19:45"
}
},
{
"type": "Feature",
"geometry": {
"type": "Point",
"coordinates": [
9.4521082,
42.7047975
]
},
"properties": {
"osm_id": "node/4505172795",
"kind": "restaurant",
"name": "A Funtana",
"opening_hours": "Mo-We 11:00-14:00; Th-Sa 11:00-14:00,18:00-21:30"
}
},
{
"type": "Feature",
"geometry": {
"type": "Point",
"coordinates": [
9.4519895,
42.7044377
]
},
"properties": {
"osm_id": "node/4505172796",
"kind": "restaurant",
"name": "Pizzeria glacier Gino"
}
},
{
"type": "Feature",
"geometry": {
"type": "Point",
"coordinates": [
9.4512813,
42.7042577
]
},
"properties": {
"osm_id": "node/4505173101",
"kind": "small shop",
"name": "Proxi",
"opening_hours": "Mo-Sa 07:00-19:00; Su 07:00-12:00"
}
},
{
"type": "Feature",
"geometry": {
"type": "Point",
"coordinates": [
8.7314992,
41.9178593
]
},
"properties": {
"osm_id": "node/4542752990",
"kind": "restaurant",
"name": "La Trattoria Pizzeria",
"opening_hours": "Tu-Fr 12:00-14:00,18:00-22:00; Sa 18:00-22:00"
}
},
{
"type": "Feature",
"geometry": {
"type": "Point",
"coordinates": [
8.7295045,
41.9135897
]
},
"properties": {
"osm_id": "node/4542757696",
"kind": "café",
"name": "place miot"
}
},
{
"type": "Feature",
"geometry": {
"type": "Point",
"coordinates": [
8.7257045,
41.9169528
]
},
"properties": {
"osm_id": "node/4544944810",
"kind": "restaurant",
"name": "Le Petit Pavillon"
}
},
{
"type": "Feature",
"geometry": {
"type": "Point",
"coordinates": [
9.1468213,
41.7205588
]
},
"properties": {
"osm_id": "node/4548017336",
"kind": "restaurant",
"name": "A Piazzetta"
}
},
{
"type": "Feature",
"geometry": {
"type": "Point",
"coordinates": [
8.8163683,
42.2504648
]
},
"properties": {
"osm_id": "node/461983540",
"kind": "restaurant",
"name": ""
}
},
{
"type": "Feature",
"geometry": {
"type": "Point",
"coordinates": [
8.6129537,
42.3482284
]
},
"properties": {
"osm_id": "node/4637973393",
"kind": "restaurant",
"name": "Le Bon Espoir"
}
},
{
"type": "Feature",
"geometry": {
"type": "Point",
"coordinates": [
8.8621979,
42.6081773
]
},
"properties": {
"osm_id": "node/4704462952",
"kind": "bakery",
"name": "Four à Pain",
"opening_hours": "07:00-20:00"
}
},
{
"type": "Feature",
"geometry": {
"type": "Point",
"coordinates": [
9.4506253,
42.6977363
]
},
"properties": {
"osm_id": "node/4714233554",
"kind": "restaurant",
"name": "Le Bistrot du Marché"
}
},
{
"type": "Feature",
"geometry": {
"type": "Point",
"coordinates": [
9.4514228,
42.6972348
]
},
"properties": {
"osm_id": "node/4714233555",
"kind": "restaurant",
"name": "Utopia"
}
},
{
"type": "Feature",
"geometry": {
"type": "Point",
"coordinates": [
9.4513919,
42.6971383
]
},
"properties": {
"osm_id": "node/4714233556",
"kind": "restaurant",
"name": "L'Ardoise"
}
},
{
"type": "Feature",
"geometry": {
"type": "Point",
"coordinates": [
9.4505826,
42.7005709
]
},
"properties": {
"osm_id": "node/4714239754",
"kind": "café",
"name": "Café de la Place"
}
},
{
"type": "Feature",
"geometry": {
"type": "Point",
"coordinates": [
9.4508923,
42.7023819
]
},
"properties": {
"osm_id": "node/4714239757",
"kind": "restaurant",
"name": "Sushi My Karma",
"opening_hours": "Mo-Su 09:00-22:30"
}
},
{
"type": "Feature",
"geometry": {
"type": "Point",
"coordinates": [
9.450958,
42.7017521
]
},
"properties": {
"osm_id": "node/4714239760",
"kind": "café",
"name": "Café Napoléon"
}
},
{
"type": "Feature",
"geometry": {
"type": "Point",
"coordinates": [
9.4505462,
42.700424
]
},
"properties": {
"osm_id": "node/4714239761",
"kind": "restaurant",
"name": "La piazza",
"opening_hours": "11:30-22:30"
}
},
{
"type": "Feature",
"geometry": {
"type": "Point",
"coordinates": [
9.450698,
42.7008958
]
},
"properties": {
"osm_id": "node/4714239762",
"kind": "café",
"name": "Café Au Palais Des Glaces"
}
},
{
"type": "Feature",
"geometry": {
"type": "Point",
"coordinates": [
9.4503967,
42.7000421
]
},
"properties": {
"osm_id": "node/4714239763",
"kind": "café",
"name": "Café des Palmiers"
}
},
{
"type": "Feature",
"geometry": {
"type": "Point",
"coordinates": [
9.5061819,
42.448204
]
},
"properties": {
"osm_id": "node/4742118322",
"kind": "restaurant",
"name": "L'entracte"
}
},
{
"type": "Feature",
"geometry": {
"type": "Point",
"coordinates": [
9.5059915,
42.4489274
]
},
"properties": {
"osm_id": "node/4742118324",
"kind": "restaurant",
"name": "My Karma"
}
},
{
"type": "Feature",
"geometry": {
"type": "Point",
"coordinates": [
9.1657217,
42.1697483
]
},
"properties": {
"osm_id": "node/4742174673",
"kind": "café",
"name": "Le chalet",
"opening_hours": "Mo-Su 05:30-19:00"
}
},
{
"type": "Feature",
"geometry": {
"type": "Point",
"coordinates": [
9.4465892,
42.6800394
]
},
"properties": {
"osm_id": "node/4764367680",
"kind": "bakery",
"name": "Carlotti"
}
},
{
"type": "Feature",
"geometry": {
"type": "Point",
"coordinates": [
8.8095911,
41.8978079
]
},
"properties": {
"osm_id": "node/477080049",
"kind": "fuel station",
"name": "Relais de la Tour",
"opening_hours": "Mo-Su,PH 00:00-24:00"
}
},
{
"type": "Feature",
"geometry": {
"type": "Point",
"coordinates": [
8.8236246,
41.9073936
]
},
"properties": {
"osm_id": "node/477080051",
"kind": "fuel station",
"name": "Vito"
}
},
{
"type": "Feature",
"geometry": {
"type": "Point",
"coordinates": [
9.513175,
42.1155995
]
},
"properties": {
"osm_id": "node/477081594",
"kind": "bakery",
"name": ""
}
},
{
"type": "Feature",
"geometry": {
"type": "Point",
"coordinates": [
9.513447,
42.1132048
]
},
"properties": {
"osm_id": "node/477082183",
"kind": "restaurant",
"name": "L'Opus"
}
},
{
"type": "Feature",
"geometry": {
"type": "Point",
"coordinates": [
9.5137119,
42.1149005
]
},
"properties": {
"osm_id": "node/477082186",
"kind": "bakery",
"name": "Dominici"
}
},
{
"type": "Feature",
"geometry": {
"type": "Point",
"coordinates": [
9.5135666,
42.1151815
]
},
"properties": {
"osm_id": "node/477082187",
"kind": "fuel station",
"name": "Eni",
"opening_hours": "24/7"
}
},
{
"type": "Feature",
"geometry": {
"type": "Point",
"coordinates": [
9.5133169,
42.1144366
]
},
"properties": {
"osm_id": "node/477082496",
"kind": "small shop",
"name": "Safa Marché",
"opening_hours": "Tu-Su 09:00-13:00, 15:00-20:00"
}
},
{
"type": "Feature",
"geometry": {
"type": "Point",
"coordinates": [
9.5459211,
42.2548928
]
},
"properties": {
"osm_id": "node/477084104",
"kind": "fuel station",
"name": "Vito",
"opening_hours": "24/7"
}
},
{
"type": "Feature",
"geometry": {
"type": "Point",
"coordinates": [
9.5388966,
42.3256693
]
},
"properties": {
"osm_id": "node/477084111",
"kind": "fuel station",
"name": "Vito",
"opening_hours": "24/7"
}
},
{
"type": "Feature",
"geometry": {
"type": "Point",
"coordinates": [
9.5294904,
42.3709499
]
},
"properties": {
"osm_id": "node/477084112",
"kind": "fuel station",
"name": "Total",
"opening_hours": "24/7"
}
},
{
"type": "Feature",
"geometry": {
"type": "Point",
"coordinates": [
9.1720855,
41.7510775
]
},
"properties": {
"osm_id": "node/4794751921",
"kind": "café",
"name": "Café Le Maquis"
}
},
{
"type": "Feature",
"geometry": {
"type": "Point",
"coordinates": [
8.9722077,
41.6207389
]
},
"properties": {
"osm_id": "node/4794752021",
"kind": "café",
"name": "Café de la Victoire"
}
},
{
"type": "Feature",
"geometry": {
"type": "Point",
"coordinates": [
8.9009876,
41.6982235
]
},
"properties": {
"osm_id": "node/4796968890",
"kind": "snack bar",
"name": ""
}
},
{
"type": "Feature",
"geometry": {
"type": "Point",
"coordinates": [
8.901062,
41.698286
]
},
"properties": {
"osm_id": "node/4796968908",
"kind": "bakery",
"name": ""
}
},
{
"type": "Feature",
"geometry": {
"type": "Point",
"coordinates": [
9.3004048,
42.6810118
]
},
"properties": {
"osm_id": "node/4798833722",
"kind": "restaurant",
"name": "L'arrière cour",
"opening_hours": "Mo-Su 12:00-15:00, 19:00-21:30"
}
},
{
"type": "Feature",
"geometry": {
"type": "Point",
"coordinates": [
9.0421514,
42.590785
]
},
"properties": {
"osm_id": "node/4804693973",
"kind": "restaurant",
"name": "U Turchinu"
}
},
{
"type": "Feature",
"geometry": {
"type": "Point",
"coordinates": [
9.0515166,
41.6644112
]
},
"properties": {
"osm_id": "node/4838862322",
"kind": "restaurant",
"name": "Bains de Caldane",
"opening_hours": "Mo-Su 09:00-20:00"
}
},
{
"type": "Feature",
"geometry": {
"type": "Point",
"coordinates": [
8.8783401,
42.5741575
]
},
"properties": {
"osm_id": "node/485741335",
"kind": "restaurant",
"name": "Chez Edgar"
}
},
{
"type": "Feature",
"geometry": {
"type": "Point",
"coordinates": [
9.3650761,
42.9458466
]
},
"properties": {
"osm_id": "node/486018260",
"kind": "fuel station",
"name": "Esso"
}
},
{
"type": "Feature",
"geometry": {
"type": "Point",
"coordinates": [
8.8523867,
42.5082063
]
},
"properties": {
"osm_id": "node/486144984",
"kind": "supermarket",
"name": "Spar",
"opening_hours": "Mo-Sa 08:30-12:30,15:00-19:30; Su 08:30-12:30"
}
},
{
"type": "Feature",
"geometry": {
"type": "Point",
"coordinates": [
8.6614188,
42.3024133
]
},
"properties": {
"osm_id": "node/486703704",
"kind": "restaurant",
"name": "U Caspiu"
}
},
{
"type": "Feature",
"geometry": {
"type": "Point",
"coordinates": [
8.661566,
42.3018081
]
},
"properties": {
"osm_id": "node/486705589",
"kind": "bar",
"name": "Punta Rossa"
}
},
{
"type": "Feature",
"geometry": {
"type": "Point",
"coordinates": [
8.9728812,
41.6188123
]
},
"properties": {
"osm_id": "node/4869709821",
"kind": "snack bar",
"name": "Snack Route 66",
"opening_hours": "Mo-Sa 11:00-15:00,18:00-21:00"
}
},
{
"type": "Feature",
"geometry": {
"type": "Point",
"coordinates": [
8.757165,
42.5671474
]
},
"properties": {
"osm_id": "node/4871793626",
"kind": "restaurant",
"name": "A Piazzetta"
}
},
{
"type": "Feature",
"geometry": {
"type": "Point",
"coordinates": [
8.6928999,
42.2847984
]
},
"properties": {
"osm_id": "node/4873869297",
"kind": "restaurant",
"name": "Stella Marina"
}
},
{
"type": "Feature",
"geometry": {
"type": "Point",
"coordinates": [
9.5405529,
42.3197329
]
},
"properties": {
"osm_id": "node/4876627226",
"kind": "bakery",
"name": "Boulangerie Patisserie"
}
},
{
"type": "Feature",
"geometry": {
"type": "Point",
"coordinates": [
9.545211,
42.3224965
]
},
"properties": {
"osm_id": "node/4876638938",
"kind": "restaurant",
"name": "Le Marco Polo"
}
},
{
"type": "Feature",
"geometry": {
"type": "Point",
"coordinates": [
9.5452165,
42.3213657
]
},
"properties": {
"osm_id": "node/4876646774",
"kind": "restaurant",
"name": "Le San Carlu"
}
},
{
"type": "Feature",
"geometry": {
"type": "Point",
"coordinates": [
9.5479979,
42.3187773
]
},
"properties": {
"osm_id": "node/4876657018",
"kind": "café",
"name": ""
}
},
{
"type": "Feature",
"geometry": {
"type": "Point",
"coordinates": [
9.4741548,
42.3295755
]
},
"properties": {
"osm_id": "node/4879040112",
"kind": "restaurant",
"name": "La Maison Rose"
}
},
{
"type": "Feature",
"geometry": {
"type": "Point",
"coordinates": [
9.3215225,
41.835026
]
},
"properties": {
"osm_id": "node/4879045872",
"kind": "restaurant",
"name": "U Ponte Grossu"
}
},
{
"type": "Feature",
"geometry": {
"type": "Point",
"coordinates": [
9.4491449,
42.7002913
]
},
"properties": {
"osm_id": "node/4886551824",
"kind": "café",
"name": "Basta-Basta"
}
},
{
"type": "Feature",
"geometry": {
"type": "Point",
"coordinates": [
8.8840345,
42.5426973
]
},
"properties": {
"osm_id": "node/4903638545",
"kind": "delicatessen",
"name": "U Fragnu",
"opening_hours": "Mo-Su 09:00-12:00,14:00-19:00"
}
},
{
"type": "Feature",
"geometry": {
"type": "Point",
"coordinates": [
8.7381474,
41.9343449
]
},
"properties": {
"osm_id": "node/4905354822",
"kind": "café",
"name": "Bar Le Floride"
}
},
{
"type": "Feature",
"geometry": {
"type": "Point",
"coordinates": [
8.7260295,
41.9130488
]
},
"properties": {
"osm_id": "node/4907393021",
"kind": "café",
"name": "Le Grain de Café"
}
},
{
"type": "Feature",
"geometry": {
"type": "Point",
"coordinates": [
9.3996292,
41.9991921
]
},
"properties": {
"osm_id": "node/4907687601",
"kind": "small shop",
"name": "Sous Les Glycines",
"opening_hours": "Mo-Su 09:00-19:00"
}
},
{
"type": "Feature",
"geometry": {
"type": "Point",
"coordinates": [
8.8056413,
41.8931804
]
},
"properties": {
"osm_id": "node/4908046505",
"kind": "bakery",
"name": "Ettori"
}
},
{
"type": "Feature",
"geometry": {
"type": "Point",
"coordinates": [
8.8056977,
41.8932362
]
},
"properties": {
"osm_id": "node/4908046506",
"kind": "café",
"name": ""
}
},
{
"type": "Feature",
"geometry": {
"type": "Point",
"coordinates": [
8.805121,
41.8925274
]
},
"properties": {
"osm_id": "node/4908047981",
"kind": "small shop",
"name": "Porticcio Primeurs"
}
},
{
"type": "Feature",
"geometry": {
"type": "Point",
"coordinates": [
8.7272719,
41.9171798
]
},
"properties": {
"osm_id": "node/4909173588",
"kind": "bakery",
"name": "Pâtisserie Au Bon Pain du Casone"
}
},
{
"type": "Feature",
"geometry": {
"type": "Point",
"coordinates": [
8.7353866,
41.9178501
]
},
"properties": {
"osm_id": "node/4910931017",
"kind": "snack bar",
"name": "Big Fernand",
"opening_hours": "Mo-Su 12:00-14:00,19:00-22:00"
}
},
{
"type": "Feature",
"geometry": {
"type": "Point",
"coordinates": [
9.401225,
42.0019057
]
},
"properties": {
"osm_id": "node/4912097789",
"kind": "supermarket",
"name": "Auchan Supermarché",
"opening_hours": "Mo-Sa 08:00-20:00; Su 08:00-12:30"
}
},
{
"type": "Feature",
"geometry": {
"type": "Point",
"coordinates": [
9.401579,
42.0015877
]
},
"properties": {
"osm_id": "node/4912097790",
"kind": "café",
"name": "Brasserie L'alivettu"
}
},
{
"type": "Feature",
"geometry": {
"type": "Point",
"coordinates": [
8.8193967,
42.1688397
]
},
"properties": {
"osm_id": "node/4916592167",
"kind": "restaurant",
"name": "U Ponte"
}
},
{
"type": "Feature",
"geometry": {
"type": "Point",
"coordinates": [
8.9121435,
42.1893383
]
},
"properties": {
"osm_id": "node/4927375720",
"kind": "farm shop",
"name": "Charcuterie A Soccia"
}
},
{
"type": "Feature",
"geometry": {
"type": "Point",
"coordinates": [
8.9088818,
42.1896484
]
},
"properties": {
"osm_id": "node/4927376021",
"kind": "bar",
"name": "Bar chez Louis"
}
},
{
"type": "Feature",
"geometry": {
"type": "Point",
"coordinates": [
8.8869983,
42.1732889
]
},
"properties": {
"osm_id": "node/4927396368",
"kind": "restaurant",
"name": "Des Deux Sorru"
}
},
{
"type": "Feature",
"geometry": {
"type": "Point",
"coordinates": [
8.8914503,
42.17504
]
},
"properties": {
"osm_id": "node/4927396370",
"kind": "small shop",
"name": "Minimarket"
}
},
{
"type": "Feature",
"geometry": {
"type": "Point",
"coordinates": [
9.5309654,
42.1976368
]
},
"properties": {
"osm_id": "node/4928331241",
"kind": "farm shop",
"name": "Coopérative Alimea"
}
},
{
"type": "Feature",
"geometry": {
"type": "Point",
"coordinates": [
8.6125252,
42.3484812
]
},
"properties": {
"osm_id": "node/4931184425",
"kind": "restaurant",
"name": "Le Bel Ombra",
"opening_hours": "Mo-Su 11:30-21:30"
}
},
{
"type": "Feature",
"geometry": {
"type": "Point",
"coordinates": [
8.6066926,
42.1509649
]
},
"properties": {
"osm_id": "node/4943924010",
"kind": "supermarket",
"name": "Carrefour Market",
"opening_hours": "Mo-Su 08:00-20:00"
}
},
{
"type": "Feature",
"geometry": {
"type": "Point",
"coordinates": [
8.5958893,
42.1308609
]
},
"properties": {
"osm_id": "node/4943924020",
"kind": "restaurant",
"name": "Le Cabanon de Charlotte"
}
},
{
"type": "Feature",
"geometry": {
"type": "Point",
"coordinates": [
8.5960037,
42.1336582
]
},
"properties": {
"osm_id": "node/4943926821",
"kind": "café",
"name": "Le Yuka"
}
},
{
"type": "Feature",
"geometry": {
"type": "Point",
"coordinates": [
8.8061196,
42.2363416
]
},
"properties": {
"osm_id": "node/4943975925",
"kind": "restaurant",
"name": "Usteria di a Rota"
}
},
{
"type": "Feature",
"geometry": {
"type": "Point",
"coordinates": [
8.8868187,
41.6908761
]
},
"properties": {
"osm_id": "node/4949537510",
"kind": "restaurant",
"name": "Chez Angèle"
}
},
{
"type": "Feature",
"geometry": {
"type": "Point",
"coordinates": [
8.5857112,
42.2107807
]
},
"properties": {
"osm_id": "node/4951531928",
"kind": "small shop",
"name": ""
}
},
{
"type": "Feature",
"geometry": {
"type": "Point",
"coordinates": [
8.5777304,
42.2088187
]
},
"properties": {
"osm_id": "node/4955157194",
"kind": "restaurant",
"name": "L'Onda"
}
},
{
"type": "Feature",
"geometry": {
"type": "Point",
"coordinates": [
8.5806447,
42.2076862
]
},
"properties": {
"osm_id": "node/4955157195",
"kind": "bar",
"name": "Le Café de la Plage"
}
},
{
"type": "Feature",
"geometry": {
"type": "Point",
"coordinates": [
8.9134847,
42.1906859
]
},
"properties": {
"osm_id": "node/4955211539",
"kind": "restaurant",
"name": "Pane e Vinu"
}
},
{
"type": "Feature",
"geometry": {
"type": "Point",
"coordinates": [
9.4504714,
42.6965698
]
},
"properties": {
"osm_id": "node/4973245321",
"kind": "restaurant",
"name": "Coté Marine"
}
},
{
"type": "Feature",
"geometry": {
"type": "Point",
"coordinates": [
9.1610598,
41.3885249
]
},
"properties": {
"osm_id": "node/4977087623",
"kind": "restaurant",
"name": "Adel Ferro"
}
},
{
"type": "Feature",
"geometry": {
"type": "Point",
"coordinates": [
9.160521,
41.388646
]
},
"properties": {
"osm_id": "node/4977087639",
"kind": "restaurant",
"name": "Kissing Pigs",
"opening_hours": "Mo-Su 11:30-15:30, 18:30-23:00"
}
},
{
"type": "Feature",
"geometry": {
"type": "Point",
"coordinates": [
8.9626552,
41.5340964
]
},
"properties": {
"osm_id": "node/498564201",
"kind": "small shop",
"name": "Pero Longo"
}
},
{
"type": "Feature",
"geometry": {
"type": "Point",
"coordinates": [
9.1504894,
42.3074779
]
},
"properties": {
"osm_id": "node/4986330625",
"kind": "restaurant",
"name": "24"
}
},
{
"type": "Feature",
"geometry": {
"type": "Point",
"coordinates": [
8.9507808,
42.168565
]
},
"properties": {
"osm_id": "node/4988087880",
"kind": "restaurant",
"name": "L'Affacata"
}
},
{
"type": "Feature",
"geometry": {
"type": "Point",
"coordinates": [
9.2732844,
41.5706112
]
},
"properties": {
"osm_id": "node/499979072",
"kind": "fuel station",
"name": "Total",
"opening_hours": "24/7"
}
},
{
"type": "Feature",
"geometry": {
"type": "Point",
"coordinates": [
9.1502752,
42.07727
]
},
"properties": {
"osm_id": "node/5003636922",
"kind": "restaurant",
"name": "Gite U Fugone"
}
},
{
"type": "Feature",
"geometry": {
"type": "Point",
"coordinates": [
8.7782618,
41.9813692
]
},
"properties": {
"osm_id": "node/5003648525",
"kind": "supermarket",
"name": "Spar",
"opening_hours": "Mo-Su 08:00-20:00"
}
},
{
"type": "Feature",
"geometry": {
"type": "Point",
"coordinates": [
8.733555,
42.0657185
]
},
"properties": {
"osm_id": "node/5003648526",
"kind": "bar",
"name": "Chez Andre"
}
},
{
"type": "Feature",
"geometry": {
"type": "Point",
"coordinates": [
9.3788742,
41.6861861
]
},
"properties": {
"osm_id": "node/5003817523",
"kind": "restaurant",
"name": "La Source",
"opening_hours": "Tu 12:00-21:30, Th 19:00-21:30, Fr-Mo 12:00-15:00, Fr-Mo 19:00-21:30; We off"
}
},
{
"type": "Feature",
"geometry": {
"type": "Point",
"coordinates": [
9.1225695,
41.7019851
]
},
"properties": {
"osm_id": "node/5007295921",
"kind": "restaurant",
"name": "Pizzeria du Progrès",
"opening_hours": "Tu-Su 12:00-14:30,19:00-22:00"
}
},
{
"type": "Feature",
"geometry": {
"type": "Point",
"coordinates": [
8.6877229,
42.1122951
]
},
"properties": {
"osm_id": "node/5007363924",
"kind": "restaurant",
"name": "Petra Marina"
}
},
{
"type": "Feature",
"geometry": {
"type": "Point",
"coordinates": [
8.6879344,
42.1130471
]
},
"properties": {
"osm_id": "node/5007391721",
"kind": "restaurant",
"name": "L'Ancura"
}
},
{
"type": "Feature",
"geometry": {
"type": "Point",
"coordinates": [
9.0353684,
42.4550138
]
},
"properties": {
"osm_id": "node/502272982",
"kind": "café",
"name": ""
}
},
{
"type": "Feature",
"geometry": {
"type": "Point",
"coordinates": [
9.3756306,
41.6825177
]
},
"properties": {
"osm_id": "node/5027679106",
"kind": "restaurant",
"name": "Pizzeria du Rouf"
}
},
{
"type": "Feature",
"geometry": {
"type": "Point",
"coordinates": [
9.3760772,
41.6827448
]
},
"properties": {
"osm_id": "node/5027679109",
"kind": "café",
"name": "Le Vig Vog (additional seats)"
}
},
{
"type": "Feature",
"geometry": {
"type": "Point",
"coordinates": [
8.7546514,
42.0469177
]
},
"properties": {
"osm_id": "node/5037210824",
"kind": "restaurant",
"name": "La Liscia"
}
},
{
"type": "Feature",
"geometry": {
"type": "Point",
"coordinates": [
8.744498,
42.0427883
]
},
"properties": {
"osm_id": "node/5037213925",
"kind": "restaurant",
"name": "Le Malibu"
}
},
{
"type": "Feature",
"geometry": {
"type": "Point",
"coordinates": [
8.7488479,
42.0509865
]
},
"properties": {
"osm_id": "node/5037224621",
"kind": "restaurant",
"name": "U Moro"
}
},
{
"type": "Feature",
"geometry": {
"type": "Point",
"coordinates": [
8.7270367,
41.9171474
]
},
"properties": {
"osm_id": "node/5043726121",
"kind": "restaurant",
"name": "L’écrin"
}
},
{
"type": "Feature",
"geometry": {
"type": "Point",
"coordinates": [
8.8092116,
42.2515832
]
},
"properties": {
"osm_id": "node/5047483417",
"kind": "restaurant",
"name": "L'Äitone"
}
},
{
"type": "Feature",
"geometry": {
"type": "Point",
"coordinates": [
8.6481451,
42.4128738
]
},
"properties": {
"osm_id": "node/5056625257",
"kind": "café",
"name": "Le Concept",
"opening_hours": "Mo-Su 10:00-18:00"
}
},
{
"type": "Feature",
"geometry": {
"type": "Point",
"coordinates": [
8.7390922,
41.9301095
]
},
"properties": {
"osm_id": "node/5059771921",
"kind": "bar",
"name": "Le California"
}
},
{
"type": "Feature",
"geometry": {
"type": "Point",
"coordinates": [
8.9089436,
41.6720731
]
},
"properties": {
"osm_id": "node/5062009268",
"kind": "fuel station",
"name": "Vito",
"opening_hours": "24/7"
}
},
{
"type": "Feature",
"geometry": {
"type": "Point",
"coordinates": [
8.9005648,
41.6754364
]
},
"properties": {
"osm_id": "node/506339811",
"kind": "restaurant",
"name": "Terra Cotta"
}
},
{
"type": "Feature",
"geometry": {
"type": "Point",
"coordinates": [
9.4020288,
41.85842
]
},
"properties": {
"osm_id": "node/506370650",
"kind": "ice cream",
"name": "Glacier du Port"
}
},
{
"type": "Feature",
"geometry": {
"type": "Point",
"coordinates": [
9.4505486,
42.7031366
]
},
"properties": {
"osm_id": "node/5066692240",
"kind": "supermarket",
"name": "Spar"
}
},
{
"type": "Feature",
"geometry": {
"type": "Point",
"coordinates": [
8.7392755,
41.9176902
]
},
"properties": {
"osm_id": "node/5075075823",
"kind": "restaurant",
"name": "Le Cheval Blanc"
}
},
{
"type": "Feature",
"geometry": {
"type": "Point",
"coordinates": [
8.7382751,
41.9251324
]
},
"properties": {
"osm_id": "node/5075093922",
"kind": "bar",
"name": "La Balagne"
}
},
{
"type": "Feature",
"geometry": {
"type": "Point",
"coordinates": [
8.7384403,
41.9251169
]
},
"properties": {
"osm_id": "node/5075093923",
"kind": "restaurant",
"name": "Abbatucci"
}
},
{
"type": "Feature",
"geometry": {
"type": "Point",
"coordinates": [
8.7394366,
41.9177438
]
},
"properties": {
"osm_id": "node/5075093924",
"kind": "bar",
"name": "Bar Pierrot"
}
},
{
"type": "Feature",
"geometry": {
"type": "Point",
"coordinates": [
8.7394108,
41.917575
]
},
"properties": {
"osm_id": "node/5075099821",
"kind": "restaurant",
"name": "Le Petit Cheval Blanc"
}
},
{
"type": "Feature",
"geometry": {
"type": "Point",
"coordinates": [
8.7377023,
41.9195978
]
},
"properties": {
"osm_id": "node/5088141686",
"kind": "bakery",
"name": "Boulangerie Galeani",
"opening_hours": "Mo-Su 06:30-19:30"
}
},
{
"type": "Feature",
"geometry": {
"type": "Point",
"coordinates": [
9.457644,
42.7258812
]
},
"properties": {
"osm_id": "node/5097750622",
"kind": "bakery",
"name": "Marc Ventura",
"opening_hours": "Tu-Su 06:30-20:00"
}
},
{
"type": "Feature",
"geometry": {
"type": "Point",
"coordinates": [
8.7132404,
42.3969265
]
},
"properties": {
"osm_id": "node/5103982204",
"kind": "restaurant",
"name": "Restaurant Grill Ponte Vecchiu",
"opening_hours": "Mo-Su,PH 12:00-14:00,18:30-22:00"
}
},
{
"type": "Feature",
"geometry": {
"type": "Point",
"coordinates": [
9.3102096,
41.553363
]
},
"properties": {
"osm_id": "node/510450100",
"kind": "restaurant",
"name": "Costa Marina"
}
},
{
"type": "Feature",
"geometry": {
"type": "Point",
"coordinates": [
9.1512679,
42.3049783
]
},
"properties": {
"osm_id": "node/5119895715",
"kind": "bakery",
"name": "U Furnellu di Anghjulu",
"opening_hours": "Mo-Sa 06:00-19:00; Su 06:00-13:00"
}
},
{
"type": "Feature",
"geometry": {
"type": "Point",
"coordinates": [
9.2785075,
41.5927587
]
},
"properties": {
"osm_id": "node/512024387",
"kind": "bar",
"name": "Best Western Alcyon"
}
},
{
"type": "Feature",
"geometry": {
"type": "Point",
"coordinates": [
9.2762657,
41.5977162
]
},
"properties": {
"osm_id": "node/512024418",
"kind": "bakery",
"name": ""
}
},
{
"type": "Feature",
"geometry": {
"type": "Point",
"coordinates": [
9.2814392,
41.590094
]
},
"properties": {
"osm_id": "node/512088000",
"kind": "restaurant",
"name": "Chez Boubou"
}
},
{
"type": "Feature",
"geometry": {
"type": "Point",
"coordinates": [
9.2788726,
41.5832415
]
},
"properties": {
"osm_id": "node/512095872",
"kind": "bakery",
"name": "Boulangerie Pietri"
}
},
{
"type": "Feature",
"geometry": {
"type": "Point",
"coordinates": [
8.6929196,
42.2678086
]
},
"properties": {
"osm_id": "node/512710557",
"kind": "café",
"name": "Le Palmier"
}
},
{
"type": "Feature",
"geometry": {
"type": "Point",
"coordinates": [
8.6352643,
42.2371098
]
},
"properties": {
"osm_id": "node/512710649",
"kind": "fuel station",
"name": "Esso"
}
},
{
"type": "Feature",
"geometry": {
"type": "Point",
"coordinates": [
8.7994882,
42.166794
]
},
"properties": {
"osm_id": "node/5131651482",
"kind": "restaurant",
"name": "A Piazza"
}
},
{
"type": "Feature",
"geometry": {
"type": "Point",
"coordinates": [
8.9043715,
42.1210527
]
},
"properties": {
"osm_id": "node/5132925769",
"kind": "restaurant",
"name": ""
}
},
{
"type": "Feature",
"geometry": {
"type": "Point",
"coordinates": [
8.8462924,
41.697231
]
},
"properties": {
"osm_id": "node/5133789229",
"kind": "restaurant",
"name": "Una Stonda"
}
},
{
"type": "Feature",
"geometry": {
"type": "Point",
"coordinates": [
8.6719323,
41.992386
]
},
"properties": {
"osm_id": "node/5138522121",
"kind": "café",
"name": "Créperie de Lava"
}
},
{
"type": "Feature",
"geometry": {
"type": "Point",
"coordinates": [
8.9729096,
41.6199292
]
},
"properties": {
"osm_id": "node/513931358",
"kind": "bar",
"name": "La Cave"
}
},
{
"type": "Feature",
"geometry": {
"type": "Point",
"coordinates": [
9.3949879,
41.8597025
]
},
"properties": {
"osm_id": "node/5163048243",
"kind": "bakery",
"name": "Le Point Chaud",
"opening_hours": "Mo-Su,PH 06:30-13:00"
}
},
{
"type": "Feature",
"geometry": {
"type": "Point",
"coordinates": [
8.7094409,
42.3011442
]
},
"properties": {
"osm_id": "node/5173367881",
"kind": "restaurant",
"name": "Snack-bar le Pinito"
}
},
{
"type": "Feature",
"geometry": {
"type": "Point",
"coordinates": [
8.8005287,
42.2329917
]
},
"properties": {
"osm_id": "node/5173369524",
"kind": "restaurant",
"name": "Café des amis"
}
},
{
"type": "Feature",
"geometry": {
"type": "Point",
"coordinates": [
9.2840457,
41.5885772
]
},
"properties": {
"osm_id": "node/5175331257",
"kind": "restaurant",
"name": "Tropicana"
}
},
{
"type": "Feature",
"geometry": {
"type": "Point",
"coordinates": [
8.7575812,
42.5669632
]
},
"properties": {
"osm_id": "node/5197740322",
"kind": "restaurant",
"name": "U Minellu"
}
},
{
"type": "Feature",
"geometry": {
"type": "Point",
"coordinates": [
8.978068,
41.787224
]
},
"properties": {
"osm_id": "node/5201683445",
"kind": "restaurant",
"name": "Chez Marie"
}
},
{
"type": "Feature",
"geometry": {
"type": "Point",
"coordinates": [
8.9761229,
41.7879438
]
},
"properties": {
"osm_id": "node/5201688855",
"kind": "restaurant",
"name": "Le Cyrnos"
}
},
{
"type": "Feature",
"geometry": {
"type": "Point",
"coordinates": [
8.9766162,
41.788343
]
},
"properties": {
"osm_id": "node/5201689589",
"kind": "bar",
"name": "Bar de la Poste"
}
},
{
"type": "Feature",
"geometry": {
"type": "Point",
"coordinates": [
8.9738654,
41.7874881
]
},
"properties": {
"osm_id": "node/5201704077",
"kind": "small shop",
"name": "Proxi"
}
},
{
"type": "Feature",
"geometry": {
"type": "Point",
"coordinates": [
8.9736142,
41.787686
]
},
"properties": {
"osm_id": "node/5201726516",
"kind": "bakery",
"name": "Boulangerie Leonetti",
"opening_hours": "Tu-Sa 07:00-12:00,16:00-18:30; Su,PH 07:00-12:00"
}
},
{
"type": "Feature",
"geometry": {
"type": "Point",
"coordinates": [
8.7998712,
42.1666943
]
},
"properties": {
"osm_id": "node/5239772921",
"kind": "restaurant",
"name": "Café Paoli"
}
},
{
"type": "Feature",
"geometry": {
"type": "Point",
"coordinates": [
8.8000013,
42.1668606
]
},
"properties": {
"osm_id": "node/5239772922",
"kind": "small shop",
"name": "Utile Vico"
}
},
{
"type": "Feature",
"geometry": {
"type": "Point",
"coordinates": [
8.7990533,
42.1668585
]
},
"properties": {
"osm_id": "node/5239772923",
"kind": "fuel station",
"name": "Esso"
}
},
{
"type": "Feature",
"geometry": {
"type": "Point",
"coordinates": [
8.7981689,
42.1667948
]
},
"properties": {
"osm_id": "node/5239773121",
"kind": "snack bar",
"name": "U Snaku"
}
},
{
"type": "Feature",
"geometry": {
"type": "Point",
"coordinates": [
8.7986711,
42.1666551
]
},
"properties": {
"osm_id": "node/5239773221",
"kind": "bar",
"name": "Café de la Paix"
}
},
{
"type": "Feature",
"geometry": {
"type": "Point",
"coordinates": [
8.8216176,
42.5832226
]
},
"properties": {
"osm_id": "node/524483758",
"kind": "café",
"name": ""
}
},
{
"type": "Feature",
"geometry": {
"type": "Point",
"coordinates": [
8.9799329,
41.7843917
]
},
"properties": {
"osm_id": "node/5257418719",
"kind": "café",
"name": "Bar des chasseurs"
}
},
{
"type": "Feature",
"geometry": {
"type": "Point",
"coordinates": [
8.9697558,
41.7915602
]
},
"properties": {
"osm_id": "node/5257425610",
"kind": "bakery",
"name": "Biscuiterie Ettori"
}
},
{
"type": "Feature",
"geometry": {
"type": "Point",
"coordinates": [
9.2845176,
41.5885032
]
},
"properties": {
"osm_id": "node/5311133321",
"kind": "restaurant",
"name": "Casa Corsa"
}
},
{
"type": "Feature",
"geometry": {
"type": "Point",
"coordinates": [
9.4474296,
42.696069
]
},
"properties": {
"osm_id": "node/5340333238",
"kind": "restaurant",
"name": "A Cantina",
"opening_hours": "Mo-Sa 11:00-23:00"
}
},
{
"type": "Feature",
"geometry": {
"type": "Point",
"coordinates": [
8.7366704,
41.9264756
]
},
"properties": {
"osm_id": "node/5354750827",
"kind": "restaurant",
"name": "La Pause",
"opening_hours": "Mo-Su 07:00-20:00"
}
},
{
"type": "Feature",
"geometry": {
"type": "Point",
"coordinates": [
8.8233264,
42.0584544
]
},
"properties": {
"osm_id": "node/5440214293",
"kind": "restaurant",
"name": "U Cunventu"
}
},
{
"type": "Feature",
"geometry": {
"type": "Point",
"coordinates": [
8.8248513,
42.0583688
]
},
"properties": {
"osm_id": "node/5440214294",
"kind": "restaurant",
"name": "Auberge Chez Lolo"
}
},
{
"type": "Feature",
"geometry": {
"type": "Point",
"coordinates": [
9.4507124,
42.6982979
]
},
"properties": {
"osm_id": "node/5488262807",
"kind": "restaurant",
"name": "A Loghja",
"opening_hours": "Mo-Su 10:30-15:00, 18:45-21:45"
}
},
{
"type": "Feature",
"geometry": {
"type": "Point",
"coordinates": [
8.6418488,
42.2029852
]
},
"properties": {
"osm_id": "node/5564632122",
"kind": "restaurant",
"name": "L’hospiton di Momouche",
"opening_hours": "We-Mo 09:00-18:00"
}
},
{
"type": "Feature",
"geometry": {
"type": "Point",
"coordinates": [
8.7376873,
41.9289662
]
},
"properties": {
"osm_id": "node/5573379327",
"kind": "supermarket",
"name": "Biocoop",
"opening_hours": "Mo-Fr 09:30-13:30, 15:00-19:00; Sa 09:30-19:00"
}
},
{
"type": "Feature",
"geometry": {
"type": "Point",
"coordinates": [
9.5518874,
42.2293103
]
},
"properties": {
"osm_id": "node/5577609274",
"kind": "restaurant",
"name": "La Tropica"
}
},
{
"type": "Feature",
"geometry": {
"type": "Point",
"coordinates": [
8.7386227,
41.920913
]
},
"properties": {
"osm_id": "node/5580249323",
"kind": "café",
"name": "L'Avenue"
}
},
{
"type": "Feature",
"geometry": {
"type": "Point",
"coordinates": [
9.4497867,
42.6982149
]
},
"properties": {
"osm_id": "node/5594501256",
"kind": "bar",
"name": "A Tinella",
"opening_hours": "Mo-Sa 10:00-13:00, 16:00-20:00; Su 10:00-13:00"
}
},
{
"type": "Feature",
"geometry": {
"type": "Point",
"coordinates": [
9.4495352,
42.7015671
]
},
"properties": {
"osm_id": "node/5597436621",
"kind": "snack bar",
"name": "Miam Snack"
}
},
{
"type": "Feature",
"geometry": {
"type": "Point",
"coordinates": [
9.4375821,
42.7362976
]
},
"properties": {
"osm_id": "node/5600534042",
"kind": "restaurant",
"name": "La Place"
}
},
{
"type": "Feature",
"geometry": {
"type": "Point",
"coordinates": [
9.2045658,
42.463936
]
},
"properties": {
"osm_id": "node/5607018864",
"kind": "bar",
"name": "Bar Tabac de la Gare"
}
},
{
"type": "Feature",
"geometry": {
"type": "Point",
"coordinates": [
8.5962737,
42.1366983
]
},
"properties": {
"osm_id": "node/5615027621",
"kind": "snack bar",
"name": "U Cabanicciu"
}
},
{
"type": "Feature",
"geometry": {
"type": "Point",
"coordinates": [
8.6123199,
42.3486827
]
},
"properties": {
"osm_id": "node/5620537421",
"kind": "restaurant",
"name": "La Terrrasse",
"opening_hours": "Mo-Su 10:00-22:00"
}
},
{
"type": "Feature",
"geometry": {
"type": "Point",
"coordinates": [
8.972416,
41.6204681
]
},
"properties": {
"osm_id": "node/5620537521",
"kind": "café",
"name": "Mondoloni"
}
},
{
"type": "Feature",
"geometry": {
"type": "Point",
"coordinates": [
8.7790458,
41.8346866
]
},
"properties": {
"osm_id": "node/5620928423",
"kind": "fuel station",
"name": "Total"
}
},
{
"type": "Feature",
"geometry": {
"type": "Point",
"coordinates": [
8.8249049,
41.9234047
]
},
"properties": {
"osm_id": "node/5620928424",
"kind": "fuel station",
"name": "Vito",
"opening_hours": "24/7"
}
},
{
"type": "Feature",
"geometry": {
"type": "Point",
"coordinates": [
8.7793395,
41.9683113
]
},
"properties": {
"osm_id": "node/5620928425",
"kind": "fuel station",
"name": "Total",
"opening_hours": "24/7"
}
},
{
"type": "Feature",
"geometry": {
"type": "Point",
"coordinates": [
8.9735091,
41.6183948
]
},
"properties": {
"osm_id": "node/5622910821",
"kind": "bakery",
"name": "Mondoloni"
}
},
{
"type": "Feature",
"geometry": {
"type": "Point",
"coordinates": [
9.1635777,
41.3879713
]
},
"properties": {
"osm_id": "node/5643664427",
"kind": "restaurant",
"name": "Da Passano"
}
},
{
"type": "Feature",
"geometry": {
"type": "Point",
"coordinates": [
9.163639,
41.387958
]
},
"properties": {
"osm_id": "node/5643664428",
"kind": "restaurant",
"name": "L'Albatros"
}
},
{
"type": "Feature",
"geometry": {
"type": "Point",
"coordinates": [
9.1222942,
41.7041541
]
},
"properties": {
"osm_id": "node/5647539203",
"kind": "restaurant",
"name": "U Tascaronu"
}
},
{
"type": "Feature",
"geometry": {
"type": "Point",
"coordinates": [
8.9742824,
41.787213
]
},
"properties": {
"osm_id": "node/5649737446",
"kind": "fuel station",
"name": "Vito",
"opening_hours": "24/7"
}
},
{
"type": "Feature",
"geometry": {
"type": "Point",
"coordinates": [
9.0974709,
41.9003965
]
},
"properties": {
"osm_id": "node/5649737447",
"kind": "fuel station",
"name": "",
"opening_hours": "24/7"
}
},
{
"type": "Feature",
"geometry": {
"type": "Point",
"coordinates": [
8.6994781,
42.2854182
]
},
"properties": {
"osm_id": "node/5649737448",
"kind": "fuel station",
"name": "",
"opening_hours": "24/7"
}
},
{
"type": "Feature",
"geometry": {
"type": "Point",
"coordinates": [
8.8328972,
41.9791024
]
},
"properties": {
"osm_id": "node/5661603381",
"kind": "bakery",
"name": ""
}
},
{
"type": "Feature",
"geometry": {
"type": "Point",
"coordinates": [
8.8335716,
41.9794307
]
},
"properties": {
"osm_id": "node/5661603387",
"kind": "restaurant",
"name": "U Culombu"
}
},
{
"type": "Feature",
"geometry": {
"type": "Point",
"coordinates": [
9.0644945,
41.6976671
]
},
"properties": {
"osm_id": "node/5661791388",
"kind": "bar",
"name": "Le Sporting"
}
},
{
"type": "Feature",
"geometry": {
"type": "Point",
"coordinates": [
9.0640131,
41.6977923
]
},
"properties": {
"osm_id": "node/5661791408",
"kind": "restaurant",
"name": "Le Santa Lucia"
}
},
{
"type": "Feature",
"geometry": {
"type": "Point",
"coordinates": [
9.0634753,
41.6976431
]
},
"properties": {
"osm_id": "node/5661791420",
"kind": "bar",
"name": "Ortoli"
}
},
{
"type": "Feature",
"geometry": {
"type": "Point",
"coordinates": [
9.0637019,
41.6975119
]
},
"properties": {
"osm_id": "node/5661791521",
"kind": "fuel station",
"name": "Eni",
"opening_hours": "24/7"
}
},
{
"type": "Feature",
"geometry": {
"type": "Point",
"coordinates": [
8.7947899,
42.1652033
]
},
"properties": {
"osm_id": "node/5663723421",
"kind": "restaurant",
"name": "Le Saint Pierre"
}
},
{
"type": "Feature",
"geometry": {
"type": "Point",
"coordinates": [
9.1717702,
42.5755893
]
},
"properties": {
"osm_id": "node/5672992668",
"kind": "restaurant",
"name": "Amama",
"opening_hours": "Mo-Su,PH 08:00-21:00"
}
},
{
"type": "Feature",
"geometry": {
"type": "Point",
"coordinates": [
9.1719806,
42.5762787
]
},
"properties": {
"osm_id": "node/5674990692",
"kind": "restaurant",
"name": "Jul's Café-Restaurant Pizzeria"
}
},
{
"type": "Feature",
"geometry": {
"type": "Point",
"coordinates": [
9.1383593,
41.7659645
]
},
"properties": {
"osm_id": "node/5675346374",
"kind": "restaurant",
"name": "Café du Centre"
}
},
{
"type": "Feature",
"geometry": {
"type": "Point",
"coordinates": [
9.1409486,
41.7664481
]
},
"properties": {
"osm_id": "node/5675639292",
"kind": "restaurant",
"name": "Sole e Monti"
}
},
{
"type": "Feature",
"geometry": {
"type": "Point",
"coordinates": [
8.9039455,
41.6760071
]
},
"properties": {
"osm_id": "node/5677424785",
"kind": "small shop",
"name": "Spar",
"opening_hours": "Mo-Sa 08:00-12:30,15:30-19:30; Su 08:00-12:30"
}
},
{
"type": "Feature",
"geometry": {
"type": "Point",
"coordinates": [
9.1833513,
42.5428455
]
},
"properties": {
"osm_id": "node/5678439173",
"kind": "café",
"name": "Gas Astolfi Boulangerie - Pâtisserie"
}
},
{
"type": "Feature",
"geometry": {
"type": "Point",
"coordinates": [
8.7419293,
42.2572414
]
},
"properties": {
"osm_id": "node/5678553705",
"kind": "bar",
"name": "Bar des Chasseurs"
}
},
{
"type": "Feature",
"geometry": {
"type": "Point",
"coordinates": [
8.978834,
42.6356491
]
},
"properties": {
"osm_id": "node/5679087870",
"kind": "restaurant",
"name": "Restaurant du parc de Saleccia",
"opening_hours": "Mo-Su 12:00-14:30"
}
},
{
"type": "Feature",
"geometry": {
"type": "Point",
"coordinates": [
8.8524875,
42.5075069
]
},
"properties": {
"osm_id": "node/5679087872",
"kind": "restaurant",
"name": "A stazzona",
"opening_hours": "Mo-Su 12:00-14:30,19:00-22:00"
}
},
{
"type": "Feature",
"geometry": {
"type": "Point",
"coordinates": [
9.1510053,
42.3059407
]
},
"properties": {
"osm_id": "node/5692428301",
"kind": "restaurant",
"name": "La Trattoria"
}
},
{
"type": "Feature",
"geometry": {
"type": "Point",
"coordinates": [
9.1504268,
42.3064286
]
},
"properties": {
"osm_id": "node/5692428302",
"kind": "restaurant",
"name": "L'Annexe"
}
},
{
"type": "Feature",
"geometry": {
"type": "Point",
"coordinates": [
9.1503372,
42.3065985
]
},
"properties": {
"osm_id": "node/5692428303",
"kind": "restaurant",
"name": "La Rivière des Vins"
}
},
{
"type": "Feature",
"geometry": {
"type": "Point",
"coordinates": [
9.1505199,
42.3065786
]
},
"properties": {
"osm_id": "node/5692441353",
"kind": "snack bar",
"name": "U San Martinu"
}
},
{
"type": "Feature",
"geometry": {
"type": "Point",
"coordinates": [
9.4374529,
42.6303814
]
},
"properties": {
"osm_id": "node/5692466252",
"kind": "restaurant",
"name": "San Lorenzu"
}
},
{
"type": "Feature",
"geometry": {
"type": "Point",
"coordinates": [
8.632172,
42.3269042
]
},
"properties": {
"osm_id": "node/5695457828",
"kind": "snack bar",
"name": ""
}
},
{
"type": "Feature",
"geometry": {
"type": "Point",
"coordinates": [
8.6124176,
42.3491168
]
},
"properties": {
"osm_id": "node/5695479257",
"kind": "restaurant",
"name": "Gobi Caffé",
"opening_hours": "May 15-Oct 31 Mo-Sa 12:00-14:00; May 15-Oct 31 Su off"
}
},
{
"type": "Feature",
"geometry": {
"type": "Point",
"coordinates": [
8.6130398,
42.3495946
]
},
"properties": {
"osm_id": "node/5695479258",
"kind": "restaurant",
"name": "La Cabane du berger",
"opening_hours": "Mo-Su 08:00-22:00"
}
},
{
"type": "Feature",
"geometry": {
"type": "Point",
"coordinates": [
9.1721624,
42.2318619
]
},
"properties": {
"osm_id": "node/5700578291",
"kind": "bakery",
"name": "Maison Esposito",
"opening_hours": "Tu-Sa 06:20-12:00,15:30-18:30; PH closed; 2022 Aug 23-2022 Sep 7 closed"
}
},
{
"type": "Feature",
"geometry": {
"type": "Point",
"coordinates": [
9.1723622,
42.2321627
]
},
"properties": {
"osm_id": "node/5700578292",
"kind": "bar",
"name": "La cantina di Matteu"
}
},
{
"type": "Feature",
"geometry": {
"type": "Point",
"coordinates": [
9.1723636,
42.2320952
]
},
"properties": {
"osm_id": "node/5700578293",
"kind": "small shop",
"name": "L'Épicerie",
"opening_hours": "Mo-Sa 07:00-13:00,15:00-20:00; Su 08:00-12:30,16:30-20:00; PH closed"
}
},
{
"type": "Feature",
"geometry": {
"type": "Point",
"coordinates": [
9.0979068,
42.1715294
]
},
"properties": {
"osm_id": "node/5703388155",
"kind": "snack bar",
"name": "Bergerie de Tolla"
}
},
{
"type": "Feature",
"geometry": {
"type": "Point",
"coordinates": [
9.4521368,
42.6978925
]
},
"properties": {
"osm_id": "node/5711318879",
"kind": "restaurant",
"name": ""
}
},
{
"type": "Feature",
"geometry": {
"type": "Point",
"coordinates": [
8.8269327,
41.7955349
]
},
"properties": {
"osm_id": "node/5713244336",
"kind": "bakery",
"name": "Biscuiterie fine Stella Inzuccarata",
"opening_hours": "Mo-Fr 09:30-16:00"
}
},
{
"type": "Feature",
"geometry": {
"type": "Point",
"coordinates": [
9.1505492,
42.3053323
]
},
"properties": {
"osm_id": "node/5728336421",
"kind": "restaurant",
"name": "A Casa di l'Orsu",
"opening_hours": "Mo-Sa 12:00-14:30, 19:00-22:00"
}
},
{
"type": "Feature",
"geometry": {
"type": "Point",
"coordinates": [
8.636499,
42.2394156
]
},
"properties": {
"osm_id": "node/5732001161",
"kind": "small shop",
"name": "Castellani",
"opening_hours": "Mo-Sa 10:00-12:00,14:30-19:00"
}
},
{
"type": "Feature",
"geometry": {
"type": "Point",
"coordinates": [
9.4153959,
42.3281371
]
},
"properties": {
"osm_id": "node/5737041630",
"kind": "restaurant",
"name": "U Sant'Alesiu",
"opening_hours": "Tu-Su 12:00-14:00, 19:00-22:00"
}
},
{
"type": "Feature",
"geometry": {
"type": "Point",
"coordinates": [
9.5105625,
42.4231641
]
},
"properties": {
"osm_id": "node/5740793623",
"kind": "restaurant",
"name": "A Mandria"
}
},
{
"type": "Feature",
"geometry": {
"type": "Point",
"coordinates": [
8.737086,
41.9290961
]
},
"properties": {
"osm_id": "node/5747038047",
"kind": "small shop",
"name": "Carrefour City",
"opening_hours": "Mo-Sa 08:00-20:30; Su 09:00-13:00,16:30-20:30"
}
},
{
"type": "Feature",
"geometry": {
"type": "Point",
"coordinates": [
9.4486517,
42.3552201
]
},
"properties": {
"osm_id": "node/5747748964",
"kind": "bar",
"name": ""
}
},
{
"type": "Feature",
"geometry": {
"type": "Point",
"coordinates": [
9.4404404,
42.5645519
]
},
"properties": {
"osm_id": "node/5780037753",
"kind": "small shop",
"name": "Les silos de Nina"
}
},
{
"type": "Feature",
"geometry": {
"type": "Point",
"coordinates": [
9.4612368,
42.7413913
]
},
"properties": {
"osm_id": "node/5784728338",
"kind": "café",
"name": "Café de la tour"
}
},
{
"type": "Feature",
"geometry": {
"type": "Point",
"coordinates": [
8.9151847,
41.7155019
]
},
"properties": {
"osm_id": "node/5794016453",
"kind": "restaurant",
"name": "La Source"
}
},
{
"type": "Feature",
"geometry": {
"type": "Point",
"coordinates": [
8.9718764,
41.6210153
]
},
"properties": {
"osm_id": "node/5794016553",
"kind": "delicatessen",
"name": "La Cave Sartenaise"
}
},
{
"type": "Feature",
"geometry": {
"type": "Point",
"coordinates": [
9.0206898,
42.5911379
]
},
"properties": {
"osm_id": "node/5794291953",
"kind": "restaurant",
"name": "Chez Dumé"
}
},
{
"type": "Feature",
"geometry": {
"type": "Point",
"coordinates": [
8.7379759,
41.9196595
]
},
"properties": {
"osm_id": "node/5795214153",
"kind": "restaurant",
"name": "Les Temps des Oliviers"
}
},
{
"type": "Feature",
"geometry": {
"type": "Point",
"coordinates": [
8.7404558,
41.9289354
]
},
"properties": {
"osm_id": "node/5795214253",
"kind": "restaurant",
"name": "L'Amirauté"
}
},
{
"type": "Feature",
"geometry": {
"type": "Point",
"coordinates": [
8.7200976,
41.9117593
]
},
"properties": {
"osm_id": "node/5795229253",
"kind": "restaurant",
"name": "Le Colony"
}
},
{
"type": "Feature",
"geometry": {
"type": "Point",
"coordinates": [
8.7588959,
42.5592826
]
},
"properties": {
"osm_id": "node/5796239244",
"kind": "restaurant",
"name": "Sun Beach"
}
},
{
"type": "Feature",
"geometry": {
"type": "Point",
"coordinates": [
8.7570029,
42.5657992
]
},
"properties": {
"osm_id": "node/5796350594",
"kind": "restaurant",
"name": "Le Resto by VIA MARINE"
}
},
{
"type": "Feature",
"geometry": {
"type": "Point",
"coordinates": [
8.9807785,
42.5616822
]
},
"properties": {
"osm_id": "node/5796519086",
"kind": "restaurant",
"name": "A Spelunca di U Sechju"
}
},
{
"type": "Feature",
"geometry": {
"type": "Point",
"coordinates": [
8.9810896,
42.5614955
]
},
"properties": {
"osm_id": "node/5796539301",
"kind": "restaurant",
"name": "Le Gallieni"
}
},
{
"type": "Feature",
"geometry": {
"type": "Point",
"coordinates": [
8.9811191,
42.5612624
]
},
"properties": {
"osm_id": "node/5796539303",
"kind": "small shop",
"name": "A Stretta"
}
},
{
"type": "Feature",
"geometry": {
"type": "Point",
"coordinates": [
8.6869989,
42.4098113
]
},
"properties": {
"osm_id": "node/5799003234",
"kind": "fuel station",
"name": "Energia Suprana",
"opening_hours": "Mo-Su,PH 00:00-00:00"
}
},
{
"type": "Feature",
"geometry": {
"type": "Point",
"coordinates": [
8.6974443,
42.4019318
]
},
"properties": {
"osm_id": "node/5799743785",
"kind": "restaurant",
"name": "La Ciuciarella"
}
},
{
"type": "Feature",
"geometry": {
"type": "Point",
"coordinates": [
8.6682737,
42.3204288
]
},
"properties": {
"osm_id": "node/5800967140",
"kind": "restaurant",
"name": "VR46",
"opening_hours": "Mo-Su 07:30-22:00"
}
},
{
"type": "Feature",
"geometry": {
"type": "Point",
"coordinates": [
8.9721058,
41.6206533
]
},
"properties": {
"osm_id": "node/5801751798",
"kind": "restaurant",
"name": "Le Sartène"
}
},
{
"type": "Feature",
"geometry": {
"type": "Point",
"coordinates": [
8.97184,
41.6218905
]
},
"properties": {
"osm_id": "node/5801751800",
"kind": "restaurant",
"name": "La Vieille Ville"
}
},
{
"type": "Feature",
"geometry": {
"type": "Point",
"coordinates": [
8.9717752,
41.6213556
]
},
"properties": {
"osm_id": "node/5801751803",
"kind": "restaurant",
"name": "Roy Théodore"
}
},
{
"type": "Feature",
"geometry": {
"type": "Point",
"coordinates": [
8.9716961,
41.6212792
]
},
"properties": {
"osm_id": "node/5801751807",
"kind": "restaurant",
"name": "L'Arbousier"
}
},
{
"type": "Feature",
"geometry": {
"type": "Point",
"coordinates": [
8.9717763,
41.6211942
]
},
"properties": {
"osm_id": "node/5801751814",
"kind": "small shop",
"name": "U Maggiu"
}
},
{
"type": "Feature",
"geometry": {
"type": "Point",
"coordinates": [
8.9717799,
41.621136
]
},
"properties": {
"osm_id": "node/5801751815",
"kind": "restaurant",
"name": "A Cantina"
}
},
{
"type": "Feature",
"geometry": {
"type": "Point",
"coordinates": [
9.4424433,
42.551301
]
},
"properties": {
"osm_id": "node/5801752844",
"kind": "bakery",
"name": "Casa Santa Devota"
}
},
{
"type": "Feature",
"geometry": {
"type": "Point",
"coordinates": [
8.6855833,
41.9095824
]
},
"properties": {
"osm_id": "node/5802243633",
"kind": "restaurant",
"name": "Pizzeria Barbicaja"
}
},
{
"type": "Feature",
"geometry": {
"type": "Point",
"coordinates": [
8.9375455,
42.6328828
]
},
"properties": {
"osm_id": "node/5803780453",
"kind": "small shop",
"name": "Le bon Cafe"
}
},
{
"type": "Feature",
"geometry": {
"type": "Point",
"coordinates": [
9.4498028,
42.69725
]
},
"properties": {
"osm_id": "node/5803819660",
"kind": "café",
"name": "Kürtos Factory"
}
},
{
"type": "Feature",
"geometry": {
"type": "Point",
"coordinates": [
9.4497897,
42.6971751
]
},
"properties": {
"osm_id": "node/5803822237",
"kind": "café",
"name": "La Terrasse"
}
},
{
"type": "Feature",
"geometry": {
"type": "Point",
"coordinates": [
9.4496481,
42.6966868
]
},
"properties": {
"osm_id": "node/5803851231",
"kind": "ice cream",
"name": "Paoli Gourmet",
"opening_hours": "Mo-Sa 14:00-18:00"
}
},
{
"type": "Feature",
"geometry": {
"type": "Point",
"coordinates": [
8.7367882,
41.9175407
]
},
"properties": {
"osm_id": "node/5803974634",
"kind": "restaurant",
"name": "B612"
}
},
{
"type": "Feature",
"geometry": {
"type": "Point",
"coordinates": [
8.7358801,
41.9186262
]
},
"properties": {
"osm_id": "node/5804137935",
"kind": "bar",
"name": "Bistro Pigale"
}
},
{
"type": "Feature",
"geometry": {
"type": "Point",
"coordinates": [
8.7351671,
41.9181852
]
},
"properties": {
"osm_id": "node/5804137936",
"kind": "bakery",
"name": "L'Atelier Papilles"
}
},
{
"type": "Feature",
"geometry": {
"type": "Point",
"coordinates": [
8.7362945,
41.9186917
]
},
"properties": {
"osm_id": "node/5804137937",
"kind": "café",
"name": "O'Kfe"
}
},
{
"type": "Feature",
"geometry": {
"type": "Point",
"coordinates": [
9.5114225,
42.3697714
]
},
"properties": {
"osm_id": "node/5807300497",
"kind": "café",
"name": "Aroma Cafe"
}
},
{
"type": "Feature",
"geometry": {
"type": "Point",
"coordinates": [
9.450285,
42.6996451
]
},
"properties": {
"osm_id": "node/5807408580",
"kind": "snack bar",
"name": "Le Rallye"
}
},
{
"type": "Feature",
"geometry": {
"type": "Point",
"coordinates": [
9.4502707,
42.6996014
]
},
"properties": {
"osm_id": "node/5807410976",
"kind": "snack bar",
"name": "La Fratteria"
}
},
{
"type": "Feature",
"geometry": {
"type": "Point",
"coordinates": [
9.4503324,
42.6998088
]
},
"properties": {
"osm_id": "node/5807411032",
"kind": "snack bar",
"name": "Simpl' & Chic"
}
},
{
"type": "Feature",
"geometry": {
"type": "Point",
"coordinates": [
9.4503668,
42.699927
]
},
"properties": {
"osm_id": "node/5807413022",
"kind": "restaurant",
"name": "Pub Concorde"
}
},
{
"type": "Feature",
"geometry": {
"type": "Point",
"coordinates": [
9.4509029,
42.6964827
]
},
"properties": {
"osm_id": "node/5807413229",
"kind": "restaurant",
"name": "L'Epica"
}
},
{
"type": "Feature",
"geometry": {
"type": "Point",
"coordinates": [
9.4509485,
42.6964216
]
},
"properties": {
"osm_id": "node/5807430546",
"kind": "restaurant",
"name": "Café WHA!",
"opening_hours": "Mo-Su 11:00-23:30"
}
},
{
"type": "Feature",
"geometry": {
"type": "Point",
"coordinates": [
9.4508055,
42.6964513
]
},
"properties": {
"osm_id": "node/5807431191",
"kind": "restaurant",
"name": "Karma"
}
},
{
"type": "Feature",
"geometry": {
"type": "Point",
"coordinates": [
9.4495435,
42.6957465
]
},
"properties": {
"osm_id": "node/5807432911",
"kind": "restaurant",
"name": "Chez Huguette"
}
},
{
"type": "Feature",
"geometry": {
"type": "Point",
"coordinates": [
9.149643,
42.3051705
]
},
"properties": {
"osm_id": "node/5808775072",
"kind": "snack bar",
"name": "La Sandwicherie"
}
},
{
"type": "Feature",
"geometry": {
"type": "Point",
"coordinates": [
9.1502587,
42.3076106
]
},
"properties": {
"osm_id": "node/5808776702",
"kind": "bakery",
"name": "Grimaldi"
}
},
{
"type": "Feature",
"geometry": {
"type": "Point",
"coordinates": [
9.1501505,
42.3078512
]
},
"properties": {
"osm_id": "node/5808776704",
"kind": "delicatessen",
"name": "Épicerie Bagnoli"
}
},
{
"type": "Feature",
"geometry": {
"type": "Point",
"coordinates": [
9.1500241,
42.308237
]
},
"properties": {
"osm_id": "node/5808776706",
"kind": "small shop",
"name": "Proxi",
"opening_hours": "Mo-Sa 08:30-13:00, 15:00-20:00; Su 08:30-13:00"
}
},
{
"type": "Feature",
"geometry": {
"type": "Point",
"coordinates": [
9.1523319,
42.3050958
]
},
"properties": {
"osm_id": "node/5808777650",
"kind": "restaurant",
"name": "U Fornu di Mammò"
}
},
{
"type": "Feature",
"geometry": {
"type": "Point",
"coordinates": [
9.151947,
42.3047922
]
},
"properties": {
"osm_id": "node/5808777651",
"kind": "restaurant",
"name": "A la Pasta"
}
},
{
"type": "Feature",
"geometry": {
"type": "Point",
"coordinates": [
9.1521744,
42.304968
]
},
"properties": {
"osm_id": "node/5808777879",
"kind": "bar",
"name": "Bar Le Video Games"
}
},
{
"type": "Feature",
"geometry": {
"type": "Point",
"coordinates": [
9.1502865,
42.3038006
]
},
"properties": {
"osm_id": "node/5808777881",
"kind": "bar",
"name": "Chic Bar"
}
},
{
"type": "Feature",
"geometry": {
"type": "Point",
"coordinates": [
9.1513518,
42.3054325
]
},
"properties": {
"osm_id": "node/5808777884",
"kind": "restaurant",
"name": "La Place d'Or"
}
},
{
"type": "Feature",
"geometry": {
"type": "Point",
"coordinates": [
9.1515869,
42.3053263
]
},
"properties": {
"osm_id": "node/5808777885",
"kind": "snack bar",
"name": "Sandwicherie Chez Angèle"
}
},
{
"type": "Feature",
"geometry": {
"type": "Point",
"coordinates": [
9.1514499,
42.3051607
]
},
"properties": {
"osm_id": "node/5808777954",
"kind": "restaurant",
"name": "U Santeofalu"
}
},
{
"type": "Feature",
"geometry": {
"type": "Point",
"coordinates": [
9.1514683,
42.3053791
]
},
"properties": {
"osm_id": "node/5808777955",
"kind": "restaurant",
"name": "A Piazetta"
}
},
{
"type": "Feature",
"geometry": {
"type": "Point",
"coordinates": [
9.150493,
42.3069445
]
},
"properties": {
"osm_id": "node/5808778495",
"kind": "bar",
"name": "Bar L'Oasis"
}
},
{
"type": "Feature",
"geometry": {
"type": "Point",
"coordinates": [
9.1502049,
42.3077015
]
},
"properties": {
"osm_id": "node/5808778502",
"kind": "bar",
"name": "Cafe Riche"
}
},
{
"type": "Feature",
"geometry": {
"type": "Point",
"coordinates": [
9.1500182,
42.3081321
]
},
"properties": {
"osm_id": "node/5808778505",
"kind": "bakery",
"name": ""
}
},
{
"type": "Feature",
"geometry": {
"type": "Point",
"coordinates": [
9.1501187,
42.3064373
]
},
"properties": {
"osm_id": "node/5808778510",
"kind": "restaurant",
"name": "U Passu Tempu"
}
},
{
"type": "Feature",
"geometry": {
"type": "Point",
"coordinates": [
9.1508883,
42.3058212
]
},
"properties": {
"osm_id": "node/5808778571",
"kind": "bar",
"name": "Rex"
}
},
{
"type": "Feature",
"geometry": {
"type": "Point",
"coordinates": [
9.1511393,
42.3059241
]
},
"properties": {
"osm_id": "node/5808778572",
"kind": "bakery",
"name": "Patisserie Casanova",
"opening_hours": "Mo-Sa 07:00-19:00"
}
},
{
"type": "Feature",
"geometry": {
"type": "Point",
"coordinates": [
9.150829,
42.3059225
]
},
"properties": {
"osm_id": "node/5808778573",
"kind": "café",
"name": "Coffe Cortenais",
"opening_hours": "Mo-Su 11:00-22:30"
}
},
{
"type": "Feature",
"geometry": {
"type": "Point",
"coordinates": [
9.1507276,
42.306754
]
},
"properties": {
"osm_id": "node/5808778575",
"kind": "café",
"name": "Cafe du Commerce"
}
},
{
"type": "Feature",
"geometry": {
"type": "Point",
"coordinates": [
9.150505,
42.3067753
]
},
"properties": {
"osm_id": "node/5808778576",
"kind": "restaurant",
"name": "Le Glacier"
}
},
{
"type": "Feature",
"geometry": {
"type": "Point",
"coordinates": [
9.1498917,
42.3085358
]
},
"properties": {
"osm_id": "node/5808778795",
"kind": "bar",
"name": ""
}
},
{
"type": "Feature",
"geometry": {
"type": "Point",
"coordinates": [
9.1509347,
42.305625
]
},
"properties": {
"osm_id": "node/5808778798",
"kind": "restaurant",
"name": "L'Authentic"
}
},
{
"type": "Feature",
"geometry": {
"type": "Point",
"coordinates": [
9.149789,
42.3050112
]
},
"properties": {
"osm_id": "node/5808778800",
"kind": "restaurant",
"name": "U Campanile"
}
},
{
"type": "Feature",
"geometry": {
"type": "Point",
"coordinates": [
9.1498437,
42.3050588
]
},
"properties": {
"osm_id": "node/5814636243",
"kind": "restaurant",
"name": "Cave à Vin"
}
},
{
"type": "Feature",
"geometry": {
"type": "Point",
"coordinates": [
8.7377017,
41.9241272
]
},
"properties": {
"osm_id": "node/5823335453",
"kind": "café",
"name": "Carpe Diem Café"
}
},
{
"type": "Feature",
"geometry": {
"type": "Point",
"coordinates": [
9.5298489,
42.3824797
]
},
"properties": {
"osm_id": "node/5826430973",
"kind": "supermarket",
"name": "Spar",
"opening_hours": "Mo-Su 07:00-21:00"
}
},
{
"type": "Feature",
"geometry": {
"type": "Point",
"coordinates": [
9.4589879,
42.4687178
]
},
"properties": {
"osm_id": "node/5844004166",
"kind": "restaurant",
"name": "U Fornu",
"opening_hours": "Mo-Su 11:30-14:00, 19:30-22:30"
}
},
{
"type": "Feature",
"geometry": {
"type": "Point",
"coordinates": [
9.4596511,
42.4668132
]
},
"properties": {
"osm_id": "node/5844004179",
"kind": "small shop",
"name": "A Buttega",
"opening_hours": "Mo-Fr 09:30-12:00; Sa, Su 09:00-12:00"
}
},
{
"type": "Feature",
"geometry": {
"type": "Point",
"coordinates": [
9.4558966,
42.7175252
]
},
"properties": {
"osm_id": "node/5848258485",
"kind": "restaurant",
"name": "L'Archipel"
}
},
{
"type": "Feature",
"geometry": {
"type": "Point",
"coordinates": [
8.8617982,
42.6082746
]
},
"properties": {
"osm_id": "node/5856741685",
"kind": "restaurant",
"name": "Casa nostra"
}
},
{
"type": "Feature",
"geometry": {
"type": "Point",
"coordinates": [
8.6465219,
42.4069792
]
},
"properties": {
"osm_id": "node/5865392908",
"kind": "restaurant",
"name": "L'Incantu"
}
},
{
"type": "Feature",
"geometry": {
"type": "Point",
"coordinates": [
8.6933439,
42.2687859
]
},
"properties": {
"osm_id": "node/5868963164",
"kind": "restaurant",
"name": "Les Flots Bleus"
}
},
{
"type": "Feature",
"geometry": {
"type": "Point",
"coordinates": [
8.7915349,
42.3667223
]
},
"properties": {
"osm_id": "node/5884752291",
"kind": "café",
"name": "bar des amis"
}
},
{
"type": "Feature",
"geometry": {
"type": "Point",
"coordinates": [
8.7909084,
42.3672252
]
},
"properties": {
"osm_id": "node/5884808804",
"kind": "bar",
"name": "A Muvrella"
}
},
{
"type": "Feature",
"geometry": {
"type": "Point",
"coordinates": [
8.7541074,
41.9433802
]
},
"properties": {
"osm_id": "node/5894819285",
"kind": "bakery",
"name": "Au bon pain de la Rocade"
}
},
{
"type": "Feature",
"geometry": {
"type": "Point",
"coordinates": [
9.2680917,
42.5991204
]
},
"properties": {
"osm_id": "node/5901755694",
"kind": "restaurant",
"name": "Le Grenier du Nebbiu"
}
},
{
"type": "Feature",
"geometry": {
"type": "Point",
"coordinates": [
9.2614964,
42.6048381
]
},
"properties": {
"osm_id": "node/5901757681",
"kind": "café",
"name": "Snack Bar"
}
},
{
"type": "Feature",
"geometry": {
"type": "Point",
"coordinates": [
9.3270731,
42.5782011
]
},
"properties": {
"osm_id": "node/5901971784",
"kind": "small shop",
"name": "Alimentation",
"opening_hours": "Mo-Su 07:45-12:15, 17:00-19:30"
}
},
{
"type": "Feature",
"geometry": {
"type": "Point",
"coordinates": [
8.9487715,
41.5005623
]
},
"properties": {
"osm_id": "node/5906807185",
"kind": "café",
"name": "Snack du Roccapina"
}
},
{
"type": "Feature",
"geometry": {
"type": "Point",
"coordinates": [
8.826739,
42.6038799
]
},
"properties": {
"osm_id": "node/5909846385",
"kind": "restaurant",
"name": "Le Mille Sabords",
"opening_hours": "Mo-Su 07:30-02:00"
}
},
{
"type": "Feature",
"geometry": {
"type": "Point",
"coordinates": [
8.7385674,
41.9193982
]
},
"properties": {
"osm_id": "node/5910068086",
"kind": "bar",
"name": "Le Trou dans le Mur"
}
},
{
"type": "Feature",
"geometry": {
"type": "Point",
"coordinates": [
8.7570144,
42.5656655
]
},
"properties": {
"osm_id": "node/5910187488",
"kind": "restaurant",
"name": "L‘Atelier",
"opening_hours": "Mo-Su 17:00-02:00"
}
},
{
"type": "Feature",
"geometry": {
"type": "Point",
"coordinates": [
9.302672,
42.679006
]
},
"properties": {
"osm_id": "node/5911848609",
"kind": "bakery",
"name": "U Nebbiusellu",
"opening_hours": "Mo-Sa 06:30-06:30, 15:30-18:30; Su 06:30-12:30"
}
},
{
"type": "Feature",
"geometry": {
"type": "Point",
"coordinates": [
8.6125133,
42.3491618
]
},
"properties": {
"osm_id": "node/5913629146",
"kind": "small shop",
"name": "Chez Marine",
"opening_hours": "Apr-Sep 08:30-19:00"
}
},
{
"type": "Feature",
"geometry": {
"type": "Point",
"coordinates": [
9.45203,
42.7034041
]
},
"properties": {
"osm_id": "node/5923197566",
"kind": "delicatessen",
"name": "U Giru",
"opening_hours": "Mo-Sa 09:00-13:00, 16:00-21:30; Su 09:00-13:00"
}
},
{
"type": "Feature",
"geometry": {
"type": "Point",
"coordinates": [
9.1698954,
42.2544065
]
},
"properties": {
"osm_id": "node/5923992090",
"kind": "restaurant",
"name": "La Villa Michel"
}
},
{
"type": "Feature",
"geometry": {
"type": "Point",
"coordinates": [
8.7365903,
41.9180576
]
},
"properties": {
"osm_id": "node/5927164846",
"kind": "café",
"name": "La Cuinguette"
}
},
{
"type": "Feature",
"geometry": {
"type": "Point",
"coordinates": [
8.813018,
41.964043
]
},
"properties": {
"osm_id": "node/5927164984",
"kind": "restaurant",
"name": "Brasserie A Mezzana"
}
},
{
"type": "Feature",
"geometry": {
"type": "Point",
"coordinates": [
8.8129899,
41.9643347
]
},
"properties": {
"osm_id": "node/5927165108",
"kind": "restaurant",
"name": "Akeru Sushi"
}
},
{
"type": "Feature",
"geometry": {
"type": "Point",
"coordinates": [
8.813333,
41.9643258
]
},
"properties": {
"osm_id": "node/5927165111",
"kind": "bakery",
"name": "U Criscente"
}
},
{
"type": "Feature",
"geometry": {
"type": "Point",
"coordinates": [
8.7782021,
41.9808897
]
},
"properties": {
"osm_id": "node/5929630664",
"kind": "bakery",
"name": ""
}
},
{
"type": "Feature",
"geometry": {
"type": "Point",
"coordinates": [
8.7830832,
41.8276417
]
},
"properties": {
"osm_id": "node/5932451762",
"kind": "bakery",
"name": "A Biscotta"
}
},
{
"type": "Feature",
"geometry": {
"type": "Point",
"coordinates": [
8.7830289,
41.8275962
]
},
"properties": {
"osm_id": "node/5932451763",
"kind": "snack bar",
"name": "Le Salon de The"
}
},
{
"type": "Feature",
"geometry": {
"type": "Point",
"coordinates": [
8.7829544,
41.8275432
]
},
"properties": {
"osm_id": "node/5932451764",
"kind": "greengrocer",
"name": "Fruits & Legumes Naturels Corses"
}
},
{
"type": "Feature",
"geometry": {
"type": "Point",
"coordinates": [
8.7829162,
41.8275218
]
},
"properties": {
"osm_id": "node/5932451765",
"kind": "delicatessen",
"name": "Stella di Maze"
}
},
{
"type": "Feature",
"geometry": {
"type": "Point",
"coordinates": [
8.782988,
41.8275757
]
},
"properties": {
"osm_id": "node/5932451766",
"kind": "snack bar",
"name": "Le Ruppionu"
}
},
{
"type": "Feature",
"geometry": {
"type": "Point",
"coordinates": [
8.7852927,
41.8313251
]
},
"properties": {
"osm_id": "node/5932451772",
"kind": "restaurant",
"name": ""
}
},
{
"type": "Feature",
"geometry": {
"type": "Point",
"coordinates": [
8.7838349,
41.8282143
]
},
"properties": {
"osm_id": "node/5932451910",
"kind": "supermarket",
"name": "Vival by Casino",
"opening_hours": "Mo-Sa 09:00-13:00,16:30-19:00; Su 09:00-13:00; PH off"
}
},
{
"type": "Feature",
"geometry": {
"type": "Point",
"coordinates": [
8.7847307,
41.8290937
]
},
"properties": {
"osm_id": "node/5932451935",
"kind": "restaurant",
"name": "Le Sud"
}
},
{
"type": "Feature",
"geometry": {
"type": "Point",
"coordinates": [
8.8022643,
41.9557961
]
},
"properties": {
"osm_id": "node/5935398182",
"kind": "supermarket",
"name": "E.Leclerc",
"opening_hours": "Mo-Sa 08:30-20:30; Su 08:30-13:00"
}
},
{
"type": "Feature",
"geometry": {
"type": "Point",
"coordinates": [
8.8711951,
42.6093662
]
},
"properties": {
"osm_id": "node/5937680417",
"kind": "restaurant",
"name": "La Siesta"
}
},
{
"type": "Feature",
"geometry": {
"type": "Point",
"coordinates": [
8.8719736,
42.6100201
]
},
"properties": {
"osm_id": "node/5937680418",
"kind": "restaurant",
"name": "Le Padula"
}
},
{
"type": "Feature",
"geometry": {
"type": "Point",
"coordinates": [
8.8733053,
42.6108709
]
},
"properties": {
"osm_id": "node/5937680419",
"kind": "restaurant",
"name": "L'alizé"
}
},
{
"type": "Feature",
"geometry": {
"type": "Point",
"coordinates": [
8.8747765,
42.6114138
]
},
"properties": {
"osm_id": "node/5937680420",
"kind": "restaurant",
"name": "U Marosu"
}
},
{
"type": "Feature",
"geometry": {
"type": "Point",
"coordinates": [
9.4407132,
42.551209
]
},
"properties": {
"osm_id": "node/5948599345",
"kind": "supermarket",
"name": "Carrefour Market",
"opening_hours": "Mo-Sa 08:30-20:00; Su 08:30-12:30"
}
},
{
"type": "Feature",
"geometry": {
"type": "Point",
"coordinates": [
8.7625255,
42.5548323
]
},
"properties": {
"osm_id": "node/59744468",
"kind": "supermarket",
"name": "Auchan Supermarché",
"opening_hours": "Mo-Sa 08:00-20:00; Su 08:30-20:00"
}
},
{
"type": "Feature",
"geometry": {
"type": "Point",
"coordinates": [
8.7200452,
42.0767287
]
},
"properties": {
"osm_id": "node/5976033000",
"kind": "restaurant",
"name": "Le Liamone Beach"
}
},
{
"type": "Feature",
"geometry": {
"type": "Point",
"coordinates": [
8.8023877,
41.8894032
]
},
"properties": {
"osm_id": "node/5978866588",
"kind": "small shop",
"name": "U cintu"
}
},
{
"type": "Feature",
"geometry": {
"type": "Point",
"coordinates": [
9.4012178,
42.5226522
]
},
"properties": {
"osm_id": "node/5983525574",
"kind": "restaurant",
"name": "A Casa Nostra"
}
},
{
"type": "Feature",
"geometry": {
"type": "Point",
"coordinates": [
9.4988348,
42.5952713
]
},
"properties": {
"osm_id": "node/5983525575",
"kind": "restaurant",
"name": "Pizza Jean",
"opening_hours": "We,Th 18:00-21:30; Fr-Su 18:00-22:00"
}
},
{
"type": "Feature",
"geometry": {
"type": "Point",
"coordinates": [
9.4940375,
42.5995342
]
},
"properties": {
"osm_id": "node/5983525578",
"kind": "restaurant",
"name": "Pizzeria Bar Glace"
}
},
{
"type": "Feature",
"geometry": {
"type": "Point",
"coordinates": [
9.4432864,
42.6551975
]
},
"properties": {
"osm_id": "node/5983530644",
"kind": "restaurant",
"name": "La Trattoria"
}
},
{
"type": "Feature",
"geometry": {
"type": "Point",
"coordinates": [
9.4430086,
42.655268
]
},
"properties": {
"osm_id": "node/5983530645",
"kind": "small shop",
"name": "Proxi",
"opening_hours": "Mo-Su 07:30-20:30"
}
},
{
"type": "Feature",
"geometry": {
"type": "Point",
"coordinates": [
9.4540873,
42.7201005
]
},
"properties": {
"osm_id": "node/5983574169",
"kind": "restaurant",
"name": "Restaurant Pizzeria"
}
},
{
"type": "Feature",
"geometry": {
"type": "Point",
"coordinates": [
9.4500561,
42.6989973
]
},
"properties": {
"osm_id": "node/5984003667",
"kind": "café",
"name": "Snack Crépes chez Jean"
}
},
{
"type": "Feature",
"geometry": {
"type": "Point",
"coordinates": [
8.7835124,
41.9267498
]
},
"properties": {
"osm_id": "node/59849914",
"kind": "fuel station",
"name": "Total Campo Dell'Oro",
"opening_hours": "24/7"
}
},
{
"type": "Feature",
"geometry": {
"type": "Point",
"coordinates": [
8.9212029,
41.6846241
]
},
"properties": {
"osm_id": "node/59851451",
"kind": "fuel station",
"name": "Total",
"opening_hours": "24/7"
}
},
{
"type": "Feature",
"geometry": {
"type": "Point",
"coordinates": [
8.9454149,
41.6486269
]
},
"properties": {
"osm_id": "node/59852860",
"kind": "fuel station",
"name": "Vito",
"opening_hours": "24/7"
}
},
{
"type": "Feature",
"geometry": {
"type": "Point",
"coordinates": [
9.0577021,
41.4913211
]
},
"properties": {
"osm_id": "node/59853077",
"kind": "fuel station",
"name": "",
"opening_hours": "24/7"
}
},
{
"type": "Feature",
"geometry": {
"type": "Point",
"coordinates": [
9.2804315,
41.6150759
]
},
"properties": {
"osm_id": "node/59898198",
"kind": "fuel station",
"name": "Total",
"opening_hours": "24/7"
}
},
{
"type": "Feature",
"geometry": {
"type": "Point",
"coordinates": [
9.3357714,
41.6387308
]
},
"properties": {
"osm_id": "node/59898236",
"kind": "fuel station",
"name": "",
"opening_hours": "24/7"
}
},
{
"type": "Feature",
"geometry": {
"type": "Point",
"coordinates": [
9.3630772,
42.0810932
]
},
"properties": {
"osm_id": "node/6005236685",
"kind": "bar",
"name": "Bar Farni"
}
},
{
"type": "Feature",
"geometry": {
"type": "Point",
"coordinates": [
9.1585998,
41.9349046
]
},
"properties": {
"osm_id": "node/6009555630",
"kind": "fuel station",
"name": ""
}
},
{
"type": "Feature",
"geometry": {
"type": "Point",
"coordinates": [
8.738715,
41.9183903
]
},
"properties": {
"osm_id": "node/6025772036",
"kind": "small shop",
"name": "L'Anareda"
}
},
{
"type": "Feature",
"geometry": {
"type": "Point",
"coordinates": [
9.2941026,
41.6347228
]
},
"properties": {
"osm_id": "node/60351222",
"kind": "fuel station",
"name": "Total Trinité",
"opening_hours": "24/7"
}
},
{
"type": "Feature",
"geometry": {
"type": "Point",
"coordinates": [
9.345476,
41.6988556
]
},
"properties": {
"osm_id": "node/60351226",
"kind": "fuel station",
"name": "",
"opening_hours": "24/7"
}
},
{
"type": "Feature",
"geometry": {
"type": "Point",
"coordinates": [
9.5135955,
42.1131618
]
},
"properties": {
"osm_id": "node/60465042",
"kind": "fuel station",
"name": "Vito",
"opening_hours": "24/7"
}
},
{
"type": "Feature",
"geometry": {
"type": "Point",
"coordinates": [
8.7978162,
42.5590442
]
},
"properties": {
"osm_id": "node/60471137",
"kind": "fuel station",
"name": "Vito"
}
},
{
"type": "Feature",
"geometry": {
"type": "Point",
"coordinates": [
9.4039387,
42.0136246
]
},
"properties": {
"osm_id": "node/60668156",
"kind": "fuel station",
"name": "Vito",
"opening_hours": "24/7"
}
},
{
"type": "Feature",
"geometry": {
"type": "Point",
"coordinates": [
9.4076575,
42.0192586
]
},
"properties": {
"osm_id": "node/60668425",
"kind": "fuel station",
"name": "Vito",
"opening_hours": "24/7"
}
},
{
"type": "Feature",
"geometry": {
"type": "Point",
"coordinates": [
9.4089696,
42.0209993
]
},
"properties": {
"osm_id": "node/60668426",
"kind": "fuel station",
"name": "Total"
}
},
{
"type": "Feature",
"geometry": {
"type": "Point",
"coordinates": [
9.4104566,
42.022284
]
},
"properties": {
"osm_id": "node/60668427",
"kind": "fuel station",
"name": "Vito"
}
},
{
"type": "Feature",
"geometry": {
"type": "Point",
"coordinates": [
8.9441642,
42.6319967
]
},
"properties": {
"osm_id": "node/60676558",
"kind": "fuel station",
"name": "Total",
"opening_hours": "24/7"
}
},
{
"type": "Feature",
"geometry": {
"type": "Point",
"coordinates": [
8.8804239,
42.6093647
]
},
"properties": {
"osm_id": "node/60676563",
"kind": "fuel station",
"name": "Total"
}
},
{
"type": "Feature",
"geometry": {
"type": "Point",
"coordinates": [
9.1502851,
42.3037859
]
},
"properties": {
"osm_id": "node/6103227485",
"kind": "bar",
"name": "Le Lubiacce"
}
},
{
"type": "Feature",
"geometry": {
"type": "Point",
"coordinates": [
9.2617938,
41.4726718
]
},
"properties": {
"osm_id": "node/6134822618",
"kind": "small shop",
"name": ""
}
},
{
"type": "Feature",
"geometry": {
"type": "Point",
"coordinates": [
9.2674209,
41.4763134
]
},
"properties": {
"osm_id": "node/6145514717",
"kind": "bar",
"name": "Terrasse Bar"
}
},
{
"type": "Feature",
"geometry": {
"type": "Point",
"coordinates": [
8.8028123,
41.8890467
]
},
"properties": {
"osm_id": "node/6147774392",
"kind": "fuel station",
"name": "Total"
}
},
{
"type": "Feature",
"geometry": {
"type": "Point",
"coordinates": [
8.7814762,
41.9523472
]
},
"properties": {
"osm_id": "node/6147790994",
"kind": "fuel station",
"name": "Vito",
"opening_hours": "24/7"
}
},
{
"type": "Feature",
"geometry": {
"type": "Point",
"coordinates": [
9.4487294,
42.7023839
]
},
"properties": {
"osm_id": "node/6178128668",
"kind": "restaurant",
"name": "Brasserie de la Gare",
"opening_hours": "Mo-Fr 06:00-20:30"
}
},
{
"type": "Feature",
"geometry": {
"type": "Point",
"coordinates": [
8.7850868,
42.5368867
]
},
"properties": {
"osm_id": "node/6225624359",
"kind": "restaurant",
"name": ""
}
},
{
"type": "Feature",
"geometry": {
"type": "Point",
"coordinates": [
9.1416703,
42.2928828
]
},
"properties": {
"osm_id": "node/6238290868",
"kind": "restaurant",
"name": "Auberge de la Restonica"
}
},
{
"type": "Feature",
"geometry": {
"type": "Point",
"coordinates": [
9.3435369,
42.7848599
]
},
"properties": {
"osm_id": "node/6298090997",
"kind": "restaurant",
"name": "La Sassa"
}
},
{
"type": "Feature",
"geometry": {
"type": "Point",
"coordinates": [
8.7354247,
41.9176875
]
},
"properties": {
"osm_id": "node/6318266948",
"kind": "restaurant",
"name": "Le Globo"
}
},
{
"type": "Feature",
"geometry": {
"type": "Point",
"coordinates": [
9.363625,
42.5931387
]
},
"properties": {
"osm_id": "node/6389492857",
"kind": "restaurant",
"name": "Mamo Le jardin d’Antoine"
}
},
{
"type": "Feature",
"geometry": {
"type": "Point",
"coordinates": [
9.2957318,
42.6743369
]
},
"properties": {
"osm_id": "node/6389729247",
"kind": "restaurant",
"name": "La roya"
}
},
{
"type": "Feature",
"geometry": {
"type": "Point",
"coordinates": [
9.4174906,
42.107202
]
},
"properties": {
"osm_id": "node/6390684607",
"kind": "restaurant",
"name": "Ferme Auberge A Vecchja Scola",
"opening_hours": "Jun-Sep"
}
},
{
"type": "Feature",
"geometry": {
"type": "Point",
"coordinates": [
8.8541758,
42.4422048
]
},
"properties": {
"osm_id": "node/6431758926",
"kind": "restaurant",
"name": "Auberge de la Forêt",
"opening_hours": "07:00-22:00"
}
},
{
"type": "Feature",
"geometry": {
"type": "Point",
"coordinates": [
8.707636,
42.2995329
]
},
"properties": {
"osm_id": "node/6437082018",
"kind": "restaurant",
"name": "L'Alivi"
}
},
{
"type": "Feature",
"geometry": {
"type": "Point",
"coordinates": [
9.4363835,
42.6202532
]
},
"properties": {
"osm_id": "node/6440793116",
"kind": "bakery",
"name": "Ghisoni-Mariotti"
}
},
{
"type": "Feature",
"geometry": {
"type": "Point",
"coordinates": [
9.4305414,
42.6286215
]
},
"properties": {
"osm_id": "node/6440793117",
"kind": "bakery",
"name": "Maison Carlotti",
"opening_hours": "Mo-Su 06:30-20:30"
}
},
{
"type": "Feature",
"geometry": {
"type": "Point",
"coordinates": [
9.3010627,
42.68041
]
},
"properties": {
"osm_id": "node/6445224785",
"kind": "ice cream",
"name": "Maison Rovere"
}
},
{
"type": "Feature",
"geometry": {
"type": "Point",
"coordinates": [
9.3351783,
41.5746169
]
},
"properties": {
"osm_id": "node/6448447157",
"kind": "restaurant",
"name": "Ranch Campo Palombaggia"
}
},
{
"type": "Feature",
"geometry": {
"type": "Point",
"coordinates": [
9.05514,
41.4913538
]
},
"properties": {
"osm_id": "node/6448462828",
"kind": "restaurant",
"name": "Chez Felix",
"opening_hours": "We-Tu 12:00-14:30,19:00-22:30"
}
},
{
"type": "Feature",
"geometry": {
"type": "Point",
"coordinates": [
9.2788532,
41.5910878
]
},
"properties": {
"osm_id": "node/6456439419",
"kind": "restaurant",
"name": "Chez Anna"
}
},
{
"type": "Feature",
"geometry": {
"type": "Point",
"coordinates": [
8.9728872,
41.6194673
]
},
"properties": {
"osm_id": "node/6458005611",
"kind": "restaurant",
"name": "Restaurant du Cours"
}
},
{
"type": "Feature",
"geometry": {
"type": "Point",
"coordinates": [
9.1714781,
41.7506761
]
},
"properties": {
"osm_id": "node/6462323906",
"kind": "snack bar",
"name": "L'Authentique",
"opening_hours": "Mo-Su 11:00-22:00"
}
},
{
"type": "Feature",
"geometry": {
"type": "Point",
"coordinates": [
9.1717135,
41.7506949
]
},
"properties": {
"osm_id": "node/6462405698",
"kind": "bar",
"name": "Le Zampo"
}
},
{
"type": "Feature",
"geometry": {
"type": "Point",
"coordinates": [
8.7274986,
41.9155216
]
},
"properties": {
"osm_id": "node/6462939288",
"kind": "snack bar",
"name": "SOS Pizza"
}
},
{
"type": "Feature",
"geometry": {
"type": "Point",
"coordinates": [
8.7293885,
41.916115
]
},
"properties": {
"osm_id": "node/6462968388",
"kind": "café",
"name": "Pizz'Alex"
}
},
{
"type": "Feature",
"geometry": {
"type": "Point",
"coordinates": [
8.7263181,
41.9131002
]
},
"properties": {
"osm_id": "node/6465283188",
"kind": "greengrocer",
"name": "La Corbeille de Fruits"
}
},
{
"type": "Feature",
"geometry": {
"type": "Point",
"coordinates": [
8.7297665,
41.9175828
]
},
"properties": {
"osm_id": "node/6465283190",
"kind": "café",
"name": "Kimbo"
}
},
{
"type": "Feature",
"geometry": {
"type": "Point",
"coordinates": [
8.7256301,
41.9145622
]
},
"properties": {
"osm_id": "node/6465283194",
"kind": "greengrocer",
"name": "U Lighumaghju"
}
},
{
"type": "Feature",
"geometry": {
"type": "Point",
"coordinates": [
9.1923939,
42.3976159
]
},
"properties": {
"osm_id": "node/6466170185",
"kind": "bar",
"name": "Rex Bar"
}
},
{
"type": "Feature",
"geometry": {
"type": "Point",
"coordinates": [
8.7251689,
41.9132061
]
},
"properties": {
"osm_id": "node/6466891293",
"kind": "café",
"name": "Gelateria di Fiora"
}
},
{
"type": "Feature",
"geometry": {
"type": "Point",
"coordinates": [
8.6544351,
42.4144582
]
},
"properties": {
"osm_id": "node/6467969738",
"kind": "snack bar",
"name": "A Funtanaccia"
}
},
{
"type": "Feature",
"geometry": {
"type": "Point",
"coordinates": [
8.9092957,
41.9885405
]
},
"properties": {
"osm_id": "node/6468338997",
"kind": "restaurant",
"name": "Restaurant Sole e Monte"
}
},
{
"type": "Feature",
"geometry": {
"type": "Point",
"coordinates": [
8.9085432,
41.9872823
]
},
"properties": {
"osm_id": "node/6468339019",
"kind": "restaurant",
"name": "Bar des Acacias"
}
},
{
"type": "Feature",
"geometry": {
"type": "Point",
"coordinates": [
9.4886837,
42.8097367
]
},
"properties": {
"osm_id": "node/6484299449",
"kind": "bakery",
"name": ""
}
},
{
"type": "Feature",
"geometry": {
"type": "Point",
"coordinates": [
8.7381659,
41.9178925
]
},
"properties": {
"osm_id": "node/6488880501",
"kind": "restaurant",
"name": "Lotus Bleu"
}
},
{
"type": "Feature",
"geometry": {
"type": "Point",
"coordinates": [
9.3831195,
42.3501892
]
},
"properties": {
"osm_id": "node/6490312515",
"kind": "restaurant",
"name": "Auberge des deux vallées",
"opening_hours": "Apr-Sep"
}
},
{
"type": "Feature",
"geometry": {
"type": "Point",
"coordinates": [
8.9378209,
42.6359005
]
},
"properties": {
"osm_id": "node/6496129483",
"kind": "bakery",
"name": "Salvatori"
}
},
{
"type": "Feature",
"geometry": {
"type": "Point",
"coordinates": [
8.9378088,
42.6357171
]
},
"properties": {
"osm_id": "node/6496132088",
"kind": "restaurant",
"name": "Le Grand bleu"
}
},
{
"type": "Feature",
"geometry": {
"type": "Point",
"coordinates": [
8.9383133,
42.6336467
]
},
"properties": {
"osm_id": "node/6500346066",
"kind": "bakery",
"name": "Tomasini"
}
},
{
"type": "Feature",
"geometry": {
"type": "Point",
"coordinates": [
9.1338343,
42.1284924
]
},
"properties": {
"osm_id": "node/6505617932",
"kind": "restaurant",
"name": "Restaurant du Chef de Gare"
}
},
{
"type": "Feature",
"geometry": {
"type": "Point",
"coordinates": [
9.1213895,
42.1143046
]
},
"properties": {
"osm_id": "node/6505618531",
"kind": "small shop",
"name": "A Muntagnera"
}
},
{
"type": "Feature",
"geometry": {
"type": "Point",
"coordinates": [
9.1215646,
42.1143936
]
},
"properties": {
"osm_id": "node/6505618546",
"kind": "café",
"name": "A Muntagnera"
}
},
{
"type": "Feature",
"geometry": {
"type": "Point",
"coordinates": [
9.1323946,
42.1280265
]
},
"properties": {
"osm_id": "node/6506235955",
"kind": "small shop",
"name": ""
}
},
{
"type": "Feature",
"geometry": {
"type": "Point",
"coordinates": [
9.4519533,
42.6969446
]
},
"properties": {
"osm_id": "node/6509622586",
"kind": "restaurant",
"name": "Mica Nome"
}
},
{
"type": "Feature",
"geometry": {
"type": "Point",
"coordinates": [
9.4751519,
42.8886967
]
},
"properties": {
"osm_id": "node/6511071386",
"kind": "restaurant",
"name": "A Cantina"
}
},
{
"type": "Feature",
"geometry": {
"type": "Point",
"coordinates": [
8.9056831,
42.5883897
]
},
"properties": {
"osm_id": "node/6513470385",
"kind": "bar",
"name": "A Casa Corsa"
}
},
{
"type": "Feature",
"geometry": {
"type": "Point",
"coordinates": [
8.7584677,
42.5668516
]
},
"properties": {
"osm_id": "node/6515392887",
"kind": "restaurant",
"name": "Aux bons amis"
}
},
{
"type": "Feature",
"geometry": {
"type": "Point",
"coordinates": [
8.9713125,
41.6206746
]
},
"properties": {
"osm_id": "node/6525300085",
"kind": "restaurant",
"name": "Le Jardin de l'Echauguette"
}
},
{
"type": "Feature",
"geometry": {
"type": "Point",
"coordinates": [
9.2845226,
41.588584
]
},
"properties": {
"osm_id": "node/6532275987",
"kind": "bar",
"name": "Le Table du Vin 137"
}
},
{
"type": "Feature",
"geometry": {
"type": "Point",
"coordinates": [
9.4498813,
42.701627
]
},
"properties": {
"osm_id": "node/6552972185",
"kind": "café",
"name": "Ghisoni’s Coffee House"
}
},
{
"type": "Feature",
"geometry": {
"type": "Point",
"coordinates": [
8.9051486,
42.5879503
]
},
"properties": {
"osm_id": "node/6553546385",
"kind": "bar",
"name": "Bellevue",
"opening_hours": "24/7"
}
},
{
"type": "Feature",
"geometry": {
"type": "Point",
"coordinates": [
9.459326,
42.006861
]
},
"properties": {
"osm_id": "node/6559694473",
"kind": "restaurant",
"name": ""
}
},
{
"type": "Feature",
"geometry": {
"type": "Point",
"coordinates": [
9.1759068,
41.6456487
]
},
"properties": {
"osm_id": "node/6561739661",
"kind": "restaurant",
"name": "Le Refuge"
}
},
{
"type": "Feature",
"geometry": {
"type": "Point",
"coordinates": [
8.7970582,
41.710764
]
},
"properties": {
"osm_id": "node/6561739677",
"kind": "restaurant",
"name": "U Batellu"
}
},
{
"type": "Feature",
"geometry": {
"type": "Point",
"coordinates": [
8.7589337,
42.5672698
]
},
"properties": {
"osm_id": "node/6564759886",
"kind": "ice cream",
"name": "Complètement Givrés"
}
},
{
"type": "Feature",
"geometry": {
"type": "Point",
"coordinates": [
9.4015321,
41.9866725
]
},
"properties": {
"osm_id": "node/6572927245",
"kind": "bar",
"name": "Brasseur A Tribbierra"
}
},
{
"type": "Feature",
"geometry": {
"type": "Point",
"coordinates": [
8.7567881,
42.0012627
]
},
"properties": {
"osm_id": "node/6574769024",
"kind": "restaurant",
"name": "U Listincu"
}
},
{
"type": "Feature",
"geometry": {
"type": "Point",
"coordinates": [
9.4029123,
41.9955723
]
},
"properties": {
"osm_id": "node/6575394674",
"kind": "bar",
"name": ""
}
},
{
"type": "Feature",
"geometry": {
"type": "Point",
"coordinates": [
9.4037902,
41.9971317
]
},
"properties": {
"osm_id": "node/6575394682",
"kind": "delicatessen",
"name": ""
}
},
{
"type": "Feature",
"geometry": {
"type": "Point",
"coordinates": [
9.4046981,
41.9988957
]
},
"properties": {
"osm_id": "node/6575463285",
"kind": "bar",
"name": ""
}
},
{
"type": "Feature",
"geometry": {
"type": "Point",
"coordinates": [
9.3986655,
41.9994932
]
},
"properties": {
"osm_id": "node/6575463286",
"kind": "bar",
"name": ""
}
},
{
"type": "Feature",
"geometry": {
"type": "Point",
"coordinates": [
8.7386037,
41.9236793
]
},
"properties": {
"osm_id": "node/6578352887",
"kind": "restaurant",
"name": "Spaghetti 3",
"opening_hours": "Tu-We 12:00-14:00; Th-Sa 12:00-14:00, 19:30-21:30"
}
},
{
"type": "Feature",
"geometry": {
"type": "Point",
"coordinates": [
8.7385589,
41.9178358
]
},
"properties": {
"osm_id": "node/6578352888",
"kind": "bar",
"name": "Le Don Ba'"
}
},
{
"type": "Feature",
"geometry": {
"type": "Point",
"coordinates": [
8.7404819,
41.9292285
]
},
"properties": {
"osm_id": "node/6578352889",
"kind": "restaurant",
"name": "Le Paparazzi"
}
},
{
"type": "Feature",
"geometry": {
"type": "Point",
"coordinates": [
8.7379933,
41.917749
]
},
"properties": {
"osm_id": "node/6578352988",
"kind": "restaurant",
"name": "mani"
}
},
{
"type": "Feature",
"geometry": {
"type": "Point",
"coordinates": [
8.7360173,
41.9190673
]
},
"properties": {
"osm_id": "node/6578352989",
"kind": "restaurant",
"name": "bel meserre"
}
},
{
"type": "Feature",
"geometry": {
"type": "Point",
"coordinates": [
8.7380715,
41.918135
]
},
"properties": {
"osm_id": "node/6578352991",
"kind": "restaurant",
"name": "Le Bosco"
}
},
{
"type": "Feature",
"geometry": {
"type": "Point",
"coordinates": [
8.7388455,
41.9185627
]
},
"properties": {
"osm_id": "node/6578352992",
"kind": "restaurant",
"name": "bilboq chez jean jean"
}
},
{
"type": "Feature",
"geometry": {
"type": "Point",
"coordinates": [
8.7404774,
41.9290529
]
},
"properties": {
"osm_id": "node/6578352993",
"kind": "restaurant",
"name": "côté port"
}
},
{
"type": "Feature",
"geometry": {
"type": "Point",
"coordinates": [
8.7398569,
41.9176386
]
},
"properties": {
"osm_id": "node/6578353097",
"kind": "restaurant",
"name": "Le Cabanon"
}
},
{
"type": "Feature",
"geometry": {
"type": "Point",
"coordinates": [
8.7387834,
41.9176582
]
},
"properties": {
"osm_id": "node/6578353098",
"kind": "bar",
"name": "micro brasserie impériale"
}
},
{
"type": "Feature",
"geometry": {
"type": "Point",
"coordinates": [
8.7375467,
41.9176721
]
},
"properties": {
"osm_id": "node/6578353585",
"kind": "restaurant",
"name": "A Cantina Di Ghjulia"
}
},
{
"type": "Feature",
"geometry": {
"type": "Point",
"coordinates": [
8.6968394,
42.1144802
]
},
"properties": {
"osm_id": "node/6593133276",
"kind": "restaurant",
"name": "Restaurant Le \"20118\""
}
},
{
"type": "Feature",
"geometry": {
"type": "Point",
"coordinates": [
9.3511107,
42.6979861
]
},
"properties": {
"osm_id": "node/6593655343",
"kind": "greengrocer",
"name": "Epicerie Amadei",
"opening_hours": "07:30-19:00"
}
},
{
"type": "Feature",
"geometry": {
"type": "Point",
"coordinates": [
9.1598045,
41.3868949
]
},
"properties": {
"osm_id": "node/6616596185",
"kind": "café",
"name": "Le Time"
}
},
{
"type": "Feature",
"geometry": {
"type": "Point",
"coordinates": [
8.9380828,
42.6351066
]
},
"properties": {
"osm_id": "node/6632978176",
"kind": "restaurant",
"name": "L'arcubalenu"
}
},
{
"type": "Feature",
"geometry": {
"type": "Point",
"coordinates": [
8.9063375,
42.6136234
]
},
"properties": {
"osm_id": "node/6632980166",
"kind": "restaurant",
"name": "A Cantina"
}
},
{
"type": "Feature",
"geometry": {
"type": "Point",
"coordinates": [
8.9376153,
42.63362
]
},
"properties": {
"osm_id": "node/6632988679",
"kind": "small shop",
"name": "Tempi Fà"
}
},
{
"type": "Feature",
"geometry": {
"type": "Point",
"coordinates": [
8.9071791,
42.6129172
]
},
"properties": {
"osm_id": "node/6633000713",
"kind": "restaurant",
"name": "Saetta",
"opening_hours": "Mo-Su 11:00-15:00, 18:00-21:00"
}
},
{
"type": "Feature",
"geometry": {
"type": "Point",
"coordinates": [
8.9375597,
42.634571
]
},
"properties": {
"osm_id": "node/6633001494",
"kind": "restaurant",
"name": "La Cave"
}
},
{
"type": "Feature",
"geometry": {
"type": "Point",
"coordinates": [
8.9381354,
42.6349908
]
},
"properties": {
"osm_id": "node/6633003306",
"kind": "restaurant",
"name": "L'Altore"
}
},
{
"type": "Feature",
"geometry": {
"type": "Point",
"coordinates": [
8.9384551,
42.6352246
]
},
"properties": {
"osm_id": "node/6633019149",
"kind": "bakery",
"name": "SPIGA"
}
},
{
"type": "Feature",
"geometry": {
"type": "Point",
"coordinates": [
8.9381497,
42.6339162
]
},
"properties": {
"osm_id": "node/6633019191",
"kind": "snack bar",
"name": "Le Glacier"
}
},
{
"type": "Feature",
"geometry": {
"type": "Point",
"coordinates": [
8.9059123,
42.6135886
]
},
"properties": {
"osm_id": "node/6633030817",
"kind": "restaurant",
"name": "Le Passage"
}
},
{
"type": "Feature",
"geometry": {
"type": "Point",
"coordinates": [
8.9386181,
42.632884
]
},
"properties": {
"osm_id": "node/6633035703",
"kind": "bakery",
"name": "Panneteria Bertini"
}
},
{
"type": "Feature",
"geometry": {
"type": "Point",
"coordinates": [
8.7382154,
41.918537
]
},
"properties": {
"osm_id": "node/6657504885",
"kind": "bar",
"name": "1er Consul"
}
},
{
"type": "Feature",
"geometry": {
"type": "Point",
"coordinates": [
9.4019343,
43.006281
]
},
"properties": {
"osm_id": "node/6697892045",
"kind": "restaurant",
"name": "L'Arenacciu"
}
},
{
"type": "Feature",
"geometry": {
"type": "Point",
"coordinates": [
9.4773759,
42.7761924
]
},
"properties": {
"osm_id": "node/6699836609",
"kind": "restaurant",
"name": "La Plage"
}
},
{
"type": "Feature",
"geometry": {
"type": "Point",
"coordinates": [
9.4763986,
42.7765397
]
},
"properties": {
"osm_id": "node/6699836611",
"kind": "restaurant",
"name": "Le Grilladin"
}
},
{
"type": "Feature",
"geometry": {
"type": "Point",
"coordinates": [
9.4767679,
42.775181
]
},
"properties": {
"osm_id": "node/6700783182",
"kind": "restaurant",
"name": "u Fragnu"
}
},
{
"type": "Feature",
"geometry": {
"type": "Point",
"coordinates": [
9.4754119,
42.773958
]
},
"properties": {
"osm_id": "node/6700783183",
"kind": "restaurant",
"name": "Ind'E Noi"
}
},
{
"type": "Feature",
"geometry": {
"type": "Point",
"coordinates": [
9.4754216,
42.7738914
]
},
"properties": {
"osm_id": "node/6700783184",
"kind": "restaurant",
"name": "La Terrasse"
}
},
{
"type": "Feature",
"geometry": {
"type": "Point",
"coordinates": [
9.4762177,
42.7742142
]
},
"properties": {
"osm_id": "node/6700813686",
"kind": "restaurant",
"name": "L'Esquinade",
"opening_hours": "Mo-Su 11:00-14:00,19:00-22:00"
}
},
{
"type": "Feature",
"geometry": {
"type": "Point",
"coordinates": [
8.9117753,
41.744986
]
},
"properties": {
"osm_id": "node/6702701288",
"kind": "restaurant",
"name": "U Spuntinu"
}
},
{
"type": "Feature",
"geometry": {
"type": "Point",
"coordinates": [
8.9118304,
41.7449768
]
},
"properties": {
"osm_id": "node/6702711386",
"kind": "café",
"name": "Café Moderne"
}
},
{
"type": "Feature",
"geometry": {
"type": "Point",
"coordinates": [
9.3251553,
42.0104948
]
},
"properties": {
"osm_id": "node/6703190391",
"kind": "restaurant",
"name": "Caffé Buttéa"
}
},
{
"type": "Feature",
"geometry": {
"type": "Point",
"coordinates": [
8.9048935,
42.5892064
]
},
"properties": {
"osm_id": "node/6704311146",
"kind": "restaurant",
"name": "A Stalla"
}
},
{
"type": "Feature",
"geometry": {
"type": "Point",
"coordinates": [
8.9063024,
42.5888548
]
},
"properties": {
"osm_id": "node/6704325987",
"kind": "bar",
"name": "U Laziu"
}
},
{
"type": "Feature",
"geometry": {
"type": "Point",
"coordinates": [
8.905253,
42.5888708
]
},
"properties": {
"osm_id": "node/6704325996",
"kind": "restaurant",
"name": "La Taverne Corse"
}
},
{
"type": "Feature",
"geometry": {
"type": "Point",
"coordinates": [
9.1716352,
41.3894966
]
},
"properties": {
"osm_id": "node/6715238998",
"kind": "small shop",
"name": "Centre commercial Utile"
}
},
{
"type": "Feature",
"geometry": {
"type": "Point",
"coordinates": [
9.0222943,
42.6383915
]
},
"properties": {
"osm_id": "node/6717820523",
"kind": "bakery",
"name": "Les Délices de Juliette"
}
},
{
"type": "Feature",
"geometry": {
"type": "Point",
"coordinates": [
9.0219631,
42.6384653
]
},
"properties": {
"osm_id": "node/6725103343",
"kind": "restaurant",
"name": "Le Vin226"
}
},
{
"type": "Feature",
"geometry": {
"type": "Point",
"coordinates": [
9.0225902,
42.6378698
]
},
"properties": {
"osm_id": "node/6725103345",
"kind": "restaurant",
"name": "Le Local"
}
},
{
"type": "Feature",
"geometry": {
"type": "Point",
"coordinates": [
9.0590214,
41.4891323
]
},
"properties": {
"osm_id": "node/6726280413",
"kind": "small shop",
"name": "U Express",
"opening_hours": "Mo-Su 07:00-19:30"
}
},
{
"type": "Feature",
"geometry": {
"type": "Point",
"coordinates": [
8.9381356,
42.6363334
]
},
"properties": {
"osm_id": "node/6733311178",
"kind": "restaurant",
"name": "Le Marina"
}
},
{
"type": "Feature",
"geometry": {
"type": "Point",
"coordinates": [
8.9724477,
41.6207061
]
},
"properties": {
"osm_id": "node/6733998672",
"kind": "café",
"name": "Café des amis"
}
},
{
"type": "Feature",
"geometry": {
"type": "Point",
"coordinates": [
8.894384,
42.5811086
]
},
"properties": {
"osm_id": "node/6736109038",
"kind": "bar",
"name": "I Dulciumi di Marie"
}
},
{
"type": "Feature",
"geometry": {
"type": "Point",
"coordinates": [
8.8943404,
42.5810364
]
},
"properties": {
"osm_id": "node/6736109039",
"kind": "bar",
"name": "Bar de la Place"
}
},
{
"type": "Feature",
"geometry": {
"type": "Point",
"coordinates": [
8.8956009,
42.5821297
]
},
"properties": {
"osm_id": "node/6736109044",
"kind": "bakery",
"name": "I Dulciumi di Marie's"
}
},
{
"type": "Feature",
"geometry": {
"type": "Point",
"coordinates": [
9.3001668,
42.6806567
]
},
"properties": {
"osm_id": "node/6736180066",
"kind": "restaurant",
"name": "Mamò la Tablée"
}
},
{
"type": "Feature",
"geometry": {
"type": "Point",
"coordinates": [
9.4494808,
42.7003605
]
},
"properties": {
"osm_id": "node/6736269698",
"kind": "café",
"name": "L'Odéon"
}
},
{
"type": "Feature",
"geometry": {
"type": "Point",
"coordinates": [
9.2791054,
41.5902577
]
},
"properties": {
"osm_id": "node/6740150289",
"kind": "restaurant",
"name": "Sushibar"
}
},
{
"type": "Feature",
"geometry": {
"type": "Point",
"coordinates": [
9.3085306,
41.5494144
]
},
"properties": {
"osm_id": "node/6741993285",
"kind": "restaurant",
"name": "Sea Lounge"
}
},
{
"type": "Feature",
"geometry": {
"type": "Point",
"coordinates": [
9.441859,
42.6641719
]
},
"properties": {
"osm_id": "node/6742535344",
"kind": "restaurant",
"name": "Le Patio"
}
},
{
"type": "Feature",
"geometry": {
"type": "Point",
"coordinates": [
8.8120757,
42.2514398
]
},
"properties": {
"osm_id": "node/6757285333",
"kind": "bar",
"name": ""
}
},
{
"type": "Feature",
"geometry": {
"type": "Point",
"coordinates": [
9.3994531,
41.9993672
]
},
"properties": {
"osm_id": "node/6759445005",
"kind": "bar",
"name": "L'Olmu"
}
},
{
"type": "Feature",
"geometry": {
"type": "Point",
"coordinates": [
8.7090495,
41.9091201
]
},
"properties": {
"osm_id": "node/6763386172",
"kind": "supermarket",
"name": "Spar",
"opening_hours": "Mo-Sa 08:00-20:00; Su 08:00-13:00"
}
},
{
"type": "Feature",
"geometry": {
"type": "Point",
"coordinates": [
9.4389417,
42.4929524
]
},
"properties": {
"osm_id": "node/6764534817",
"kind": "restaurant",
"name": "A Mustaccina",
"opening_hours": "Mo-Su,PH 08:00-23:30"
}
},
{
"type": "Feature",
"geometry": {
"type": "Point",
"coordinates": [
9.1586976,
41.3871116
]
},
"properties": {
"osm_id": "node/6783113085",
"kind": "bar",
"name": "Street Danse"
}
},
{
"type": "Feature",
"geometry": {
"type": "Point",
"coordinates": [
9.1587905,
41.3870149
]
},
"properties": {
"osm_id": "node/6783113086",
"kind": "restaurant",
"name": "Archivolto"
}
},
{
"type": "Feature",
"geometry": {
"type": "Point",
"coordinates": [
9.0629941,
41.6976392
]
},
"properties": {
"osm_id": "node/6787989485",
"kind": "small shop",
"name": "Supérette Libre Service",
"opening_hours": "Mo-Su 08:00-12:15, Mo,Tu,Th,Fr 16:30-19:00"
}
},
{
"type": "Feature",
"geometry": {
"type": "Point",
"coordinates": [
8.7377646,
41.9203709
]
},
"properties": {
"osm_id": "node/6789364278",
"kind": "ice cream",
"name": "Amorino"
}
},
{
"type": "Feature",
"geometry": {
"type": "Point",
"coordinates": [
8.9606073,
41.9674269
]
},
"properties": {
"osm_id": "node/6795153586",
"kind": "restaurant",
"name": ""
}
},
{
"type": "Feature",
"geometry": {
"type": "Point",
"coordinates": [
8.7581807,
42.5674087
]
},
"properties": {
"osm_id": "node/6802000121",
"kind": "bar",
"name": "L'Oasis"
}
},
{
"type": "Feature",
"geometry": {
"type": "Point",
"coordinates": [
8.7602837,
42.5678111
]
},
"properties": {
"osm_id": "node/6802997753",
"kind": "restaurant",
"name": "La Voûte"
}
},
{
"type": "Feature",
"geometry": {
"type": "Point",
"coordinates": [
8.7585613,
42.5669672
]
},
"properties": {
"osm_id": "node/6806347875",
"kind": "bar",
"name": "Loch Ness Pub"
}
},
{
"type": "Feature",
"geometry": {
"type": "Point",
"coordinates": [
8.7532944,
42.5646473
]
},
"properties": {
"osm_id": "node/6807436603",
"kind": "bakery",
"name": ""
}
},
{
"type": "Feature",
"geometry": {
"type": "Point",
"coordinates": [
8.6706671,
41.9839564
]
},
"properties": {
"osm_id": "node/6814361940",
"kind": "restaurant",
"name": "",
"opening_hours": "Mo-Su 07:00-10:00; 12:00-13:30; 19:30-21:00"
}
},
{
"type": "Feature",
"geometry": {
"type": "Point",
"coordinates": [
8.6703426,
41.9835836
]
},
"properties": {
"osm_id": "node/6814361942",
"kind": "bar",
"name": "",
"opening_hours": "Su-Fr 10:00-14:30; 18:00-23:00; Sa 10:00-23:00"
}
},
{
"type": "Feature",
"geometry": {
"type": "Point",
"coordinates": [
9.4407165,
42.5233004
]
},
"properties": {
"osm_id": "node/6814599626",
"kind": "bar",
"name": ""
}
},
{
"type": "Feature",
"geometry": {
"type": "Point",
"coordinates": [
9.4406674,
42.5230951
]
},
"properties": {
"osm_id": "node/6814599627",
"kind": "small shop",
"name": ""
}
},
{
"type": "Feature",
"geometry": {
"type": "Point",
"coordinates": [
9.4484072,
42.6966582
]
},
"properties": {
"osm_id": "node/6822095297",
"kind": "small shop",
"name": "U Express",
"opening_hours": "Mo-Sa 07:30-20:00; Su 08:30-13:00"
}
},
{
"type": "Feature",
"geometry": {
"type": "Point",
"coordinates": [
9.1521647,
42.3058526
]
},
"properties": {
"osm_id": "node/6822765731",
"kind": "café",
"name": "Corsica Bar"
}
},
{
"type": "Feature",
"geometry": {
"type": "Point",
"coordinates": [
9.1523926,
42.3056775
]
},
"properties": {
"osm_id": "node/6822765733",
"kind": "café",
"name": "L'Eden"
}
},
{
"type": "Feature",
"geometry": {
"type": "Point",
"coordinates": [
9.1518186,
42.305747
]
},
"properties": {
"osm_id": "node/6822765737",
"kind": "restaurant",
"name": "Chez Fako"
}
},
{
"type": "Feature",
"geometry": {
"type": "Point",
"coordinates": [
9.1517895,
42.3059008
]
},
"properties": {
"osm_id": "node/6822765738",
"kind": "bar",
"name": "Le Duplex"
}
},
{
"type": "Feature",
"geometry": {
"type": "Point",
"coordinates": [
8.7913268,
41.8667124
]
},
"properties": {
"osm_id": "node/6832073087",
"kind": "restaurant",
"name": "Le Rialto"
}
},
{
"type": "Feature",
"geometry": {
"type": "Point",
"coordinates": [
8.7341239,
42.0222442
]
},
"properties": {
"osm_id": "node/6854588485",
"kind": "restaurant",
"name": "U San Bastianu"
}
},
{
"type": "Feature",
"geometry": {
"type": "Point",
"coordinates": [
9.1593334,
41.3873722
]
},
"properties": {
"osm_id": "node/6860016459",
"kind": "delicatessen",
"name": "L'Oriu di Chera",
"opening_hours": "Mo-Su 10:30-19:00"
}
},
{
"type": "Feature",
"geometry": {
"type": "Point",
"coordinates": [
9.1578354,
41.3867092
]
},
"properties": {
"osm_id": "node/6860016460",
"kind": "ice cream",
"name": "Rocca Serra"
}
},
{
"type": "Feature",
"geometry": {
"type": "Point",
"coordinates": [
8.812188,
42.2515281
]
},
"properties": {
"osm_id": "node/6886352826",
"kind": "restaurant",
"name": ""
}
},
{
"type": "Feature",
"geometry": {
"type": "Point",
"coordinates": [
9.2161295,
41.4089007
]
},
"properties": {
"osm_id": "node/6928578652",
"kind": "restaurant",
"name": "Maora Beach"
}
},
{
"type": "Feature",
"geometry": {
"type": "Point",
"coordinates": [
9.4467459,
42.6964385
]
},
"properties": {
"osm_id": "node/6934286212",
"kind": "bar",
"name": "Flying Circus",
"opening_hours": "Mo 07:00-14:00; Tu-Fr 07:00-02:00; Sa 17:30-02:00"
}
},
{
"type": "Feature",
"geometry": {
"type": "Point",
"coordinates": [
8.7633671,
41.8085294
]
},
"properties": {
"osm_id": "node/6987679013",
"kind": "restaurant",
"name": "Crêperie La Rustica"
}
},
{
"type": "Feature",
"geometry": {
"type": "Point",
"coordinates": [
8.7376536,
41.9197442
]
},
"properties": {
"osm_id": "node/7097446440",
"kind": "restaurant",
"name": "Cafe Latin"
}
},
{
"type": "Feature",
"geometry": {
"type": "Point",
"coordinates": [
8.9002978,
41.6755725
]
},
"properties": {
"osm_id": "node/7097446442",
"kind": "snack bar",
"name": "No stress caffe"
}
},
{
"type": "Feature",
"geometry": {
"type": "Point",
"coordinates": [
8.8981168,
41.6761104
]
},
"properties": {
"osm_id": "node/7097446444",
"kind": "restaurant",
"name": "Cocodile"
}
},
{
"type": "Feature",
"geometry": {
"type": "Point",
"coordinates": [
8.9188981,
41.718288
]
},
"properties": {
"osm_id": "node/7097446454",
"kind": "small shop",
"name": "U Paese"
}
},
{
"type": "Feature",
"geometry": {
"type": "Point",
"coordinates": [
8.9189731,
41.7184065
]
},
"properties": {
"osm_id": "node/7097446455",
"kind": "restaurant",
"name": "Chez Antoine"
}
},
{
"type": "Feature",
"geometry": {
"type": "Point",
"coordinates": [
8.9386839,
41.6500734
]
},
"properties": {
"osm_id": "node/7097446470",
"kind": "greengrocer",
"name": ""
}
},
{
"type": "Feature",
"geometry": {
"type": "Point",
"coordinates": [
8.9653071,
41.8841355
]
},
"properties": {
"osm_id": "node/7106761294",
"kind": "restaurant",
"name": "U Fiumicellu"
}
},
{
"type": "Feature",
"geometry": {
"type": "Point",
"coordinates": [
8.7261053,
41.9134289
]
},
"properties": {
"osm_id": "node/7107778105",
"kind": "bar",
"name": "Beau Soleil"
}
},
{
"type": "Feature",
"geometry": {
"type": "Point",
"coordinates": [
8.7260918,
41.9132952
]
},
"properties": {
"osm_id": "node/7107869855",
"kind": "bakery",
"name": "Boulangerie Pâtisserie Caviglioli"
}
},
{
"type": "Feature",
"geometry": {
"type": "Point",
"coordinates": [
8.8589613,
42.5090992
]
},
"properties": {
"osm_id": "node/7139335049",
"kind": "bakery",
"name": "L'Amadeus"
}
},
{
"type": "Feature",
"geometry": {
"type": "Point",
"coordinates": [
8.8558467,
42.5088738
]
},
"properties": {
"osm_id": "node/7139348105",
"kind": "restaurant",
"name": "Le Calenzana"
}
},
{
"type": "Feature",
"geometry": {
"type": "Point",
"coordinates": [
9.2073942,
42.4607364
]
},
"properties": {
"osm_id": "node/7178743588",
"kind": "fuel station",
"name": "TotalEnergies",
"opening_hours": "24/7"
}
},
{
"type": "Feature",
"geometry": {
"type": "Point",
"coordinates": [
9.45247,
42.70071
]
},
"properties": {
"osm_id": "node/7178767081",
"kind": "fuel station",
"name": "",
"opening_hours": "24/7"
}
},
{
"type": "Feature",
"geometry": {
"type": "Point",
"coordinates": [
9.1673248,
41.7440138
]
},
"properties": {
"osm_id": "node/7208672693",
"kind": "restaurant",
"name": "La ferme \"A Stadda\""
}
},
{
"type": "Feature",
"geometry": {
"type": "Point",
"coordinates": [
9.3602355,
41.6921377
]
},
"properties": {
"osm_id": "node/7284298725",
"kind": "restaurant",
"name": "A Strada"
}
},
{
"type": "Feature",
"geometry": {
"type": "Point",
"coordinates": [
9.0055451,
42.5494852
]
},
"properties": {
"osm_id": "node/736942381",
"kind": "restaurant",
"name": "Snack Merendella"
}
},
{
"type": "Feature",
"geometry": {
"type": "Point",
"coordinates": [
8.8736652,
42.5357552
]
},
"properties": {
"osm_id": "node/738942958",
"kind": "restaurant",
"name": "Restaurant Chez Francoise"
}
},
{
"type": "Feature",
"geometry": {
"type": "Point",
"coordinates": [
8.9384686,
42.6336188
]
},
"properties": {
"osm_id": "node/749881694",
"kind": "café",
"name": "Cafe De La Paix"
}
},
{
"type": "Feature",
"geometry": {
"type": "Point",
"coordinates": [
8.9081388,
42.6135462
]
},
"properties": {
"osm_id": "node/7512363628",
"kind": "small shop",
"name": "Maison Sarelli"
}
},
{
"type": "Feature",
"geometry": {
"type": "Point",
"coordinates": [
8.9379286,
42.6326107
]
},
"properties": {
"osm_id": "node/7512366382",
"kind": "bakery",
"name": ""
}
},
{
"type": "Feature",
"geometry": {
"type": "Point",
"coordinates": [
8.9050572,
42.6135607
]
},
"properties": {
"osm_id": "node/7512396088",
"kind": "restaurant",
"name": "U Furnellu Di Dania"
}
},
{
"type": "Feature",
"geometry": {
"type": "Point",
"coordinates": [
8.9366648,
42.6290883
]
},
"properties": {
"osm_id": "node/752214512",
"kind": "bakery",
"name": "Boulangerie des Iles"
}
},
{
"type": "Feature",
"geometry": {
"type": "Point",
"coordinates": [
8.9405102,
42.6324911
]
},
"properties": {
"osm_id": "node/755787671",
"kind": "fuel station",
"name": "Esso Île Rousse",
"opening_hours": "24/7"
}
},
{
"type": "Feature",
"geometry": {
"type": "Point",
"coordinates": [
8.9379628,
42.6325212
]
},
"properties": {
"osm_id": "node/755787717",
"kind": "supermarket",
"name": "Auchan Supermarché",
"opening_hours": "Mo-Sa 08:00-19:30; Su 08:00-19:00"
}
},
{
"type": "Feature",
"geometry": {
"type": "Point",
"coordinates": [
8.7940331,
41.9834044
]
},
"properties": {
"osm_id": "node/759546416",
"kind": "supermarket",
"name": "Marché d'Afa"
}
},
{
"type": "Feature",
"geometry": {
"type": "Point",
"coordinates": [
9.2670688,
41.5827882
]
},
"properties": {
"osm_id": "node/7612811259",
"kind": "bakery",
"name": "Boulangerie Pâtisserie Paul Mallaroni",
"opening_hours": "Mo-Sa 07:00-19:45"
}
},
{
"type": "Feature",
"geometry": {
"type": "Point",
"coordinates": [
9.2903687,
41.6256904
]
},
"properties": {
"osm_id": "node/7616856745",
"kind": "bar",
"name": ""
}
},
{
"type": "Feature",
"geometry": {
"type": "Point",
"coordinates": [
9.2901555,
41.6253687
]
},
"properties": {
"osm_id": "node/7616856754",
"kind": "snack bar",
"name": ""
}
},
{
"type": "Feature",
"geometry": {
"type": "Point",
"coordinates": [
9.2902547,
41.6247361
]
},
"properties": {
"osm_id": "node/7616856851",
"kind": "supermarket",
"name": "Carrefour Market",
"opening_hours": "Mo-Su 08:30-20:30"
}
},
{
"type": "Feature",
"geometry": {
"type": "Point",
"coordinates": [
9.2899355,
41.62431
]
},
"properties": {
"osm_id": "node/7616856856",
"kind": "restaurant",
"name": "L'Appétit"
}
},
{
"type": "Feature",
"geometry": {
"type": "Point",
"coordinates": [
9.2799376,
41.6125276
]
},
"properties": {
"osm_id": "node/7616857035",
"kind": "restaurant",
"name": "Le Roi Theodore"
}
},
{
"type": "Feature",
"geometry": {
"type": "Point",
"coordinates": [
9.2679682,
41.6024288
]
},
"properties": {
"osm_id": "node/7616857258",
"kind": "small shop",
"name": "La maison des artisans"
}
},
{
"type": "Feature",
"geometry": {
"type": "Point",
"coordinates": [
9.2679441,
41.6030847
]
},
"properties": {
"osm_id": "node/7616857264",
"kind": "small shop",
"name": ""
}
},
{
"type": "Feature",
"geometry": {
"type": "Point",
"coordinates": [
9.2773902,
41.6074858
]
},
"properties": {
"osm_id": "node/7616857765",
"kind": "small shop",
"name": "Casinodrive"
}
},
{
"type": "Feature",
"geometry": {
"type": "Point",
"coordinates": [
9.28161,
41.5860253
]
},
"properties": {
"osm_id": "node/7623372585",
"kind": "supermarket",
"name": "Auchan Supermarché",
"opening_hours": "Mo-Sa 08:00-20:00; Su 08:00-19:30"
}
},
{
"type": "Feature",
"geometry": {
"type": "Point",
"coordinates": [
9.2766854,
41.5935135
]
},
"properties": {
"osm_id": "node/7632938345",
"kind": "bar",
"name": ""
}
},
{
"type": "Feature",
"geometry": {
"type": "Point",
"coordinates": [
9.2774435,
41.5900832
]
},
"properties": {
"osm_id": "node/7632938511",
"kind": "bar",
"name": "Salad'Bar"
}
},
{
"type": "Feature",
"geometry": {
"type": "Point",
"coordinates": [
8.7587544,
42.5671456
]
},
"properties": {
"osm_id": "node/7638798885",
"kind": "restaurant",
"name": "Mamma Lucia"
}
},
{
"type": "Feature",
"geometry": {
"type": "Point",
"coordinates": [
9.1589867,
41.3871873
]
},
"properties": {
"osm_id": "node/7645957910",
"kind": "ice cream",
"name": "Chez Vincent"
}
},
{
"type": "Feature",
"geometry": {
"type": "Point",
"coordinates": [
9.0132551,
42.6399158
]
},
"properties": {
"osm_id": "node/765889874",
"kind": "restaurant",
"name": ""
}
},
{
"type": "Feature",
"geometry": {
"type": "Point",
"coordinates": [
9.0137454,
42.6367213
]
},
"properties": {
"osm_id": "node/765889875",
"kind": "small shop",
"name": "Little market"
}
},
{
"type": "Feature",
"geometry": {
"type": "Point",
"coordinates": [
9.4527549,
42.9594403
]
},
"properties": {
"osm_id": "node/7659036085",
"kind": "restaurant",
"name": "U Lampione"
}
},
{
"type": "Feature",
"geometry": {
"type": "Point",
"coordinates": [
9.33385,
41.6305723
]
},
"properties": {
"osm_id": "node/7666968975",
"kind": "restaurant",
"name": ""
}
},
{
"type": "Feature",
"geometry": {
"type": "Point",
"coordinates": [
9.2794414,
41.6114673
]
},
"properties": {
"osm_id": "node/7666969185",
"kind": "café",
"name": "GoldLounge"
}
},
{
"type": "Feature",
"geometry": {
"type": "Point",
"coordinates": [
9.3296939,
41.6321551
]
},
"properties": {
"osm_id": "node/7668035637",
"kind": "small shop",
"name": "Cantina Di Cala Rossa"
}
},
{
"type": "Feature",
"geometry": {
"type": "Point",
"coordinates": [
9.3455847,
41.6319366
]
},
"properties": {
"osm_id": "node/7671054676",
"kind": "snack bar",
"name": ""
}
},
{
"type": "Feature",
"geometry": {
"type": "Point",
"coordinates": [
9.3455163,
41.6323125
]
},
"properties": {
"osm_id": "node/7671054677",
"kind": "snack bar",
"name": "l'Aria Marina"
}
},
{
"type": "Feature",
"geometry": {
"type": "Point",
"coordinates": [
9.3288088,
41.6449251
]
},
"properties": {
"osm_id": "node/7673419641",
"kind": "snack bar",
"name": "Pizza'Morn"
}
},
{
"type": "Feature",
"geometry": {
"type": "Point",
"coordinates": [
9.3181698,
41.6811917
]
},
"properties": {
"osm_id": "node/7677641911",
"kind": "restaurant",
"name": "Le Bistrot du boulanger"
}
},
{
"type": "Feature",
"geometry": {
"type": "Point",
"coordinates": [
9.3182006,
41.6812498
]
},
"properties": {
"osm_id": "node/7677641912",
"kind": "bakery",
"name": ""
}
},
{
"type": "Feature",
"geometry": {
"type": "Point",
"coordinates": [
9.2985307,
41.674163
]
},
"properties": {
"osm_id": "node/7677642157",
"kind": "restaurant",
"name": ""
}
},
{
"type": "Feature",
"geometry": {
"type": "Point",
"coordinates": [
9.3178131,
41.6798535
]
},
"properties": {
"osm_id": "node/7677642209",
"kind": "restaurant",
"name": "Belle Terre"
}
},
{
"type": "Feature",
"geometry": {
"type": "Point",
"coordinates": [
9.3169655,
41.6792425
]
},
"properties": {
"osm_id": "node/7677642250",
"kind": "small shop",
"name": ""
}
},
{
"type": "Feature",
"geometry": {
"type": "Point",
"coordinates": [
9.2214003,
41.3767182
]
},
"properties": {
"osm_id": "node/767837938",
"kind": "bar",
"name": "Le Ponton"
}
},
{
"type": "Feature",
"geometry": {
"type": "Point",
"coordinates": [
9.4498331,
42.6972373
]
},
"properties": {
"osm_id": "node/7679398866",
"kind": "bar",
"name": "Pointbar"
}
},
{
"type": "Feature",
"geometry": {
"type": "Point",
"coordinates": [
9.3197174,
41.6866292
]
},
"properties": {
"osm_id": "node/7680585001",
"kind": "farm shop",
"name": "Domaine Fior di Lecci"
}
},
{
"type": "Feature",
"geometry": {
"type": "Point",
"coordinates": [
9.3424009,
41.6969351
]
},
"properties": {
"osm_id": "node/7682357458",
"kind": "farm shop",
"name": "Fruits et légumes Corses"
}
},
{
"type": "Feature",
"geometry": {
"type": "Point",
"coordinates": [
9.335973,
41.6936235
]
},
"properties": {
"osm_id": "node/7682357526",
"kind": "fuel station",
"name": "Vito",
"opening_hours": "24/7"
}
},
{
"type": "Feature",
"geometry": {
"type": "Point",
"coordinates": [
9.0488978,
41.8941882
]
},
"properties": {
"osm_id": "node/7682835242",
"kind": "restaurant",
"name": "U Taravu"
}
},
{
"type": "Feature",
"geometry": {
"type": "Point",
"coordinates": [
8.9810766,
41.8777659
]
},
"properties": {
"osm_id": "node/7682859629",
"kind": "bar",
"name": "Le Santa Maria"
}
},
{
"type": "Feature",
"geometry": {
"type": "Point",
"coordinates": [
9.3461131,
41.6991871
]
},
"properties": {
"osm_id": "node/7684659892",
"kind": "snack bar",
"name": "A Piazzetta"
}
},
{
"type": "Feature",
"geometry": {
"type": "Point",
"coordinates": [
9.2461148,
42.1729453
]
},
"properties": {
"osm_id": "node/7684764031",
"kind": "restaurant",
"name": "La Grignoterie"
}
},
{
"type": "Feature",
"geometry": {
"type": "Point",
"coordinates": [
9.3695556,
41.6854524
]
},
"properties": {
"osm_id": "node/7688734014",
"kind": "restaurant",
"name": ""
}
},
{
"type": "Feature",
"geometry": {
"type": "Point",
"coordinates": [
9.3676569,
41.6860811
]
},
"properties": {
"osm_id": "node/7688734037",
"kind": "restaurant",
"name": "La Baie de Pinarello",
"opening_hours": "07:00-23:00"
}
},
{
"type": "Feature",
"geometry": {
"type": "Point",
"coordinates": [
9.2026439,
42.6547135
]
},
"properties": {
"osm_id": "node/7692679285",
"kind": "restaurant",
"name": "Rosa Jola"
}
},
{
"type": "Feature",
"geometry": {
"type": "Point",
"coordinates": [
8.9722438,
41.6205319
]
},
"properties": {
"osm_id": "node/7699122785",
"kind": "restaurant",
"name": "Le Bistrotek"
}
},
{
"type": "Feature",
"geometry": {
"type": "Point",
"coordinates": [
9.2796017,
41.5900968
]
},
"properties": {
"osm_id": "node/7704484985",
"kind": "restaurant",
"name": "A Casetta"
}
},
{
"type": "Feature",
"geometry": {
"type": "Point",
"coordinates": [
9.1596084,
41.3871844
]
},
"properties": {
"osm_id": "node/7705289587",
"kind": "bar",
"name": "Soboco"
}
},
{
"type": "Feature",
"geometry": {
"type": "Point",
"coordinates": [
8.8246503,
41.923613
]
},
"properties": {
"osm_id": "node/7724099104",
"kind": "restaurant",
"name": ""
}
},
{
"type": "Feature",
"geometry": {
"type": "Point",
"coordinates": [
8.8305778,
41.9220011
]
},
"properties": {
"osm_id": "node/7724099959",
"kind": "supermarket",
"name": "Spar",
"opening_hours": "Mo-Sa 08:00-18:00; Su 08:30-13:00"
}
},
{
"type": "Feature",
"geometry": {
"type": "Point",
"coordinates": [
9.5134943,
42.1160416
]
},
"properties": {
"osm_id": "node/7724107255",
"kind": "restaurant",
"name": "L'Empereur"
}
},
{
"type": "Feature",
"geometry": {
"type": "Point",
"coordinates": [
9.3480321,
41.7001222
]
},
"properties": {
"osm_id": "node/772473668",
"kind": "bakery",
"name": "U Pani Casanu",
"opening_hours": "Mo-Sa 06:30-14:00,15:00-20:00; Su 06:30-14:00,16:00-20:00"
}
},
{
"type": "Feature",
"geometry": {
"type": "Point",
"coordinates": [
9.1610523,
41.3925569
]
},
"properties": {
"osm_id": "node/7730279503",
"kind": "farm shop",
"name": "Ovu d'Oro"
}
},
{
"type": "Feature",
"geometry": {
"type": "Point",
"coordinates": [
8.9049943,
41.6761203
]
},
"properties": {
"osm_id": "node/7732534728",
"kind": "restaurant",
"name": "Chez Jojo et Nadine"
}
},
{
"type": "Feature",
"geometry": {
"type": "Point",
"coordinates": [
8.9052035,
41.6761373
]
},
"properties": {
"osm_id": "node/7732534729",
"kind": "bar",
"name": "Red Dragon"
}
},
{
"type": "Feature",
"geometry": {
"type": "Point",
"coordinates": [
8.9132461,
41.6705316
]
},
"properties": {
"osm_id": "node/7732561608",
"kind": "fuel station",
"name": "Vito",
"opening_hours": "24/7"
}
},
{
"type": "Feature",
"geometry": {
"type": "Point",
"coordinates": [
8.9176878,
41.669626
]
},
"properties": {
"osm_id": "node/7732561637",
"kind": "farm shop",
"name": ""
}
},
{
"type": "Feature",
"geometry": {
"type": "Point",
"coordinates": [
8.9165841,
41.6609189
]
},
"properties": {
"osm_id": "node/7732562112",
"kind": "snack bar",
"name": ""
}
},
{
"type": "Feature",
"geometry": {
"type": "Point",
"coordinates": [
8.9188097,
41.6545829
]
},
"properties": {
"osm_id": "node/7732562193",
"kind": "farm shop",
"name": "Fruits et Légumes - Marie-Paule Trébor"
}
},
{
"type": "Feature",
"geometry": {
"type": "Point",
"coordinates": [
9.1509136,
42.3062688
]
},
"properties": {
"osm_id": "node/776764531",
"kind": "café",
"name": "Le Tresor"
}
},
{
"type": "Feature",
"geometry": {
"type": "Point",
"coordinates": [
8.9527045,
41.5709873
]
},
"properties": {
"osm_id": "node/7772918089",
"kind": "restaurant",
"name": "Restaurant U Sirenu"
}
},
{
"type": "Feature",
"geometry": {
"type": "Point",
"coordinates": [
9.3992295,
41.8570482
]
},
"properties": {
"osm_id": "node/7775760594",
"kind": "restaurant",
"name": "O Resto"
}
},
{
"type": "Feature",
"geometry": {
"type": "Point",
"coordinates": [
8.7875795,
42.5380912
]
},
"properties": {
"osm_id": "node/7780692543",
"kind": "greengrocer",
"name": "Local Corse Fruit Market"
}
},
{
"type": "Feature",
"geometry": {
"type": "Point",
"coordinates": [
8.6822166,
42.4651953
]
},
"properties": {
"osm_id": "node/7780735155",
"kind": "small shop",
"name": ""
}
},
{
"type": "Feature",
"geometry": {
"type": "Point",
"coordinates": [
8.914068,
42.6280923
]
},
"properties": {
"osm_id": "node/7785637614",
"kind": "snack bar",
"name": "Foodtruck"
}
},
{
"type": "Feature",
"geometry": {
"type": "Point",
"coordinates": [
9.1382985,
41.7659399
]
},
"properties": {
"osm_id": "node/7791802386",
"kind": "restaurant",
"name": "Alta Rock Café"
}
},
{
"type": "Feature",
"geometry": {
"type": "Point",
"coordinates": [
9.2261133,
42.3268208
]
},
"properties": {
"osm_id": "node/7798755262",
"kind": "restaurant",
"name": "Crêperie l'Aghja Suttana"
}
},
{
"type": "Feature",
"geometry": {
"type": "Point",
"coordinates": [
8.6937894,
42.2676591
]
},
"properties": {
"osm_id": "node/7804928052",
"kind": "restaurant",
"name": "Le Jacaranda"
}
},
{
"type": "Feature",
"geometry": {
"type": "Point",
"coordinates": [
9.4780804,
42.8713064
]
},
"properties": {
"osm_id": "node/7810696323",
"kind": "restaurant",
"name": "Torra Masiena"
}
},
{
"type": "Feature",
"geometry": {
"type": "Point",
"coordinates": [
9.3342132,
41.6298775
]
},
"properties": {
"osm_id": "node/7823889847",
"kind": "snack bar",
"name": "Pizza Rossa"
}
},
{
"type": "Feature",
"geometry": {
"type": "Point",
"coordinates": [
9.3341883,
41.6298145
]
},
"properties": {
"osm_id": "node/7823889848",
"kind": "bar",
"name": "L'Imprevu"
}
},
{
"type": "Feature",
"geometry": {
"type": "Point",
"coordinates": [
9.3341004,
41.6298388
]
},
"properties": {
"osm_id": "node/7823889849",
"kind": "bakery",
"name": "La Tour Viennoise"
}
},
{
"type": "Feature",
"geometry": {
"type": "Point",
"coordinates": [
9.1360225,
41.4994417
]
},
"properties": {
"osm_id": "node/7832666814",
"kind": "restaurant",
"name": ""
}
},
{
"type": "Feature",
"geometry": {
"type": "Point",
"coordinates": [
9.1359892,
41.4994068
]
},
"properties": {
"osm_id": "node/7832666830",
"kind": "farm shop",
"name": ""
}
},
{
"type": "Feature",
"geometry": {
"type": "Point",
"coordinates": [
9.4461415,
42.4886618
]
},
"properties": {
"osm_id": "node/7836775686",
"kind": "restaurant",
"name": "la Grange",
"opening_hours": "Th-Sa 19:00-21:30, Sa,Su 12:00-14:00"
}
},
{
"type": "Feature",
"geometry": {
"type": "Point",
"coordinates": [
8.7603144,
42.5682023
]
},
"properties": {
"osm_id": "node/7840231809",
"kind": "restaurant",
"name": "L'ALTU"
}
},
{
"type": "Feature",
"geometry": {
"type": "Point",
"coordinates": [
8.9632185,
41.6228238
]
},
"properties": {
"osm_id": "node/7846860661",
"kind": "small shop",
"name": "SPAR"
}
},
{
"type": "Feature",
"geometry": {
"type": "Point",
"coordinates": [
9.4502317,
42.6966798
]
},
"properties": {
"osm_id": "node/7846932985",
"kind": "restaurant",
"name": "A Scaletta"
}
},
{
"type": "Feature",
"geometry": {
"type": "Point",
"coordinates": [
9.3449244,
42.7847319
]
},
"properties": {
"osm_id": "node/7846933085",
"kind": "restaurant",
"name": "Boccafine"
}
},
{
"type": "Feature",
"geometry": {
"type": "Point",
"coordinates": [
9.0633378,
41.6975469
]
},
"properties": {
"osm_id": "node/7860923838",
"kind": "small shop",
"name": ""
}
},
{
"type": "Feature",
"geometry": {
"type": "Point",
"coordinates": [
9.061792,
41.6968879
]
},
"properties": {
"osm_id": "node/7861773912",
"kind": "bar",
"name": ""
}
},
{
"type": "Feature",
"geometry": {
"type": "Point",
"coordinates": [
9.0625675,
41.697569
]
},
"properties": {
"osm_id": "node/7861872935",
"kind": "bakery",
"name": "Au Point Chaud"
}
},
{
"type": "Feature",
"geometry": {
"type": "Point",
"coordinates": [
9.064154,
41.6979438
]
},
"properties": {
"osm_id": "node/7861872939",
"kind": "restaurant",
"name": "Chez Dume"
}
},
{
"type": "Feature",
"geometry": {
"type": "Point",
"coordinates": [
8.7092159,
42.2618257
]
},
"properties": {
"osm_id": "node/7865663309",
"kind": "restaurant",
"name": "U Ponte"
}
},
{
"type": "Feature",
"geometry": {
"type": "Point",
"coordinates": [
8.5970025,
42.136108
]
},
"properties": {
"osm_id": "node/7873829244",
"kind": "snack bar",
"name": "O P'tit en k"
}
},
{
"type": "Feature",
"geometry": {
"type": "Point",
"coordinates": [
8.5971816,
42.1356753
]
},
"properties": {
"osm_id": "node/7873829250",
"kind": "restaurant",
"name": "A Cantina"
}
},
{
"type": "Feature",
"geometry": {
"type": "Point",
"coordinates": [
8.5973016,
42.1354015
]
},
"properties": {
"osm_id": "node/7873829251",
"kind": "bar",
"name": "Leca",
"opening_hours": "Mo-Su 09:00-23:00"
}
},
{
"type": "Feature",
"geometry": {
"type": "Point",
"coordinates": [
8.5969677,
42.1353405
]
},
"properties": {
"osm_id": "node/7873829259",
"kind": "farm shop",
"name": "Terra Corsa"
}
},
{
"type": "Feature",
"geometry": {
"type": "Point",
"coordinates": [
8.596857,
42.1343389
]
},
"properties": {
"osm_id": "node/7873829275",
"kind": "bar",
"name": "Au bon Accueil"
}
},
{
"type": "Feature",
"geometry": {
"type": "Point",
"coordinates": [
8.6490381,
42.1202019
]
},
"properties": {
"osm_id": "node/7876628286",
"kind": "snack bar",
"name": "A Paolina"
}
},
{
"type": "Feature",
"geometry": {
"type": "Point",
"coordinates": [
8.6941208,
42.1155022
]
},
"properties": {
"osm_id": "node/7877861913",
"kind": "restaurant",
"name": "Cyrnos"
}
},
{
"type": "Feature",
"geometry": {
"type": "Point",
"coordinates": [
8.6664326,
41.9941349
]
},
"properties": {
"osm_id": "node/7885226553",
"kind": "snack bar",
"name": "Chez Jacky et letitzia"
}
},
{
"type": "Feature",
"geometry": {
"type": "Point",
"coordinates": [
9.2796367,
41.590119
]
},
"properties": {
"osm_id": "node/7886436485",
"kind": "restaurant",
"name": "l’Antigu"
}
},
{
"type": "Feature",
"geometry": {
"type": "Point",
"coordinates": [
8.7608824,
42.5684088
]
},
"properties": {
"osm_id": "node/7891828485",
"kind": "restaurant",
"name": "Ô Fao"
}
},
{
"type": "Feature",
"geometry": {
"type": "Point",
"coordinates": [
9.4452336,
42.9565679
]
},
"properties": {
"osm_id": "node/7894036185",
"kind": "fuel station",
"name": "",
"opening_hours": "Mo-Su,PH 00:00-23:59"
}
},
{
"type": "Feature",
"geometry": {
"type": "Point",
"coordinates": [
9.3530366,
42.6983883
]
},
"properties": {
"osm_id": "node/7894210685",
"kind": "bakery",
"name": "L'amie d'or"
}
},
{
"type": "Feature",
"geometry": {
"type": "Point",
"coordinates": [
9.2773226,
41.5901705
]
},
"properties": {
"osm_id": "node/7894855587",
"kind": "restaurant",
"name": "La table de Nathalie"
}
},
{
"type": "Feature",
"geometry": {
"type": "Point",
"coordinates": [
8.9515273,
41.6446497
]
},
"properties": {
"osm_id": "node/7897149296",
"kind": "farm shop",
"name": "Formage Charcuterie Georges Mary"
}
},
{
"type": "Feature",
"geometry": {
"type": "Point",
"coordinates": [
8.9025937,
41.675686
]
},
"properties": {
"osm_id": "node/7897746186",
"kind": "restaurant",
"name": "Tempi Fà"
}
},
{
"type": "Feature",
"geometry": {
"type": "Point",
"coordinates": [
8.7376764,
41.9174852
]
},
"properties": {
"osm_id": "node/7899452285",
"kind": "restaurant",
"name": "Le Papacionu"
}
},
{
"type": "Feature",
"geometry": {
"type": "Point",
"coordinates": [
9.0853022,
41.913242
]
},
"properties": {
"osm_id": "node/7902915054",
"kind": "bar",
"name": ""
}
},
{
"type": "Feature",
"geometry": {
"type": "Point",
"coordinates": [
9.0218116,
41.8958198
]
},
"properties": {
"osm_id": "node/7902915056",
"kind": "bar",
"name": "Bar a funtana"
}
},
{
"type": "Feature",
"geometry": {
"type": "Point",
"coordinates": [
9.0975498,
41.9002827
]
},
"properties": {
"osm_id": "node/7902930504",
"kind": "bar",
"name": ""
}
},
{
"type": "Feature",
"geometry": {
"type": "Point",
"coordinates": [
9.0216318,
41.8959508
]
},
"properties": {
"osm_id": "node/7902958174",
"kind": "snack bar",
"name": ""
}
},
{
"type": "Feature",
"geometry": {
"type": "Point",
"coordinates": [
9.1062999,
41.4281444
]
},
"properties": {
"osm_id": "node/7915871685",
"kind": "restaurant",
"name": "Chez marco"
}
},
{
"type": "Feature",
"geometry": {
"type": "Point",
"coordinates": [
9.3194975,
41.6159787
]
},
"properties": {
"osm_id": "node/7917750216",
"kind": "restaurant",
"name": "La Plage Casadelmar"
}
},
{
"type": "Feature",
"geometry": {
"type": "Point",
"coordinates": [
9.3317364,
41.6201826
]
},
"properties": {
"osm_id": "node/7917771164",
"kind": "restaurant",
"name": "37°2"
}
},
{
"type": "Feature",
"geometry": {
"type": "Point",
"coordinates": [
9.3322782,
41.6204994
]
},
"properties": {
"osm_id": "node/7917771212",
"kind": "restaurant",
"name": "Ranch'O Plage"
}
},
{
"type": "Feature",
"geometry": {
"type": "Point",
"coordinates": [
9.3328764,
41.6208122
]
},
"properties": {
"osm_id": "node/7917771221",
"kind": "snack bar",
"name": "Le Club Plages"
}
},
{
"type": "Feature",
"geometry": {
"type": "Point",
"coordinates": [
9.1553639,
41.9349789
]
},
"properties": {
"osm_id": "node/7926179290",
"kind": "small shop",
"name": "Proxi",
"opening_hours": "Mo-Su 07:00-20:00"
}
},
{
"type": "Feature",
"geometry": {
"type": "Point",
"coordinates": [
8.9455136,
41.6487167
]
},
"properties": {
"osm_id": "node/7942567331",
"kind": "small shop",
"name": "Vival"
}
},
{
"type": "Feature",
"geometry": {
"type": "Point",
"coordinates": [
9.0581648,
42.0810698
]
},
"properties": {
"osm_id": "node/7948795099",
"kind": "restaurant",
"name": "Auberge A Tanedda"
}
},
{
"type": "Feature",
"geometry": {
"type": "Point",
"coordinates": [
8.9719938,
41.6220594
]
},
"properties": {
"osm_id": "node/7960083885",
"kind": "restaurant",
"name": "La Storia"
}
},
{
"type": "Feature",
"geometry": {
"type": "Point",
"coordinates": [
8.8145646,
41.6292888
]
},
"properties": {
"osm_id": "node/7960083886",
"kind": "restaurant",
"name": "U Spuntinu"
}
},
{
"type": "Feature",
"geometry": {
"type": "Point",
"coordinates": [
8.708037,
42.1006815
]
},
"properties": {
"osm_id": "node/7960101985",
"kind": "restaurant",
"name": "Le Santana"
}
},
{
"type": "Feature",
"geometry": {
"type": "Point",
"coordinates": [
9.2039469,
41.4030569
]
},
"properties": {
"osm_id": "node/7961055685",
"kind": "restaurant",
"name": "A Suliata"
}
},
{
"type": "Feature",
"geometry": {
"type": "Point",
"coordinates": [
8.8350104,
42.577793
]
},
"properties": {
"osm_id": "node/7969674985",
"kind": "bar",
"name": "U Caffe di a Mossa"
}
},
{
"type": "Feature",
"geometry": {
"type": "Point",
"coordinates": [
9.2780396,
41.5903081
]
},
"properties": {
"osm_id": "node/7973838117",
"kind": "bar",
"name": "Les Plaisirs du Vin"
}
},
{
"type": "Feature",
"geometry": {
"type": "Point",
"coordinates": [
9.2786958,
41.590572
]
},
"properties": {
"osm_id": "node/7973862050",
"kind": "restaurant",
"name": "Sous La Tonnelle"
}
},
{
"type": "Feature",
"geometry": {
"type": "Point",
"coordinates": [
9.2788196,
41.590383
]
},
"properties": {
"osm_id": "node/7973864554",
"kind": "snack bar",
"name": "Burger coffee"
}
},
{
"type": "Feature",
"geometry": {
"type": "Point",
"coordinates": [
9.1585014,
41.3870703
]
},
"properties": {
"osm_id": "node/7982270586",
"kind": "restaurant",
"name": "L'Archivolto"
}
},
{
"type": "Feature",
"geometry": {
"type": "Point",
"coordinates": [
9.1608596,
41.3872788
]
},
"properties": {
"osm_id": "node/7984424585",
"kind": "restaurant",
"name": "L'En Faim"
}
},
{
"type": "Feature",
"geometry": {
"type": "Point",
"coordinates": [
9.3490103,
42.9657134
]
},
"properties": {
"osm_id": "node/7988360885",
"kind": "restaurant",
"name": "U Cavallu di Mare"
}
},
{
"type": "Feature",
"geometry": {
"type": "Point",
"coordinates": [
8.8546791,
42.5079601
]
},
"properties": {
"osm_id": "node/7994528591",
"kind": "bakery",
"name": "U Castellu Di Santarellu"
}
},
{
"type": "Feature",
"geometry": {
"type": "Point",
"coordinates": [
8.8544892,
42.5078615
]
},
"properties": {
"osm_id": "node/7994593386",
"kind": "restaurant",
"name": "Prince Pierre"
}
},
{
"type": "Feature",
"geometry": {
"type": "Point",
"coordinates": [
8.8544002,
42.5077829
]
},
"properties": {
"osm_id": "node/7994593486",
"kind": "bar",
"name": "Bar Picciu"
}
},
{
"type": "Feature",
"geometry": {
"type": "Point",
"coordinates": [
8.8551171,
42.5085556
]
},
"properties": {
"osm_id": "node/7995622885",
"kind": "restaurant",
"name": "L'Alivu"
}
},
{
"type": "Feature",
"geometry": {
"type": "Point",
"coordinates": [
8.7583481,
42.5664903
]
},
"properties": {
"osm_id": "node/7995647486",
"kind": "restaurant",
"name": "La Bohème"
}
},
{
"type": "Feature",
"geometry": {
"type": "Point",
"coordinates": [
8.7584573,
42.566406
]
},
"properties": {
"osm_id": "node/7995657685",
"kind": "bar",
"name": "Golfe taverne"
}
},
{
"type": "Feature",
"geometry": {
"type": "Point",
"coordinates": [
8.7569426,
42.565596
]
},
"properties": {
"osm_id": "node/7996653186",
"kind": "restaurant",
"name": "L'Escale Café"
}
},
{
"type": "Feature",
"geometry": {
"type": "Point",
"coordinates": [
8.7571533,
42.5657532
]
},
"properties": {
"osm_id": "node/7996656085",
"kind": "restaurant",
"name": "L'Amphi"
}
},
{
"type": "Feature",
"geometry": {
"type": "Point",
"coordinates": [
8.7568492,
42.5654898
]
},
"properties": {
"osm_id": "node/7996656185",
"kind": "restaurant",
"name": "Captain' Resto"
}
},
{
"type": "Feature",
"geometry": {
"type": "Point",
"coordinates": [
9.2777895,
41.5901967
]
},
"properties": {
"osm_id": "node/8013235286",
"kind": "small shop",
"name": "Épicerie Délicatesse"
}
},
{
"type": "Feature",
"geometry": {
"type": "Point",
"coordinates": [
9.159202,
41.386798
]
},
"properties": {
"osm_id": "node/8013243462",
"kind": "small shop",
"name": ""
}
},
{
"type": "Feature",
"geometry": {
"type": "Point",
"coordinates": [
9.1686153,
41.3876738
]
},
"properties": {
"osm_id": "node/8013265005",
"kind": "bakery",
"name": "L'Ortulinu",
"opening_hours": "Tu-Sa 08:00-14:00; Th off"
}
},
{
"type": "Feature",
"geometry": {
"type": "Point",
"coordinates": [
9.1598585,
41.3874944
]
},
"properties": {
"osm_id": "node/8013269628",
"kind": "restaurant",
"name": "Le Bastion"
}
},
{
"type": "Feature",
"geometry": {
"type": "Point",
"coordinates": [
9.5554514,
42.2150095
]
},
"properties": {
"osm_id": "node/8089789706",
"kind": "restaurant",
"name": "Bagheera"
}
},
{
"type": "Feature",
"geometry": {
"type": "Point",
"coordinates": [
8.7615125,
42.5546032
]
},
"properties": {
"osm_id": "node/8108985133",
"kind": "fuel station",
"name": "TotalEnergies",
"opening_hours": "24/7"
}
},
{
"type": "Feature",
"geometry": {
"type": "Point",
"coordinates": [
9.1616575,
41.3879
]
},
"properties": {
"osm_id": "node/8117551431",
"kind": "snack bar",
"name": "Pita"
}
},
{
"type": "Feature",
"geometry": {
"type": "Point",
"coordinates": [
8.7571996,
42.5655668
]
},
"properties": {
"osm_id": "node/8176430618",
"kind": "bar",
"name": "l'escale"
}
},
{
"type": "Feature",
"geometry": {
"type": "Point",
"coordinates": [
8.8617996,
42.6085916
]
},
"properties": {
"osm_id": "node/821886014",
"kind": "restaurant",
"name": "Vieille Cave"
}
},
{
"type": "Feature",
"geometry": {
"type": "Point",
"coordinates": [
8.9173907,
41.6790995
]
},
"properties": {
"osm_id": "node/8238217379",
"kind": "restaurant",
"name": "A Cena"
}
},
{
"type": "Feature",
"geometry": {
"type": "Point",
"coordinates": [
8.7112398,
41.9089175
]
},
"properties": {
"osm_id": "node/8242964727",
"kind": "snack bar",
"name": "Atout Pizza"
}
},
{
"type": "Feature",
"geometry": {
"type": "Point",
"coordinates": [
8.7093335,
41.9086352
]
},
"properties": {
"osm_id": "node/8242964728",
"kind": "restaurant",
"name": "Rôtisserie Alain"
}
},
{
"type": "Feature",
"geometry": {
"type": "Point",
"coordinates": [
8.7364499,
41.93527
]
},
"properties": {
"osm_id": "node/8255089439",
"kind": "bakery",
"name": "Brasilia"
}
},
{
"type": "Feature",
"geometry": {
"type": "Point",
"coordinates": [
8.9643635,
41.8692999
]
},
"properties": {
"osm_id": "node/8279189517",
"kind": "bakery",
"name": "Dolce'Val"
}
},
{
"type": "Feature",
"geometry": {
"type": "Point",
"coordinates": [
9.4490607,
42.7018997
]
},
"properties": {
"osm_id": "node/8296074653",
"kind": "snack bar",
"name": "LPR"
}
},
{
"type": "Feature",
"geometry": {
"type": "Point",
"coordinates": [
9.4494484,
42.7016252
]
},
"properties": {
"osm_id": "node/8296074658",
"kind": "supermarket",
"name": "Spar",
"opening_hours": "Mo-Sa 07:00-20:00; Su 07:00-13:00"
}
},
{
"type": "Feature",
"geometry": {
"type": "Point",
"coordinates": [
9.449419,
42.7009391
]
},
"properties": {
"osm_id": "node/8296074685",
"kind": "bar",
"name": "BAR LE RANCHO"
}
},
{
"type": "Feature",
"geometry": {
"type": "Point",
"coordinates": [
9.4494009,
42.7008001
]
},
"properties": {
"osm_id": "node/8296074702",
"kind": "delicatessen",
"name": "A Campagna produits corses"
}
},
{
"type": "Feature",
"geometry": {
"type": "Point",
"coordinates": [
9.4492846,
42.7004781
]
},
"properties": {
"osm_id": "node/8296074706",
"kind": "café",
"name": "ROYAL BAR"
}
},
{
"type": "Feature",
"geometry": {
"type": "Point",
"coordinates": [
9.4493181,
42.7000162
]
},
"properties": {
"osm_id": "node/8296375087",
"kind": "supermarket",
"name": "Spar",
"opening_hours": "Mo 09:00-13:00,15:00-20:00; Tu-We 09:00-13:00,14:00-20:00; Th 09:00-20:00; Fr 09:00-13:00,14:00-20:00; Sa 09:00-20:00; Su 10:00-13:00,16:00-20:00"
}
},
{
"type": "Feature",
"geometry": {
"type": "Point",
"coordinates": [
9.4500398,
42.7020807
]
},
"properties": {
"osm_id": "node/8296879565",
"kind": "restaurant",
"name": "La Renaissance"
}
},
{
"type": "Feature",
"geometry": {
"type": "Point",
"coordinates": [
9.4499429,
42.7017804
]
},
"properties": {
"osm_id": "node/8296879567",
"kind": "restaurant",
"name": "Le Petit Montmartre"
}
},
{
"type": "Feature",
"geometry": {
"type": "Point",
"coordinates": [
9.4517651,
42.696606
]
},
"properties": {
"osm_id": "node/8303389343",
"kind": "restaurant",
"name": "U Paisanu"
}
},
{
"type": "Feature",
"geometry": {
"type": "Point",
"coordinates": [
9.5338524,
42.3953786
]
},
"properties": {
"osm_id": "node/8310650056",
"kind": "restaurant",
"name": "Restaurant le Podgio"
}
},
{
"type": "Feature",
"geometry": {
"type": "Point",
"coordinates": [
9.4500954,
42.6994943
]
},
"properties": {
"osm_id": "node/8319325246",
"kind": "café",
"name": "Le café du centre"
}
},
{
"type": "Feature",
"geometry": {
"type": "Point",
"coordinates": [
9.4499648,
42.6996998
]
},
"properties": {
"osm_id": "node/8319325260",
"kind": "bakery",
"name": "Gourmandine"
}
},
{
"type": "Feature",
"geometry": {
"type": "Point",
"coordinates": [
9.4500701,
42.7000155
]
},
"properties": {
"osm_id": "node/8319325265",
"kind": "restaurant",
"name": "Pub Concorde"
}
},
{
"type": "Feature",
"geometry": {
"type": "Point",
"coordinates": [
9.4502579,
42.700219
]
},
"properties": {
"osm_id": "node/8319325273",
"kind": "snack bar",
"name": "Le Saint Nicolas"
}
},
{
"type": "Feature",
"geometry": {
"type": "Point",
"coordinates": [
9.3464693,
41.6379779
]
},
"properties": {
"osm_id": "node/834242014",
"kind": "restaurant",
"name": "U Tragulinu"
}
},
{
"type": "Feature",
"geometry": {
"type": "Point",
"coordinates": [
9.3461181,
41.6383183
]
},
"properties": {
"osm_id": "node/834242017",
"kind": "bakery",
"name": "La Canne A Sucre Plage",
"opening_hours": "Mo-Su 07:30-12:30,16:30-19:30"
}
},
{
"type": "Feature",
"geometry": {
"type": "Point",
"coordinates": [
9.3462818,
41.6385371
]
},
"properties": {
"osm_id": "node/834242019",
"kind": "small shop",
"name": "Epicerie",
"opening_hours": "08:00-13:00,16:00-20:00"
}
},
{
"type": "Feature",
"geometry": {
"type": "Point",
"coordinates": [
9.3468792,
41.6382414
]
},
"properties": {
"osm_id": "node/834242022",
"kind": "restaurant",
"name": "U San Ciprianu"
}
},
{
"type": "Feature",
"geometry": {
"type": "Point",
"coordinates": [
9.3462057,
41.6382797
]
},
"properties": {
"osm_id": "node/834242033",
"kind": "restaurant",
"name": "Emporium"
}
},
{
"type": "Feature",
"geometry": {
"type": "Point",
"coordinates": [
9.3461381,
41.6385807
]
},
"properties": {
"osm_id": "node/834242038",
"kind": "café",
"name": "Willow",
"opening_hours": "Mo-Su,PH 10:00-14:00,16:00-23:00"
}
},
{
"type": "Feature",
"geometry": {
"type": "Point",
"coordinates": [
9.1578197,
41.3870723
]
},
"properties": {
"osm_id": "node/835973072",
"kind": "restaurant",
"name": "U Fragnu"
}
},
{
"type": "Feature",
"geometry": {
"type": "Point",
"coordinates": [
9.1509753,
41.3864684
]
},
"properties": {
"osm_id": "node/835973074",
"kind": "restaurant",
"name": "Le P'ticafè"
}
},
{
"type": "Feature",
"geometry": {
"type": "Point",
"coordinates": [
9.1584619,
41.3867989
]
},
"properties": {
"osm_id": "node/835973078",
"kind": "restaurant",
"name": "Stella d'Oro"
}
},
{
"type": "Feature",
"geometry": {
"type": "Point",
"coordinates": [
9.1672278,
41.3888327
]
},
"properties": {
"osm_id": "node/835973081",
"kind": "restaurant",
"name": "Francis"
}
},
{
"type": "Feature",
"geometry": {
"type": "Point",
"coordinates": [
9.1580364,
41.3875569
]
},
"properties": {
"osm_id": "node/835973082",
"kind": "restaurant",
"name": "Aria Nova"
}
},
{
"type": "Feature",
"geometry": {
"type": "Point",
"coordinates": [
9.1592985,
41.3868787
]
},
"properties": {
"osm_id": "node/835973084",
"kind": "restaurant",
"name": "Cantina Doria"
}
},
{
"type": "Feature",
"geometry": {
"type": "Point",
"coordinates": [
9.1576761,
41.3866047
]
},
"properties": {
"osm_id": "node/835973085",
"kind": "restaurant",
"name": "U Castillé"
}
},
{
"type": "Feature",
"geometry": {
"type": "Point",
"coordinates": [
9.158026,
41.3868734
]
},
"properties": {
"osm_id": "node/835973086",
"kind": "restaurant",
"name": "Le Fondago",
"opening_hours": "Mo-Su 11:30-23:00"
}
},
{
"type": "Feature",
"geometry": {
"type": "Point",
"coordinates": [
9.1579478,
41.3870092
]
},
"properties": {
"osm_id": "node/835973087",
"kind": "restaurant",
"name": "Le Royal"
}
},
{
"type": "Feature",
"geometry": {
"type": "Point",
"coordinates": [
9.1648958,
41.3905484
]
},
"properties": {
"osm_id": "node/835973093",
"kind": "fuel station",
"name": "Ets. Botti",
"opening_hours": "24/7"
}
},
{
"type": "Feature",
"geometry": {
"type": "Point",
"coordinates": [
9.1586518,
41.3867547
]
},
"properties": {
"osm_id": "node/835973094",
"kind": "small shop",
"name": "Vival",
"opening_hours": "Mo-Sa 08:00-12:30,15:30-19:30; Su 08:00-12:30"
}
},
{
"type": "Feature",
"geometry": {
"type": "Point",
"coordinates": [
9.1594189,
41.3869279
]
},
"properties": {
"osm_id": "node/835973095",
"kind": "restaurant",
"name": "La Scala"
}
},
{
"type": "Feature",
"geometry": {
"type": "Point",
"coordinates": [
9.1556841,
41.3874973
]
},
"properties": {
"osm_id": "node/835973096",
"kind": "restaurant",
"name": "La minute moule",
"opening_hours": "Mo-Fr, Su 12:00-15:00, 19:00-22:00"
}
},
{
"type": "Feature",
"geometry": {
"type": "Point",
"coordinates": [
9.1634696,
41.3945338
]
},
"properties": {
"osm_id": "node/835973098",
"kind": "bakery",
"name": "Faby & Fils"
}
},
{
"type": "Feature",
"geometry": {
"type": "Point",
"coordinates": [
9.1657484,
41.3924653
]
},
"properties": {
"osm_id": "node/835973100",
"kind": "fuel station",
"name": "Total Araguina",
"opening_hours": "24/7"
}
},
{
"type": "Feature",
"geometry": {
"type": "Point",
"coordinates": [
9.2005075,
41.687477
]
},
"properties": {
"osm_id": "node/835976034",
"kind": "bar",
"name": "La Cascade"
}
},
{
"type": "Feature",
"geometry": {
"type": "Point",
"coordinates": [
9.2518774,
41.4836592
]
},
"properties": {
"osm_id": "node/836711612",
"kind": "restaurant",
"name": "Chez Lili"
}
},
{
"type": "Feature",
"geometry": {
"type": "Point",
"coordinates": [
9.2795928,
41.5912042
]
},
"properties": {
"osm_id": "node/836786035",
"kind": "ice cream",
"name": "Le Glacier de La Place"
}
},
{
"type": "Feature",
"geometry": {
"type": "Point",
"coordinates": [
9.3394363,
41.5795737
]
},
"properties": {
"osm_id": "node/836786052",
"kind": "restaurant",
"name": "U Suaronu"
}
},
{
"type": "Feature",
"geometry": {
"type": "Point",
"coordinates": [
9.2999066,
41.6243484
]
},
"properties": {
"osm_id": "node/836786055",
"kind": "snack bar",
"name": "Chez Franky"
}
},
{
"type": "Feature",
"geometry": {
"type": "Point",
"coordinates": [
9.2973918,
41.6242048
]
},
"properties": {
"osm_id": "node/836786084",
"kind": "bar",
"name": "Le Figuer"
}
},
{
"type": "Feature",
"geometry": {
"type": "Point",
"coordinates": [
9.3350413,
41.5877426
]
},
"properties": {
"osm_id": "node/836786097",
"kind": "restaurant",
"name": "A Teghja"
}
},
{
"type": "Feature",
"geometry": {
"type": "Point",
"coordinates": [
9.2798901,
41.5902319
]
},
"properties": {
"osm_id": "node/836786099",
"kind": "restaurant",
"name": "A Brasgia"
}
},
{
"type": "Feature",
"geometry": {
"type": "Point",
"coordinates": [
9.3358633,
41.6378704
]
},
"properties": {
"osm_id": "node/836786101",
"kind": "restaurant",
"name": "U Fucone"
}
},
{
"type": "Feature",
"geometry": {
"type": "Point",
"coordinates": [
9.2791453,
41.5912733
]
},
"properties": {
"osm_id": "node/836786114",
"kind": "restaurant",
"name": "Au Bon Coin"
}
},
{
"type": "Feature",
"geometry": {
"type": "Point",
"coordinates": [
9.2794362,
41.6139786
]
},
"properties": {
"osm_id": "node/836786119",
"kind": "restaurant",
"name": "Le Saint-Jean"
}
},
{
"type": "Feature",
"geometry": {
"type": "Point",
"coordinates": [
9.2798521,
41.5902561
]
},
"properties": {
"osm_id": "node/836786137",
"kind": "bar",
"name": "La Taverne du Roi"
}
},
{
"type": "Feature",
"geometry": {
"type": "Point",
"coordinates": [
9.3355797,
41.559735
]
},
"properties": {
"osm_id": "node/836786138",
"kind": "restaurant",
"name": "I Pini"
}
},
{
"type": "Feature",
"geometry": {
"type": "Point",
"coordinates": [
9.2790059,
41.5906633
]
},
"properties": {
"osm_id": "node/836786139",
"kind": "restaurant",
"name": "U Spuntinu"
}
},
{
"type": "Feature",
"geometry": {
"type": "Point",
"coordinates": [
9.2994666,
41.6243165
]
},
"properties": {
"osm_id": "node/836786182",
"kind": "greengrocer",
"name": "Chez Eva"
}
},
{
"type": "Feature",
"geometry": {
"type": "Point",
"coordinates": [
9.2794627,
41.6141054
]
},
"properties": {
"osm_id": "node/836786188",
"kind": "bakery",
"name": "Taravella"
}
},
{
"type": "Feature",
"geometry": {
"type": "Point",
"coordinates": [
9.5299889,
42.3644759
]
},
"properties": {
"osm_id": "node/836828904",
"kind": "restaurant",
"name": "U Catagnu",
"opening_hours": "Mo-Su 12:00-14:00,19:00-21:00"
}
},
{
"type": "Feature",
"geometry": {
"type": "Point",
"coordinates": [
9.5298046,
42.3750365
]
},
"properties": {
"osm_id": "node/836828912",
"kind": "small shop",
"name": "A Castagniccia",
"opening_hours": "Mo 08:00-13:00; Tu-Sa 08:00-12:30,14:00-18:00"
}
},
{
"type": "Feature",
"geometry": {
"type": "Point",
"coordinates": [
9.440032,
42.5844602
]
},
"properties": {
"osm_id": "node/836828920",
"kind": "snack bar",
"name": "Ci campemu"
}
},
{
"type": "Feature",
"geometry": {
"type": "Point",
"coordinates": [
9.5295642,
42.3706428
]
},
"properties": {
"osm_id": "node/836828945",
"kind": "restaurant",
"name": "Costa Verde"
}
},
{
"type": "Feature",
"geometry": {
"type": "Point",
"coordinates": [
9.4759003,
42.4922006
]
},
"properties": {
"osm_id": "node/836828950",
"kind": "snack bar",
"name": "Giusto"
}
},
{
"type": "Feature",
"geometry": {
"type": "Point",
"coordinates": [
9.4404369,
42.5662836
]
},
"properties": {
"osm_id": "node/836828976",
"kind": "bakery",
"name": "U Muntese"
}
},
{
"type": "Feature",
"geometry": {
"type": "Point",
"coordinates": [
9.5325867,
42.3505904
]
},
"properties": {
"osm_id": "node/836828979",
"kind": "restaurant",
"name": "Cinderella"
}
},
{
"type": "Feature",
"geometry": {
"type": "Point",
"coordinates": [
9.5393227,
42.3246161
]
},
"properties": {
"osm_id": "node/836828993",
"kind": "café",
"name": "Cafe Sport"
}
},
{
"type": "Feature",
"geometry": {
"type": "Point",
"coordinates": [
9.5082278,
42.4440932
]
},
"properties": {
"osm_id": "node/836829010",
"kind": "restaurant",
"name": "A Rusta"
}
},
{
"type": "Feature",
"geometry": {
"type": "Point",
"coordinates": [
9.5341257,
42.3417315
]
},
"properties": {
"osm_id": "node/836829016",
"kind": "restaurant",
"name": "Pizzeria Marina"
}
},
{
"type": "Feature",
"geometry": {
"type": "Point",
"coordinates": [
9.5302875,
42.3925151
]
},
"properties": {
"osm_id": "node/836829031",
"kind": "restaurant",
"name": "Le QG"
}
},
{
"type": "Feature",
"geometry": {
"type": "Point",
"coordinates": [
9.4420986,
42.5413362
]
},
"properties": {
"osm_id": "node/836829032",
"kind": "restaurant",
"name": "Le Saint Antoine"
}
},
{
"type": "Feature",
"geometry": {
"type": "Point",
"coordinates": [
9.5077038,
42.4449478
]
},
"properties": {
"osm_id": "node/836829034",
"kind": "café",
"name": "L'Escale"
}
},
{
"type": "Feature",
"geometry": {
"type": "Point",
"coordinates": [
9.4748115,
42.4925975
]
},
"properties": {
"osm_id": "node/836829043",
"kind": "snack bar",
"name": "San Anghjlu"
}
},
{
"type": "Feature",
"geometry": {
"type": "Point",
"coordinates": [
9.4647468,
42.5013878
]
},
"properties": {
"osm_id": "node/836829045",
"kind": "bar",
"name": ""
}
},
{
"type": "Feature",
"geometry": {
"type": "Point",
"coordinates": [
9.4404863,
42.5270966
]
},
"properties": {
"osm_id": "node/836829048",
"kind": "restaurant",
"name": "L'Albizzia"
}
},
{
"type": "Feature",
"geometry": {
"type": "Point",
"coordinates": [
9.5220339,
42.4399716
]
},
"properties": {
"osm_id": "node/836829054",
"kind": "restaurant",
"name": "U Ficajole"
}
},
{
"type": "Feature",
"geometry": {
"type": "Point",
"coordinates": [
9.5347409,
42.2091412
]
},
"properties": {
"osm_id": "node/836829075",
"kind": "restaurant",
"name": "U Caradellu"
}
},
{
"type": "Feature",
"geometry": {
"type": "Point",
"coordinates": [
9.5332829,
42.3893252
]
},
"properties": {
"osm_id": "node/836829082",
"kind": "restaurant",
"name": "Brise De Mer (SARL)"
}
},
{
"type": "Feature",
"geometry": {
"type": "Point",
"coordinates": [
9.3078377,
41.666779
]
},
"properties": {
"osm_id": "node/8404111165",
"kind": "small shop",
"name": "Vrac'n Bio",
"opening_hours": "Mo 09:00-13:00,14:30-18:30; Tu 14:00-18:30; We-Sa 08:00-12:00"
}
},
{
"type": "Feature",
"geometry": {
"type": "Point",
"coordinates": [
9.4543666,
42.1431333
]
},
"properties": {
"osm_id": "node/8422288689",
"kind": "farm shop",
"name": "Anne-Marie et Joseph Paolacci",
"opening_hours": "Sep 15-Dec 31 09:00-12:00,14:00-19:00; Sep 15-Dec 31 Th off"
}
},
{
"type": "Feature",
"geometry": {
"type": "Point",
"coordinates": [
9.4466288,
42.1532275
]
},
"properties": {
"osm_id": "node/8422394293",
"kind": "farm shop",
"name": "Jacques Bariani"
}
},
{
"type": "Feature",
"geometry": {
"type": "Point",
"coordinates": [
9.2748763,
41.5784671
]
},
"properties": {
"osm_id": "node/8422487305",
"kind": "fuel station",
"name": "Vito"
}
},
{
"type": "Feature",
"geometry": {
"type": "Point",
"coordinates": [
9.4281798,
42.1688324
]
},
"properties": {
"osm_id": "node/8422502078",
"kind": "farm shop",
"name": "Louis et Hyacinthe Pinna",
"opening_hours": "Aug-Oct 08:00-20:00"
}
},
{
"type": "Feature",
"geometry": {
"type": "Point",
"coordinates": [
8.9726965,
41.6211742
]
},
"properties": {
"osm_id": "node/843155778",
"kind": "snack bar",
"name": "Gustosu"
}
},
{
"type": "Feature",
"geometry": {
"type": "Point",
"coordinates": [
8.7242865,
41.9129734
]
},
"properties": {
"osm_id": "node/844550895",
"kind": "supermarket",
"name": "Carrefour Market",
"opening_hours": "Mo-Sa 08:30-20:30; Su 08:30-20:00"
}
},
{
"type": "Feature",
"geometry": {
"type": "Point",
"coordinates": [
9.2595149,
41.3700573
]
},
"properties": {
"osm_id": "node/8490508328",
"kind": "restaurant",
"name": "La Ferme",
"opening_hours": "Mo-Su 12:00-17:00"
}
},
{
"type": "Feature",
"geometry": {
"type": "Point",
"coordinates": [
9.1522991,
42.1496141
]
},
"properties": {
"osm_id": "node/850817717",
"kind": "fuel station",
"name": "Total",
"opening_hours": "24/7"
}
},
{
"type": "Feature",
"geometry": {
"type": "Point",
"coordinates": [
8.7971625,
41.8521626
]
},
"properties": {
"osm_id": "node/850831168",
"kind": "small shop",
"name": ""
}
},
{
"type": "Feature",
"geometry": {
"type": "Point",
"coordinates": [
9.3004753,
42.6806057
]
},
"properties": {
"osm_id": "node/8518930253",
"kind": "restaurant",
"name": "Le Petit Caporal"
}
},
{
"type": "Feature",
"geometry": {
"type": "Point",
"coordinates": [
8.863113,
42.6081337
]
},
"properties": {
"osm_id": "node/8523823417",
"kind": "restaurant",
"name": "Le Nano"
}
},
{
"type": "Feature",
"geometry": {
"type": "Point",
"coordinates": [
8.8618683,
42.6084115
]
},
"properties": {
"osm_id": "node/8523823424",
"kind": "ice cream",
"name": "La Forteresse"
}
},
{
"type": "Feature",
"geometry": {
"type": "Point",
"coordinates": [
8.8648153,
42.6078072
]
},
"properties": {
"osm_id": "node/8523823425",
"kind": "restaurant",
"name": "Les Arcades"
}
},
{
"type": "Feature",
"geometry": {
"type": "Point",
"coordinates": [
9.4385945,
42.8976829
]
},
"properties": {
"osm_id": "node/8540525692",
"kind": "café",
"name": "patisserie La fée Chocolat"
}
},
{
"type": "Feature",
"geometry": {
"type": "Point",
"coordinates": [
9.3034755,
42.6811727
]
},
"properties": {
"osm_id": "node/8540752498",
"kind": "fuel station",
"name": "Total",
"opening_hours": "24/7"
}
},
{
"type": "Feature",
"geometry": {
"type": "Point",
"coordinates": [
9.4033995,
42.0184402
]
},
"properties": {
"osm_id": "node/8602653690",
"kind": "small shop",
"name": "Épicerie Bio Ghisonaccia",
"opening_hours": "Mo-Tu,Sa 08:00-12:30; Th-Fr 08:00-12:30,14:30-18:30; We,Su off"
}
},
{
"type": "Feature",
"geometry": {
"type": "Point",
"coordinates": [
9.4528418,
42.7038052
]
},
"properties": {
"osm_id": "node/8609969033",
"kind": "restaurant",
"name": "COMO Cucina healthy VG",
"opening_hours": "Mo-Fr 09:00-15:00"
}
},
{
"type": "Feature",
"geometry": {
"type": "Point",
"coordinates": [
8.9490849,
42.1681969
]
},
"properties": {
"osm_id": "node/8732018718",
"kind": "small shop",
"name": ""
}
},
{
"type": "Feature",
"geometry": {
"type": "Point",
"coordinates": [
9.4494855,
42.6966389
]
},
"properties": {
"osm_id": "node/8737147754",
"kind": "bakery",
"name": "Chez Mireille"
}
},
{
"type": "Feature",
"geometry": {
"type": "Point",
"coordinates": [
9.2809428,
41.5920888
]
},
"properties": {
"osm_id": "node/8768495202",
"kind": "restaurant",
"name": "Les Platanes"
}
},
{
"type": "Feature",
"geometry": {
"type": "Point",
"coordinates": [
9.277091,
41.5960747
]
},
"properties": {
"osm_id": "node/8768767137",
"kind": "restaurant",
"name": "U Transmontano"
}
},
{
"type": "Feature",
"geometry": {
"type": "Point",
"coordinates": [
8.7709593,
41.9280283
]
},
"properties": {
"osm_id": "node/8769915719",
"kind": "restaurant",
"name": ""
}
},
{
"type": "Feature",
"geometry": {
"type": "Point",
"coordinates": [
8.9720372,
41.6219202
]
},
"properties": {
"osm_id": "node/8791549039",
"kind": "restaurant",
"name": "La Storia",
"opening_hours": "Mo-Su 12:00-23:00"
}
},
{
"type": "Feature",
"geometry": {
"type": "Point",
"coordinates": [
9.4558283,
42.7225046
]
},
"properties": {
"osm_id": "node/881104238",
"kind": "snack bar",
"name": ""
}
},
{
"type": "Feature",
"geometry": {
"type": "Point",
"coordinates": [
8.596836,
42.1360002
]
},
"properties": {
"osm_id": "node/881168048",
"kind": "restaurant",
"name": "20130"
}
},
{
"type": "Feature",
"geometry": {
"type": "Point",
"coordinates": [
8.6978279,
42.1147293
]
},
"properties": {
"osm_id": "node/882361613",
"kind": "restaurant",
"name": "Le California"
}
},
{
"type": "Feature",
"geometry": {
"type": "Point",
"coordinates": [
9.3032386,
42.6811346
]
},
"properties": {
"osm_id": "node/8823766561",
"kind": "small shop",
"name": "Utile"
}
},
{
"type": "Feature",
"geometry": {
"type": "Point",
"coordinates": [
9.3993623,
41.8574727
]
},
"properties": {
"osm_id": "node/8863961947",
"kind": "restaurant",
"name": "Les Muriers"
}
},
{
"type": "Feature",
"geometry": {
"type": "Point",
"coordinates": [
9.399967,
41.8572354
]
},
"properties": {
"osm_id": "node/8863961960",
"kind": "café",
"name": "Maison kalfleche Solenzara",
"opening_hours": "06:30-19:00"
}
},
{
"type": "Feature",
"geometry": {
"type": "Point",
"coordinates": [
9.2791848,
41.5900843
]
},
"properties": {
"osm_id": "node/886431610",
"kind": "café",
"name": "Ghjacci"
}
},
{
"type": "Feature",
"geometry": {
"type": "Point",
"coordinates": [
9.2789498,
41.5905045
]
},
"properties": {
"osm_id": "node/886431613",
"kind": "ice cream",
"name": "L'Art de la Glace"
}
},
{
"type": "Feature",
"geometry": {
"type": "Point",
"coordinates": [
9.2793799,
41.5905023
]
},
"properties": {
"osm_id": "node/886431615",
"kind": "snack bar",
"name": "Taste"
}
},
{
"type": "Feature",
"geometry": {
"type": "Point",
"coordinates": [
9.2794053,
41.5904855
]
},
"properties": {
"osm_id": "node/886431616",
"kind": "snack bar",
"name": "Pasta Cosi"
}
},
{
"type": "Feature",
"geometry": {
"type": "Point",
"coordinates": [
9.2797883,
41.5901927
]
},
"properties": {
"osm_id": "node/886431640",
"kind": "restaurant",
"name": "Furana a Prova"
}
},
{
"type": "Feature",
"geometry": {
"type": "Point",
"coordinates": [
9.2795248,
41.5907636
]
},
"properties": {
"osm_id": "node/886431658",
"kind": "restaurant",
"name": "La Cantine du Parvis"
}
},
{
"type": "Feature",
"geometry": {
"type": "Point",
"coordinates": [
9.2796161,
41.590882
]
},
"properties": {
"osm_id": "node/886431659",
"kind": "bakery",
"name": "Casa Vechja"
}
},
{
"type": "Feature",
"geometry": {
"type": "Point",
"coordinates": [
9.2797144,
41.5909803
]
},
"properties": {
"osm_id": "node/886431660",
"kind": "café",
"name": "New Bel Ombra"
}
},
{
"type": "Feature",
"geometry": {
"type": "Point",
"coordinates": [
9.2797533,
41.5910205
]
},
"properties": {
"osm_id": "node/886431662",
"kind": "café",
"name": "Les Beaux Arts"
}
},
{
"type": "Feature",
"geometry": {
"type": "Point",
"coordinates": [
9.2798249,
41.5911087
]
},
"properties": {
"osm_id": "node/886431670",
"kind": "restaurant",
"name": "L'Osteria"
}
},
{
"type": "Feature",
"geometry": {
"type": "Point",
"coordinates": [
9.280025,
41.5912305
]
},
"properties": {
"osm_id": "node/886431679",
"kind": "restaurant",
"name": "La Fringale"
}
},
{
"type": "Feature",
"geometry": {
"type": "Point",
"coordinates": [
8.945319,
42.6321278
]
},
"properties": {
"osm_id": "node/886571140",
"kind": "small shop",
"name": "Proxi"
}
},
{
"type": "Feature",
"geometry": {
"type": "Point",
"coordinates": [
8.9454322,
42.6320318
]
},
"properties": {
"osm_id": "node/886571175",
"kind": "fuel station",
"name": "Vito",
"opening_hours": "24/7"
}
},
{
"type": "Feature",
"geometry": {
"type": "Point",
"coordinates": [
9.3027338,
42.6806246
]
},
"properties": {
"osm_id": "node/8869474304",
"kind": "ice cream",
"name": "Maison SALGE",
"opening_hours": "Tu-Su 10:00-12:00, Tu-Su 14:00-18:00"
}
},
{
"type": "Feature",
"geometry": {
"type": "Point",
"coordinates": [
9.3615543,
42.6969442
]
},
"properties": {
"osm_id": "node/8869623448",
"kind": "restaurant",
"name": "L'assiette du Vigneron"
}
},
{
"type": "Feature",
"geometry": {
"type": "Point",
"coordinates": [
9.3262009,
42.5765295
]
},
"properties": {
"osm_id": "node/8869625738",
"kind": "restaurant",
"name": "Le But"
}
},
{
"type": "Feature",
"geometry": {
"type": "Point",
"coordinates": [
9.3616497,
42.6977974
]
},
"properties": {
"osm_id": "node/8869682028",
"kind": "restaurant",
"name": "Libertalia Bistrot Tropical"
}
},
{
"type": "Feature",
"geometry": {
"type": "Point",
"coordinates": [
9.3538947,
42.698433
]
},
"properties": {
"osm_id": "node/8869682624",
"kind": "restaurant",
"name": "U Scontru"
}
},
{
"type": "Feature",
"geometry": {
"type": "Point",
"coordinates": [
9.2997105,
42.6810669
]
},
"properties": {
"osm_id": "node/8871463512",
"kind": "café",
"name": "L'escale"
}
},
{
"type": "Feature",
"geometry": {
"type": "Point",
"coordinates": [
8.9367601,
41.6897347
]
},
"properties": {
"osm_id": "node/8879708017",
"kind": "restaurant",
"name": "Auberge San Ghjuvani"
}
},
{
"type": "Feature",
"geometry": {
"type": "Point",
"coordinates": [
8.6934223,
42.2673232
]
},
"properties": {
"osm_id": "node/8895185161",
"kind": "restaurant",
"name": "El Toro"
}
},
{
"type": "Feature",
"geometry": {
"type": "Point",
"coordinates": [
8.9034699,
42.6146063
]
},
"properties": {
"osm_id": "node/8909420032",
"kind": "restaurant",
"name": "Le Patio",
"opening_hours": "24/7"
}
},
{
"type": "Feature",
"geometry": {
"type": "Point",
"coordinates": [
9.283385,
41.5892929
]
},
"properties": {
"osm_id": "node/891025581",
"kind": "restaurant",
"name": "Le Lodge"
}
},
{
"type": "Feature",
"geometry": {
"type": "Point",
"coordinates": [
9.2835449,
41.5892337
]
},
"properties": {
"osm_id": "node/891025592",
"kind": "restaurant",
"name": "U Molu"
}
},
{
"type": "Feature",
"geometry": {
"type": "Point",
"coordinates": [
9.2835832,
41.5890539
]
},
"properties": {
"osm_id": "node/891025596",
"kind": "ice cream",
"name": "Le Glacier du Port"
}
},
{
"type": "Feature",
"geometry": {
"type": "Point",
"coordinates": [
9.2836574,
41.5889823
]
},
"properties": {
"osm_id": "node/891025598",
"kind": "ice cream",
"name": "La Canne à Sucre"
}
},
{
"type": "Feature",
"geometry": {
"type": "Point",
"coordinates": [
9.1542569,
42.300822
]
},
"properties": {
"osm_id": "node/8938792199",
"kind": "bakery",
"name": "Casanova",
"opening_hours": "Mo-Sa 07:00-19:00"
}
},
{
"type": "Feature",
"geometry": {
"type": "Point",
"coordinates": [
9.158073,
42.3011013
]
},
"properties": {
"osm_id": "node/8938881328",
"kind": "restaurant",
"name": "La Brasserie"
}
},
{
"type": "Feature",
"geometry": {
"type": "Point",
"coordinates": [
9.3076505,
41.6668973
]
},
"properties": {
"osm_id": "node/8948928633",
"kind": "small shop",
"name": "Spar",
"opening_hours": "Mo-Fr 08:30-20:30; Sa-Su 08:30-20:00"
}
},
{
"type": "Feature",
"geometry": {
"type": "Point",
"coordinates": [
9.3075164,
41.66688
]
},
"properties": {
"osm_id": "node/8948928634",
"kind": "bakery",
"name": "Maison Ghisoni Mariotti",
"opening_hours": "06:00-20:30"
}
},
{
"type": "Feature",
"geometry": {
"type": "Point",
"coordinates": [
9.269311,
41.4667326
]
},
"properties": {
"osm_id": "node/8951779127",
"kind": "snack bar",
"name": ""
}
},
{
"type": "Feature",
"geometry": {
"type": "Point",
"coordinates": [
9.4358087,
42.6760589
]
},
"properties": {
"osm_id": "node/8954178708",
"kind": "bakery",
"name": "L'Atelier Papilles"
}
},
{
"type": "Feature",
"geometry": {
"type": "Point",
"coordinates": [
9.313322,
42.6876454
]
},
"properties": {
"osm_id": "node/8959009653",
"kind": "bakery",
"name": "Les Galets",
"opening_hours": "Mo-Su 07:00-19:30"
}
},
{
"type": "Feature",
"geometry": {
"type": "Point",
"coordinates": [
8.7930002,
42.4990005
]
},
"properties": {
"osm_id": "node/8963241033",
"kind": "restaurant",
"name": "Pizzanotte",
"opening_hours": "Winter: Th-Su 18:30-21:30; Summer: Mo-Su 19:00-23:00"
}
},
{
"type": "Feature",
"geometry": {
"type": "Point",
"coordinates": [
8.9377954,
42.6347291
]
},
"properties": {
"osm_id": "node/8963892417",
"kind": "restaurant",
"name": "L´Épicure"
}
},
{
"type": "Feature",
"geometry": {
"type": "Point",
"coordinates": [
9.2834987,
41.5891301
]
},
"properties": {
"osm_id": "node/8969099417",
"kind": "restaurant",
"name": "Le Bellagio"
}
},
{
"type": "Feature",
"geometry": {
"type": "Point",
"coordinates": [
9.0548825,
41.4916037
]
},
"properties": {
"osm_id": "node/8971699540",
"kind": "restaurant",
"name": "Pasta e Antipasti"
}
},
{
"type": "Feature",
"geometry": {
"type": "Point",
"coordinates": [
9.3849299,
41.8665652
]
},
"properties": {
"osm_id": "node/8972966917",
"kind": "bar",
"name": ""
}
},
{
"type": "Feature",
"geometry": {
"type": "Point",
"coordinates": [
9.384955,
41.8664795
]
},
"properties": {
"osm_id": "node/8972966918",
"kind": "restaurant",
"name": "Restaurant du camping"
}
},
{
"type": "Feature",
"geometry": {
"type": "Point",
"coordinates": [
9.1590291,
41.3872838
]
},
"properties": {
"osm_id": "node/8975240017",
"kind": "restaurant",
"name": "Le Petit Palais"
}
},
{
"type": "Feature",
"geometry": {
"type": "Point",
"coordinates": [
9.4950326,
42.3442573
]
},
"properties": {
"osm_id": "node/899115578",
"kind": "restaurant",
"name": "U Poghju"
}
},
{
"type": "Feature",
"geometry": {
"type": "Point",
"coordinates": [
9.3019131,
41.6725666
]
},
"properties": {
"osm_id": "node/8993401825",
"kind": "restaurant",
"name": "L'Entracte"
}
},
{
"type": "Feature",
"geometry": {
"type": "Point",
"coordinates": [
9.1499121,
42.3062164
]
},
"properties": {
"osm_id": "node/9003570042",
"kind": "small shop",
"name": "A casa nova"
}
},
{
"type": "Feature",
"geometry": {
"type": "Point",
"coordinates": [
8.9721792,
41.6219261
]
},
"properties": {
"osm_id": "node/9004584746",
"kind": "bakery",
"name": "Patisserie Porro",
"opening_hours": "We-Su 07:00-12:00"
}
},
{
"type": "Feature",
"geometry": {
"type": "Point",
"coordinates": [
8.9729679,
41.6211658
]
},
"properties": {
"osm_id": "node/9004584748",
"kind": "bar",
"name": "Bar Le Bonaparte"
}
},
{
"type": "Feature",
"geometry": {
"type": "Point",
"coordinates": [
8.9723947,
41.6219338
]
},
"properties": {
"osm_id": "node/9004584750",
"kind": "restaurant",
"name": "A Sirinata"
}
},
{
"type": "Feature",
"geometry": {
"type": "Point",
"coordinates": [
9.1505757,
42.3078761
]
},
"properties": {
"osm_id": "node/9005224457",
"kind": "small shop",
"name": "L'Andatu"
}
},
{
"type": "Feature",
"geometry": {
"type": "Point",
"coordinates": [
9.1494448,
42.3048431
]
},
"properties": {
"osm_id": "node/9007737470",
"kind": "small shop",
"name": "U Casgile"
}
},
{
"type": "Feature",
"geometry": {
"type": "Point",
"coordinates": [
9.1494691,
42.3046682
]
},
"properties": {
"osm_id": "node/9010978881",
"kind": "small shop",
"name": "A Casa Curtinese"
}
},
{
"type": "Feature",
"geometry": {
"type": "Point",
"coordinates": [
9.4492783,
42.6972106
]
},
"properties": {
"osm_id": "node/9014273272",
"kind": "restaurant",
"name": "Nova",
"opening_hours": "Mo-Th 12:00-14:15,19:00-22:15; Fr-Sa 12:00-14:15,19:00-22:30"
}
},
{
"type": "Feature",
"geometry": {
"type": "Point",
"coordinates": [
9.4492881,
42.6971519
]
},
"properties": {
"osm_id": "node/9014719342",
"kind": "restaurant",
"name": "Le Mademoiselle"
}
},
{
"type": "Feature",
"geometry": {
"type": "Point",
"coordinates": [
9.1506017,
42.3066564
]
},
"properties": {
"osm_id": "node/9017874835",
"kind": "bakery",
"name": "Baghioni"
}
},
{
"type": "Feature",
"geometry": {
"type": "Point",
"coordinates": [
8.918838,
41.6685523
]
},
"properties": {
"osm_id": "node/9019488535",
"kind": "bar",
"name": "Café SG"
}
},
{
"type": "Feature",
"geometry": {
"type": "Point",
"coordinates": [
9.1495503,
42.3051223
]
},
"properties": {
"osm_id": "node/9022932004",
"kind": "ice cream",
"name": "Marie et Jean-Luc"
}
},
{
"type": "Feature",
"geometry": {
"type": "Point",
"coordinates": [
8.7383155,
41.9176058
]
},
"properties": {
"osm_id": "node/9028277819",
"kind": "restaurant",
"name": "Le Roi de Rome"
}
},
{
"type": "Feature",
"geometry": {
"type": "Point",
"coordinates": [
8.7394579,
41.9195127
]
},
"properties": {
"osm_id": "node/9028282717",
"kind": "snack bar",
"name": "Food Truck"
}
},
{
"type": "Feature",
"geometry": {
"type": "Point",
"coordinates": [
8.9009908,
41.6756435
]
},
"properties": {
"osm_id": "node/9035679617",
"kind": "restaurant",
"name": "L'Ambata"
}
},
{
"type": "Feature",
"geometry": {
"type": "Point",
"coordinates": [
8.9004974,
41.6754245
]
},
"properties": {
"osm_id": "node/9037469417",
"kind": "ice cream",
"name": "Glacier Artisanal \"Chez Christelle\""
}
},
{
"type": "Feature",
"geometry": {
"type": "Point",
"coordinates": [
8.9013542,
41.6755196
]
},
"properties": {
"osm_id": "node/9039738318",
"kind": "restaurant",
"name": "L'Incantu - L'esprit guinguette"
}
},
{
"type": "Feature",
"geometry": {
"type": "Point",
"coordinates": [
8.7827854,
42.549407
]
},
"properties": {
"osm_id": "node/904249769",
"kind": "restaurant",
"name": "Le Clos des Send"
}
},
{
"type": "Feature",
"geometry": {
"type": "Point",
"coordinates": [
9.4500005,
42.7019745
]
},
"properties": {
"osm_id": "node/9044153871",
"kind": "bakery",
"name": "Ghisoni-Mariotti"
}
},
{
"type": "Feature",
"geometry": {
"type": "Point",
"coordinates": [
8.7379638,
41.919784
]
},
"properties": {
"osm_id": "node/9044294013",
"kind": "restaurant",
"name": "Les halles"
}
},
{
"type": "Feature",
"geometry": {
"type": "Point",
"coordinates": [
8.7380102,
41.9200916
]
},
"properties": {
"osm_id": "node/9044294014",
"kind": "bar",
"name": "10 rue des halles"
}
},
{
"type": "Feature",
"geometry": {
"type": "Point",
"coordinates": [
8.7380271,
41.9202378
]
},
"properties": {
"osm_id": "node/9044294015",
"kind": "restaurant",
"name": "Don Quichotte"
}
},
{
"type": "Feature",
"geometry": {
"type": "Point",
"coordinates": [
8.737967,
41.9198805
]
},
"properties": {
"osm_id": "node/9044294016",
"kind": "restaurant",
"name": "Quai Largo"
}
},
{
"type": "Feature",
"geometry": {
"type": "Point",
"coordinates": [
8.7380647,
41.9203577
]
},
"properties": {
"osm_id": "node/9044365717",
"kind": "restaurant",
"name": "Le Saint-Pierre"
}
},
{
"type": "Feature",
"geometry": {
"type": "Point",
"coordinates": [
8.7593534,
42.567108
]
},
"properties": {
"osm_id": "node/9054342118",
"kind": "bar",
"name": "Bar de la Tour"
}
},
{
"type": "Feature",
"geometry": {
"type": "Point",
"coordinates": [
8.7588907,
42.5669199
]
},
"properties": {
"osm_id": "node/9054371618",
"kind": "restaurant",
"name": "Le comme chez soi"
}
},
{
"type": "Feature",
"geometry": {
"type": "Point",
"coordinates": [
8.7586278,
42.566528
]
},
"properties": {
"osm_id": "node/9054371619",
"kind": "café",
"name": "Café du port"
}
},
{
"type": "Feature",
"geometry": {
"type": "Point",
"coordinates": [
8.7590264,
42.5670282
]
},
"properties": {
"osm_id": "node/9054372117",
"kind": "restaurant",
"name": "Umami restaurant"
}
},
{
"type": "Feature",
"geometry": {
"type": "Point",
"coordinates": [
8.7587788,
42.5667684
]
},
"properties": {
"osm_id": "node/9054372118",
"kind": "restaurant",
"name": "La table de Sabine"
}
},
{
"type": "Feature",
"geometry": {
"type": "Point",
"coordinates": [
8.7588295,
42.5668244
]
},
"properties": {
"osm_id": "node/9054372217",
"kind": "bar",
"name": "Le comptoir"
}
},
{
"type": "Feature",
"geometry": {
"type": "Point",
"coordinates": [
8.7585467,
42.56662
]
},
"properties": {
"osm_id": "node/9054374417",
"kind": "bar",
"name": "Bar à cocktails"
}
},
{
"type": "Feature",
"geometry": {
"type": "Point",
"coordinates": [
9.3185219,
41.5540022
]
},
"properties": {
"osm_id": "node/9056032817",
"kind": "restaurant",
"name": "Playa Baggia"
}
},
{
"type": "Feature",
"geometry": {
"type": "Point",
"coordinates": [
9.4730497,
42.8879525
]
},
"properties": {
"osm_id": "node/905793717",
"kind": "restaurant",
"name": "L´Onda"
}
},
{
"type": "Feature",
"geometry": {
"type": "Point",
"coordinates": [
9.4729223,
42.8879928
]
},
"properties": {
"osm_id": "node/905793824",
"kind": "small shop",
"name": "Petit marche"
}
},
{
"type": "Feature",
"geometry": {
"type": "Point",
"coordinates": [
9.4727338,
42.8879862
]
},
"properties": {
"osm_id": "node/905794260",
"kind": "bakery",
"name": ""
}
},
{
"type": "Feature",
"geometry": {
"type": "Point",
"coordinates": [
8.9009763,
42.5302185
]
},
"properties": {
"osm_id": "node/9061272406",
"kind": "small shop",
"name": "Épicerie"
}
},
{
"type": "Feature",
"geometry": {
"type": "Point",
"coordinates": [
8.9249324,
41.6848883
]
},
"properties": {
"osm_id": "node/9061837357",
"kind": "restaurant",
"name": ""
}
},
{
"type": "Feature",
"geometry": {
"type": "Point",
"coordinates": [
8.925555,
41.6849102
]
},
"properties": {
"osm_id": "node/9061837358",
"kind": "small shop",
"name": ""
}
},
{
"type": "Feature",
"geometry": {
"type": "Point",
"coordinates": [
8.92568,
41.6849235
]
},
"properties": {
"osm_id": "node/9061837359",
"kind": "bar",
"name": ""
}
},
{
"type": "Feature",
"geometry": {
"type": "Point",
"coordinates": [
9.1586169,
41.3867496
]
},
"properties": {
"osm_id": "node/9062303317",
"kind": "snack bar",
"name": "Il Grano"
}
},
{
"type": "Feature",
"geometry": {
"type": "Point",
"coordinates": [
9.5556257,
42.1988298
]
},
"properties": {
"osm_id": "node/906661774",
"kind": "café",
"name": "Les petits delices de clos"
}
},
{
"type": "Feature",
"geometry": {
"type": "Point",
"coordinates": [
9.5550068,
42.1983303
]
},
"properties": {
"osm_id": "node/906683003",
"kind": "small shop",
"name": "Market",
"opening_hours": "Mo-Sa 08:00-12:00"
}
},
{
"type": "Feature",
"geometry": {
"type": "Point",
"coordinates": [
9.5535696,
42.196793
]
},
"properties": {
"osm_id": "node/906690329",
"kind": "restaurant",
"name": "La Tour",
"opening_hours": "Mo-Su 08:30-23:30"
}
},
{
"type": "Feature",
"geometry": {
"type": "Point",
"coordinates": [
8.7221094,
41.9105089
]
},
"properties": {
"osm_id": "node/9067419331",
"kind": "restaurant",
"name": "Le Cabanon Bleu"
}
},
{
"type": "Feature",
"geometry": {
"type": "Point",
"coordinates": [
9.4735697,
42.839286
]
},
"properties": {
"osm_id": "node/9069418571",
"kind": "restaurant",
"name": "Camping la pietra"
}
},
{
"type": "Feature",
"geometry": {
"type": "Point",
"coordinates": [
8.7580633,
41.9309212
]
},
"properties": {
"osm_id": "node/9071249579",
"kind": "restaurant",
"name": "Spunta Di  Marre"
}
},
{
"type": "Feature",
"geometry": {
"type": "Point",
"coordinates": [
8.7574534,
41.9308314
]
},
"properties": {
"osm_id": "node/9071249580",
"kind": "restaurant",
"name": "L'Aiglon"
}
},
{
"type": "Feature",
"geometry": {
"type": "Point",
"coordinates": [
9.4383175,
42.4288297
]
},
"properties": {
"osm_id": "node/9074346517",
"kind": "restaurant",
"name": "A Bella Stella"
}
},
{
"type": "Feature",
"geometry": {
"type": "Point",
"coordinates": [
9.1579485,
41.3875781
]
},
"properties": {
"osm_id": "node/9082613810",
"kind": "restaurant",
"name": "La galerie des ducs"
}
},
{
"type": "Feature",
"geometry": {
"type": "Point",
"coordinates": [
8.7982293,
41.7286389
]
},
"properties": {
"osm_id": "node/9083922548",
"kind": "restaurant",
"name": "U San Petru"
}
},
{
"type": "Feature",
"geometry": {
"type": "Point",
"coordinates": [
9.3705361,
41.6963546
]
},
"properties": {
"osm_id": "node/9095264417",
"kind": "greengrocer",
"name": "Jardins de la Testa",
"opening_hours": "Mo-Sa 08:30-12:30,15:30-19:30"
}
},
{
"type": "Feature",
"geometry": {
"type": "Point",
"coordinates": [
9.1589755,
41.3872813
]
},
"properties": {
"osm_id": "node/9102216317",
"kind": "restaurant",
"name": "Le Petit Palais"
}
},
{
"type": "Feature",
"geometry": {
"type": "Point",
"coordinates": [
8.824898,
42.5971307
]
},
"properties": {
"osm_id": "node/9104360462",
"kind": "small shop",
"name": "Vival",
"opening_hours": "Mo-Su 08:00-13:00,16:00-20:00"
}
},
{
"type": "Feature",
"geometry": {
"type": "Point",
"coordinates": [
9.2464254,
42.3105578
]
},
"properties": {
"osm_id": "node/9105808658",
"kind": "small shop",
"name": "Vente directe - Produits de la ferme"
}
},
{
"type": "Feature",
"geometry": {
"type": "Point",
"coordinates": [
9.1524589,
42.305809
]
},
"properties": {
"osm_id": "node/9115772770",
"kind": "supermarket",
"name": "Spar",
"opening_hours": "Mo-Fr 07:00-20:00; Sa-Su 08:00-20:00"
}
},
{
"type": "Feature",
"geometry": {
"type": "Point",
"coordinates": [
8.7142729,
42.3964239
]
},
"properties": {
"osm_id": "node/9127831866",
"kind": "bar",
"name": "",
"opening_hours": "\"Saisonal, bis September\""
}
},
{
"type": "Feature",
"geometry": {
"type": "Point",
"coordinates": [
9.171551,
41.7502763
]
},
"properties": {
"osm_id": "node/9129795630",
"kind": "restaurant",
"name": "Le Randonneur",
"opening_hours": "Mo-Su 09:00-23:00"
}
},
{
"type": "Feature",
"geometry": {
"type": "Point",
"coordinates": [
9.4393594,
42.4929316
]
},
"properties": {
"osm_id": "node/9140138294",
"kind": "small shop",
"name": "A Merendella",
"opening_hours": "09:00-12:30,19:00-19:30"
}
},
{
"type": "Feature",
"geometry": {
"type": "Point",
"coordinates": [
8.737333,
41.925167
]
},
"properties": {
"osm_id": "node/914983679",
"kind": "restaurant",
"name": "A Cantali restaurant bio-végétarien"
}
},
{
"type": "Feature",
"geometry": {
"type": "Point",
"coordinates": [
9.4465088,
42.6960733
]
},
"properties": {
"osm_id": "node/9152844817",
"kind": "restaurant",
"name": "Geppeto"
}
},
{
"type": "Feature",
"geometry": {
"type": "Point",
"coordinates": [
9.5341909,
42.3915157
]
},
"properties": {
"osm_id": "node/9161453492",
"kind": "restaurant",
"name": ""
}
},
{
"type": "Feature",
"geometry": {
"type": "Point",
"coordinates": [
9.5339468,
42.3951091
]
},
"properties": {
"osm_id": "node/9161453493",
"kind": "bar",
"name": ""
}
},
{
"type": "Feature",
"geometry": {
"type": "Point",
"coordinates": [
9.298131,
42.0566733
]
},
"properties": {
"osm_id": "node/9167584007",
"kind": "restaurant",
"name": "Bar-Restaurant"
}
},
{
"type": "Feature",
"geometry": {
"type": "Point",
"coordinates": [
8.7381047,
41.9211622
]
},
"properties": {
"osm_id": "node/9169249817",
"kind": "delicatessen",
"name": "Villages Corses"
}
},
{
"type": "Feature",
"geometry": {
"type": "Point",
"coordinates": [
8.8195029,
41.7224579
]
},
"properties": {
"osm_id": "node/9178442941",
"kind": "bakery",
"name": ""
}
},
{
"type": "Feature",
"geometry": {
"type": "Point",
"coordinates": [
8.8065341,
41.8924625
]
},
"properties": {
"osm_id": "node/9198126817",
"kind": "small shop",
"name": "La Vie Claire",
"opening_hours": "Mo-Sa 09:00-13:00,15:00-19:30"
}
},
{
"type": "Feature",
"geometry": {
"type": "Point",
"coordinates": [
8.8076523,
41.8934315
]
},
"properties": {
"osm_id": "node/9203242717",
"kind": "snack bar",
"name": "Le Burger Bar Porticcio",
"opening_hours": "Mo-Sa 11:30-14:00,19:00-22:30 \"été\"; Su 19:00-23:00 \"été\"; Mo-Su 18:30-22:00 \"hiver\""
}
},
{
"type": "Feature",
"geometry": {
"type": "Point",
"coordinates": [
8.8077097,
41.8936189
]
},
"properties": {
"osm_id": "node/9203303817",
"kind": "restaurant",
"name": "Le Bistrot Corse",
"opening_hours": "Mo-Sa 12:00-22:30"
}
},
{
"type": "Feature",
"geometry": {
"type": "Point",
"coordinates": [
9.5134842,
42.1157655
]
},
"properties": {
"osm_id": "node/9213183160",
"kind": "restaurant",
"name": "Le Cendrillon"
}
},
{
"type": "Feature",
"geometry": {
"type": "Point",
"coordinates": [
9.3447371,
41.9217512
]
},
"properties": {
"osm_id": "node/9234140555",
"kind": "bar",
"name": "Chez Eugène"
}
},
{
"type": "Feature",
"geometry": {
"type": "Point",
"coordinates": [
9.3901516,
41.9249423
]
},
"properties": {
"osm_id": "node/9234140611",
"kind": "snack bar",
"name": "L'Azzonu"
}
},
{
"type": "Feature",
"geometry": {
"type": "Point",
"coordinates": [
9.3064512,
42.0969845
]
},
"properties": {
"osm_id": "node/9250999358",
"kind": "restaurant",
"name": "Auberge de l'Inzecca"
}
},
{
"type": "Feature",
"geometry": {
"type": "Point",
"coordinates": [
9.21121,
42.1042584
]
},
"properties": {
"osm_id": "node/9250999365",
"kind": "delicatessen",
"name": "Produits corses"
}
},
{
"type": "Feature",
"geometry": {
"type": "Point",
"coordinates": [
9.2113522,
42.1041111
]
},
"properties": {
"osm_id": "node/9250999366",
"kind": "restaurant",
"name": "A Stazzona"
}
},
{
"type": "Feature",
"geometry": {
"type": "Point",
"coordinates": [
9.2129991,
42.1035101
]
},
"properties": {
"osm_id": "node/9250999367",
"kind": "small shop",
"name": "L'épicerie de la Place",
"opening_hours": "Mo-Su 08:30-12:00"
}
},
{
"type": "Feature",
"geometry": {
"type": "Point",
"coordinates": [
9.2108144,
42.102927
]
},
"properties": {
"osm_id": "node/9250999369",
"kind": "snack bar",
"name": "Da beie e da manghjà"
}
},
{
"type": "Feature",
"geometry": {
"type": "Point",
"coordinates": [
9.2450581,
42.1732629
]
},
"properties": {
"osm_id": "node/9270692691",
"kind": "bar",
"name": "Café des Trois Grâces"
}
},
{
"type": "Feature",
"geometry": {
"type": "Point",
"coordinates": [
9.1692725,
42.1732229
]
},
"properties": {
"osm_id": "node/9273429662",
"kind": "restaurant",
"name": "Piana"
}
},
{
"type": "Feature",
"geometry": {
"type": "Point",
"coordinates": [
9.1820718,
42.251063
]
},
"properties": {
"osm_id": "node/9287371452",
"kind": "bar",
"name": "Caffe U Corsu"
}
},
{
"type": "Feature",
"geometry": {
"type": "Point",
"coordinates": [
9.3466495,
42.23452
]
},
"properties": {
"osm_id": "node/9311354941",
"kind": "restaurant",
"name": "Pizzeria Chez Paul"
}
},
{
"type": "Feature",
"geometry": {
"type": "Point",
"coordinates": [
9.3073059,
41.6667984
]
},
"properties": {
"osm_id": "node/9381999922",
"kind": "café",
"name": "Ghisoni's Coffee House"
}
},
{
"type": "Feature",
"geometry": {
"type": "Point",
"coordinates": [
9.2966396,
42.0564441
]
},
"properties": {
"osm_id": "node/9403166793",
"kind": "bar",
"name": "Café Colomba"
}
},
{
"type": "Feature",
"geometry": {
"type": "Point",
"coordinates": [
9.1714576,
41.7506287
]
},
"properties": {
"osm_id": "node/945398529",
"kind": "restaurant",
"name": "L'auberge du Sanglier",
"opening_hours": "Mo-Su 12:00-15:00,19:00-22:00; Jul-Sep Mo-Su 12:00-22:00"
}
},
{
"type": "Feature",
"geometry": {
"type": "Point",
"coordinates": [
9.1002085,
41.7537345
]
},
"properties": {
"osm_id": "node/9495146551",
"kind": "snack bar",
"name": "L'Alta Rocca"
}
},
{
"type": "Feature",
"geometry": {
"type": "Point",
"coordinates": [
9.1004074,
41.7537811
]
},
"properties": {
"osm_id": "node/9495146552",
"kind": "bakery",
"name": "Point Chaud de Pain"
}
},
{
"type": "Feature",
"geometry": {
"type": "Point",
"coordinates": [
8.9068826,
41.6762405
]
},
"properties": {
"osm_id": "node/9543750875",
"kind": "bakery",
"name": ""
}
},
{
"type": "Feature",
"geometry": {
"type": "Point",
"coordinates": [
9.2874004,
42.5804249
]
},
"properties": {
"osm_id": "node/9551487595",
"kind": "bar",
"name": "Chez Jean-Laurent"
}
},
{
"type": "Feature",
"geometry": {
"type": "Point",
"coordinates": [
8.9514783,
41.6819895
]
},
"properties": {
"osm_id": "node/9556312135",
"kind": "café",
"name": "Chez Charlot"
}
},
{
"type": "Feature",
"geometry": {
"type": "Point",
"coordinates": [
9.4515075,
42.2990394
]
},
"properties": {
"osm_id": "node/9567913944",
"kind": "restaurant",
"name": "La Stalla"
}
},
{
"type": "Feature",
"geometry": {
"type": "Point",
"coordinates": [
9.3098819,
41.5947879
]
},
"properties": {
"osm_id": "node/9609167450",
"kind": "restaurant",
"name": "Casadelmar"
}
},
{
"type": "Feature",
"geometry": {
"type": "Point",
"coordinates": [
9.4439678,
42.677833
]
},
"properties": {
"osm_id": "node/9650158660",
"kind": "small shop",
"name": "Monoprix"
}
},
{
"type": "Feature",
"geometry": {
"type": "Point",
"coordinates": [
8.8042424,
41.8920778
]
},
"properties": {
"osm_id": "node/9660849751",
"kind": "bar",
"name": "A Marana",
"opening_hours": "Fr-Su 10:00-02:00"
}
},
{
"type": "Feature",
"geometry": {
"type": "Point",
"coordinates": [
8.7381171,
41.9178316
]
},
"properties": {
"osm_id": "node/9711948217",
"kind": "restaurant",
"name": "Chez Paolo"
}
},
{
"type": "Feature",
"geometry": {
"type": "Point",
"coordinates": [
9.3311666,
42.8441164
]
},
"properties": {
"osm_id": "node/9725262540",
"kind": "small shop",
"name": ""
}
},
{
"type": "Feature",
"geometry": {
"type": "Point",
"coordinates": [
9.2803397,
41.5913277
]
},
"properties": {
"osm_id": "node/9729969918",
"kind": "restaurant",
"name": "A Cantinetta"
}
},
{
"type": "Feature",
"geometry": {
"type": "Point",
"coordinates": [
8.9731852,
41.6189818
]
},
"properties": {
"osm_id": "node/9735573217",
"kind": "small shop",
"name": "M.A.J. Sartène",
"opening_hours": "Mo-Sa 08:30-14:00, 14:00-19:00"
}
},
{
"type": "Feature",
"geometry": {
"type": "Point",
"coordinates": [
9.4412285,
42.6716303
]
},
"properties": {
"osm_id": "node/9765168512",
"kind": "snack bar",
"name": "A Cafetèria"
}
},
{
"type": "Feature",
"geometry": {
"type": "Point",
"coordinates": [
9.35533,
41.9964621
]
},
"properties": {
"osm_id": "node/9769969978",
"kind": "farm shop",
"name": ""
}
},
{
"type": "Feature",
"geometry": {
"type": "Point",
"coordinates": [
9.3862907,
42.0285435
]
},
"properties": {
"osm_id": "node/9769969979",
"kind": "farm shop",
"name": "Le Verger de Raphaëlle"
}
},
{
"type": "Feature",
"geometry": {
"type": "Point",
"coordinates": [
9.437567,
42.6245415
]
},
"properties": {
"osm_id": "node/9788322556",
"kind": "snack bar",
"name": "Burger King",
"opening_hours": "Mo-Th 10:30-24:00; Fr-Sa 10:30-01:00; Su 10:30-24:00"
}
},
{
"type": "Feature",
"geometry": {
"type": "Point",
"coordinates": [
9.3155124,
42.6630289
]
},
"properties": {
"osm_id": "node/9797231255",
"kind": "restaurant",
"name": "A Casa di U Nebbiu",
"opening_hours": "Mo-Sa 06:30-19:30; Su 07:00-13:00"
}
},
{
"type": "Feature",
"geometry": {
"type": "Point",
"coordinates": [
9.3151267,
42.6624468
]
},
"properties": {
"osm_id": "node/9797240365",
"kind": "restaurant",
"name": "Il Pulcinella 2"
}
},
{
"type": "Feature",
"geometry": {
"type": "Point",
"coordinates": [
9.3662494,
42.3642978
]
},
"properties": {
"osm_id": "node/9799111449",
"kind": "bar",
"name": "Bar Armand"
}
},
{
"type": "Feature",
"geometry": {
"type": "Point",
"coordinates": [
9.3262934,
42.6536171
]
},
"properties": {
"osm_id": "node/9804555744",
"kind": "restaurant",
"name": "La Cigale"
}
},
{
"type": "Feature",
"geometry": {
"type": "Point",
"coordinates": [
9.1616164,
41.3878596
]
},
"properties": {
"osm_id": "node/9804630117",
"kind": "restaurant",
"name": "Mama gina"
}
},
{
"type": "Feature",
"geometry": {
"type": "Point",
"coordinates": [
8.9487912,
41.4989724
]
},
"properties": {
"osm_id": "node/9806038017",
"kind": "restaurant",
"name": "L'oasis du lion"
}
},
{
"type": "Feature",
"geometry": {
"type": "Point",
"coordinates": [
8.7379325,
41.9251483
]
},
"properties": {
"osm_id": "node/9846989248",
"kind": "bar",
"name": "A la Concorde"
}
},
{
"type": "Feature",
"geometry": {
"type": "Point",
"coordinates": [
8.7381182,
41.9246766
]
},
"properties": {
"osm_id": "node/9846989250",
"kind": "café",
"name": "Ind'e ma!"
}
},
{
"type": "Feature",
"geometry": {
"type": "Point",
"coordinates": [
8.7377995,
41.924564
]
},
"properties": {
"osm_id": "node/9846989251",
"kind": "bar",
"name": "Le Valinco"
}
},
{
"type": "Feature",
"geometry": {
"type": "Point",
"coordinates": [
9.4279347,
42.8455663
]
},
"properties": {
"osm_id": "node/9887655720",
"kind": "restaurant",
"name": "Les chênes chez Victor"
}
},
{
"type": "Feature",
"geometry": {
"type": "Point",
"coordinates": [
9.4082284,
42.8972101
]
},
"properties": {
"osm_id": "node/9891187834",
"kind": "café",
"name": ""
}
},
{
"type": "Feature",
"geometry": {
"type": "Point",
"coordinates": [
9.4045496,
42.8990536
]
},
"properties": {
"osm_id": "node/9891199447",
"kind": "bakery",
"name": ""
}
},
{
"type": "Feature",
"geometry": {
"type": "Point",
"coordinates": [
9.3446629,
42.7849142
]
},
"properties": {
"osm_id": "node/9891391894",
"kind": "greengrocer",
"name": ""
}
},
{
"type": "Feature",
"geometry": {
"type": "Point",
"coordinates": [
9.3447429,
42.7848661
]
},
"properties": {
"osm_id": "node/9891391895",
"kind": "restaurant",
"name": "A stalla"
}
},
{
"type": "Feature",
"geometry": {
"type": "Point",
"coordinates": [
9.3452395,
42.7850323
]
},
"properties": {
"osm_id": "node/9891449810",
"kind": "bar",
"name": "U Franghju"
}
},
{
"type": "Feature",
"geometry": {
"type": "Point",
"coordinates": [
9.4403018,
42.6961221
]
},
"properties": {
"osm_id": "node/9891687403",
"kind": "supermarket",
"name": "Spar",
"opening_hours": "Mo-Sa 08:00-19:45; Su 08:00-13:00"
}
},
{
"type": "Feature",
"geometry": {
"type": "Point",
"coordinates": [
9.5078055,
42.4442911
]
},
"properties": {
"osm_id": "node/9896712632",
"kind": "snack bar",
"name": "Le réfectoire",
"opening_hours": "Mo-Sa 07:00-22:30; Su 18:00-22:30"
}
},
{
"type": "Feature",
"geometry": {
"type": "Point",
"coordinates": [
9.4255782,
42.5545404
]
},
"properties": {
"osm_id": "node/9896790177",
"kind": "restaurant",
"name": "Modern' Bar"
}
},
{
"type": "Feature",
"geometry": {
"type": "Point",
"coordinates": [
9.4365715,
42.5939666
]
},
"properties": {
"osm_id": "node/9897038380",
"kind": "supermarket",
"name": "Carrefour Market",
"opening_hours": "Mo-Sa 08:30-20:00; Su 08:30-13:00"
}
},
{
"type": "Feature",
"geometry": {
"type": "Point",
"coordinates": [
8.9380463,
42.6354198
]
},
"properties": {
"osm_id": "node/9920910125",
"kind": "bakery",
"name": "Tomasini"
}
},
{
"type": "Feature",
"geometry": {
"type": "Point",
"coordinates": [
8.8551472,
42.5072046
]
},
"properties": {
"osm_id": "node/9920918201",
"kind": "bakery",
"name": "Cusgiulelle di Mamma"
}
},
{
"type": "Feature",
"geometry": {
"type": "Point",
"coordinates": [
8.7547157,
42.5609886
]
},
"properties": {
"osm_id": "node/9920938954",
"kind": "bakery",
"name": ""
}
},
{
"type": "Feature",
"geometry": {
"type": "Point",
"coordinates": [
8.9380783,
42.6350295
]
},
"properties": {
"osm_id": "node/9920942088",
"kind": "restaurant",
"name": "L'Altore"
}
},
{
"type": "Feature",
"geometry": {
"type": "Point",
"coordinates": [
8.9379989,
42.6357286
]
},
"properties": {
"osm_id": "node/9920942089",
"kind": "restaurant",
"name": ""
}
},
{
"type": "Feature",
"geometry": {
"type": "Point",
"coordinates": [
9.4498766,
42.6979041
]
},
"properties": {
"osm_id": "node/9928782268",
"kind": "delicatessen",
"name": "Umami"
}
},
{
"type": "Feature",
"geometry": {
"type": "Point",
"coordinates": [
9.4496663,
42.6976756
]
},
"properties": {
"osm_id": "node/9928786069",
"kind": "delicatessen",
"name": "U Paese"
}
},
{
"type": "Feature",
"geometry": {
"type": "Point",
"coordinates": [
9.4497793,
42.698067
]
},
"properties": {
"osm_id": "node/9928790203",
"kind": "bakery",
"name": "Kaa"
}
},
{
"type": "Feature",
"geometry": {
"type": "Point",
"coordinates": [
9.3601019,
42.6005884
]
},
"properties": {
"osm_id": "node/9929295059",
"kind": "bakery",
"name": "Boulangerie du Col"
}
},
{
"type": "Feature",
"geometry": {
"type": "Point",
"coordinates": [
9.1497607,
42.3051595
]
},
"properties": {
"osm_id": "node/9930023960",
"kind": "bar",
"name": "Bar de la Haute-Ville"
}
},
{
"type": "Feature",
"geometry": {
"type": "Point",
"coordinates": [
9.0641441,
41.6979102
]
},
"properties": {
"osm_id": "node/9935488071",
"kind": "delicatessen",
"name": "L'Alivetu"
}
},
{
"type": "Feature",
"geometry": {
"type": "Point",
"coordinates": [
9.2752908,
41.5994828
]
},
"properties": {
"osm_id": "node/9935516131",
"kind": "café",
"name": "Viseo"
}
},
{
"type": "Feature",
"geometry": {
"type": "Point",
"coordinates": [
9.2751701,
41.5318879
]
},
"properties": {
"osm_id": "node/9936833466",
"kind": "snack bar",
"name": "Køstën plage"
}
},
{
"type": "Feature",
"geometry": {
"type": "Point",
"coordinates": [
8.8302442,
41.7097655
]
},
"properties": {
"osm_id": "node/9937457885",
"kind": "restaurant",
"name": ""
}
},
{
"type": "Feature",
"geometry": {
"type": "Point",
"coordinates": [
8.8303493,
41.709687
]
},
"properties": {
"osm_id": "node/9937491433",
"kind": "greengrocer",
"name": ""
}
},
{
"type": "Feature",
"geometry": {
"type": "Point",
"coordinates": [
9.4874228,
42.8080439
]
},
"properties": {
"osm_id": "node/9937594786",
"kind": "small shop",
"name": "Utile",
"opening_hours": "Mo-Su 06:30-20:00"
}
},
{
"type": "Feature",
"geometry": {
"type": "Point",
"coordinates": [
8.9173477,
41.6719368
]
},
"properties": {
"osm_id": "node/9942146366",
"kind": "restaurant",
"name": ""
}
},
{
"type": "Feature",
"geometry": {
"type": "Point",
"coordinates": [
9.4533156,
42.7084356
]
},
"properties": {
"osm_id": "node/9942381046",
"kind": "supermarket",
"name": "Auchan",
"opening_hours": "Mo-Sa 08:30-20:00; Su 08:30-12:45"
}
},
{
"type": "Feature",
"geometry": {
"type": "Point",
"coordinates": [
8.9191256,
41.6882536
]
},
"properties": {
"osm_id": "node/9942769335",
"kind": "greengrocer",
"name": ""
}
},
{
"type": "Feature",
"geometry": {
"type": "Point",
"coordinates": [
8.817155,
41.629309
]
},
"properties": {
"osm_id": "node/9945577894",
"kind": "restaurant",
"name": "La Mouette"
}
},
{
"type": "Feature",
"geometry": {
"type": "Point",
"coordinates": [
8.8164985,
41.6292044
]
},
"properties": {
"osm_id": "node/9945593799",
"kind": "bar",
"name": "Café du Golfe"
}
},
{
"type": "Feature",
"geometry": {
"type": "Point",
"coordinates": [
8.9004496,
41.6754129
]
},
"properties": {
"osm_id": "node/9947343996",
"kind": "small shop",
"name": "Vival",
"opening_hours": "Mo-Sa 08:00-13:00,15:00-20:00; Su 08:00-13:00"
}
},
{
"type": "Feature",
"geometry": {
"type": "Point",
"coordinates": [
8.9002263,
41.67527
]
},
"properties": {
"osm_id": "node/9947373307",
"kind": "restaurant",
"name": "L'Epica"
}
},
{
"type": "Feature",
"geometry": {
"type": "Point",
"coordinates": [
8.9005855,
41.6750377
]
},
"properties": {
"osm_id": "node/9947393100",
"kind": "bakery",
"name": "A Tramuntana"
}
},
{
"type": "Feature",
"geometry": {
"type": "Point",
"coordinates": [
8.7937119,
41.7090611
]
},
"properties": {
"osm_id": "node/9947726821",
"kind": "bakery",
"name": "Le Fournil"
}
},
{
"type": "Feature",
"geometry": {
"type": "Point",
"coordinates": [
8.7981296,
41.7110468
]
},
"properties": {
"osm_id": "node/9947726822",
"kind": "bar",
"name": "Casa Bianca"
}
},
{
"type": "Feature",
"geometry": {
"type": "Point",
"coordinates": [
8.7939533,
41.7093696
]
},
"properties": {
"osm_id": "node/9947824132",
"kind": "restaurant",
"name": "Chez Jean"
}
},
{
"type": "Feature",
"geometry": {
"type": "Point",
"coordinates": [
8.8278657,
41.7266095
]
},
"properties": {
"osm_id": "node/9947847377",
"kind": "restaurant",
"name": "U Strongru"
}
},
{
"type": "Feature",
"geometry": {
"type": "Point",
"coordinates": [
8.8171393,
41.7210623
]
},
"properties": {
"osm_id": "node/9947862529",
"kind": "restaurant",
"name": "Casa Cosi"
}
},
{
"type": "Feature",
"geometry": {
"type": "Point",
"coordinates": [
8.7938086,
41.7083804
]
},
"properties": {
"osm_id": "node/9947867969",
"kind": "restaurant",
"name": "La Paillote"
}
},
{
"type": "Feature",
"geometry": {
"type": "Point",
"coordinates": [
8.8382507,
41.7006018
]
},
"properties": {
"osm_id": "node/9948919906",
"kind": "bakery",
"name": "Le Pain d'Abbartello"
}
},
{
"type": "Feature",
"geometry": {
"type": "Point",
"coordinates": [
8.8382024,
41.7006883
]
},
"properties": {
"osm_id": "node/9948941612",
"kind": "restaurant",
"name": "O'Non Stop"
}
},
{
"type": "Feature",
"geometry": {
"type": "Point",
"coordinates": [
8.8294418,
41.7093856
]
},
"properties": {
"osm_id": "node/9949113674",
"kind": "restaurant",
"name": "L'Infini"
}
},
{
"type": "Feature",
"geometry": {
"type": "Point",
"coordinates": [
9.1490027,
42.3041526
]
},
"properties": {
"osm_id": "node/9951322717",
"kind": "restaurant",
"name": "fratelli"
}
},
{
"type": "Feature",
"geometry": {
"type": "Point",
"coordinates": [
9.0175371,
42.0676801
]
},
"properties": {
"osm_id": "node/9951335037",
"kind": "restaurant",
"name": "Le Vieux Chêne"
}
},
{
"type": "Feature",
"geometry": {
"type": "Point",
"coordinates": [
9.4530301,
42.7075715
]
},
"properties": {
"osm_id": "node/9952378709",
"kind": "bakery",
"name": "Agostini David"
}
},
{
"type": "Feature",
"geometry": {
"type": "Point",
"coordinates": [
9.1613951,
41.3880311
]
},
"properties": {
"osm_id": "node/9952501670",
"kind": "bakery",
"name": "Patisserie Sorba"
}
},
{
"type": "Feature",
"geometry": {
"type": "Point",
"coordinates": [
9.1589661,
41.3871345
]
},
"properties": {
"osm_id": "node/9952565574",
"kind": "restaurant",
"name": "Chez Vincent"
}
},
{
"type": "Feature",
"geometry": {
"type": "Point",
"coordinates": [
9.1578522,
41.3868274
]
},
"properties": {
"osm_id": "node/9952593850",
"kind": "snack bar",
"name": "L'Imbuscata"
}
},
{
"type": "Feature",
"geometry": {
"type": "Point",
"coordinates": [
9.1598407,
41.3869841
]
},
"properties": {
"osm_id": "node/9952606465",
"kind": "restaurant",
"name": "Café des Vestiges"
}
},
{
"type": "Feature",
"geometry": {
"type": "Point",
"coordinates": [
9.1589965,
41.3871559
]
},
"properties": {
"osm_id": "node/9952607689",
"kind": "bar",
"name": "Chez Ange"
}
},
{
"type": "Feature",
"geometry": {
"type": "Point",
"coordinates": [
9.1587838,
41.3873945
]
},
"properties": {
"osm_id": "node/9952753317",
"kind": "bar",
"name": "A Strada di A Biera",
"opening_hours": "Mo-Sa 11:00-21:00; Su 17:00-21:00"
}
},
{
"type": "Feature",
"geometry": {
"type": "Point",
"coordinates": [
8.7377281,
41.9189069
]
},
"properties": {
"osm_id": "node/9953291017",
"kind": "snack bar",
"name": "Sushi Shop",
"opening_hours": "Mo-Su 11:00-22:00"
}
},
{
"type": "Feature",
"geometry": {
"type": "Point",
"coordinates": [
9.3080765,
41.5488735
]
},
"properties": {
"osm_id": "node/9956788117",
"kind": "restaurant",
"name": "Le Petit Chose"
}
},
{
"type": "Feature",
"geometry": {
"type": "Point",
"coordinates": [
9.5177462,
42.1194606
]
},
"properties": {
"osm_id": "node/9957897817",
"kind": "restaurant",
"name": "Imprevu"
}
},
{
"type": "Feature",
"geometry": {
"type": "Point",
"coordinates": [
9.5353912,
42.2013412
]
},
"properties": {
"osm_id": "node/9966525251",
"kind": "small shop",
"name": "Proxi",
"opening_hours": "08:00-20:00"
}
},
{
"type": "Feature",
"geometry": {
"type": "Point",
"coordinates": [
8.7560276,
42.5602752
]
},
"properties": {
"osm_id": "node/9966686817",
"kind": "restaurant",
"name": "La Poivrière"
}
},
{
"type": "Feature",
"geometry": {
"type": "Point",
"coordinates": [
8.8969831,
41.6975729
]
},
"properties": {
"osm_id": "node/9970277503",
"kind": "bar",
"name": ""
}
},
{
"type": "Feature",
"geometry": {
"type": "Point",
"coordinates": [
8.9026528,
41.6756897
]
},
"properties": {
"osm_id": "node/9970881437",
"kind": "restaurant",
"name": "Riva Bella"
}
},
{
"type": "Feature",
"geometry": {
"type": "Point",
"coordinates": [
8.756334,
42.559797
]
},
"properties": {
"osm_id": "node/9974627723",
"kind": "restaurant",
"name": "Le Cosy"
}
},
{
"type": "Feature",
"geometry": {
"type": "Point",
"coordinates": [
9.4001047,
41.6998168
]
},
"properties": {
"osm_id": "node/9979815155",
"kind": "café",
"name": ""
}
},
{
"type": "Feature",
"geometry": {
"type": "Point",
"coordinates": [
9.2749502,
41.5974218
]
},
"properties": {
"osm_id": "node/9985463756",
"kind": "bar",
"name": "Chez Marie"
}
},
{
"type": "Feature",
"geometry": {
"type": "Point",
"coordinates": [
9.2788745,
41.5907566
]
},
"properties": {
"osm_id": "node/9990480560",
"kind": "delicatessen",
"name": "U Spuntinu"
}
},
{
"type": "Feature",
"geometry": {
"type": "Point",
"coordinates": [
9.2702071,
41.5804186
]
},
"properties": {
"osm_id": "node/9991009576",
"kind": "restaurant",
"name": "La Clairière"
}
},
{
"type": "Feature",
"geometry": {
"type": "Point",
"coordinates": [
9.3079799,
41.5486356
]
},
"properties": {
"osm_id": "node/9991026817",
"kind": "restaurant",
"name": "Linda Beach"
}
},
{
"type": "Feature",
"geometry": {
"type": "Point",
"coordinates": [
9.278649,
41.6078805
]
},
"properties": {
"osm_id": "way/1019770167",
"kind": "snack bar",
"name": "Burger King",
"opening_hours": "Mo-We 11:00-24:00; Th 12:00-24:00; Fr-Su 11:00-24:00"
}
},
{
"type": "Feature",
"geometry": {
"type": "Point",
"coordinates": [
9.2770526,
41.6047154
]
},
"properties": {
"osm_id": "way/1024235325",
"kind": "fuel station",
"name": "Vito"
}
},
{
"type": "Feature",
"geometry": {
"type": "Point",
"coordinates": [
9.2773064,
41.6042793
]
},
"properties": {
"osm_id": "way/1024235332",
"kind": "fuel station",
"name": "Vito",
"opening_hours": "24/7"
}
},
{
"type": "Feature",
"geometry": {
"type": "Point",
"coordinates": [
8.856077,
41.5362388
]
},
"properties": {
"osm_id": "way/1025981195",
"kind": "restaurant",
"name": "Tizza Mare"
}
},
{
"type": "Feature",
"geometry": {
"type": "Point",
"coordinates": [
9.5151554,
42.1134322
]
},
"properties": {
"osm_id": "way/1057180405",
"kind": "snack bar",
"name": ""
}
},
{
"type": "Feature",
"geometry": {
"type": "Point",
"coordinates": [
9.3982254,
41.8925541
]
},
"properties": {
"osm_id": "way/1082784173",
"kind": "restaurant",
"name": "Le Crocodile"
}
},
{
"type": "Feature",
"geometry": {
"type": "Point",
"coordinates": [
8.7798811,
41.9671988
]
},
"properties": {
"osm_id": "way/1085526161",
"kind": "bakery",
"name": "Au Bon Pain Alata",
"opening_hours": "Mo-Su 06:15-21:00"
}
},
{
"type": "Feature",
"geometry": {
"type": "Point",
"coordinates": [
8.857724,
41.7011145
]
},
"properties": {
"osm_id": "way/1088196531",
"kind": "small shop",
"name": "",
"opening_hours": "PH,Mo-Su 08:00-12:00,17:00-19:00"
}
},
{
"type": "Feature",
"geometry": {
"type": "Point",
"coordinates": [
9.5509453,
42.2144833
]
},
"properties": {
"osm_id": "way/1090675268",
"kind": "small shop",
"name": "Mini Market"
}
},
{
"type": "Feature",
"geometry": {
"type": "Point",
"coordinates": [
8.8398771,
41.8186109
]
},
"properties": {
"osm_id": "way/1107232724",
"kind": "restaurant",
"name": ""
}
},
{
"type": "Feature",
"geometry": {
"type": "Point",
"coordinates": [
8.6237919,
41.936051
]
},
"properties": {
"osm_id": "way/1116879746",
"kind": "restaurant",
"name": "Paillote Capo Di Feno",
"opening_hours": "Mo-Su 10:30-22:30"
}
},
{
"type": "Feature",
"geometry": {
"type": "Point",
"coordinates": [
9.3336906,
41.7347847
]
},
"properties": {
"osm_id": "way/112623615",
"kind": "bar",
"name": "Le Soleil Levant"
}
},
{
"type": "Feature",
"geometry": {
"type": "Point",
"coordinates": [
9.4043155,
41.7511855
]
},
"properties": {
"osm_id": "way/112624683",
"kind": "restaurant",
"name": "Le Pacha"
}
},
{
"type": "Feature",
"geometry": {
"type": "Point",
"coordinates": [
9.3348948,
41.7352056
]
},
"properties": {
"osm_id": "way/112624806",
"kind": "restaurant",
"name": "Restaurant U Chjiosu"
}
},
{
"type": "Feature",
"geometry": {
"type": "Point",
"coordinates": [
8.8487523,
41.972516
]
},
"properties": {
"osm_id": "way/1159482078",
"kind": "restaurant",
"name": "A Casetta"
}
},
{
"type": "Feature",
"geometry": {
"type": "Point",
"coordinates": [
8.7937859,
41.7091207
]
},
"properties": {
"osm_id": "way/1160000642",
"kind": "bar",
"name": "Bar Les Oliviers"
}
},
{
"type": "Feature",
"geometry": {
"type": "Point",
"coordinates": [
9.3444638,
41.6330626
]
},
"properties": {
"osm_id": "way/1167760132",
"kind": "café",
"name": "U Stagnu"
}
},
{
"type": "Feature",
"geometry": {
"type": "Point",
"coordinates": [
9.441795,
42.0037433
]
},
"properties": {
"osm_id": "way/117903080",
"kind": "supermarket",
"name": "Spar",
"opening_hours": "Mo-Su 08:00-20:00"
}
},
{
"type": "Feature",
"geometry": {
"type": "Point",
"coordinates": [
9.4411452,
42.0038801
]
},
"properties": {
"osm_id": "way/117903082",
"kind": "small shop",
"name": ""
}
},
{
"type": "Feature",
"geometry": {
"type": "Point",
"coordinates": [
8.9232062,
42.4034536
]
},
"properties": {
"osm_id": "way/118908103",
"kind": "restaurant",
"name": "Hôtel Restaurant le Chalet"
}
},
{
"type": "Feature",
"geometry": {
"type": "Point",
"coordinates": [
8.9230065,
42.4030025
]
},
"properties": {
"osm_id": "way/118908163",
"kind": "snack bar",
"name": "Snack l'Altore"
}
},
{
"type": "Feature",
"geometry": {
"type": "Point",
"coordinates": [
9.5119853,
42.1158822
]
},
"properties": {
"osm_id": "way/119246486",
"kind": "supermarket",
"name": "Centre Commercial E.Leclerc",
"opening_hours": "Mo-Sa 08:30-20:00; Su 08:30-13:00"
}
},
{
"type": "Feature",
"geometry": {
"type": "Point",
"coordinates": [
9.0721875,
42.2580636
]
},
"properties": {
"osm_id": "way/121296706",
"kind": "restaurant",
"name": "Chez Caesar"
}
},
{
"type": "Feature",
"geometry": {
"type": "Point",
"coordinates": [
9.0301865,
42.228709
]
},
"properties": {
"osm_id": "way/121296707",
"kind": "bar",
"name": "Bergerie de Grotelle"
}
},
{
"type": "Feature",
"geometry": {
"type": "Point",
"coordinates": [
9.0236606,
42.2234275
]
},
"properties": {
"osm_id": "way/121296708",
"kind": "bar",
"name": "Bergerie de Melo"
}
},
{
"type": "Feature",
"geometry": {
"type": "Point",
"coordinates": [
9.1241914,
42.2867112
]
},
"properties": {
"osm_id": "way/121635092",
"kind": "restaurant",
"name": "Osteria u Russucciu"
}
},
{
"type": "Feature",
"geometry": {
"type": "Point",
"coordinates": [
8.7593446,
42.556522
]
},
"properties": {
"osm_id": "way/1217728557",
"kind": "restaurant",
"name": "Pizza Pinocchio",
"opening_hours": "Mo-Su 17:00-23:00; PH 17:00-23:00"
}
},
{
"type": "Feature",
"geometry": {
"type": "Point",
"coordinates": [
8.8005275,
41.9568335
]
},
"properties": {
"osm_id": "way/1218534463",
"kind": "bakery",
"name": "Paul",
"opening_hours": "Mo-Sa 06:29-20:30"
}
},
{
"type": "Feature",
"geometry": {
"type": "Point",
"coordinates": [
9.4469336,
42.6680084
]
},
"properties": {
"osm_id": "way/122464463",
"kind": "restaurant",
"name": "Sole Meo",
"opening_hours": "Tu 10:00-15:00; We,Su 10:00-17:00; Th-Sa 10:00-00:00"
}
},
{
"type": "Feature",
"geometry": {
"type": "Point",
"coordinates": [
9.4451361,
42.6732555
]
},
"properties": {
"osm_id": "way/122464497",
"kind": "restaurant",
"name": "Les Sables Rouges"
}
},
{
"type": "Feature",
"geometry": {
"type": "Point",
"coordinates": [
9.4409146,
42.6660988
]
},
"properties": {
"osm_id": "way/122465051",
"kind": "supermarket",
"name": "E.Leclerc",
"opening_hours": "Mo-Sa 08:00-20:30; Su 08:00-19:00"
}
},
{
"type": "Feature",
"geometry": {
"type": "Point",
"coordinates": [
9.450577,
42.6933463
]
},
"properties": {
"osm_id": "way/122466054",
"kind": "bar",
"name": "Bar Le Bastion"
}
},
{
"type": "Feature",
"geometry": {
"type": "Point",
"coordinates": [
9.4422931,
42.7036956
]
},
"properties": {
"osm_id": "way/122466090",
"kind": "fuel station",
"name": "Station Vito Fangu",
"opening_hours": "24/7"
}
},
{
"type": "Feature",
"geometry": {
"type": "Point",
"coordinates": [
9.4445512,
42.676485
]
},
"properties": {
"osm_id": "way/122466136",
"kind": "fuel station",
"name": "Eni",
"opening_hours": "24/7"
}
},
{
"type": "Feature",
"geometry": {
"type": "Point",
"coordinates": [
9.4431037,
42.6792905
]
},
"properties": {
"osm_id": "way/122466156",
"kind": "fuel station",
"name": "Vito",
"opening_hours": "24/7"
}
},
{
"type": "Feature",
"geometry": {
"type": "Point",
"coordinates": [
9.4418745,
42.6636123
]
},
"properties": {
"osm_id": "way/122466949",
"kind": "restaurant",
"name": "Le Social",
"opening_hours": "Mo-Sa 05:30-00:00; Su 07:00-13:00"
}
},
{
"type": "Feature",
"geometry": {
"type": "Point",
"coordinates": [
9.4443443,
42.6752608
]
},
"properties": {
"osm_id": "way/122467395",
"kind": "fuel station",
"name": "Vito",
"opening_hours": "24/7"
}
},
{
"type": "Feature",
"geometry": {
"type": "Point",
"coordinates": [
9.4436256,
42.6808858
]
},
"properties": {
"osm_id": "way/122467426",
"kind": "fuel station",
"name": "Station Vito",
"opening_hours": "24/7"
}
},
{
"type": "Feature",
"geometry": {
"type": "Point",
"coordinates": [
9.4429254,
42.7059122
]
},
"properties": {
"osm_id": "way/122467539",
"kind": "supermarket",
"name": "E.Leclerc",
"opening_hours": "Mo-Sa 08:30-20:30; Su 08:30-13:00"
}
},
{
"type": "Feature",
"geometry": {
"type": "Point",
"coordinates": [
9.4522545,
42.6972447
]
},
"properties": {
"osm_id": "way/122467855",
"kind": "bar",
"name": "L'Alba"
}
},
{
"type": "Feature",
"geometry": {
"type": "Point",
"coordinates": [
9.4436826,
42.6741166
]
},
"properties": {
"osm_id": "way/122469115",
"kind": "fuel station",
"name": "Relais Total de l'Arinella",
"opening_hours": "24/7"
}
},
{
"type": "Feature",
"geometry": {
"type": "Point",
"coordinates": [
9.4468709,
42.6900361
]
},
"properties": {
"osm_id": "way/122470188",
"kind": "fuel station",
"name": ""
}
},
{
"type": "Feature",
"geometry": {
"type": "Point",
"coordinates": [
8.7349746,
41.796606
]
},
"properties": {
"osm_id": "way/1236322872",
"kind": "restaurant",
"name": ""
}
},
{
"type": "Feature",
"geometry": {
"type": "Point",
"coordinates": [
9.3511752,
42.9074879
]
},
"properties": {
"osm_id": "way/1252162282",
"kind": "supermarket",
"name": "Spar",
"opening_hours": "Mo-Sa 08:30-19:00; Su 09:00-12:00"
}
},
{
"type": "Feature",
"geometry": {
"type": "Point",
"coordinates": [
8.8723803,
42.6075523
]
},
"properties": {
"osm_id": "way/1273449034",
"kind": "small shop",
"name": "Utile",
"opening_hours": "Mo-Sa 08:30-19:30; Su 08:30-13:00"
}
},
{
"type": "Feature",
"geometry": {
"type": "Point",
"coordinates": [
8.5960796,
42.1343447
]
},
"properties": {
"osm_id": "way/1287208399",
"kind": "restaurant",
"name": "L'Ortu",
"opening_hours": "Mo 18:00-23:45; Tu-Su 18:00-23:45; Nov-Mar off"
}
},
{
"type": "Feature",
"geometry": {
"type": "Point",
"coordinates": [
9.342683,
41.8440361
]
},
"properties": {
"osm_id": "way/1294695522",
"kind": "restaurant",
"name": "U Rosumarinu"
}
},
{
"type": "Feature",
"geometry": {
"type": "Point",
"coordinates": [
8.9077697,
41.9181831
]
},
"properties": {
"osm_id": "way/1297481760",
"kind": "greengrocer",
"name": "L'Urticeddu"
}
},
{
"type": "Feature",
"geometry": {
"type": "Point",
"coordinates": [
9.2259903,
41.7960533
]
},
"properties": {
"osm_id": "way/129769113",
"kind": "restaurant",
"name": "Les Aiguilles de Bavella"
}
},
{
"type": "Feature",
"geometry": {
"type": "Point",
"coordinates": [
9.226059,
42.4711395
]
},
"properties": {
"osm_id": "way/129901187",
"kind": "restaurant",
"name": ""
}
},
{
"type": "Feature",
"geometry": {
"type": "Point",
"coordinates": [
9.0353433,
42.6537743
]
},
"properties": {
"osm_id": "way/129902731",
"kind": "snack bar",
"name": "Licciola"
}
},
{
"type": "Feature",
"geometry": {
"type": "Point",
"coordinates": [
9.1771388,
42.5026752
]
},
"properties": {
"osm_id": "way/130509901",
"kind": "restaurant",
"name": "Chez Dédé"
}
},
{
"type": "Feature",
"geometry": {
"type": "Point",
"coordinates": [
9.121483,
42.1143477
]
},
"properties": {
"osm_id": "way/130854313",
"kind": "restaurant",
"name": "A Muntagnera"
}
},
{
"type": "Feature",
"geometry": {
"type": "Point",
"coordinates": [
9.4337122,
42.6397165
]
},
"properties": {
"osm_id": "way/1311471482",
"kind": "bar",
"name": "Buvette"
}
},
{
"type": "Feature",
"geometry": {
"type": "Point",
"coordinates": [
8.7543192,
42.041561
]
},
"properties": {
"osm_id": "way/132506848",
"kind": "restaurant",
"name": ""
}
},
{
"type": "Feature",
"geometry": {
"type": "Point",
"coordinates": [
8.782924,
41.8344426
]
},
"properties": {
"osm_id": "way/1375865861",
"kind": "restaurant",
"name": "Pizza Raymond"
}
},
{
"type": "Feature",
"geometry": {
"type": "Point",
"coordinates": [
9.551464,
42.1121402
]
},
"properties": {
"osm_id": "way/1391580414",
"kind": "restaurant",
"name": "Le Bounty",
"opening_hours": "Mo-Su 12:00-14:30, 17:00-23:00"
}
},
{
"type": "Feature",
"geometry": {
"type": "Point",
"coordinates": [
9.5513267,
42.1114625
]
},
"properties": {
"osm_id": "way/1391580431",
"kind": "restaurant",
"name": "Le 20270 Chez Mathieu"
}
},
{
"type": "Feature",
"geometry": {
"type": "Point",
"coordinates": [
9.1726194,
42.5761415
]
},
"properties": {
"osm_id": "way/1396205963",
"kind": "restaurant",
"name": "L'Ostri",
"opening_hours": "11:00-14:00,18:30-00:30"
}
},
{
"type": "Feature",
"geometry": {
"type": "Point",
"coordinates": [
9.4616662,
42.6402715
]
},
"properties": {
"osm_id": "way/1460350394",
"kind": "bar",
"name": "Bar de la Plage"
}
},
{
"type": "Feature",
"geometry": {
"type": "Point",
"coordinates": [
9.3022963,
42.6728765
]
},
"properties": {
"osm_id": "way/1465640628",
"kind": "small shop",
"name": "Marché du Nebbiu",
"opening_hours": "Mo-Sa 09:00-13:00, 17:00-19:00"
}
},
{
"type": "Feature",
"geometry": {
"type": "Point",
"coordinates": [
9.1577863,
42.3039744
]
},
"properties": {
"osm_id": "way/1466172339",
"kind": "restaurant",
"name": "Snack de la Gare"
}
},
{
"type": "Feature",
"geometry": {
"type": "Point",
"coordinates": [
9.1551884,
42.3017173
]
},
"properties": {
"osm_id": "way/1466790008",
"kind": "restaurant",
"name": "A Bona Pizza",
"opening_hours": "Mo-Su 18:30-22:30"
}
},
{
"type": "Feature",
"geometry": {
"type": "Point",
"coordinates": [
9.1583231,
42.3026146
]
},
"properties": {
"osm_id": "way/1467262168",
"kind": "snack bar",
"name": "Chez Angeluccia"
}
},
{
"type": "Feature",
"geometry": {
"type": "Point",
"coordinates": [
9.461059,
42.7336551
]
},
"properties": {
"osm_id": "way/1470874269",
"kind": "restaurant",
"name": "Paillotte Grisgione"
}
},
{
"type": "Feature",
"geometry": {
"type": "Point",
"coordinates": [
9.3150073,
42.6626033
]
},
"properties": {
"osm_id": "way/1488589326",
"kind": "restaurant",
"name": "DIONYSOS"
}
},
{
"type": "Feature",
"geometry": {
"type": "Point",
"coordinates": [
9.4718235,
42.5498884
]
},
"properties": {
"osm_id": "way/1501558191",
"kind": "farm shop",
"name": "LA FERME CORSE SAS",
"opening_hours": "Mo-Sa 09:00-19:00; Su 09:00-13:00"
}
},
{
"type": "Feature",
"geometry": {
"type": "Point",
"coordinates": [
9.4577002,
42.0048461
]
},
"properties": {
"osm_id": "way/1527546672",
"kind": "restaurant",
"name": "Les Deux Mâts"
}
},
{
"type": "Feature",
"geometry": {
"type": "Point",
"coordinates": [
8.7195826,
41.9109421
]
},
"properties": {
"osm_id": "way/1546502875",
"kind": "restaurant",
"name": "Sole Mio",
"opening_hours": "Tu-Su 18:00-22:30"
}
},
{
"type": "Feature",
"geometry": {
"type": "Point",
"coordinates": [
9.0722567,
42.2582135
]
},
"properties": {
"osm_id": "way/1550782856",
"kind": "restaurant",
"name": ""
}
},
{
"type": "Feature",
"geometry": {
"type": "Point",
"coordinates": [
9.4646746,
42.933842
]
},
"properties": {
"osm_id": "way/1556597448",
"kind": "restaurant",
"name": "La paillotte"
}
},
{
"type": "Feature",
"geometry": {
"type": "Point",
"coordinates": [
9.5534249,
42.2177257
]
},
"properties": {
"osm_id": "way/159954965",
"kind": "restaurant",
"name": "La Paillote"
}
},
{
"type": "Feature",
"geometry": {
"type": "Point",
"coordinates": [
9.3190245,
42.8291225
]
},
"properties": {
"osm_id": "way/164354660",
"kind": "restaurant",
"name": "L'auberge Du Chat Qui Pêche"
}
},
{
"type": "Feature",
"geometry": {
"type": "Point",
"coordinates": [
9.4686596,
42.0534192
]
},
"properties": {
"osm_id": "way/166137474",
"kind": "restaurant",
"name": "Restaurant d'Urbino",
"opening_hours": "24/7"
}
},
{
"type": "Feature",
"geometry": {
"type": "Point",
"coordinates": [
9.5312829,
42.3968497
]
},
"properties": {
"osm_id": "way/170340228",
"kind": "small shop",
"name": "Vival",
"opening_hours": "Mo-Su 07:00-20:00"
}
},
{
"type": "Feature",
"geometry": {
"type": "Point",
"coordinates": [
9.3547369,
42.5267957
]
},
"properties": {
"osm_id": "way/171497298",
"kind": "bar",
"name": "l'Alivi"
}
},
{
"type": "Feature",
"geometry": {
"type": "Point",
"coordinates": [
9.4654216,
42.757843
]
},
"properties": {
"osm_id": "way/172425159",
"kind": "restaurant",
"name": "Chez Auguste"
}
},
{
"type": "Feature",
"geometry": {
"type": "Point",
"coordinates": [
8.91126,
42.1899785
]
},
"properties": {
"osm_id": "way/176339094",
"kind": "restaurant",
"name": "U Paese"
}
},
{
"type": "Feature",
"geometry": {
"type": "Point",
"coordinates": [
9.158426,
42.30077
]
},
"properties": {
"osm_id": "way/185629861",
"kind": "supermarket",
"name": "Auchan Supermarché",
"opening_hours": "Mo-Tu 08:00-20:00; We 08:00-08:00; Th-Sa 08:00-20:00; Su 08:00-12:45"
}
},
{
"type": "Feature",
"geometry": {
"type": "Point",
"coordinates": [
9.5467001,
42.2629385
]
},
"properties": {
"osm_id": "way/186030404",
"kind": "supermarket",
"name": "Centre commercial E. Leclerc",
"opening_hours": "Mo-Sa 08:00-20:30; Su 08:00-12:45"
}
},
{
"type": "Feature",
"geometry": {
"type": "Point",
"coordinates": [
9.4013832,
41.986673
]
},
"properties": {
"osm_id": "way/186036094",
"kind": "bar",
"name": "Brasseur A Tribbierra"
}
},
{
"type": "Feature",
"geometry": {
"type": "Point",
"coordinates": [
9.0622718,
41.4730922
]
},
"properties": {
"osm_id": "way/191064696",
"kind": "restaurant",
"name": "Pizzeria Chez Mika"
}
},
{
"type": "Feature",
"geometry": {
"type": "Point",
"coordinates": [
9.0536636,
41.4917128
]
},
"properties": {
"osm_id": "way/191065006",
"kind": "restaurant",
"name": "u spuntinu"
}
},
{
"type": "Feature",
"geometry": {
"type": "Point",
"coordinates": [
9.0772836,
41.4839075
]
},
"properties": {
"osm_id": "way/191065045",
"kind": "restaurant",
"name": "Baraka"
}
},
{
"type": "Feature",
"geometry": {
"type": "Point",
"coordinates": [
9.0543167,
41.4920726
]
},
"properties": {
"osm_id": "way/191065337",
"kind": "supermarket",
"name": "Carrefour Market",
"opening_hours": "Mo-Sa 07:00-20:00; Su 07:00-21:00"
}
},
{
"type": "Feature",
"geometry": {
"type": "Point",
"coordinates": [
9.0439238,
41.4726763
]
},
"properties": {
"osm_id": "way/191066694",
"kind": "restaurant",
"name": ""
}
},
{
"type": "Feature",
"geometry": {
"type": "Point",
"coordinates": [
8.7767055,
41.9491084
]
},
"properties": {
"osm_id": "way/200444686",
"kind": "supermarket",
"name": "Auchan",
"opening_hours": "Mo-Sa 08:30-20:30; Su 08:30-13:00"
}
},
{
"type": "Feature",
"geometry": {
"type": "Point",
"coordinates": [
8.7754367,
41.9500932
]
},
"properties": {
"osm_id": "way/200444699",
"kind": "café",
"name": "U Caffè"
}
},
{
"type": "Feature",
"geometry": {
"type": "Point",
"coordinates": [
8.7765085,
41.9495081
]
},
"properties": {
"osm_id": "way/200444720",
"kind": "café",
"name": "Segafredo",
"opening_hours": "Mo-Sa 09:00-19:00"
}
},
{
"type": "Feature",
"geometry": {
"type": "Point",
"coordinates": [
8.7764928,
41.9497235
]
},
"properties": {
"osm_id": "way/200444729",
"kind": "café",
"name": "Segafredo"
}
},
{
"type": "Feature",
"geometry": {
"type": "Point",
"coordinates": [
9.1229242,
41.9994315
]
},
"properties": {
"osm_id": "way/203322083",
"kind": "restaurant",
"name": "Le Chalet"
}
},
{
"type": "Feature",
"geometry": {
"type": "Point",
"coordinates": [
8.9164494,
42.6268295
]
},
"properties": {
"osm_id": "way/208353719",
"kind": "restaurant",
"name": ""
}
},
{
"type": "Feature",
"geometry": {
"type": "Point",
"coordinates": [
8.8689765,
41.6459915
]
},
"properties": {
"osm_id": "way/218026539",
"kind": "restaurant",
"name": "U Livanti",
"opening_hours": "Mo-Su 07:30-23:00"
}
},
{
"type": "Feature",
"geometry": {
"type": "Point",
"coordinates": [
9.3376936,
41.7332262
]
},
"properties": {
"osm_id": "way/222119845",
"kind": "restaurant",
"name": "Gite d'Étape La Tonnelle"
}
},
{
"type": "Feature",
"geometry": {
"type": "Point",
"coordinates": [
9.1508725,
42.3054505
]
},
"properties": {
"osm_id": "way/222221062",
"kind": "restaurant",
"name": "Pascal Paoli"
}
},
{
"type": "Feature",
"geometry": {
"type": "Point",
"coordinates": [
9.1498907,
42.3051639
]
},
"properties": {
"osm_id": "way/222221117",
"kind": "restaurant",
"name": "A Casuccia"
}
},
{
"type": "Feature",
"geometry": {
"type": "Point",
"coordinates": [
9.149363,
42.3055103
]
},
"properties": {
"osm_id": "way/222221124",
"kind": "restaurant",
"name": "U Museu"
}
},
{
"type": "Feature",
"geometry": {
"type": "Point",
"coordinates": [
9.1553522,
42.3062732
]
},
"properties": {
"osm_id": "way/222221143",
"kind": "restaurant",
"name": "L'Oriente"
}
},
{
"type": "Feature",
"geometry": {
"type": "Point",
"coordinates": [
9.1508143,
42.3051129
]
},
"properties": {
"osm_id": "way/222221416",
"kind": "restaurant",
"name": "Terra Corsa"
}
},
{
"type": "Feature",
"geometry": {
"type": "Point",
"coordinates": [
9.1514001,
42.3050415
]
},
"properties": {
"osm_id": "way/222221583",
"kind": "small shop",
"name": "Utile",
"opening_hours": "Mo-Su 07:30-19:30"
}
},
{
"type": "Feature",
"geometry": {
"type": "Point",
"coordinates": [
9.1512375,
42.304928
]
},
"properties": {
"osm_id": "way/222221656",
"kind": "bar",
"name": "Cafe Bar Cyrnea"
}
},
{
"type": "Feature",
"geometry": {
"type": "Point",
"coordinates": [
9.150777,
42.3052814
]
},
"properties": {
"osm_id": "way/222221686",
"kind": "restaurant",
"name": "A Scudella"
}
},
{
"type": "Feature",
"geometry": {
"type": "Point",
"coordinates": [
9.1500495,
42.3055188
]
},
"properties": {
"osm_id": "way/222221692",
"kind": "restaurant",
"name": "A Funtana"
}
},
{
"type": "Feature",
"geometry": {
"type": "Point",
"coordinates": [
9.4409333,
42.656112
]
},
"properties": {
"osm_id": "way/223689565",
"kind": "fuel station",
"name": "Vito",
"opening_hours": "24/7"
}
},
{
"type": "Feature",
"geometry": {
"type": "Point",
"coordinates": [
9.44152,
42.6549261
]
},
"properties": {
"osm_id": "way/223689805",
"kind": "fuel station",
"name": "Total",
"opening_hours": "Mo-Sa 06:00-20:00"
}
},
{
"type": "Feature",
"geometry": {
"type": "Point",
"coordinates": [
9.442453,
42.6553241
]
},
"properties": {
"osm_id": "way/223689821",
"kind": "restaurant",
"name": "Maison de la Bottarga",
"opening_hours": "Mo-Sa 09:00-22:00"
}
},
{
"type": "Feature",
"geometry": {
"type": "Point",
"coordinates": [
8.7824844,
41.7381197
]
},
"properties": {
"osm_id": "way/225172615",
"kind": "restaurant",
"name": "Waikiki Beach"
}
},
{
"type": "Feature",
"geometry": {
"type": "Point",
"coordinates": [
8.8235108,
41.7926016
]
},
"properties": {
"osm_id": "way/226566213",
"kind": "restaurant",
"name": "A' Baracca"
}
},
{
"type": "Feature",
"geometry": {
"type": "Point",
"coordinates": [
8.7580115,
42.559902
]
},
"properties": {
"osm_id": "way/236843108",
"kind": "restaurant",
"name": "Le Lido"
}
},
{
"type": "Feature",
"geometry": {
"type": "Point",
"coordinates": [
8.8515964,
42.5085064
]
},
"properties": {
"osm_id": "way/236843121",
"kind": "fuel station",
"name": "Eni",
"opening_hours": "24/7"
}
},
{
"type": "Feature",
"geometry": {
"type": "Point",
"coordinates": [
8.7056502,
42.1306933
]
},
"properties": {
"osm_id": "way/238308353",
"kind": "supermarket",
"name": "Marché U",
"opening_hours": "Mo-Sa 08:00-20:00; Su 08:00-13:00,16:00-20:00"
}
},
{
"type": "Feature",
"geometry": {
"type": "Point",
"coordinates": [
8.8702512,
41.7450528
]
},
"properties": {
"osm_id": "way/239805747",
"kind": "restaurant",
"name": "La préhistoire"
}
},
{
"type": "Feature",
"geometry": {
"type": "Point",
"coordinates": [
8.931218,
41.6884105
]
},
"properties": {
"osm_id": "way/239908895",
"kind": "restaurant",
"name": "i Bagni"
}
},
{
"type": "Feature",
"geometry": {
"type": "Point",
"coordinates": [
9.4366602,
42.6247195
]
},
"properties": {
"osm_id": "way/242990998",
"kind": "fuel station",
"name": "Vito",
"opening_hours": "24/7"
}
},
{
"type": "Feature",
"geometry": {
"type": "Point",
"coordinates": [
9.50763,
42.4472346
]
},
"properties": {
"osm_id": "way/243107258",
"kind": "supermarket",
"name": "Spar",
"opening_hours": "Mo-Su 07:00-20:00"
}
},
{
"type": "Feature",
"geometry": {
"type": "Point",
"coordinates": [
8.7551026,
42.5608589
]
},
"properties": {
"osm_id": "way/244735672",
"kind": "supermarket",
"name": "Super U",
"opening_hours": "Mo-Sa 08:30-20:00; Su 08:30-13:00"
}
},
{
"type": "Feature",
"geometry": {
"type": "Point",
"coordinates": [
8.7570615,
42.565993
]
},
"properties": {
"osm_id": "way/244735675",
"kind": "supermarket",
"name": "Spar",
"opening_hours": "Mo-Sa 08:30-20:00; PH,Su 08:30-13:00"
}
},
{
"type": "Feature",
"geometry": {
"type": "Point",
"coordinates": [
8.756746,
42.558564
]
},
"properties": {
"osm_id": "way/244737317",
"kind": "restaurant",
"name": "L'Alba"
}
},
{
"type": "Feature",
"geometry": {
"type": "Point",
"coordinates": [
8.7564423,
42.560336
]
},
"properties": {
"osm_id": "way/244738564",
"kind": "fuel station",
"name": "Relais de la balagne"
}
},
{
"type": "Feature",
"geometry": {
"type": "Point",
"coordinates": [
8.749192,
42.5669295
]
},
"properties": {
"osm_id": "way/244738934",
"kind": "restaurant",
"name": "u Fanale"
}
},
{
"type": "Feature",
"geometry": {
"type": "Point",
"coordinates": [
8.7567895,
42.55963
]
},
"properties": {
"osm_id": "way/244740076",
"kind": "greengrocer",
"name": "Epiecerie Bio",
"opening_hours": "Mo-Su 08:00-13:00,16:00-19:00"
}
},
{
"type": "Feature",
"geometry": {
"type": "Point",
"coordinates": [
8.756892,
42.566044
]
},
"properties": {
"osm_id": "way/244740131",
"kind": "snack bar",
"name": "nubé"
}
},
{
"type": "Feature",
"geometry": {
"type": "Point",
"coordinates": [
8.7586955,
42.566677
]
},
"properties": {
"osm_id": "way/244740269",
"kind": "bar",
"name": "Les Palmiers"
}
},
{
"type": "Feature",
"geometry": {
"type": "Point",
"coordinates": [
8.7574842,
42.5605729
]
},
"properties": {
"osm_id": "way/244740823",
"kind": "restaurant",
"name": "Marco Plage"
}
},
{
"type": "Feature",
"geometry": {
"type": "Point",
"coordinates": [
8.9392781,
42.6339751
]
},
"properties": {
"osm_id": "way/244774865",
"kind": "restaurant",
"name": "La Brasserie"
}
},
{
"type": "Feature",
"geometry": {
"type": "Point",
"coordinates": [
9.2806533,
42.4852719
]
},
"properties": {
"osm_id": "way/256198401",
"kind": "restaurant",
"name": "A Memoria"
}
},
{
"type": "Feature",
"geometry": {
"type": "Point",
"coordinates": [
9.0672802,
42.6538092
]
},
"properties": {
"osm_id": "way/264313622",
"kind": "small shop",
"name": ""
}
},
{
"type": "Feature",
"geometry": {
"type": "Point",
"coordinates": [
9.4392169,
42.6443112
]
},
"properties": {
"osm_id": "way/266245827",
"kind": "restaurant",
"name": "Bee House"
}
},
{
"type": "Feature",
"geometry": {
"type": "Point",
"coordinates": [
9.4434298,
42.6527197
]
},
"properties": {
"osm_id": "way/266246017",
"kind": "snack bar",
"name": "KFC",
"opening_hours": "Mo-Su 11:00-23:00"
}
},
{
"type": "Feature",
"geometry": {
"type": "Point",
"coordinates": [
9.4464788,
42.6541882
]
},
"properties": {
"osm_id": "way/266247838",
"kind": "greengrocer",
"name": "U Chiurlinu"
}
},
{
"type": "Feature",
"geometry": {
"type": "Point",
"coordinates": [
9.4405385,
42.6522954
]
},
"properties": {
"osm_id": "way/266248092",
"kind": "fuel station",
"name": "Eni Campometa",
"opening_hours": "24/7"
}
},
{
"type": "Feature",
"geometry": {
"type": "Point",
"coordinates": [
9.2367225,
42.6615949
]
},
"properties": {
"osm_id": "way/273078336",
"kind": "restaurant",
"name": "U Santu Petru",
"opening_hours": "24/7"
}
},
{
"type": "Feature",
"geometry": {
"type": "Point",
"coordinates": [
8.6824223,
42.3126812
]
},
"properties": {
"osm_id": "way/273083886",
"kind": "small shop",
"name": ""
}
},
{
"type": "Feature",
"geometry": {
"type": "Point",
"coordinates": [
9.4411425,
42.5680641
]
},
"properties": {
"osm_id": "way/274027116",
"kind": "fuel station",
"name": "Euromaster Marcelli Pneu Bastia Borgo",
"opening_hours": "Mo-Fr 07:30-12:00, 14:00-18:00; Sa 08:00-12:00, 14:00-17:00"
}
},
{
"type": "Feature",
"geometry": {
"type": "Point",
"coordinates": [
8.7725964,
41.7734217
]
},
"properties": {
"osm_id": "way/274101713",
"kind": "restaurant",
"name": "Chez Vero",
"opening_hours": "We-Mo 08:30-15:00, 17:00-21:30"
}
},
{
"type": "Feature",
"geometry": {
"type": "Point",
"coordinates": [
9.0776779,
41.4744736
]
},
"properties": {
"osm_id": "way/278795204",
"kind": "restaurant",
"name": "Le Goéland"
}
},
{
"type": "Feature",
"geometry": {
"type": "Point",
"coordinates": [
9.4416064,
42.5627376
]
},
"properties": {
"osm_id": "way/282515373",
"kind": "supermarket",
"name": "U Express",
"opening_hours": "Mo-Sa 08:30-20:00; Su 09:00-13:00"
}
},
{
"type": "Feature",
"geometry": {
"type": "Point",
"coordinates": [
9.4938774,
42.5998342
]
},
"properties": {
"osm_id": "way/282519700",
"kind": "small shop",
"name": "E. Leclerc Express",
"opening_hours": "Mo-Sa 08:30-20:00; Su 08:30-12:30"
}
},
{
"type": "Feature",
"geometry": {
"type": "Point",
"coordinates": [
9.0643242,
41.4900494
]
},
"properties": {
"osm_id": "way/293877855",
"kind": "restaurant",
"name": "Black Pearl's"
}
},
{
"type": "Feature",
"geometry": {
"type": "Point",
"coordinates": [
9.0563054,
41.469753
]
},
"properties": {
"osm_id": "way/294197867",
"kind": "restaurant",
"name": "23-19"
}
},
{
"type": "Feature",
"geometry": {
"type": "Point",
"coordinates": [
9.0470332,
41.4968602
]
},
"properties": {
"osm_id": "way/294841952",
"kind": "fuel station",
"name": "",
"opening_hours": "24/7"
}
},
{
"type": "Feature",
"geometry": {
"type": "Point",
"coordinates": [
9.453414,
42.7048398
]
},
"properties": {
"osm_id": "way/295470316",
"kind": "fuel station",
"name": "Eni",
"opening_hours": "24/7"
}
},
{
"type": "Feature",
"geometry": {
"type": "Point",
"coordinates": [
9.4131931,
42.2798274
]
},
"properties": {
"osm_id": "way/295883859",
"kind": "restaurant",
"name": ""
}
},
{
"type": "Feature",
"geometry": {
"type": "Point",
"coordinates": [
9.3090931,
41.5897284
]
},
"properties": {
"osm_id": "way/295905662",
"kind": "restaurant",
"name": "Terramea"
}
},
{
"type": "Feature",
"geometry": {
"type": "Point",
"coordinates": [
9.1125409,
42.1162099
]
},
"properties": {
"osm_id": "way/296977563",
"kind": "bar",
"name": "Snack bar de la cascade"
}
},
{
"type": "Feature",
"geometry": {
"type": "Point",
"coordinates": [
9.0523269,
42.1982813
]
},
"properties": {
"osm_id": "way/297484190",
"kind": "small shop",
"name": "Petra Piana",
"opening_hours": "Mo-Su 07:00-20:00"
}
},
{
"type": "Feature",
"geometry": {
"type": "Point",
"coordinates": [
9.5508089,
42.1102172
]
},
"properties": {
"osm_id": "way/298899491",
"kind": "small shop",
"name": "Mini Market",
"opening_hours": "Mo-Sa 07:30-20:00"
}
},
{
"type": "Feature",
"geometry": {
"type": "Point",
"coordinates": [
9.5505509,
42.1104763
]
},
"properties": {
"osm_id": "way/298899506",
"kind": "restaurant",
"name": "Restaurant A. Marina"
}
},
{
"type": "Feature",
"geometry": {
"type": "Point",
"coordinates": [
9.5509205,
42.1105716
]
},
"properties": {
"osm_id": "way/298899520",
"kind": "bar",
"name": "Snack, bar, glaces"
}
},
{
"type": "Feature",
"geometry": {
"type": "Point",
"coordinates": [
9.3006795,
41.6246018
]
},
"properties": {
"osm_id": "way/300694306",
"kind": "supermarket",
"name": "Super U",
"opening_hours": "PH,Mo-Su 08:30-20:30"
}
},
{
"type": "Feature",
"geometry": {
"type": "Point",
"coordinates": [
9.2001875,
41.6873296
]
},
"properties": {
"osm_id": "way/300695094",
"kind": "bar",
"name": "U Diamante"
}
},
{
"type": "Feature",
"geometry": {
"type": "Point",
"coordinates": [
9.3769449,
41.6842379
]
},
"properties": {
"osm_id": "way/302507503",
"kind": "restaurant",
"name": ""
}
},
{
"type": "Feature",
"geometry": {
"type": "Point",
"coordinates": [
9.4112509,
43.0055203
]
},
"properties": {
"osm_id": "way/303473684",
"kind": "restaurant",
"name": "A Cala"
}
},
{
"type": "Feature",
"geometry": {
"type": "Point",
"coordinates": [
9.4045048,
43.0055354
]
},
"properties": {
"osm_id": "way/303482232",
"kind": "restaurant",
"name": ""
}
},
{
"type": "Feature",
"geometry": {
"type": "Point",
"coordinates": [
9.4488881,
41.9980709
]
},
"properties": {
"osm_id": "way/303494216",
"kind": "supermarket",
"name": "Supermarché Erba Rossa"
}
},
{
"type": "Feature",
"geometry": {
"type": "Point",
"coordinates": [
9.4489072,
41.9981442
]
},
"properties": {
"osm_id": "way/303494217",
"kind": "bakery",
"name": "Boulangerie Erba Rossa"
}
},
{
"type": "Feature",
"geometry": {
"type": "Point",
"coordinates": [
9.4495507,
41.9973857
]
},
"properties": {
"osm_id": "way/303494219",
"kind": "bar",
"name": "Bar Erba Rossa"
}
},
{
"type": "Feature",
"geometry": {
"type": "Point",
"coordinates": [
9.5528138,
42.2199132
]
},
"properties": {
"osm_id": "way/306642090",
"kind": "restaurant",
"name": "Côté Mer"
}
},
{
"type": "Feature",
"geometry": {
"type": "Point",
"coordinates": [
9.4539745,
42.9745335
]
},
"properties": {
"osm_id": "way/307603643",
"kind": "restaurant",
"name": "U paradisu"
}
},
{
"type": "Feature",
"geometry": {
"type": "Point",
"coordinates": [
9.3147879,
42.6639174
]
},
"properties": {
"osm_id": "way/308424408",
"kind": "supermarket",
"name": "E.Leclerc",
"opening_hours": "Mo-Sa 08:30-20:00; Su 08:30-13:00"
}
},
{
"type": "Feature",
"geometry": {
"type": "Point",
"coordinates": [
9.4051231,
42.0183413
]
},
"properties": {
"osm_id": "way/30996848",
"kind": "supermarket",
"name": "Centre commercial E. Leclerc",
"opening_hours": "Mo-Sa 08:30-20:00; Su 08:30-13:00; PH off"
}
},
{
"type": "Feature",
"geometry": {
"type": "Point",
"coordinates": [
9.4035111,
42.0132209
]
},
"properties": {
"osm_id": "way/314116188",
"kind": "supermarket",
"name": "Spar",
"opening_hours": "Mo-Su 08:00-20:00"
}
},
{
"type": "Feature",
"geometry": {
"type": "Point",
"coordinates": [
9.4033055,
42.0133266
]
},
"properties": {
"osm_id": "way/314116192",
"kind": "supermarket",
"name": "Spar",
"opening_hours": "Mo-Su 08:00-20:00"
}
},
{
"type": "Feature",
"geometry": {
"type": "Point",
"coordinates": [
9.439776,
42.5201078
]
},
"properties": {
"osm_id": "way/316652437",
"kind": "fuel station",
"name": "Vito",
"opening_hours": "24/7"
}
},
{
"type": "Feature",
"geometry": {
"type": "Point",
"coordinates": [
9.4595999,
42.4662453
]
},
"properties": {
"osm_id": "way/316864714",
"kind": "restaurant",
"name": "A teppa"
}
},
{
"type": "Feature",
"geometry": {
"type": "Point",
"coordinates": [
9.4927151,
42.5399737
]
},
"properties": {
"osm_id": "way/321447258",
"kind": "restaurant",
"name": "A Canonica",
"opening_hours": "Mo-Th 06:00-15:30; Fr-Sa 06:00-23:30"
}
},
{
"type": "Feature",
"geometry": {
"type": "Point",
"coordinates": [
9.4663229,
42.5515837
]
},
"properties": {
"osm_id": "way/321459693",
"kind": "restaurant",
"name": "Bleu comme un jardin",
"opening_hours": "Mo-Sa 11:00-19:00"
}
},
{
"type": "Feature",
"geometry": {
"type": "Point",
"coordinates": [
9.4650652,
42.5501233
]
},
"properties": {
"osm_id": "way/321459749",
"kind": "restaurant",
"name": "Le S'yntex"
}
},
{
"type": "Feature",
"geometry": {
"type": "Point",
"coordinates": [
9.4650619,
42.5508653
]
},
"properties": {
"osm_id": "way/321459817",
"kind": "restaurant",
"name": "L'Escale"
}
},
{
"type": "Feature",
"geometry": {
"type": "Point",
"coordinates": [
9.4416871,
42.5273198
]
},
"properties": {
"osm_id": "way/321468066",
"kind": "restaurant",
"name": "Pizzeria U Fornu",
"opening_hours": "Tu-Su 10:00-15:00, 18:00-22:30"
}
},
{
"type": "Feature",
"geometry": {
"type": "Point",
"coordinates": [
9.4410131,
42.5249403
]
},
"properties": {
"osm_id": "way/321468121",
"kind": "fuel station",
"name": "Total",
"opening_hours": "24/7"
}
},
{
"type": "Feature",
"geometry": {
"type": "Point",
"coordinates": [
9.4416658,
42.5475517
]
},
"properties": {
"osm_id": "way/321468165",
"kind": "restaurant",
"name": "L'Agnone"
}
},
{
"type": "Feature",
"geometry": {
"type": "Point",
"coordinates": [
9.4422658,
42.5429308
]
},
"properties": {
"osm_id": "way/321468278",
"kind": "fuel station",
"name": "Esso",
"opening_hours": "24/7"
}
},
{
"type": "Feature",
"geometry": {
"type": "Point",
"coordinates": [
9.5470539,
42.2593507
]
},
"properties": {
"osm_id": "way/332619514",
"kind": "fuel station",
"name": "Total",
"opening_hours": "24/7"
}
},
{
"type": "Feature",
"geometry": {
"type": "Point",
"coordinates": [
9.5168608,
42.1282173
]
},
"properties": {
"osm_id": "way/332770784",
"kind": "restaurant",
"name": "Aux Coquillages de Diana",
"opening_hours": "Jun-Sep Tu-Su 12:00-14:30, Tu-Sa 19:30-22:00; Oct-May 12:00-14:30"
}
},
{
"type": "Feature",
"geometry": {
"type": "Point",
"coordinates": [
9.5505981,
42.1574854
]
},
"properties": {
"osm_id": "way/332770842",
"kind": "small shop",
"name": "Mini Market"
}
},
{
"type": "Feature",
"geometry": {
"type": "Point",
"coordinates": [
8.8554695,
42.508061
]
},
"properties": {
"osm_id": "way/349901639",
"kind": "café",
"name": "Le Royal"
}
},
{
"type": "Feature",
"geometry": {
"type": "Point",
"coordinates": [
8.767546,
41.845949
]
},
"properties": {
"osm_id": "way/351216560",
"kind": "restaurant",
"name": ""
}
},
{
"type": "Feature",
"geometry": {
"type": "Point",
"coordinates": [
9.156726,
42.1093411
]
},
"properties": {
"osm_id": "way/352354188",
"kind": "snack bar",
"name": "Bergerie d'Alzeta"
}
},
{
"type": "Feature",
"geometry": {
"type": "Point",
"coordinates": [
9.1535431,
42.0895733
]
},
"properties": {
"osm_id": "way/352354191",
"kind": "snack bar",
"name": "Bergerie de Scarpacceghje"
}
},
{
"type": "Feature",
"geometry": {
"type": "Point",
"coordinates": [
9.3950184,
41.800634
]
},
"properties": {
"osm_id": "way/353225156",
"kind": "restaurant",
"name": "La Dolce Vita"
}
},
{
"type": "Feature",
"geometry": {
"type": "Point",
"coordinates": [
9.2064597,
41.9351819
]
},
"properties": {
"osm_id": "way/353265110",
"kind": "small shop",
"name": ""
}
},
{
"type": "Feature",
"geometry": {
"type": "Point",
"coordinates": [
9.2287148,
41.7954208
]
},
"properties": {
"osm_id": "way/354652884",
"kind": "restaurant",
"name": "Le Refuge"
}
},
{
"type": "Feature",
"geometry": {
"type": "Point",
"coordinates": [
9.2290182,
41.7948972
]
},
"properties": {
"osm_id": "way/354652886",
"kind": "restaurant",
"name": "Auberge du col de la Bavella"
}
},
{
"type": "Feature",
"geometry": {
"type": "Point",
"coordinates": [
9.2286987,
41.7950582
]
},
"properties": {
"osm_id": "way/354652897",
"kind": "small shop",
"name": "Alimentation Du Col de Bavella"
}
},
{
"type": "Feature",
"geometry": {
"type": "Point",
"coordinates": [
8.7460888,
41.9430165
]
},
"properties": {
"osm_id": "way/360064668",
"kind": "supermarket",
"name": "Carrefour",
"opening_hours": "Mo-Sa 08:00-20:30; Su 08:00-12:45"
}
},
{
"type": "Feature",
"geometry": {
"type": "Point",
"coordinates": [
8.7560679,
42.5571519
]
},
"properties": {
"osm_id": "way/361609852",
"kind": "restaurant",
"name": "La cabane a pizza",
"opening_hours": "Mo-Su 18:00-23:00"
}
},
{
"type": "Feature",
"geometry": {
"type": "Point",
"coordinates": [
9.3508524,
41.8473544
]
},
"properties": {
"osm_id": "way/361979039",
"kind": "restaurant",
"name": "L‘Alba"
}
},
{
"type": "Feature",
"geometry": {
"type": "Point",
"coordinates": [
9.0316314,
42.4537121
]
},
"properties": {
"osm_id": "way/363436431",
"kind": "restaurant",
"name": "Auberge et Chambres d'Hotes E Cime"
}
},
{
"type": "Feature",
"geometry": {
"type": "Point",
"coordinates": [
9.3183919,
41.5538523
]
},
"properties": {
"osm_id": "way/363819609",
"kind": "restaurant",
"name": "Palm Beach"
}
},
{
"type": "Feature",
"geometry": {
"type": "Point",
"coordinates": [
9.2738176,
41.5618934
]
},
"properties": {
"osm_id": "way/363819914",
"kind": "restaurant",
"name": "La Focaccia"
}
},
{
"type": "Feature",
"geometry": {
"type": "Point",
"coordinates": [
9.3044565,
42.6831695
]
},
"properties": {
"osm_id": "way/364910296",
"kind": "restaurant",
"name": "L'Orizonte"
}
},
{
"type": "Feature",
"geometry": {
"type": "Point",
"coordinates": [
9.2989324,
42.6815653
]
},
"properties": {
"osm_id": "way/364910372",
"kind": "restaurant",
"name": "Le Tchin-Tchin"
}
},
{
"type": "Feature",
"geometry": {
"type": "Point",
"coordinates": [
9.3021783,
42.6793969
]
},
"properties": {
"osm_id": "way/364910652",
"kind": "restaurant",
"name": "A Citadella"
}
},
{
"type": "Feature",
"geometry": {
"type": "Point",
"coordinates": [
9.3019425,
42.6728594
]
},
"properties": {
"osm_id": "way/364910887",
"kind": "fuel station",
"name": "Domarchi",
"opening_hours": "24/7"
}
},
{
"type": "Feature",
"geometry": {
"type": "Point",
"coordinates": [
9.2992573,
42.6814492
]
},
"properties": {
"osm_id": "way/364911008",
"kind": "restaurant",
"name": "La Gaffe"
}
},
{
"type": "Feature",
"geometry": {
"type": "Point",
"coordinates": [
9.3148685,
42.6886892
]
},
"properties": {
"osm_id": "way/364911692",
"kind": "fuel station",
"name": "Relais Dominique"
}
},
{
"type": "Feature",
"geometry": {
"type": "Point",
"coordinates": [
9.2865355,
42.6740346
]
},
"properties": {
"osm_id": "way/364911732",
"kind": "restaurant",
"name": "Pizzeria Aqua Dolce",
"opening_hours": "Mo-Su 11:30-23:00"
}
},
{
"type": "Feature",
"geometry": {
"type": "Point",
"coordinates": [
9.2169298,
42.6653791
]
},
"properties": {
"osm_id": "way/365454547",
"kind": "bar",
"name": "A Casetta di Mamò"
}
},
{
"type": "Feature",
"geometry": {
"type": "Point",
"coordinates": [
9.2434563,
42.1005699
]
},
"properties": {
"osm_id": "way/374990682",
"kind": "restaurant",
"name": "Auberge a Vecchia Mina"
}
},
{
"type": "Feature",
"geometry": {
"type": "Point",
"coordinates": [
9.5389586,
42.3194233
]
},
"properties": {
"osm_id": "way/375434585",
"kind": "supermarket",
"name": "Utile Cervione"
}
},
{
"type": "Feature",
"geometry": {
"type": "Point",
"coordinates": [
9.3511939,
42.9076279
]
},
"properties": {
"osm_id": "way/375781603",
"kind": "bar",
"name": "Bar des Platanes"
}
},
{
"type": "Feature",
"geometry": {
"type": "Point",
"coordinates": [
8.9346683,
41.9617838
]
},
"properties": {
"osm_id": "way/376789414",
"kind": "café",
"name": "Le Soccer"
}
},
{
"type": "Feature",
"geometry": {
"type": "Point",
"coordinates": [
9.4021842,
43.0059497
]
},
"properties": {
"osm_id": "way/386621166",
"kind": "restaurant",
"name": "Pietra Cinta"
}
},
{
"type": "Feature",
"geometry": {
"type": "Point",
"coordinates": [
9.3496645,
42.9662855
]
},
"properties": {
"osm_id": "way/391734718",
"kind": "restaurant",
"name": "Le Langoustier",
"opening_hours": "Mo-Su 12:00-14:00,19:30-21:00"
}
},
{
"type": "Feature",
"geometry": {
"type": "Point",
"coordinates": [
9.3502971,
42.96629
]
},
"properties": {
"osm_id": "way/391734728",
"kind": "restaurant",
"name": "La Bella Vista"
}
},
{
"type": "Feature",
"geometry": {
"type": "Point",
"coordinates": [
9.3507034,
42.9662077
]
},
"properties": {
"osm_id": "way/391734750",
"kind": "snack bar",
"name": "Le Sporting"
}
},
{
"type": "Feature",
"geometry": {
"type": "Point",
"coordinates": [
9.3510456,
42.9658859
]
},
"properties": {
"osm_id": "way/391773450",
"kind": "restaurant",
"name": "Du Pecheur"
}
},
{
"type": "Feature",
"geometry": {
"type": "Point",
"coordinates": [
9.3496177,
42.9653978
]
},
"properties": {
"osm_id": "way/393002612",
"kind": "small shop",
"name": "A Buttega",
"opening_hours": "Mo-Su 09:00-12:30, 16:00-18:00"
}
},
{
"type": "Feature",
"geometry": {
"type": "Point",
"coordinates": [
9.3489405,
42.9655776
]
},
"properties": {
"osm_id": "way/393002618",
"kind": "restaurant",
"name": "La Jetée"
}
},
{
"type": "Feature",
"geometry": {
"type": "Point",
"coordinates": [
9.3489281,
42.9652748
]
},
"properties": {
"osm_id": "way/393002624",
"kind": "snack bar",
"name": "Chez Sandrine"
}
},
{
"type": "Feature",
"geometry": {
"type": "Point",
"coordinates": [
9.3531053,
42.9658062
]
},
"properties": {
"osm_id": "way/393002647",
"kind": "restaurant",
"name": "U Marinaru"
}
},
{
"type": "Feature",
"geometry": {
"type": "Point",
"coordinates": [
9.166539,
42.3012035
]
},
"properties": {
"osm_id": "way/412847650",
"kind": "greengrocer",
"name": "Ideal Primeur Corte"
}
},
{
"type": "Feature",
"geometry": {
"type": "Point",
"coordinates": [
9.1757987,
42.2993342
]
},
"properties": {
"osm_id": "way/412849363",
"kind": "restaurant",
"name": ""
}
},
{
"type": "Feature",
"geometry": {
"type": "Point",
"coordinates": [
9.1525615,
42.301232
]
},
"properties": {
"osm_id": "way/412853179",
"kind": "bar",
"name": "Le Relais St. Antoine"
}
},
{
"type": "Feature",
"geometry": {
"type": "Point",
"coordinates": [
9.1573379,
42.3017615
]
},
"properties": {
"osm_id": "way/412853220",
"kind": "fuel station",
"name": "Vito"
}
},
{
"type": "Feature",
"geometry": {
"type": "Point",
"coordinates": [
9.1505542,
42.3126896
]
},
"properties": {
"osm_id": "way/412855734",
"kind": "farm shop",
"name": "A Robba Paisana",
"opening_hours": "Mo-Fr 09:00-12:30,15:00-19:00; Sa 09:00-12:30"
}
},
{
"type": "Feature",
"geometry": {
"type": "Point",
"coordinates": [
9.1478054,
42.301602
]
},
"properties": {
"osm_id": "way/412859666",
"kind": "bar",
"name": ""
}
},
{
"type": "Feature",
"geometry": {
"type": "Point",
"coordinates": [
9.1580597,
42.3034024
]
},
"properties": {
"osm_id": "way/412959099",
"kind": "small shop",
"name": "U Express"
}
},
{
"type": "Feature",
"geometry": {
"type": "Point",
"coordinates": [
8.7092684,
42.2637297
]
},
"properties": {
"osm_id": "way/429736707",
"kind": "ice cream",
"name": "La Cigale"
}
},
{
"type": "Feature",
"geometry": {
"type": "Point",
"coordinates": [
9.0128075,
42.6362525
]
},
"properties": {
"osm_id": "way/435705714",
"kind": "restaurant",
"name": "Les Mouettes"
}
},
{
"type": "Feature",
"geometry": {
"type": "Point",
"coordinates": [
8.8620914,
42.6087633
]
},
"properties": {
"osm_id": "way/441854364",
"kind": "restaurant",
"name": "U Furnellu"
}
},
{
"type": "Feature",
"geometry": {
"type": "Point",
"coordinates": [
8.8669105,
42.6077161
]
},
"properties": {
"osm_id": "way/441854387",
"kind": "restaurant",
"name": "Casarena",
"opening_hours": "Mo-Su 09:00-23:30"
}
},
{
"type": "Feature",
"geometry": {
"type": "Point",
"coordinates": [
8.8617912,
42.6085609
]
},
"properties": {
"osm_id": "way/441854774",
"kind": "restaurant",
"name": "La Vieille Cave"
}
},
{
"type": "Feature",
"geometry": {
"type": "Point",
"coordinates": [
8.862228,
42.6086006
]
},
"properties": {
"osm_id": "way/441854918",
"kind": "restaurant",
"name": "Le Chariot"
}
},
{
"type": "Feature",
"geometry": {
"type": "Point",
"coordinates": [
9.2219316,
41.4383583
]
},
"properties": {
"osm_id": "way/444462744",
"kind": "restaurant",
"name": "Chez Gill"
}
},
{
"type": "Feature",
"geometry": {
"type": "Point",
"coordinates": [
8.9273304,
42.6028029
]
},
"properties": {
"osm_id": "way/445058554",
"kind": "café",
"name": "Bar Belle Vue"
}
},
{
"type": "Feature",
"geometry": {
"type": "Point",
"coordinates": [
9.3486523,
41.7004782
]
},
"properties": {
"osm_id": "way/445173301",
"kind": "bar",
"name": "Bar u Culombu"
}
},
{
"type": "Feature",
"geometry": {
"type": "Point",
"coordinates": [
9.3432187,
41.6981692
]
},
"properties": {
"osm_id": "way/445173302",
"kind": "supermarket",
"name": "Spar",
"opening_hours": "Mo-Su 08:30-19:30"
}
},
{
"type": "Feature",
"geometry": {
"type": "Point",
"coordinates": [
9.351266,
41.6989262
]
},
"properties": {
"osm_id": "way/445173347",
"kind": "restaurant",
"name": "La Pescheria"
}
},
{
"type": "Feature",
"geometry": {
"type": "Point",
"coordinates": [
9.3488494,
41.6992351
]
},
"properties": {
"osm_id": "way/445173479",
"kind": "snack bar",
"name": "Chez Didier"
}
},
{
"type": "Feature",
"geometry": {
"type": "Point",
"coordinates": [
9.3705233,
41.6963472
]
},
"properties": {
"osm_id": "way/445217821",
"kind": "farm shop",
"name": ""
}
},
{
"type": "Feature",
"geometry": {
"type": "Point",
"coordinates": [
9.3550368,
41.698111
]
},
"properties": {
"osm_id": "way/445218157",
"kind": "restaurant",
"name": "A BELLA CASA",
"opening_hours": "19:00-24:00"
}
},
{
"type": "Feature",
"geometry": {
"type": "Point",
"coordinates": [
8.711478,
42.2614687
]
},
"properties": {
"osm_id": "way/448792058",
"kind": "restaurant",
"name": ""
}
},
{
"type": "Feature",
"geometry": {
"type": "Point",
"coordinates": [
9.4372867,
42.6203159
]
},
"properties": {
"osm_id": "way/453495580",
"kind": "restaurant",
"name": "L'Atellu"
}
},
{
"type": "Feature",
"geometry": {
"type": "Point",
"coordinates": [
9.4377006,
42.6276467
]
},
"properties": {
"osm_id": "way/453495644",
"kind": "fuel station",
"name": "Eni",
"opening_hours": "24/7"
}
},
{
"type": "Feature",
"geometry": {
"type": "Point",
"coordinates": [
9.4542797,
42.7116742
]
},
"properties": {
"osm_id": "way/453725556",
"kind": "fuel station",
"name": "Vito",
"opening_hours": "24/7"
}
},
{
"type": "Feature",
"geometry": {
"type": "Point",
"coordinates": [
9.1486756,
41.7208266
]
},
"properties": {
"osm_id": "way/458865778",
"kind": "supermarket",
"name": "Spar",
"opening_hours": "Mo-Sa 08:30-12:30,15:30-19:30; Su 08:30-13:00"
}
},
{
"type": "Feature",
"geometry": {
"type": "Point",
"coordinates": [
9.2053971,
42.4618851
]
},
"properties": {
"osm_id": "way/483436417",
"kind": "supermarket",
"name": "Super U",
"opening_hours": "Mo-Sa 08:30-19:30; Su 08:30-13:00"
}
},
{
"type": "Feature",
"geometry": {
"type": "Point",
"coordinates": [
9.2040642,
42.4656736
]
},
"properties": {
"osm_id": "way/483436429",
"kind": "bar",
"name": "Le Buffet de la Gare"
}
},
{
"type": "Feature",
"geometry": {
"type": "Point",
"coordinates": [
9.2090497,
42.466204
]
},
"properties": {
"osm_id": "way/483436602",
"kind": "restaurant",
"name": "Casaluna"
}
},
{
"type": "Feature",
"geometry": {
"type": "Point",
"coordinates": [
9.5516576,
42.224526
]
},
"properties": {
"osm_id": "way/486639128",
"kind": "restaurant",
"name": "Restaurant Corsicana"
}
},
{
"type": "Feature",
"geometry": {
"type": "Point",
"coordinates": [
9.5513785,
42.2244995
]
},
"properties": {
"osm_id": "way/486824533",
"kind": "supermarket",
"name": "Mini Market Club Corsicana"
}
},
{
"type": "Feature",
"geometry": {
"type": "Point",
"coordinates": [
9.4660944,
42.5000627
]
},
"properties": {
"osm_id": "way/490407527",
"kind": "fuel station",
"name": "Vito"
}
},
{
"type": "Feature",
"geometry": {
"type": "Point",
"coordinates": [
9.4656288,
42.5003384
]
},
"properties": {
"osm_id": "way/490407732",
"kind": "small shop",
"name": "Utile",
"opening_hours": "Mo-Sa 08:00-19:45; Su 08:30-13:00"
}
},
{
"type": "Feature",
"geometry": {
"type": "Point",
"coordinates": [
9.4617697,
42.5051566
]
},
"properties": {
"osm_id": "way/490408387",
"kind": "small shop",
"name": "U Express",
"opening_hours": "Mo-Sa 08:30-20:00; Su 08:30-13:00"
}
},
{
"type": "Feature",
"geometry": {
"type": "Point",
"coordinates": [
9.0150952,
42.527359
]
},
"properties": {
"osm_id": "way/491831402",
"kind": "small shop",
"name": "Proxi"
}
},
{
"type": "Feature",
"geometry": {
"type": "Point",
"coordinates": [
9.0153493,
42.5276207
]
},
"properties": {
"osm_id": "way/491831499",
"kind": "restaurant",
"name": "L'Osteria"
}
},
{
"type": "Feature",
"geometry": {
"type": "Point",
"coordinates": [
8.8328113,
41.5485948
]
},
"properties": {
"osm_id": "way/497899022",
"kind": "snack bar",
"name": "Paillote MG"
}
},
{
"type": "Feature",
"geometry": {
"type": "Point",
"coordinates": [
8.5959299,
42.1315778
]
},
"properties": {
"osm_id": "way/499179313",
"kind": "restaurant",
"name": "U'Rasaghiu"
}
},
{
"type": "Feature",
"geometry": {
"type": "Point",
"coordinates": [
9.1953421,
41.5452566
]
},
"properties": {
"osm_id": "way/513457068",
"kind": "restaurant",
"name": "Le 20146"
}
},
{
"type": "Feature",
"geometry": {
"type": "Point",
"coordinates": [
8.9692361,
41.9731414
]
},
"properties": {
"osm_id": "way/515182552",
"kind": "restaurant",
"name": "Tolla Plage"
}
},
{
"type": "Feature",
"geometry": {
"type": "Point",
"coordinates": [
8.9693937,
41.9733675
]
},
"properties": {
"osm_id": "way/515182553",
"kind": "restaurant",
"name": "A Fiuminala"
}
},
{
"type": "Feature",
"geometry": {
"type": "Point",
"coordinates": [
9.3460157,
41.6301924
]
},
"properties": {
"osm_id": "way/516902337",
"kind": "restaurant",
"name": "VIP beach"
}
},
{
"type": "Feature",
"geometry": {
"type": "Point",
"coordinates": [
8.8430741,
41.69776
]
},
"properties": {
"osm_id": "way/519321473",
"kind": "restaurant",
"name": "Copa Cobana"
}
},
{
"type": "Feature",
"geometry": {
"type": "Point",
"coordinates": [
9.5065906,
42.4454715
]
},
"properties": {
"osm_id": "way/520025712",
"kind": "small shop",
"name": "Utile",
"opening_hours": "Mo-Sa 08:00-20:00; Su 08:00-19:30"
}
},
{
"type": "Feature",
"geometry": {
"type": "Point",
"coordinates": [
8.735065,
41.9311927
]
},
"properties": {
"osm_id": "way/520703230",
"kind": "fuel station",
"name": "Esso"
}
},
{
"type": "Feature",
"geometry": {
"type": "Point",
"coordinates": [
8.774716,
41.9521711
]
},
"properties": {
"osm_id": "way/520771275",
"kind": "fuel station",
"name": "Relais Esso Acqualonga",
"opening_hours": "24/7"
}
},
{
"type": "Feature",
"geometry": {
"type": "Point",
"coordinates": [
9.1507815,
42.3127464
]
},
"properties": {
"osm_id": "way/520774052",
"kind": "fuel station",
"name": "TotalEnergies",
"opening_hours": "24/7"
}
},
{
"type": "Feature",
"geometry": {
"type": "Point",
"coordinates": [
9.2065501,
42.4617598
]
},
"properties": {
"osm_id": "way/520780978",
"kind": "fuel station",
"name": "Vito",
"opening_hours": "24/7"
}
},
{
"type": "Feature",
"geometry": {
"type": "Point",
"coordinates": [
9.2071683,
42.4603709
]
},
"properties": {
"osm_id": "way/520780979",
"kind": "fuel station",
"name": "Mariotti Energia",
"opening_hours": "24/7"
}
},
{
"type": "Feature",
"geometry": {
"type": "Point",
"coordinates": [
9.208933,
42.4669579
]
},
"properties": {
"osm_id": "way/520780980",
"kind": "fuel station",
"name": "Vito",
"opening_hours": "24/7"
}
},
{
"type": "Feature",
"geometry": {
"type": "Point",
"coordinates": [
9.4361525,
42.5928392
]
},
"properties": {
"osm_id": "way/520795721",
"kind": "fuel station",
"name": "Esso",
"opening_hours": "24/7"
}
},
{
"type": "Feature",
"geometry": {
"type": "Point",
"coordinates": [
9.4382508,
42.6370082
]
},
"properties": {
"osm_id": "way/520805729",
"kind": "fuel station",
"name": "Total",
"opening_hours": "Mo-Fr 08:00-12:00,14:00-18:00"
}
},
{
"type": "Feature",
"geometry": {
"type": "Point",
"coordinates": [
9.4440014,
42.6821831
]
},
"properties": {
"osm_id": "way/520812256",
"kind": "fuel station",
"name": "Station Esso du Prado",
"opening_hours": "24/7"
}
},
{
"type": "Feature",
"geometry": {
"type": "Point",
"coordinates": [
9.150298,
42.3000537
]
},
"properties": {
"osm_id": "way/528467602",
"kind": "restaurant",
"name": "Paglia Orba"
}
},
{
"type": "Feature",
"geometry": {
"type": "Point",
"coordinates": [
8.7801566,
41.9507667
]
},
"properties": {
"osm_id": "way/534087797",
"kind": "fuel station",
"name": "Station Vito Martinetti La Rocade",
"opening_hours": "24/7"
}
},
{
"type": "Feature",
"geometry": {
"type": "Point",
"coordinates": [
9.4913606,
42.2826081
]
},
"properties": {
"osm_id": "way/550742588",
"kind": "restaurant",
"name": "U pagliaghju"
}
},
{
"type": "Feature",
"geometry": {
"type": "Point",
"coordinates": [
9.3033892,
42.5911497
]
},
"properties": {
"osm_id": "way/550865090",
"kind": "restaurant",
"name": "I Fratelli"
}
},
{
"type": "Feature",
"geometry": {
"type": "Point",
"coordinates": [
8.9060485,
41.6773574
]
},
"properties": {
"osm_id": "way/551490722",
"kind": "fuel station",
"name": "Total"
}
},
{
"type": "Feature",
"geometry": {
"type": "Point",
"coordinates": [
8.9166145,
41.9175044
]
},
"properties": {
"osm_id": "way/555175001",
"kind": "café",
"name": "Rustic'Art"
}
},
{
"type": "Feature",
"geometry": {
"type": "Point",
"coordinates": [
8.9497305,
41.5155246
]
},
"properties": {
"osm_id": "way/558867794",
"kind": "restaurant",
"name": "Auberge Coralli"
}
},
{
"type": "Feature",
"geometry": {
"type": "Point",
"coordinates": [
9.344845,
42.2079783
]
},
"properties": {
"osm_id": "way/559689286",
"kind": "restaurant",
"name": "Camping Ernella"
}
},
{
"type": "Feature",
"geometry": {
"type": "Point",
"coordinates": [
8.8519033,
41.5408388
]
},
"properties": {
"osm_id": "way/561931179",
"kind": "small shop",
"name": "Chez Mathieu"
}
},
{
"type": "Feature",
"geometry": {
"type": "Point",
"coordinates": [
8.9385492,
41.9628
]
},
"properties": {
"osm_id": "way/562457191",
"kind": "restaurant",
"name": "U castellu"
}
},
{
"type": "Feature",
"geometry": {
"type": "Point",
"coordinates": [
9.1585184,
41.9348017
]
},
"properties": {
"osm_id": "way/568833856",
"kind": "small shop",
"name": "Spar",
"opening_hours": "Mo-Su 07:00-20:00"
}
},
{
"type": "Feature",
"geometry": {
"type": "Point",
"coordinates": [
8.9088144,
41.772439
]
},
"properties": {
"osm_id": "way/574567111",
"kind": "restaurant",
"name": "Le Frère"
}
},
{
"type": "Feature",
"geometry": {
"type": "Point",
"coordinates": [
9.080457,
41.7714603
]
},
"properties": {
"osm_id": "way/576833910",
"kind": "restaurant",
"name": "Hôtel de la Poste"
}
},
{
"type": "Feature",
"geometry": {
"type": "Point",
"coordinates": [
9.0800958,
41.7703086
]
},
"properties": {
"osm_id": "way/576834084",
"kind": "restaurant",
"name": "U San Larenzu"
}
},
{
"type": "Feature",
"geometry": {
"type": "Point",
"coordinates": [
8.965275,
41.8841703
]
},
"properties": {
"osm_id": "way/577631920",
"kind": "restaurant",
"name": ""
}
},
{
"type": "Feature",
"geometry": {
"type": "Point",
"coordinates": [
9.2968185,
42.3070666
]
},
"properties": {
"osm_id": "way/577915340",
"kind": "restaurant",
"name": "U Fragnu"
}
},
{
"type": "Feature",
"geometry": {
"type": "Point",
"coordinates": [
9.318148,
42.2111615
]
},
"properties": {
"osm_id": "way/578693299",
"kind": "restaurant",
"name": "U Sortipiani"
}
},
{
"type": "Feature",
"geometry": {
"type": "Point",
"coordinates": [
8.8019084,
42.2535449
]
},
"properties": {
"osm_id": "way/580187599",
"kind": "restaurant",
"name": "Mare é Monti"
}
},
{
"type": "Feature",
"geometry": {
"type": "Point",
"coordinates": [
8.802708,
42.2536246
]
},
"properties": {
"osm_id": "way/580187669",
"kind": "bar",
"name": "Le Moderne"
}
},
{
"type": "Feature",
"geometry": {
"type": "Point",
"coordinates": [
8.8038572,
42.2538497
]
},
"properties": {
"osm_id": "way/580187707",
"kind": "restaurant",
"name": "u Caracutu",
"opening_hours": "Mo-Su 12:00-15:00,19:00-22:30"
}
},
{
"type": "Feature",
"geometry": {
"type": "Point",
"coordinates": [
8.7952126,
42.2525023
]
},
"properties": {
"osm_id": "way/580187770",
"kind": "restaurant",
"name": "A Rimpianata"
}
},
{
"type": "Feature",
"geometry": {
"type": "Point",
"coordinates": [
8.8024461,
42.2536153
]
},
"properties": {
"osm_id": "way/580188004",
"kind": "restaurant",
"name": "A Funtanella"
}
},
{
"type": "Feature",
"geometry": {
"type": "Point",
"coordinates": [
8.803102,
42.2534635
]
},
"properties": {
"osm_id": "way/580188040",
"kind": "restaurant",
"name": "A Tramula Caffé di la Posta",
"opening_hours": "Mo-Su 11:30-21:30"
}
},
{
"type": "Feature",
"geometry": {
"type": "Point",
"coordinates": [
8.6125533,
42.3486747
]
},
"properties": {
"osm_id": "way/580540306",
"kind": "restaurant",
"name": "Gîte Le Cormoran Voyageur"
}
},
{
"type": "Feature",
"geometry": {
"type": "Point",
"coordinates": [
8.6457891,
42.3065079
]
},
"properties": {
"osm_id": "way/580541755",
"kind": "restaurant",
"name": "Camping Corsica Gradelle",
"opening_hours": "PH,Mo-Su 12:00-19:30"
}
},
{
"type": "Feature",
"geometry": {
"type": "Point",
"coordinates": [
8.6817486,
42.3125532
]
},
"properties": {
"osm_id": "way/580947762",
"kind": "restaurant",
"name": "Aria Marina"
}
},
{
"type": "Feature",
"geometry": {
"type": "Point",
"coordinates": [
9.5520795,
42.2247674
]
},
"properties": {
"osm_id": "way/581436557",
"kind": "bar",
"name": "Club Corsicana Strandbar"
}
},
{
"type": "Feature",
"geometry": {
"type": "Point",
"coordinates": [
9.521694,
42.1925735
]
},
"properties": {
"osm_id": "way/581751218",
"kind": "farm shop",
"name": "Moulin Oltremonti"
}
},
{
"type": "Feature",
"geometry": {
"type": "Point",
"coordinates": [
9.001077,
42.317343
]
},
"properties": {
"osm_id": "way/584827590",
"kind": "bar",
"name": "Bar de la Santa"
}
},
{
"type": "Feature",
"geometry": {
"type": "Point",
"coordinates": [
9.0004442,
42.3167029
]
},
"properties": {
"osm_id": "way/584827614",
"kind": "café",
"name": "Indè Jojo"
}
},
{
"type": "Feature",
"geometry": {
"type": "Point",
"coordinates": [
9.2052237,
42.4629074
]
},
"properties": {
"osm_id": "way/586914408",
"kind": "restaurant",
"name": "Brasserie Colonna",
"opening_hours": "Mo-Th 06:00-20:00; Fr-Sa 06:00-02:00"
}
},
{
"type": "Feature",
"geometry": {
"type": "Point",
"coordinates": [
9.2048987,
42.4634947
]
},
"properties": {
"osm_id": "way/586915673",
"kind": "fuel station",
"name": "Vito",
"opening_hours": "24/7"
}
},
{
"type": "Feature",
"geometry": {
"type": "Point",
"coordinates": [
9.5307205,
42.4005705
]
},
"properties": {
"osm_id": "way/587622540",
"kind": "fuel station",
"name": "Vito",
"opening_hours": "24/7"
}
},
{
"type": "Feature",
"geometry": {
"type": "Point",
"coordinates": [
9.5152507,
42.3862081
]
},
"properties": {
"osm_id": "way/588192007",
"kind": "greengrocer",
"name": "AMAP"
}
},
{
"type": "Feature",
"geometry": {
"type": "Point",
"coordinates": [
9.5411796,
42.4500242
]
},
"properties": {
"osm_id": "way/589269342",
"kind": "restaurant",
"name": "L'Allegria"
}
},
{
"type": "Feature",
"geometry": {
"type": "Point",
"coordinates": [
9.5078967,
42.4454404
]
},
"properties": {
"osm_id": "way/589376953",
"kind": "fuel station",
"name": "Vito",
"opening_hours": "24/7"
}
},
{
"type": "Feature",
"geometry": {
"type": "Point",
"coordinates": [
9.5076588,
42.4462296
]
},
"properties": {
"osm_id": "way/589376956",
"kind": "fuel station",
"name": "Total",
"opening_hours": "24/7"
}
},
{
"type": "Feature",
"geometry": {
"type": "Point",
"coordinates": [
9.5116565,
42.4445035
]
},
"properties": {
"osm_id": "way/589377512",
"kind": "restaurant",
"name": "I Fuletti",
"opening_hours": "12:00-14:30,19:00-22:00"
}
},
{
"type": "Feature",
"geometry": {
"type": "Point",
"coordinates": [
9.5115839,
42.4446169
]
},
"properties": {
"osm_id": "way/589377525",
"kind": "café",
"name": "Le Monroe"
}
},
{
"type": "Feature",
"geometry": {
"type": "Point",
"coordinates": [
9.487463,
42.4708679
]
},
"properties": {
"osm_id": "way/589744256",
"kind": "restaurant",
"name": "U Fragnu"
}
},
{
"type": "Feature",
"geometry": {
"type": "Point",
"coordinates": [
8.648255,
42.3038883
]
},
"properties": {
"osm_id": "way/590079250",
"kind": "restaurant",
"name": "Le Santa Maria"
}
},
{
"type": "Feature",
"geometry": {
"type": "Point",
"coordinates": [
9.5258976,
42.5139799
]
},
"properties": {
"osm_id": "way/590552415",
"kind": "restaurant",
"name": "La piscine"
}
},
{
"type": "Feature",
"geometry": {
"type": "Point",
"coordinates": [
9.3784441,
42.6889814
]
},
"properties": {
"osm_id": "way/591300457",
"kind": "restaurant",
"name": "L'Alivu"
}
},
{
"type": "Feature",
"geometry": {
"type": "Point",
"coordinates": [
9.2145515,
42.6645618
]
},
"properties": {
"osm_id": "way/591404813",
"kind": "restaurant",
"name": "Le Relais de Saleccia"
}
},
{
"type": "Feature",
"geometry": {
"type": "Point",
"coordinates": [
9.4041603,
42.5020086
]
},
"properties": {
"osm_id": "way/591647402",
"kind": "restaurant",
"name": "U Punte à Funtana",
"opening_hours": "Mo-Su 17:00-01:00"
}
},
{
"type": "Feature",
"geometry": {
"type": "Point",
"coordinates": [
9.3609464,
42.6969214
]
},
"properties": {
"osm_id": "way/592923159",
"kind": "restaurant",
"name": "Osteria di San Martinu"
}
},
{
"type": "Feature",
"geometry": {
"type": "Point",
"coordinates": [
9.3458327,
42.7359051
]
},
"properties": {
"osm_id": "way/593233174",
"kind": "restaurant",
"name": "L'Ambada"
}
},
{
"type": "Feature",
"geometry": {
"type": "Point",
"coordinates": [
9.3448814,
42.7843848
]
},
"properties": {
"osm_id": "way/595990706",
"kind": "bakery",
"name": "A Matsuletta"
}
},
{
"type": "Feature",
"geometry": {
"type": "Point",
"coordinates": [
9.4546856,
42.9574183
]
},
"properties": {
"osm_id": "way/598238837",
"kind": "supermarket",
"name": ""
}
},
{
"type": "Feature",
"geometry": {
"type": "Point",
"coordinates": [
9.4536999,
42.9577677
]
},
"properties": {
"osm_id": "way/598238856",
"kind": "restaurant",
"name": "Vela d'Oro"
}
},
{
"type": "Feature",
"geometry": {
"type": "Point",
"coordinates": [
9.4520967,
42.959022
]
},
"properties": {
"osm_id": "way/598238883",
"kind": "supermarket",
"name": "Spar",
"opening_hours": "Mo-Sa 08:30-12:30,16:00-20:00; Su 08:30-12:30"
}
},
{
"type": "Feature",
"geometry": {
"type": "Point",
"coordinates": [
9.4528702,
42.9591926
]
},
"properties": {
"osm_id": "way/598238903",
"kind": "restaurant",
"name": "U Culombu"
}
},
{
"type": "Feature",
"geometry": {
"type": "Point",
"coordinates": [
9.4549933,
42.9609319
]
},
"properties": {
"osm_id": "way/598238920",
"kind": "fuel station",
"name": "Total"
}
},
{
"type": "Feature",
"geometry": {
"type": "Point",
"coordinates": [
8.9668036,
42.5991416
]
},
"properties": {
"osm_id": "way/598687239",
"kind": "restaurant",
"name": "U Paesanu"
}
},
{
"type": "Feature",
"geometry": {
"type": "Point",
"coordinates": [
9.4009858,
41.7167877
]
},
"properties": {
"osm_id": "way/598800826",
"kind": "restaurant",
"name": "Le Fautea"
}
},
{
"type": "Feature",
"geometry": {
"type": "Point",
"coordinates": [
8.903181,
42.5257472
]
},
"properties": {
"osm_id": "way/601188938",
"kind": "restaurant",
"name": "A Funtanella"
}
},
{
"type": "Feature",
"geometry": {
"type": "Point",
"coordinates": [
8.8911762,
42.572174
]
},
"properties": {
"osm_id": "way/601449547",
"kind": "restaurant",
"name": "Chez Léon"
}
},
{
"type": "Feature",
"geometry": {
"type": "Point",
"coordinates": [
8.9233036,
42.6283095
]
},
"properties": {
"osm_id": "way/60297216",
"kind": "supermarket",
"name": "E. Leclerc",
"opening_hours": "Mo-Sa 08:45-20:00; Su 08:45-13:00"
}
},
{
"type": "Feature",
"geometry": {
"type": "Point",
"coordinates": [
8.8053751,
42.5767004
]
},
"properties": {
"osm_id": "way/604027664",
"kind": "restaurant",
"name": "Le Matahari"
}
},
{
"type": "Feature",
"geometry": {
"type": "Point",
"coordinates": [
8.7457726,
42.1151396
]
},
"properties": {
"osm_id": "way/606892582",
"kind": "restaurant",
"name": "La Zucchetta"
}
},
{
"type": "Feature",
"geometry": {
"type": "Point",
"coordinates": [
9.4456202,
42.6729087
]
},
"properties": {
"osm_id": "way/608021847",
"kind": "restaurant",
"name": "La Paillote"
}
},
{
"type": "Feature",
"geometry": {
"type": "Point",
"coordinates": [
9.3899849,
41.9251378
]
},
"properties": {
"osm_id": "way/608691388",
"kind": "small shop",
"name": "Utile"
}
},
{
"type": "Feature",
"geometry": {
"type": "Point",
"coordinates": [
8.6506899,
42.4124991
]
},
"properties": {
"osm_id": "way/609654147",
"kind": "supermarket",
"name": "Spar",
"opening_hours": "Mo-Su 08:00-20:00"
}
},
{
"type": "Feature",
"geometry": {
"type": "Point",
"coordinates": [
8.6439929,
42.414128
]
},
"properties": {
"osm_id": "way/609655486",
"kind": "restaurant",
"name": "La cabane du pecheur",
"opening_hours": "Mo-Sa 10:00-18:00"
}
},
{
"type": "Feature",
"geometry": {
"type": "Point",
"coordinates": [
8.6490074,
42.4094582
]
},
"properties": {
"osm_id": "way/609656618",
"kind": "small shop",
"name": "Utile",
"opening_hours": "Mo-Su 08:00-19:30"
}
},
{
"type": "Feature",
"geometry": {
"type": "Point",
"coordinates": [
8.6486262,
42.409532
]
},
"properties": {
"osm_id": "way/609656627",
"kind": "restaurant",
"name": "A Piazzetta"
}
},
{
"type": "Feature",
"geometry": {
"type": "Point",
"coordinates": [
8.6466252,
42.4115371
]
},
"properties": {
"osm_id": "way/609656705",
"kind": "restaurant",
"name": "Sole e Mare"
}
},
{
"type": "Feature",
"geometry": {
"type": "Point",
"coordinates": [
8.6471445,
42.4096988
]
},
"properties": {
"osm_id": "way/609656802",
"kind": "restaurant",
"name": "L'Aghja Nova"
}
},
{
"type": "Feature",
"geometry": {
"type": "Point",
"coordinates": [
9.0138548,
42.3360135
]
},
"properties": {
"osm_id": "way/610355096",
"kind": "snack bar",
"name": ""
}
},
{
"type": "Feature",
"geometry": {
"type": "Point",
"coordinates": [
9.014062,
42.3358498
]
},
"properties": {
"osm_id": "way/610355124",
"kind": "restaurant",
"name": "U Valduniellu"
}
},
{
"type": "Feature",
"geometry": {
"type": "Point",
"coordinates": [
9.0059219,
42.3329542
]
},
"properties": {
"osm_id": "way/610355482",
"kind": "restaurant",
"name": "Le Corsica"
}
},
{
"type": "Feature",
"geometry": {
"type": "Point",
"coordinates": [
9.0146904,
42.3362194
]
},
"properties": {
"osm_id": "way/610842540",
"kind": "café",
"name": ""
}
},
{
"type": "Feature",
"geometry": {
"type": "Point",
"coordinates": [
9.0143758,
42.3362805
]
},
"properties": {
"osm_id": "way/610842602",
"kind": "supermarket",
"name": "Proxi",
"opening_hours": "Mo-Sa 08:00-12:30,15:30-19:30; Su 08:00-12:30"
}
},
{
"type": "Feature",
"geometry": {
"type": "Point",
"coordinates": [
9.3997093,
41.8493958
]
},
"properties": {
"osm_id": "way/613059401",
"kind": "fuel station",
"name": "Relais de Bavella",
"opening_hours": "24/7"
}
},
{
"type": "Feature",
"geometry": {
"type": "Point",
"coordinates": [
9.3992768,
41.8495678
]
},
"properties": {
"osm_id": "way/613059426",
"kind": "small shop",
"name": "U Express",
"opening_hours": "Mo-Su 07:30-20:00"
}
},
{
"type": "Feature",
"geometry": {
"type": "Point",
"coordinates": [
8.7813612,
41.8338682
]
},
"properties": {
"osm_id": "way/614907243",
"kind": "restaurant",
"name": "La Bergerie"
}
},
{
"type": "Feature",
"geometry": {
"type": "Point",
"coordinates": [
8.7570575,
42.5610765
]
},
"properties": {
"osm_id": "way/622379577",
"kind": "restaurant",
"name": "U Cornu Marinu"
}
},
{
"type": "Feature",
"geometry": {
"type": "Point",
"coordinates": [
8.9351945,
42.6383489
]
},
"properties": {
"osm_id": "way/625649081",
"kind": "restaurant",
"name": "Via mare"
}
},
{
"type": "Feature",
"geometry": {
"type": "Point",
"coordinates": [
8.7742513,
41.815096
]
},
"properties": {
"osm_id": "way/628385897",
"kind": "restaurant",
"name": "Plage d'argent"
}
},
{
"type": "Feature",
"geometry": {
"type": "Point",
"coordinates": [
9.4084801,
42.8975509
]
},
"properties": {
"osm_id": "way/634384404",
"kind": "supermarket",
"name": "Spar",
"opening_hours": "Mo-Sa 08:30-12:30,15:00-19:30; Su 08:30-12:30"
}
},
{
"type": "Feature",
"geometry": {
"type": "Point",
"coordinates": [
9.4729438,
42.8874199
]
},
"properties": {
"osm_id": "way/634384995",
"kind": "fuel station",
"name": "Vito"
}
},
{
"type": "Feature",
"geometry": {
"type": "Point",
"coordinates": [
9.3252191,
41.5580542
]
},
"properties": {
"osm_id": "way/636631565",
"kind": "restaurant",
"name": "Cala di Lume"
}
},
{
"type": "Feature",
"geometry": {
"type": "Point",
"coordinates": [
9.2009224,
41.6522966
]
},
"properties": {
"osm_id": "way/638240666",
"kind": "restaurant",
"name": "A Tigliola Le Nid d'aigle"
}
},
{
"type": "Feature",
"geometry": {
"type": "Point",
"coordinates": [
9.0932659,
42.6467795
]
},
"properties": {
"osm_id": "way/638321342",
"kind": "restaurant",
"name": "Pietra Monetta"
}
},
{
"type": "Feature",
"geometry": {
"type": "Point",
"coordinates": [
8.893487,
42.2866647
]
},
"properties": {
"osm_id": "way/639208493",
"kind": "small shop",
"name": "",
"opening_hours": "Mo-Su 07:00-11:00,12:00-19:00"
}
},
{
"type": "Feature",
"geometry": {
"type": "Point",
"coordinates": [
9.2308164,
42.7235774
]
},
"properties": {
"osm_id": "way/640500535",
"kind": "restaurant",
"name": "La Cabane du Lodu"
}
},
{
"type": "Feature",
"geometry": {
"type": "Point",
"coordinates": [
9.2123883,
42.7278503
]
},
"properties": {
"osm_id": "way/640504574",
"kind": "bar",
"name": "A Piniccia di Saleccia"
}
},
{
"type": "Feature",
"geometry": {
"type": "Point",
"coordinates": [
8.6447692,
42.4117638
]
},
"properties": {
"osm_id": "way/642300059",
"kind": "restaurant",
"name": "L'Alivu"
}
},
{
"type": "Feature",
"geometry": {
"type": "Point",
"coordinates": [
9.1796295,
42.6542774
]
},
"properties": {
"osm_id": "way/642671601",
"kind": "restaurant",
"name": "Relais de la Fontaine"
}
},
{
"type": "Feature",
"geometry": {
"type": "Point",
"coordinates": [
9.1719021,
42.2317956
]
},
"properties": {
"osm_id": "way/647372691",
"kind": "restaurant",
"name": "Bar-Restaurant de la Place"
}
},
{
"type": "Feature",
"geometry": {
"type": "Point",
"coordinates": [
9.2991195,
42.6814932
]
},
"properties": {
"osm_id": "way/653572743",
"kind": "bar",
"name": "Vogue"
}
},
{
"type": "Feature",
"geometry": {
"type": "Point",
"coordinates": [
9.3009591,
42.6832792
]
},
"properties": {
"osm_id": "way/653572745",
"kind": "restaurant",
"name": "La Crique"
}
},
{
"type": "Feature",
"geometry": {
"type": "Point",
"coordinates": [
9.2619929,
41.4727131
]
},
"properties": {
"osm_id": "way/654699265",
"kind": "restaurant",
"name": "La Pizzeria"
}
},
{
"type": "Feature",
"geometry": {
"type": "Point",
"coordinates": [
9.1515101,
42.3057844
]
},
"properties": {
"osm_id": "way/655478823",
"kind": "snack bar",
"name": "Pizza Phillippe",
"opening_hours": "Mo-Su 18:00-23:00"
}
},
{
"type": "Feature",
"geometry": {
"type": "Point",
"coordinates": [
9.3401749,
42.7602023
]
},
"properties": {
"osm_id": "way/656322993",
"kind": "restaurant",
"name": "Le Farniente"
}
},
{
"type": "Feature",
"geometry": {
"type": "Point",
"coordinates": [
8.8002359,
41.9829292
]
},
"properties": {
"osm_id": "way/65969579",
"kind": "bakery",
"name": "Fornaccia",
"opening_hours": "Tu-Su 07:30-13:00,15:45-20:30"
}
},
{
"type": "Feature",
"geometry": {
"type": "Point",
"coordinates": [
8.823496,
42.0236731
]
},
"properties": {
"osm_id": "way/66222134",
"kind": "restaurant",
"name": "A Funtanella"
}
},
{
"type": "Feature",
"geometry": {
"type": "Point",
"coordinates": [
8.8062992,
41.952108
]
},
"properties": {
"osm_id": "way/66241483",
"kind": "greengrocer",
"name": "Olivieri Primeurs"
}
},
{
"type": "Feature",
"geometry": {
"type": "Point",
"coordinates": [
8.8172624,
41.9683909
]
},
"properties": {
"osm_id": "way/66242262",
"kind": "fuel station",
"name": "Station Vito Aiacciu-Baléone",
"opening_hours": "24/7"
}
},
{
"type": "Feature",
"geometry": {
"type": "Point",
"coordinates": [
8.618751,
41.9020548
]
},
"properties": {
"osm_id": "way/66269559",
"kind": "ice cream",
"name": "La Parata"
}
},
{
"type": "Feature",
"geometry": {
"type": "Point",
"coordinates": [
8.7449459,
41.9343298
]
},
"properties": {
"osm_id": "way/66270604",
"kind": "small shop",
"name": "U Express",
"opening_hours": "Mo-Sa 08:00-20:30; Su 08:00-13:00"
}
},
{
"type": "Feature",
"geometry": {
"type": "Point",
"coordinates": [
8.7616575,
41.9293782
]
},
"properties": {
"osm_id": "way/66274240",
"kind": "fuel station",
"name": "Vito",
"opening_hours": "24/7"
}
},
{
"type": "Feature",
"geometry": {
"type": "Point",
"coordinates": [
8.7258464,
41.9169584
]
},
"properties": {
"osm_id": "way/66274920",
"kind": "restaurant",
"name": "U Casone"
}
},
{
"type": "Feature",
"geometry": {
"type": "Point",
"coordinates": [
8.7550134,
41.9445651
]
},
"properties": {
"osm_id": "way/66275103",
"kind": "snack bar",
"name": "KFC",
"opening_hours": "Mo-Th 11:00-23:00; Fr-Su 11:00-24:00"
}
},
{
"type": "Feature",
"geometry": {
"type": "Point",
"coordinates": [
8.772624,
41.9519119
]
},
"properties": {
"osm_id": "way/66275363",
"kind": "supermarket",
"name": "Carrefour Market",
"opening_hours": "Mo-Sa 08:30-20:30; Su 08:30-12:30"
}
},
{
"type": "Feature",
"geometry": {
"type": "Point",
"coordinates": [
8.7924367,
41.9224145
]
},
"properties": {
"osm_id": "way/66275897",
"kind": "restaurant",
"name": "L'aero-club"
}
},
{
"type": "Feature",
"geometry": {
"type": "Point",
"coordinates": [
8.7371259,
41.9376315
]
},
"properties": {
"osm_id": "way/66276792",
"kind": "supermarket",
"name": "Centre Commercial E.Leclerc",
"opening_hours": "Mo-Sa 08:30-20:30; Su 08:30-13:00"
}
},
{
"type": "Feature",
"geometry": {
"type": "Point",
"coordinates": [
8.7433226,
41.9182286
]
},
"properties": {
"osm_id": "way/66278782",
"kind": "fuel station",
"name": "Station Vito Tino Rossi"
}
},
{
"type": "Feature",
"geometry": {
"type": "Point",
"coordinates": [
8.7653267,
41.9285326
]
},
"properties": {
"osm_id": "way/66278818",
"kind": "fuel station",
"name": "Relais Ceccaldi",
"opening_hours": "24/7"
}
},
{
"type": "Feature",
"geometry": {
"type": "Point",
"coordinates": [
8.7525103,
41.9426428
]
},
"properties": {
"osm_id": "way/66279407",
"kind": "fuel station",
"name": "Total",
"opening_hours": "24/7"
}
},
{
"type": "Feature",
"geometry": {
"type": "Point",
"coordinates": [
8.7419377,
41.9324678
]
},
"properties": {
"osm_id": "way/66279872",
"kind": "fuel station",
"name": "Station Vito Amirauté",
"opening_hours": "24/7"
}
},
{
"type": "Feature",
"geometry": {
"type": "Point",
"coordinates": [
8.7574971,
41.9367243
]
},
"properties": {
"osm_id": "way/66279877",
"kind": "bar",
"name": "Bar des Lacs"
}
},
{
"type": "Feature",
"geometry": {
"type": "Point",
"coordinates": [
8.7132254,
41.9086799
]
},
"properties": {
"osm_id": "way/66281696",
"kind": "restaurant",
"name": "L'Altru Versu"
}
},
{
"type": "Feature",
"geometry": {
"type": "Point",
"coordinates": [
8.7550488,
41.9435725
]
},
"properties": {
"osm_id": "way/66283920",
"kind": "fuel station",
"name": "Vito",
"opening_hours": "24/7"
}
},
{
"type": "Feature",
"geometry": {
"type": "Point",
"coordinates": [
8.7800232,
41.9523853
]
},
"properties": {
"osm_id": "way/66284984",
"kind": "fuel station",
"name": "Station Vito Martinetti",
"opening_hours": "24/7"
}
},
{
"type": "Feature",
"geometry": {
"type": "Point",
"coordinates": [
8.7557686,
41.9445203
]
},
"properties": {
"osm_id": "way/66285034",
"kind": "fuel station",
"name": "Vito",
"opening_hours": "24/7"
}
},
{
"type": "Feature",
"geometry": {
"type": "Point",
"coordinates": [
8.7463691,
41.9343596
]
},
"properties": {
"osm_id": "way/66285134",
"kind": "café",
"name": "Columbus Café & Co",
"opening_hours": "Mo-Sa 08:00-20:00; Su 10:00-19:00"
}
},
{
"type": "Feature",
"geometry": {
"type": "Point",
"coordinates": [
9.2765472,
41.6015137
]
},
"properties": {
"osm_id": "way/66453117",
"kind": "fuel station",
"name": "Total Poretta"
}
},
{
"type": "Feature",
"geometry": {
"type": "Point",
"coordinates": [
9.3000348,
41.6238743
]
},
"properties": {
"osm_id": "way/66453575",
"kind": "restaurant",
"name": "L'Alivi"
}
},
{
"type": "Feature",
"geometry": {
"type": "Point",
"coordinates": [
9.1937709,
41.6508267
]
},
"properties": {
"osm_id": "way/66453783",
"kind": "restaurant",
"name": "U Funtanonu"
}
},
{
"type": "Feature",
"geometry": {
"type": "Point",
"coordinates": [
9.1941042,
41.6504325
]
},
"properties": {
"osm_id": "way/66454760",
"kind": "restaurant",
"name": "Chez Paul Poli"
}
},
{
"type": "Feature",
"geometry": {
"type": "Point",
"coordinates": [
9.28049,
41.5311597
]
},
"properties": {
"osm_id": "way/66454922",
"kind": "restaurant",
"name": "U Fiesta Marina"
}
},
{
"type": "Feature",
"geometry": {
"type": "Point",
"coordinates": [
9.2786657,
41.60498
]
},
"properties": {
"osm_id": "way/66455960",
"kind": "supermarket",
"name": "Auchan",
"opening_hours": "Mo-Sa 08:30-20:00; Su 08:30-12:45; PH off"
}
},
{
"type": "Feature",
"geometry": {
"type": "Point",
"coordinates": [
9.3255667,
41.5649897
]
},
"properties": {
"osm_id": "way/66456176",
"kind": "small shop",
"name": "Proxi"
}
},
{
"type": "Feature",
"geometry": {
"type": "Point",
"coordinates": [
9.2770794,
41.5320627
]
},
"properties": {
"osm_id": "way/66456763",
"kind": "restaurant",
"name": "Les Deux 3"
}
},
{
"type": "Feature",
"geometry": {
"type": "Point",
"coordinates": [
9.3649584,
41.5914506
]
},
"properties": {
"osm_id": "way/66457290",
"kind": "bar",
"name": "Bar de la plage"
}
},
{
"type": "Feature",
"geometry": {
"type": "Point",
"coordinates": [
9.2756631,
41.598284
]
},
"properties": {
"osm_id": "way/66457582",
"kind": "fuel station",
"name": "Vito"
}
},
{
"type": "Feature",
"geometry": {
"type": "Point",
"coordinates": [
9.2735043,
41.5619457
]
},
"properties": {
"osm_id": "way/66457950",
"kind": "supermarket",
"name": ""
}
},
{
"type": "Feature",
"geometry": {
"type": "Point",
"coordinates": [
9.2672996,
41.6034967
]
},
"properties": {
"osm_id": "way/66458113",
"kind": "bakery",
"name": "Boulangerie Patisserie Artisanale",
"opening_hours": "Mo-Sa 07:00-19:30; Su 08:00-13:00"
}
},
{
"type": "Feature",
"geometry": {
"type": "Point",
"coordinates": [
9.2683079,
41.5456356
]
},
"properties": {
"osm_id": "way/66458552",
"kind": "restaurant",
"name": "U Pinu"
}
},
{
"type": "Feature",
"geometry": {
"type": "Point",
"coordinates": [
9.2746881,
41.5784817
]
},
"properties": {
"osm_id": "way/66459016",
"kind": "small shop",
"name": "Bonjour"
}
},
{
"type": "Feature",
"geometry": {
"type": "Point",
"coordinates": [
9.2810714,
41.5305511
]
},
"properties": {
"osm_id": "way/66459823",
"kind": "restaurant",
"name": "A Fiesta"
}
},
{
"type": "Feature",
"geometry": {
"type": "Point",
"coordinates": [
9.2768857,
41.5978609
]
},
"properties": {
"osm_id": "way/66461622",
"kind": "supermarket",
"name": "Hyper U",
"opening_hours": "Mo-Sa 08:45-20:30; Su 08:45-19:30"
}
},
{
"type": "Feature",
"geometry": {
"type": "Point",
"coordinates": [
9.3595565,
41.5911938
]
},
"properties": {
"osm_id": "way/66461842",
"kind": "small shop",
"name": ""
}
},
{
"type": "Feature",
"geometry": {
"type": "Point",
"coordinates": [
9.268084,
41.5442158
]
},
"properties": {
"osm_id": "way/66468109",
"kind": "restaurant",
"name": "Cook in Casa"
}
},
{
"type": "Feature",
"geometry": {
"type": "Point",
"coordinates": [
9.3613957,
41.59155
]
},
"properties": {
"osm_id": "way/66468327",
"kind": "restaurant",
"name": "Le Cerbicale"
}
},
{
"type": "Feature",
"geometry": {
"type": "Point",
"coordinates": [
9.3050737,
41.5461933
]
},
"properties": {
"osm_id": "way/66468825",
"kind": "restaurant",
"name": "L'Acciaro Plage"
}
},
{
"type": "Feature",
"geometry": {
"type": "Point",
"coordinates": [
9.2747642,
41.5967108
]
},
"properties": {
"osm_id": "way/66469712",
"kind": "café",
"name": "Le Nord Sud"
}
},
{
"type": "Feature",
"geometry": {
"type": "Point",
"coordinates": [
9.2738745,
41.5316287
]
},
"properties": {
"osm_id": "way/66472911",
"kind": "restaurant",
"name": "Bar Plage"
}
},
{
"type": "Feature",
"geometry": {
"type": "Point",
"coordinates": [
8.7932403,
41.8644839
]
},
"properties": {
"osm_id": "way/66479976",
"kind": "restaurant",
"name": "Auberge La Ferme"
}
},
{
"type": "Feature",
"geometry": {
"type": "Point",
"coordinates": [
8.7919026,
41.8603651
]
},
"properties": {
"osm_id": "way/66481351",
"kind": "café",
"name": ""
}
},
{
"type": "Feature",
"geometry": {
"type": "Point",
"coordinates": [
8.6713395,
41.9926057
]
},
"properties": {
"osm_id": "way/66492798",
"kind": "supermarket",
"name": "Utile"
}
},
{
"type": "Feature",
"geometry": {
"type": "Point",
"coordinates": [
8.6696671,
41.9919804
]
},
"properties": {
"osm_id": "way/66493788",
"kind": "restaurant",
"name": "Marina di Lava"
}
},
{
"type": "Feature",
"geometry": {
"type": "Point",
"coordinates": [
8.826851,
41.9226919
]
},
"properties": {
"osm_id": "way/66539739",
"kind": "small shop",
"name": "Le Petit Marché"
}
},
{
"type": "Feature",
"geometry": {
"type": "Point",
"coordinates": [
9.0566975,
42.080671
]
},
"properties": {
"osm_id": "way/66562793",
"kind": "bakery",
"name": "Boulanger Guidotti"
}
},
{
"type": "Feature",
"geometry": {
"type": "Point",
"coordinates": [
9.0587957,
42.0808346
]
},
"properties": {
"osm_id": "way/66563426",
"kind": "small shop",
"name": "Minimarket"
}
},
{
"type": "Feature",
"geometry": {
"type": "Point",
"coordinates": [
9.0582661,
42.0806337
]
},
"properties": {
"osm_id": "way/66563533",
"kind": "bar",
"name": "Bar des Amis"
}
},
{
"type": "Feature",
"geometry": {
"type": "Point",
"coordinates": [
9.0600725,
42.0809655
]
},
"properties": {
"osm_id": "way/66563586",
"kind": "bakery",
"name": "Boulangerie le Four a Bois"
}
},
{
"type": "Feature",
"geometry": {
"type": "Point",
"coordinates": [
9.158788,
42.3163536
]
},
"properties": {
"osm_id": "way/666283625",
"kind": "fuel station",
"name": "Vito",
"opening_hours": "24/7"
}
},
{
"type": "Feature",
"geometry": {
"type": "Point",
"coordinates": [
9.108599,
42.2754006
]
},
"properties": {
"osm_id": "way/666314363",
"kind": "restaurant",
"name": "Camping Tuani"
}
},
{
"type": "Feature",
"geometry": {
"type": "Point",
"coordinates": [
9.0322898,
42.2303746
]
},
"properties": {
"osm_id": "way/666314381",
"kind": "café",
"name": ""
}
},
{
"type": "Feature",
"geometry": {
"type": "Point",
"coordinates": [
9.1658222,
41.3924798
]
},
"properties": {
"osm_id": "way/66657323",
"kind": "small shop",
"name": "Bonjour"
}
},
{
"type": "Feature",
"geometry": {
"type": "Point",
"coordinates": [
9.2106433,
41.3789815
]
},
"properties": {
"osm_id": "way/66657544",
"kind": "restaurant",
"name": ""
}
},
{
"type": "Feature",
"geometry": {
"type": "Point",
"coordinates": [
9.1611963,
41.3887226
]
},
"properties": {
"osm_id": "way/66657550",
"kind": "fuel station",
"name": "marine fuel"
}
},
{
"type": "Feature",
"geometry": {
"type": "Point",
"coordinates": [
9.2664827,
41.4675596
]
},
"properties": {
"osm_id": "way/66658094",
"kind": "restaurant",
"name": "Restaurant de la Plage Chez Ange",
"opening_hours": "May 15-Sep 30 Mo-Su,PH 09:00-19:00; Jun 15-Sep 15 PH Mo-Su 09:00-22:00"
}
},
{
"type": "Feature",
"geometry": {
"type": "Point",
"coordinates": [
9.2201344,
41.3772762
]
},
"properties": {
"osm_id": "way/66658604",
"kind": "bar",
"name": "O'Coco"
}
},
{
"type": "Feature",
"geometry": {
"type": "Point",
"coordinates": [
9.1624332,
41.3880769
]
},
"properties": {
"osm_id": "way/66660300",
"kind": "restaurant",
"name": "Pizzeria Les Amis"
}
},
{
"type": "Feature",
"geometry": {
"type": "Point",
"coordinates": [
9.2381968,
41.4155126
]
},
"properties": {
"osm_id": "way/66660888",
"kind": "restaurant",
"name": "Le Santa Manza"
}
},
{
"type": "Feature",
"geometry": {
"type": "Point",
"coordinates": [
9.2105009,
41.3786863
]
},
"properties": {
"osm_id": "way/66660970",
"kind": "supermarket",
"name": ""
}
},
{
"type": "Feature",
"geometry": {
"type": "Point",
"coordinates": [
8.5964048,
42.1349176
]
},
"properties": {
"osm_id": "way/66686720",
"kind": "supermarket",
"name": ""
}
},
{
"type": "Feature",
"geometry": {
"type": "Point",
"coordinates": [
8.5971875,
42.136588
]
},
"properties": {
"osm_id": "way/66688119",
"kind": "supermarket",
"name": "Spar",
"opening_hours": "Mo-Su 07:00-20:00"
}
},
{
"type": "Feature",
"geometry": {
"type": "Point",
"coordinates": [
8.7350962,
41.796582
]
},
"properties": {
"osm_id": "way/66694421",
"kind": "restaurant",
"name": "Chez Mico"
}
},
{
"type": "Feature",
"geometry": {
"type": "Point",
"coordinates": [
9.1465813,
41.6783813
]
},
"properties": {
"osm_id": "way/666967481",
"kind": "bar",
"name": "Café du Centre"
}
},
{
"type": "Feature",
"geometry": {
"type": "Point",
"coordinates": [
8.9139117,
41.9180434
]
},
"properties": {
"osm_id": "way/667429983",
"kind": "restaurant",
"name": "Bar des sports"
}
},
{
"type": "Feature",
"geometry": {
"type": "Point",
"coordinates": [
9.5121882,
42.103808
]
},
"properties": {
"osm_id": "way/667921868",
"kind": "small shop",
"name": "U ritornu"
}
},
{
"type": "Feature",
"geometry": {
"type": "Point",
"coordinates": [
9.1276776,
41.4873453
]
},
"properties": {
"osm_id": "way/66826154",
"kind": "supermarket",
"name": "Spar",
"opening_hours": "Mo-Su 07:30-21:00"
}
},
{
"type": "Feature",
"geometry": {
"type": "Point",
"coordinates": [
9.1314944,
41.4889134
]
},
"properties": {
"osm_id": "way/66827404",
"kind": "restaurant",
"name": "Auberge \"U Foconu\""
}
},
{
"type": "Feature",
"geometry": {
"type": "Point",
"coordinates": [
8.8034636,
41.887866
]
},
"properties": {
"osm_id": "way/66843061",
"kind": "supermarket",
"name": "Carrefour",
"opening_hours": "Mo-Su 08:00-20:00"
}
},
{
"type": "Feature",
"geometry": {
"type": "Point",
"coordinates": [
9.0088514,
42.334166
]
},
"properties": {
"osm_id": "way/669341908",
"kind": "fuel station",
"name": "Total",
"opening_hours": "24/7"
}
},
{
"type": "Feature",
"geometry": {
"type": "Point",
"coordinates": [
9.345818,
41.631371
]
},
"properties": {
"osm_id": "way/67299087",
"kind": "restaurant",
"name": "Le tiki"
}
},
{
"type": "Feature",
"geometry": {
"type": "Point",
"coordinates": [
9.3163017,
41.6247975
]
},
"properties": {
"osm_id": "way/67299488",
"kind": "restaurant",
"name": "La Pinede"
}
},
{
"type": "Feature",
"geometry": {
"type": "Point",
"coordinates": [
9.3164026,
41.6247269
]
},
"properties": {
"osm_id": "way/67299871",
"kind": "supermarket",
"name": ""
}
},
{
"type": "Feature",
"geometry": {
"type": "Point",
"coordinates": [
9.1771667,
42.3552498
]
},
"properties": {
"osm_id": "way/675663342",
"kind": "restaurant",
"name": "U Passu"
}
},
{
"type": "Feature",
"geometry": {
"type": "Point",
"coordinates": [
8.8641178,
42.0073299
]
},
"properties": {
"osm_id": "way/68000092",
"kind": "café",
"name": "L'Ustaria"
}
},
{
"type": "Feature",
"geometry": {
"type": "Point",
"coordinates": [
8.9217227,
42.0053231
]
},
"properties": {
"osm_id": "way/68000464",
"kind": "restaurant",
"name": "Auberge U Sciatellu -Chez Séraphin"
}
},
{
"type": "Feature",
"geometry": {
"type": "Point",
"coordinates": [
9.3893505,
41.9170855
]
},
"properties": {
"osm_id": "way/685481112",
"kind": "fuel station",
"name": "",
"opening_hours": "24/7"
}
},
{
"type": "Feature",
"geometry": {
"type": "Point",
"coordinates": [
9.3328955,
41.5605301
]
},
"properties": {
"osm_id": "way/685884213",
"kind": "restaurant",
"name": "Chez Pierre"
}
},
{
"type": "Feature",
"geometry": {
"type": "Point",
"coordinates": [
9.1358466,
42.1270359
]
},
"properties": {
"osm_id": "way/692948728",
"kind": "restaurant",
"name": "U Castellu"
}
},
{
"type": "Feature",
"geometry": {
"type": "Point",
"coordinates": [
9.4582572,
42.0057299
]
},
"properties": {
"osm_id": "way/696344738",
"kind": "restaurant",
"name": "Perla di Mare"
}
},
{
"type": "Feature",
"geometry": {
"type": "Point",
"coordinates": [
9.4581087,
42.0055825
]
},
"properties": {
"osm_id": "way/696344739",
"kind": "bar",
"name": ""
}
},
{
"type": "Feature",
"geometry": {
"type": "Point",
"coordinates": [
8.7571305,
41.9451899
]
},
"properties": {
"osm_id": "way/698765695",
"kind": "restaurant",
"name": "Brasserie B'8"
}
},
{
"type": "Feature",
"geometry": {
"type": "Point",
"coordinates": [
8.7341903,
41.9242334
]
},
"properties": {
"osm_id": "way/699642855",
"kind": "fuel station",
"name": "Vito",
"opening_hours": "24/7"
}
},
{
"type": "Feature",
"geometry": {
"type": "Point",
"coordinates": [
8.7436569,
42.258061
]
},
"properties": {
"osm_id": "way/70220920",
"kind": "small shop",
"name": ""
}
},
{
"type": "Feature",
"geometry": {
"type": "Point",
"coordinates": [
8.6927374,
42.2695023
]
},
"properties": {
"osm_id": "way/70220995",
"kind": "restaurant",
"name": "La Mer"
}
},
{
"type": "Feature",
"geometry": {
"type": "Point",
"coordinates": [
8.7441856,
42.2580629
]
},
"properties": {
"osm_id": "way/70221033",
"kind": "small shop",
"name": "U Mercatellu d'Ota",
"opening_hours": "Mo-Su 08:00-12:00; 17:30-19:30"
}
},
{
"type": "Feature",
"geometry": {
"type": "Point",
"coordinates": [
8.6936792,
42.268592
]
},
"properties": {
"osm_id": "way/70221069",
"kind": "restaurant",
"name": "Le Cyrnée"
}
},
{
"type": "Feature",
"geometry": {
"type": "Point",
"coordinates": [
8.6936912,
42.2663447
]
},
"properties": {
"osm_id": "way/70221074",
"kind": "restaurant",
"name": "Le Robinson"
}
},
{
"type": "Feature",
"geometry": {
"type": "Point",
"coordinates": [
8.7434084,
42.2581233
]
},
"properties": {
"osm_id": "way/70221106",
"kind": "restaurant",
"name": "Café de la Place"
}
},
{
"type": "Feature",
"geometry": {
"type": "Point",
"coordinates": [
8.6967038,
42.2672464
]
},
"properties": {
"osm_id": "way/70221152",
"kind": "café",
"name": "Le Nautilus"
}
},
{
"type": "Feature",
"geometry": {
"type": "Point",
"coordinates": [
8.7098998,
42.2612686
]
},
"properties": {
"osm_id": "way/70221188",
"kind": "restaurant",
"name": "Le Moulin"
}
},
{
"type": "Feature",
"geometry": {
"type": "Point",
"coordinates": [
8.6934943,
42.2677207
]
},
"properties": {
"osm_id": "way/70221229",
"kind": "restaurant",
"name": "Office de Tourisme Intercommunal Ouest Corsica"
}
},
{
"type": "Feature",
"geometry": {
"type": "Point",
"coordinates": [
8.7037539,
42.2662172
]
},
"properties": {
"osm_id": "way/70221234",
"kind": "bakery",
"name": "Boulangerie, pâtisserie chez Lœtitia Julien",
"opening_hours": "We-Mo 07:00-15:00"
}
},
{
"type": "Feature",
"geometry": {
"type": "Point",
"coordinates": [
8.7096969,
42.263414
]
},
"properties": {
"osm_id": "way/70221346",
"kind": "supermarket",
"name": "Spar",
"opening_hours": "Mo-Su 08:00-20:00"
}
},
{
"type": "Feature",
"geometry": {
"type": "Point",
"coordinates": [
8.7027095,
42.2661789
]
},
"properties": {
"osm_id": "way/70221352",
"kind": "delicatessen",
"name": "L'Hibiscus"
}
},
{
"type": "Feature",
"geometry": {
"type": "Point",
"coordinates": [
8.6931743,
42.2672741
]
},
"properties": {
"osm_id": "way/70221421",
"kind": "restaurant",
"name": "Le Sud"
}
},
{
"type": "Feature",
"geometry": {
"type": "Point",
"coordinates": [
8.7077036,
42.2648299
]
},
"properties": {
"osm_id": "way/70221426",
"kind": "restaurant",
"name": "Hôtel Le Porto"
}
},
{
"type": "Feature",
"geometry": {
"type": "Point",
"coordinates": [
8.6930854,
42.2677453
]
},
"properties": {
"osm_id": "way/70221440",
"kind": "restaurant",
"name": "Le Soleil Couchant"
}
},
{
"type": "Feature",
"geometry": {
"type": "Point",
"coordinates": [
8.7439479,
42.2576493
]
},
"properties": {
"osm_id": "way/70221496",
"kind": "restaurant",
"name": "Chez Felix"
}
},
{
"type": "Feature",
"geometry": {
"type": "Point",
"coordinates": [
8.7096034,
42.2640469
]
},
"properties": {
"osm_id": "way/70221509",
"kind": "small shop",
"name": "Carrefour Contact",
"opening_hours": "Mo 08:00-21:00; Tu-Sa 08:00-20:00; Su 08:00-21:00"
}
},
{
"type": "Feature",
"geometry": {
"type": "Point",
"coordinates": [
8.6934799,
42.2674624
]
},
"properties": {
"osm_id": "way/70221534",
"kind": "restaurant",
"name": "La Tour Génoise"
}
},
{
"type": "Feature",
"geometry": {
"type": "Point",
"coordinates": [
8.7420801,
42.2572938
]
},
"properties": {
"osm_id": "way/70221581",
"kind": "restaurant",
"name": "Gite d´Etape 'Chez Marie'"
}
},
{
"type": "Feature",
"geometry": {
"type": "Point",
"coordinates": [
8.5837842,
42.2351407
]
},
"properties": {
"osm_id": "way/70222136",
"kind": "bar",
"name": "A Guardiola"
}
},
{
"type": "Feature",
"geometry": {
"type": "Point",
"coordinates": [
8.6368213,
42.2384593
]
},
"properties": {
"osm_id": "way/70222175",
"kind": "bakery",
"name": "Boulangerie Pâtisserie Giovannelli"
}
},
{
"type": "Feature",
"geometry": {
"type": "Point",
"coordinates": [
8.6368002,
42.2386899
]
},
"properties": {
"osm_id": "way/70222217",
"kind": "café",
"name": "Le Casanova"
}
},
{
"type": "Feature",
"geometry": {
"type": "Point",
"coordinates": [
8.6367511,
42.2394755
]
},
"properties": {
"osm_id": "way/70222240",
"kind": "small shop",
"name": "Fruit et Legume"
}
},
{
"type": "Feature",
"geometry": {
"type": "Point",
"coordinates": [
8.6366302,
42.2375746
]
},
"properties": {
"osm_id": "way/70222744",
"kind": "supermarket",
"name": "Utile",
"opening_hours": "Mo-Su 07:30-19:30"
}
},
{
"type": "Feature",
"geometry": {
"type": "Point",
"coordinates": [
8.637395,
42.2382184
]
},
"properties": {
"osm_id": "way/70222821",
"kind": "restaurant",
"name": "Casa Corse"
}
},
{
"type": "Feature",
"geometry": {
"type": "Point",
"coordinates": [
8.6601245,
42.2486566
]
},
"properties": {
"osm_id": "way/70223009",
"kind": "restaurant",
"name": "Les Roches Bleues"
}
},
{
"type": "Feature",
"geometry": {
"type": "Point",
"coordinates": [
8.7851621,
41.8317321
]
},
"properties": {
"osm_id": "way/70241238",
"kind": "restaurant",
"name": "Auberge du Ruppione"
}
},
{
"type": "Feature",
"geometry": {
"type": "Point",
"coordinates": [
8.7684482,
41.8456584
]
},
"properties": {
"osm_id": "way/70242278",
"kind": "restaurant",
"name": "Olmeta Beach"
}
},
{
"type": "Feature",
"geometry": {
"type": "Point",
"coordinates": [
8.9171328,
41.6723234
]
},
"properties": {
"osm_id": "way/70662545",
"kind": "supermarket",
"name": "Auchan Supermarché",
"opening_hours": "Mo-Sa 08:00-20:00"
}
},
{
"type": "Feature",
"geometry": {
"type": "Point",
"coordinates": [
8.9013592,
41.6743839
]
},
"properties": {
"osm_id": "way/70664907",
"kind": "small shop",
"name": ""
}
},
{
"type": "Feature",
"geometry": {
"type": "Point",
"coordinates": [
9.2656573,
41.6436507
]
},
"properties": {
"osm_id": "way/70666682",
"kind": "restaurant",
"name": "U Casteddu",
"opening_hours": "Mo-Su,PH 07:30-12:30, We-Mo 17:00-22:00"
}
},
{
"type": "Feature",
"geometry": {
"type": "Point",
"coordinates": [
9.2663806,
41.645128
]
},
"properties": {
"osm_id": "way/70666760",
"kind": "restaurant",
"name": "La Casette d'Araggio",
"opening_hours": "11:00-14:00, 18:00-22:00"
}
},
{
"type": "Feature",
"geometry": {
"type": "Point",
"coordinates": [
9.3049892,
41.6638434
]
},
"properties": {
"osm_id": "way/70667181",
"kind": "restaurant",
"name": "Pizzeria A Chjusella"
}
},
{
"type": "Feature",
"geometry": {
"type": "Point",
"coordinates": [
9.3965874,
41.8593296
]
},
"properties": {
"osm_id": "way/70671676",
"kind": "fuel station",
"name": "Relais de la Côte des Nacres",
"opening_hours": "Mo-Fr 06:30-20:00; Sa 06:30-20:00; Su,PH 06:30-20:00"
}
},
{
"type": "Feature",
"geometry": {
"type": "Point",
"coordinates": [
8.9556938,
41.5239552
]
},
"properties": {
"osm_id": "way/70680342",
"kind": "restaurant",
"name": "Ferme de Minora"
}
},
{
"type": "Feature",
"geometry": {
"type": "Point",
"coordinates": [
8.9698978,
41.6203289
]
},
"properties": {
"osm_id": "way/70681559",
"kind": "fuel station",
"name": "Vito",
"opening_hours": "24/7"
}
},
{
"type": "Feature",
"geometry": {
"type": "Point",
"coordinates": [
8.9681643,
41.6188423
]
},
"properties": {
"osm_id": "way/70681739",
"kind": "fuel station",
"name": "Total",
"opening_hours": "24/7"
}
},
{
"type": "Feature",
"geometry": {
"type": "Point",
"coordinates": [
8.9735892,
41.6173618
]
},
"properties": {
"osm_id": "way/70684034",
"kind": "supermarket",
"name": "Auchan Supermarché",
"opening_hours": "Mo-Sa 08:00-20:00; Su 08:00-12:45"
}
},
{
"type": "Feature",
"geometry": {
"type": "Point",
"coordinates": [
8.7975218,
41.7110207
]
},
"properties": {
"osm_id": "way/70692399",
"kind": "small shop",
"name": "Spar",
"opening_hours": "Mo-Su 08:30-13:00,16:30-20:00"
}
},
{
"type": "Feature",
"geometry": {
"type": "Point",
"coordinates": [
8.8013657,
41.7119327
]
},
"properties": {
"osm_id": "way/70692741",
"kind": "fuel station",
"name": "Vito",
"opening_hours": "24/7"
}
},
{
"type": "Feature",
"geometry": {
"type": "Point",
"coordinates": [
8.8583352,
41.7014204
]
},
"properties": {
"osm_id": "way/70694289",
"kind": "restaurant",
"name": "Le 466",
"opening_hours": "PH,Mo-Su 08:00-24:00"
}
},
{
"type": "Feature",
"geometry": {
"type": "Point",
"coordinates": [
8.8968706,
41.6975955
]
},
"properties": {
"osm_id": "way/70695958",
"kind": "fuel station",
"name": "Total"
}
},
{
"type": "Feature",
"geometry": {
"type": "Point",
"coordinates": [
9.2924374,
41.7324954
]
},
"properties": {
"osm_id": "way/718076879",
"kind": "restaurant",
"name": "Les 3 Piscines"
}
},
{
"type": "Feature",
"geometry": {
"type": "Point",
"coordinates": [
9.3348083,
41.5876093
]
},
"properties": {
"osm_id": "way/723897905",
"kind": "restaurant",
"name": "L'Olivier"
}
},
{
"type": "Feature",
"geometry": {
"type": "Point",
"coordinates": [
9.5539711,
42.1569691
]
},
"properties": {
"osm_id": "way/729356089",
"kind": "restaurant",
"name": "Côté plage"
}
},
{
"type": "Feature",
"geometry": {
"type": "Point",
"coordinates": [
8.7006137,
42.1138124
]
},
"properties": {
"osm_id": "way/74698306",
"kind": "supermarket",
"name": "Casino",
"opening_hours": "Mo-Su 08:30-12:30, 16:00-20:00"
}
},
{
"type": "Feature",
"geometry": {
"type": "Point",
"coordinates": [
8.7013951,
42.113601
]
},
"properties": {
"osm_id": "way/74699433",
"kind": "supermarket",
"name": "Spar",
"opening_hours": "Mo-Sa 07:30-19:30; Su 07:30-12:30"
}
},
{
"type": "Feature",
"geometry": {
"type": "Point",
"coordinates": [
8.6959072,
42.1147609
]
},
"properties": {
"osm_id": "way/74700403",
"kind": "restaurant",
"name": "A Torraccia"
}
},
{
"type": "Feature",
"geometry": {
"type": "Point",
"coordinates": [
8.6922299,
42.1164699
]
},
"properties": {
"osm_id": "way/74700445",
"kind": "fuel station",
"name": "Total Sagone",
"opening_hours": "24/7"
}
},
{
"type": "Feature",
"geometry": {
"type": "Point",
"coordinates": [
8.7383109,
41.7969415
]
},
"properties": {
"osm_id": "way/788319465",
"kind": "bar",
"name": ""
}
},
{
"type": "Feature",
"geometry": {
"type": "Point",
"coordinates": [
8.738019,
41.7961875
]
},
"properties": {
"osm_id": "way/788319471",
"kind": "bar",
"name": ""
}
},
{
"type": "Feature",
"geometry": {
"type": "Point",
"coordinates": [
8.7188516,
41.7661124
]
},
"properties": {
"osm_id": "way/788781772",
"kind": "restaurant",
"name": ""
}
},
{
"type": "Feature",
"geometry": {
"type": "Point",
"coordinates": [
8.7186934,
41.7659689
]
},
"properties": {
"osm_id": "way/788781773",
"kind": "restaurant",
"name": ""
}
},
{
"type": "Feature",
"geometry": {
"type": "Point",
"coordinates": [
8.7270854,
41.7735558
]
},
"properties": {
"osm_id": "way/793294625",
"kind": "restaurant",
"name": ""
}
},
{
"type": "Feature",
"geometry": {
"type": "Point",
"coordinates": [
8.719402,
41.7669984
]
},
"properties": {
"osm_id": "way/793596736",
"kind": "restaurant",
"name": ""
}
},
{
"type": "Feature",
"geometry": {
"type": "Point",
"coordinates": [
8.7194536,
41.7670627
]
},
"properties": {
"osm_id": "way/793596737",
"kind": "restaurant",
"name": ""
}
},
{
"type": "Feature",
"geometry": {
"type": "Point",
"coordinates": [
8.7192414,
41.7670875
]
},
"properties": {
"osm_id": "way/793596738",
"kind": "restaurant",
"name": ""
}
},
{
"type": "Feature",
"geometry": {
"type": "Point",
"coordinates": [
8.7191885,
41.7670309
]
},
"properties": {
"osm_id": "way/793596739",
"kind": "restaurant",
"name": ""
}
},
{
"type": "Feature",
"geometry": {
"type": "Point",
"coordinates": [
8.7191618,
41.7669482
]
},
"properties": {
"osm_id": "way/793596740",
"kind": "restaurant",
"name": ""
}
},
{
"type": "Feature",
"geometry": {
"type": "Point",
"coordinates": [
8.719015,
41.7669633
]
},
"properties": {
"osm_id": "way/793596741",
"kind": "restaurant",
"name": ""
}
},
{
"type": "Feature",
"geometry": {
"type": "Point",
"coordinates": [
8.7188515,
41.766988
]
},
"properties": {
"osm_id": "way/793596742",
"kind": "restaurant",
"name": ""
}
},
{
"type": "Feature",
"geometry": {
"type": "Point",
"coordinates": [
8.7235694,
41.7706338
]
},
"properties": {
"osm_id": "way/794148082",
"kind": "restaurant",
"name": ""
}
},
{
"type": "Feature",
"geometry": {
"type": "Point",
"coordinates": [
8.7235314,
41.7705809
]
},
"properties": {
"osm_id": "way/794148083",
"kind": "restaurant",
"name": ""
}
},
{
"type": "Feature",
"geometry": {
"type": "Point",
"coordinates": [
9.2701156,
41.5801958
]
},
"properties": {
"osm_id": "way/815003896",
"kind": "small shop",
"name": "Biodélice",
"opening_hours": "Mo-Sa 08:30-20:30; Su 08:30-20:00"
}
},
{
"type": "Feature",
"geometry": {
"type": "Point",
"coordinates": [
8.7051615,
41.7393286
]
},
"properties": {
"osm_id": "way/817241098",
"kind": "restaurant",
"name": "Chez Eric"
}
},
{
"type": "Feature",
"geometry": {
"type": "Point",
"coordinates": [
9.3460721,
41.6971564
]
},
"properties": {
"osm_id": "way/822806674",
"kind": "supermarket",
"name": "Super U",
"opening_hours": "Mo-Sa 08:30-20:00; Su 09:00-13:00"
}
},
{
"type": "Feature",
"geometry": {
"type": "Point",
"coordinates": [
8.7741247,
41.8151353
]
},
"properties": {
"osm_id": "way/833684992",
"kind": "restaurant",
"name": "Plage d'argent"
}
},
{
"type": "Feature",
"geometry": {
"type": "Point",
"coordinates": [
9.3587618,
42.5075638
]
},
"properties": {
"osm_id": "way/837591959",
"kind": "delicatessen",
"name": "A Fiumara"
}
},
{
"type": "Feature",
"geometry": {
"type": "Point",
"coordinates": [
8.7914317,
41.8567414
]
},
"properties": {
"osm_id": "way/842613200",
"kind": "bar",
"name": ""
}
},
{
"type": "Feature",
"geometry": {
"type": "Point",
"coordinates": [
9.4541516,
42.5504171
]
},
"properties": {
"osm_id": "way/851925592",
"kind": "small shop",
"name": "Spar"
}
},
{
"type": "Feature",
"geometry": {
"type": "Point",
"coordinates": [
9.2686617,
42.1010942
]
},
"properties": {
"osm_id": "way/913933140",
"kind": "restaurant",
"name": "Auberge U Sampolu"
}
},
{
"type": "Feature",
"geometry": {
"type": "Point",
"coordinates": [
8.95771,
41.6443388
]
},
"properties": {
"osm_id": "way/968684428",
"kind": "greengrocer",
"name": "Valinco Primeurs A Madunina",
"opening_hours": "Mo-Sa 08:00-20:00; Su 08:00-12:30"
}
},
{
"type": "Feature",
"geometry": {
"type": "Point",
"coordinates": [
9.3890109,
43.0067165
]
},
"properties": {
"osm_id": "way/972697118",
"kind": "bar",
"name": "Chez Marlene"
}
},
{
"type": "Feature",
"geometry": {
"type": "Point",
"coordinates": [
9.2353572,
41.3918209
]
},
"properties": {
"osm_id": "way/978975652",
"kind": "café",
"name": "A Cara Longu"
}
},
{
"type": "Feature",
"geometry": {
"type": "Point",
"coordinates": [
9.3620081,
42.9242452
]
},
"properties": {
"osm_id": "way/979528455",
"kind": "bar",
"name": ""
}
},
{
"type": "Feature",
"geometry": {
"type": "Point",
"coordinates": [
9.3488532,
42.9658003
]
},
"properties": {
"osm_id": "way/979558294",
"kind": "snack bar",
"name": ""
}
},
{
"type": "Feature",
"geometry": {
"type": "Point",
"coordinates": [
9.4786591,
42.840907
]
},
"properties": {
"osm_id": "way/980450664",
"kind": "snack bar",
"name": "l’Allegria S.A.S.U a Casa di a Pasta"
}
},
{
"type": "Feature",
"geometry": {
"type": "Point",
"coordinates": [
9.4793212,
42.8365148
]
},
"properties": {
"osm_id": "way/980450665",
"kind": "snack bar",
"name": "Titi pizza"
}
},
{
"type": "Feature",
"geometry": {
"type": "Point",
"coordinates": [
8.7938257,
41.9194552
]
},
"properties": {
"osm_id": "way/983886640",
"kind": "snack bar",
"name": "L'incantu"
}
},
{
"type": "Feature",
"geometry": {
"type": "Point",
"coordinates": [
8.7945074,
41.9196097
]
},
"properties": {
"osm_id": "way/983886657",
"kind": "delicatessen",
"name": ""
}
},
{
"type": "Feature",
"geometry": {
"type": "Point",
"coordinates": [
8.79462,
41.9197767
]
},
"properties": {
"osm_id": "way/983886660",
"kind": "bar",
"name": ""
}
},
{
"type": "Feature",
"geometry": {
"type": "Point",
"coordinates": [
8.7947023,
41.9196976
]
},
"properties": {
"osm_id": "way/983886662",
"kind": "snack bar",
"name": "Bar Brasserie"
}
}
]
}