station,station_name,stream,date,code,flowing,doy,elevation_m,rain_30,normal_30,ratio_30,rain_90,normal_90,ratio_90,rain_180,normal_180,ratio_180
Y7010001,L'Ancino au pont de la RD 18,Ruisseau de Bornalinco,2012-05-25,1a,1,146,459.6,83.5,53.1,1.573,159.1,187.2,0.85,280.0,423.9,0.661
Y7010001,L'Ancino au pont de la RD 18,Ruisseau de Bornalinco,2012-06-25,1f,1,177,459.6,7.8,37.3,0.208,151.6,153.4,0.989,269.5,352.4,0.765
Y7010001,L'Ancino au pont de la RD 18,Ruisseau de Bornalinco,2012-07-11,1f,1,193,459.6,1.5,20.7,0.073,126.5,126.5,1.0,252.8,326.7,0.774
Y7010001,L'Ancino au pont de la RD 18,Ruisseau de Bornalinco,2012-07-25,2,0,207,459.6,7.5,21.8,0.345,105.4,110.4,0.954,258.3,308.7,0.837
Y7010001,L'Ancino au pont de la RD 18,Ruisseau de Bornalinco,2012-08-23,2,0,236,459.6,0.5,26.1,0.019,22.4,85.2,0.263,181.5,272.4,0.666
Y7010001,L'Ancino au pont de la RD 18,Ruisseau de Bornalinco,2012-09-25,1a,1,269,459.6,126.8,43.3,2.927,134.8,90.3,1.493,286.4,242.2,1.182
Y7010001,L'Ancino au pont de la RD 18,Ruisseau de Bornalinco,2013-05-23,1a,1,144,459.6,54.7,57.0,0.96,371.7,189.7,1.96,592.9,432.5,1.371
Y7010001,L'Ancino au pont de la RD 18,Ruisseau de Bornalinco,2013-06-25,1f,1,177,459.6,14.8,37.3,0.396,169.2,153.4,1.103,551.2,352.4,1.564
Y7010001,L'Ancino au pont de la RD 18,Ruisseau de Bornalinco,2013-07-25,1a,1,207,459.6,49.7,21.8,2.279,122.2,110.4,1.106,534.7,308.7,1.732
Y7010001,L'Ancino au pont de la RD 18,Ruisseau de Bornalinco,2013-08-23,1f,1,236,459.6,37.9,26.1,1.451,106.3,85.2,1.247,458.0,272.4,1.681
Y7010001,L'Ancino au pont de la RD 18,Ruisseau de Bornalinco,2013-09-19,2,0,263,459.6,5.2,34.6,0.151,90.2,80.3,1.123,275.3,241.2,1.141
Y7010001,L'Ancino au pont de la RD 18,Ruisseau de Bornalinco,2013-10-24,1f,1,298,459.6,39.5,72.0,0.549,80.0,137.2,0.583,198.3,248.1,0.799
Y7010001,L'Ancino au pont de la RD 18,Ruisseau de Bornalinco,2014-05-26,1a,1,147,459.6,18.7,51.3,0.364,180.4,185.3,0.973,337.8,420.7,0.803
Y7010001,L'Ancino au pont de la RD 18,Ruisseau de Bornalinco,2014-06-25,1a,1,177,459.6,73.7,37.3,1.974,155.1,153.4,1.011,401.6,352.4,1.14
Y7010001,L'Ancino au pont de la RD 18,Ruisseau de Bornalinco,2014-07-24,1a,1,206,459.6,31.0,21.6,1.436,123.4,112.2,1.1,374.1,308.8,1.211
Y7010001,L'Ancino au pont de la RD 18,Ruisseau de Bornalinco,2014-08-26,1f,1,239,459.6,1.6,24.7,0.063,107.3,83.8,1.28,284.9,265.8,1.072
Y7010001,L'Ancino au pont de la RD 18,Ruisseau de Bornalinco,2014-09-25,2,0,269,459.6,19.4,43.3,0.449,53.0,90.3,0.587,188.9,242.2,0.78
Y7010001,L'Ancino au pont de la RD 18,Ruisseau de Bornalinco,2014-10-28,2,0,302,459.6,4.8,70.6,0.068,24.8,142.8,0.174,143.9,246.4,0.584
Y7010001,L'Ancino au pont de la RD 18,Ruisseau de Bornalinco,2015-05-26,1a,1,147,459.6,37.1,51.3,0.722,276.2,185.3,1.491,797.3,420.7,1.895
Y7010001,L'Ancino au pont de la RD 18,Ruisseau de Bornalinco,2015-06-23,1a,1,175,459.6,43.7,37.6,1.162,114.6,157.7,0.727,604.9,357.9,1.69
Y7010001,L'Ancino au pont de la RD 18,Ruisseau de Bornalinco,2015-07-23,1a,1,205,459.6,26.9,21.2,1.269,101.2,114.3,0.885,592.7,309.8,1.913
Y7010001,L'Ancino au pont de la RD 18,Ruisseau de Bornalinco,2015-08-27,2,0,240,459.6,97.7,24.6,3.973,177.1,82.7,2.142,458.1,264.0,1.735
Y7010001,L'Ancino au pont de la RD 18,Ruisseau de Bornalinco,2015-09-22,2,0,266,459.6,1.7,38.1,0.044,148.5,86.0,1.728,247.1,242.2,1.02
Y7010001,L'Ancino au pont de la RD 18,Ruisseau de Bornalinco,2016-05-18,1,1,139,459.6,29.3,57.6,0.509,167.3,187.6,0.892,336.3,441.5,0.762
Y7010001,L'Ancino au pont de la RD 18,Ruisseau de Bornalinco,2016-06-27,1,1,179,459.6,5.8,36.9,0.157,44.3,151.9,0.292,295.0,349.1,0.845
Y7010001,L'Ancino au pont de la RD 18,Ruisseau de Bornalinco,2016-07-22,1,1,204,459.6,1.5,19.3,0.077,35.7,114.3,0.312,240.2,311.2,0.772
Y7010001,L'Ancino au pont de la RD 18,Ruisseau de Bornalinco,2016-08-22,3,0,235,459.6,9.5,26.2,0.362,16.8,85.0,0.197,181.9,273.7,0.665
Y7010001,L'Ancino au pont de la RD 18,Ruisseau de Bornalinco,2016-09-06,1,1,250,459.6,9.6,28.8,0.333,24.6,74.9,0.329,89.3,246.0,0.363
Y7010001,L'Ancino au pont de la RD 18,Ruisseau de Bornalinco,2016-09-21,1,1,265,459.6,40.5,35.2,1.151,51.5,82.7,0.623,95.8,240.3,0.399
Y7010001,L'Ancino au pont de la RD 18,Ruisseau de Bornalinco,2017-05-22,1,1,143,459.6,18.6,57.6,0.323,68.6,190.2,0.36,575.0,434.9,1.322
Y7010001,L'Ancino au pont de la RD 18,Ruisseau de Bornalinco,2017-06-27,1,1,179,459.6,62.6,36.9,1.696,93.6,151.9,0.616,435.1,349.1,1.246
Y7010001,L'Ancino au pont de la RD 18,Ruisseau de Bornalinco,2017-06-28,1,1,180,459.6,62.6,35.2,1.777,93.6,151.1,0.619,435.0,346.6,1.255
Y7010001,L'Ancino au pont de la RD 18,Ruisseau de Bornalinco,2017-07-19,2,0,201,459.6,6.8,17.3,0.394,88.1,116.7,0.755,356.2,317.4,1.122
Y7010001,L'Ancino au pont de la RD 18,Ruisseau de Bornalinco,2017-08-02,2,0,215,459.6,6.6,23.1,0.288,83.5,97.4,0.857,215.5,294.8,0.731
Y7010001,L'Ancino au pont de la RD 18,Ruisseau de Bornalinco,2017-08-16,2,0,229,459.6,7.7,27.6,0.28,79.0,89.7,0.88,145.9,277.3,0.526
Y7010001,L'Ancino au pont de la RD 18,Ruisseau de Bornalinco,2017-08-29,2,0,242,459.6,1.7,26.4,0.066,77.1,84.1,0.917,138.7,260.0,0.534
Y7010001,L'Ancino au pont de la RD 18,Ruisseau de Bornalinco,2017-08-30,2,0,243,459.6,1.7,27.3,0.063,77.1,83.7,0.922,138.7,257.0,0.54
Y7010001,L'Ancino au pont de la RD 18,Ruisseau de Bornalinco,2017-09-27,2,0,271,459.6,28.5,45.2,0.631,40.0,93.8,0.426,136.6,243.6,0.561
Y7010001,L'Ancino au pont de la RD 18,Ruisseau de Bornalinco,2017-10-25,2,0,299,459.6,4.6,70.3,0.066,34.8,138.5,0.251,122.4,246.3,0.497
Y7010001,L'Ancino au pont de la RD 18,Ruisseau de Bornalinco,2017-11-07,1,1,312,459.6,20.9,99.0,0.211,55.0,183.7,0.299,132.3,279.5,0.473
Y7010001,L'Ancino au pont de la RD 18,Ruisseau de Bornalinco,2017-11-22,1,1,327,459.6,77.4,113.8,0.68,110.5,224.7,0.492,187.7,309.2,0.607
Y7010001,L'Ancino au pont de la RD 18,Ruisseau de Bornalinco,2018-02-06,1,1,37,459.6,87.0,66.4,1.31,331.0,268.6,1.232,386.0,452.0,0.854
Y7010001,L'Ancino au pont de la RD 18,Ruisseau de Bornalinco,2018-03-06,1,1,66,459.6,154.3,71.5,2.159,334.7,227.5,1.471,529.3,492.9,1.074
Y7010001,L'Ancino au pont de la RD 18,Ruisseau de Bornalinco,2018-03-21,1,1,81,459.6,220.0,69.1,3.183,376.7,208.7,1.805,596.8,499.0,1.196
Y7010001,L'Ancino au pont de la RD 18,Ruisseau de Bornalinco,2018-04-25,1,1,116,459.6,59.8,65.7,0.91,350.3,196.6,1.781,652.1,490.1,1.33
Y7010001,L'Ancino au pont de la RD 18,Ruisseau de Bornalinco,2018-05-29,1,1,150,459.6,117.8,48.5,2.427,347.8,181.2,1.92,689.6,410.2,1.681
Y7010001,L'Ancino au pont de la RD 18,Ruisseau de Bornalinco,2018-06-19,1,1,171,459.6,57.4,40.6,1.413,209.6,161.9,1.295,586.4,370.8,1.581
Y7010001,L'Ancino au pont de la RD 18,Ruisseau de Bornalinco,2018-07-25,1,1,207,459.6,19.9,21.8,0.914,174.5,110.4,1.58,524.7,308.7,1.7
Y7010001,L'Ancino au pont de la RD 18,Ruisseau de Bornalinco,2018-08-27,1,1,240,459.6,85.0,24.6,3.454,161.2,82.7,1.949,509.0,264.0,1.928
Y7010001,L'Ancino au pont de la RD 18,Ruisseau de Bornalinco,2018-09-25,1,1,269,459.6,32.0,43.3,0.738,160.8,90.3,1.78,375.2,242.2,1.549
Y7010001,L'Ancino au pont de la RD 18,Ruisseau de Bornalinco,2018-10-25,1,1,299,459.6,96.8,70.3,1.378,235.3,138.5,1.699,409.5,246.3,1.662
Y7010001,L'Ancino au pont de la RD 18,Ruisseau de Bornalinco,2019-04-02,1,1,93,459.6,14.6,61.4,0.237,110.5,192.0,0.575,459.7,498.1,0.923
Y7010001,L'Ancino au pont de la RD 18,Ruisseau de Bornalinco,2019-04-24,1,1,115,459.6,85.7,64.5,1.329,173.2,195.4,0.886,439.1,489.0,0.898
Y7010001,L'Ancino au pont de la RD 18,Ruisseau de Bornalinco,2019-05-27,1,1,148,459.6,102.9,51.5,1.997,189.0,183.3,1.031,324.6,416.6,0.779
Y7010001,L'Ancino au pont de la RD 18,Ruisseau de Bornalinco,2019-06-20,1,1,172,459.6,21.7,39.1,0.555,191.3,161.4,1.185,287.9,366.8,0.785
Y7010001,L'Ancino au pont de la RD 18,Ruisseau de Bornalinco,2019-07-25,1,1,207,459.6,32.3,21.8,1.482,138.2,110.4,1.252,306.4,308.7,0.993
Y7010001,L'Ancino au pont de la RD 18,Ruisseau de Bornalinco,2019-08-27,1,1,240,459.6,19.2,24.6,0.781,64.9,82.7,0.785,256.0,264.0,0.97
Y7010001,L'Ancino au pont de la RD 18,Ruisseau de Bornalinco,2019-09-25,1,1,269,459.6,37.4,43.3,0.864,94.9,90.3,1.051,272.3,242.2,1.124
Y7010001,L'Ancino au pont de la RD 18,Ruisseau de Bornalinco,2019-10-28,1,1,302,459.6,53.3,70.6,0.754,102.2,142.8,0.716,254.3,246.4,1.032
Y7010001,L'Ancino au pont de la RD 18,Ruisseau de Bornalinco,2020-05-27,1,1,148,459.6,88.1,51.5,1.708,202.1,183.3,1.103,379.2,416.6,0.91
Y7010001,L'Ancino au pont de la RD 18,Ruisseau de Bornalinco,2020-06-23,1,1,175,459.6,13.6,37.6,0.363,165.8,157.7,1.052,252.6,357.9,0.706
Y7010001,L'Ancino au pont de la RD 18,Ruisseau de Bornalinco,2020-07-24,3,0,206,459.6,6.2,21.6,0.29,108.5,112.2,0.968,224.9,308.8,0.728
Y7010001,L'Ancino au pont de la RD 18,Ruisseau de Bornalinco,2020-08-14,3,0,227,459.6,6.9,27.9,0.246,72.7,92.4,0.787,224.4,281.0,0.798
Y7010001,L'Ancino au pont de la RD 18,Ruisseau de Bornalinco,2020-08-25,3,0,238,459.6,0.9,24.4,0.038,20.8,84.0,0.247,222.9,267.3,0.834
Y7010001,L'Ancino au pont de la RD 18,Ruisseau de Bornalinco,2020-09-24,2,0,268,459.6,41.6,40.6,1.024,48.8,88.4,0.552,187.6,240.3,0.781
Y7010001,L'Ancino au pont de la RD 18,Ruisseau de Bornalinco,2020-10-26,1,1,300,459.6,58.9,70.2,0.839,150.2,140.1,1.072,236.6,246.6,0.959
Y7010001,L'Ancino au pont de la RD 18,Ruisseau de Bornalinco,2021-05-26,1,1,147,459.6,71.6,51.3,1.395,132.5,185.3,0.715,491.7,420.7,1.169
Y7010001,L'Ancino au pont de la RD 18,Ruisseau de Bornalinco,2021-06-30,1,1,182,459.6,5.9,34.6,0.171,111.3,147.9,0.753,328.2,341.4,0.962
Y7010001,L'Ancino au pont de la RD 18,Ruisseau de Bornalinco,2021-07-26,3,0,208,459.6,8.7,23.3,0.372,87.8,111.1,0.791,217.8,309.6,0.703
Y7010001,L'Ancino au pont de la RD 18,Ruisseau de Bornalinco,2021-08-16,3,0,229,459.6,5.3,27.6,0.192,28.4,89.7,0.317,150.5,277.3,0.543
Y7010001,L'Ancino au pont de la RD 18,Ruisseau de Bornalinco,2021-08-26,3,0,239,459.6,25.7,24.7,1.04,42.9,83.8,0.511,175.5,265.8,0.661
Y7010001,L'Ancino au pont de la RD 18,Ruisseau de Bornalinco,2021-09-24,3,0,268,459.6,8.4,40.6,0.207,39.2,88.4,0.443,150.6,240.3,0.627
Y7010001,L'Ancino au pont de la RD 18,Ruisseau de Bornalinco,2021-10-25,2,0,299,459.6,25.1,70.3,0.357,55.4,138.5,0.4,129.2,246.3,0.524
Y7010001,L'Ancino au pont de la RD 18,Ruisseau de Bornalinco,2022-03-25,1,1,85,459.6,23.0,68.6,0.335,99.7,200.3,0.498,337.8,495.7,0.682
Y7010001,L'Ancino au pont de la RD 18,Ruisseau de Bornalinco,2022-04-25,1,1,116,459.6,102.1,65.7,1.553,144.8,196.6,0.736,414.8,490.1,0.846
Y7010001,L'Ancino au pont de la RD 18,Ruisseau de Bornalinco,2022-05-23,1,1,144,459.6,59.6,57.0,1.046,166.9,189.7,0.88,322.0,432.5,0.744
Y7010001,L'Ancino au pont de la RD 18,Ruisseau de Bornalinco,2022-06-23,1,1,175,459.6,0.7,37.6,0.019,144.7,157.7,0.918,244.4,357.9,0.683
Y7010001,L'Ancino au pont de la RD 18,Ruisseau de Bornalinco,2022-07-11,2,0,193,459.6,1.8,20.7,0.085,99.9,126.5,0.79,190.2,326.7,0.582
Y7010001,L'Ancino au pont de la RD 18,Ruisseau de Bornalinco,2022-07-25,3,0,207,459.6,1.6,21.8,0.072,44.2,110.4,0.4,189.0,308.7,0.612
Y7010001,L'Ancino au pont de la RD 18,Ruisseau de Bornalinco,2022-08-10,3,0,223,459.6,26.0,29.5,0.881,28.5,97.9,0.291,213.9,284.2,0.753
Y7010001,L'Ancino au pont de la RD 18,Ruisseau de Bornalinco,2022-08-23,3,0,236,459.6,41.1,26.1,1.573,43.4,85.2,0.509,210.3,272.4,0.772
Y7010001,L'Ancino au pont de la RD 18,Ruisseau de Bornalinco,2022-09-09,3,0,253,459.6,18.3,23.5,0.775,46.0,73.6,0.625,210.3,242.7,0.866
Y7010001,L'Ancino au pont de la RD 18,Ruisseau de Bornalinco,2022-09-26,3,0,270,459.6,20.0,45.2,0.442,62.7,92.8,0.676,204.6,243.9,0.839
Y7010001,L'Ancino au pont de la RD 18,Ruisseau de Bornalinco,2022-10-10,1,1,284,459.6,34.0,60.1,0.566,78.2,113.4,0.69,178.1,239.3,0.744
Y7010001,L'Ancino au pont de la RD 18,Ruisseau de Bornalinco,2022-10-24,1,1,298,459.6,42.7,72.0,0.592,89.6,137.2,0.653,133.6,248.1,0.538
Y7010001,L'Ancino au pont de la RD 18,Ruisseau de Bornalinco,2022-11-11,3,0,316,459.6,11.7,102.7,0.114,70.5,190.7,0.37,101.6,284.1,0.358
Y7010001,L'Ancino au pont de la RD 18,Ruisseau de Bornalinco,2022-11-22,1,1,327,459.6,63.8,113.8,0.561,112.2,224.7,0.499,155.6,309.2,0.503
Y7010001,L'Ancino au pont de la RD 18,Ruisseau de Bornalinco,2022-12-14,1,1,349,459.6,131.2,113.8,1.153,186.7,282.0,0.662,232.7,357.9,0.65
Y7010001,L'Ancino au pont de la RD 18,Ruisseau de Bornalinco,2023-01-23,1,1,23,459.6,120.6,68.7,1.756,303.7,293.6,1.034,393.3,432.5,0.909
Y7010001,L'Ancino au pont de la RD 18,Ruisseau de Bornalinco,2023-02-22,1,1,53,459.6,29.5,65.4,0.452,259.8,243.5,1.067,381.7,471.3,0.81
Y7010001,L'Ancino au pont de la RD 18,Ruisseau de Bornalinco,2023-03-24,1a,1,84,459.6,101.1,67.3,1.502,251.3,201.5,1.247,463.0,494.7,0.936
Y7010001,L'Ancino au pont de la RD 18,Ruisseau de Bornalinco,2023-04-24,1a,1,115,459.6,31.7,64.5,0.492,159.3,195.4,0.815,466.3,489.0,0.954
Y7010001,L'Ancino au pont de la RD 18,Ruisseau de Bornalinco,2023-05-24,1a,1,145,459.6,77.6,55.6,1.396,210.7,188.7,1.116,470.5,428.4,1.098
Y7010001,L'Ancino au pont de la RD 18,Ruisseau de Bornalinco,2023-06-05,1a,1,157,459.6,93.6,45.8,2.044,155.3,169.2,0.918,472.4,397.1,1.19
Y7010001,L'Ancino au pont de la RD 18,Ruisseau de Bornalinco,2023-06-26,1a,1,178,459.6,75.8,36.2,2.093,179.9,151.9,1.185,436.7,349.5,1.249
Y7010001,L'Ancino au pont de la RD 18,Ruisseau de Bornalinco,2023-07-24,1f,1,206,459.6,4.0,21.6,0.186,158.3,112.2,1.411,300.5,308.8,0.973
Y7010001,L'Ancino au pont de la RD 18,Ruisseau de Bornalinco,2023-08-21,3,0,234,459.6,2.2,26.8,0.081,84.2,83.9,1.003,293.7,273.7,1.073
Y7010001,L'Ancino au pont de la RD 18,Ruisseau de Bornalinco,2023-09-12,3,0,256,459.6,14.8,25.3,0.585,24.4,73.2,0.333,216.5,239.3,0.905
Y7010001,L'Ancino au pont de la RD 18,Ruisseau de Bornalinco,2023-09-25,1f,1,269,459.6,35.2,43.3,0.813,41.4,90.3,0.459,221.4,242.2,0.914
Y7010001,L'Ancino au pont de la RD 18,Ruisseau de Bornalinco,2023-10-10,3,0,284,459.6,20.8,60.1,0.346,37.8,113.4,0.333,217.2,239.3,0.908
Y7010001,L'Ancino au pont de la RD 18,Ruisseau de Bornalinco,2023-10-23,3,0,297,459.6,18.9,72.7,0.26,55.7,136.4,0.408,214.6,246.7,0.87
Y7010001,L'Ancino au pont de la RD 18,Ruisseau de Bornalinco,2023-11-24,1a,1,329,459.6,151.3,115.6,1.309,217.7,229.4,0.949,299.7,313.1,0.957
Y7010001,L'Ancino au pont de la RD 18,Ruisseau de Bornalinco,2024-01-24,1a,1,24,459.6,27.2,68.5,0.397,224.0,294.1,0.762,293.5,435.0,0.675
Y7010001,L'Ancino au pont de la RD 18,Ruisseau de Bornalinco,2024-02-22,1a,1,53,459.6,24.2,65.4,0.37,98.4,243.5,0.404,316.1,471.3,0.671
Y7010001,L'Ancino au pont de la RD 18,Ruisseau de Bornalinco,2024-03-22,1a,1,82,459.6,115.9,68.0,1.703,167.5,205.3,0.816,396.8,499.0,0.795
Y7010001,L'Ancino au pont de la RD 18,Ruisseau de Bornalinco,2024-04-24,1a,1,115,459.6,64.1,64.5,0.993,204.1,195.4,1.045,422.2,489.0,0.863
Y7010001,L'Ancino au pont de la RD 18,Ruisseau de Bornalinco,2024-05-24,1a,1,145,459.6,65.8,55.6,1.183,243.3,188.7,1.289,343.7,428.4,0.802
Y7010001,L'Ancino au pont de la RD 18,Ruisseau de Bornalinco,2024-06-21,1a,1,173,459.6,48.3,38.4,1.257,178.2,161.0,1.107,345.6,363.6,0.951
Y7010001,L'Ancino au pont de la RD 18,Ruisseau de Bornalinco,2024-07-22,3,0,204,459.6,19.8,19.3,1.023,138.3,114.3,1.211,338.0,311.2,1.086
Y7010001,L'Ancino au pont de la RD 18,Ruisseau de Bornalinco,2024-08-22,3,0,235,459.6,55.4,26.2,2.111,123.5,85.0,1.452,366.7,273.7,1.34
Y7010001,L'Ancino au pont de la RD 18,Ruisseau de Bornalinco,2024-09-23,1a,1,267,459.6,137.1,38.1,3.595,205.5,85.5,2.403,382.8,238.9,1.603
Y7010001,L'Ancino au pont de la RD 18,Ruisseau de Bornalinco,2024-10-10,1a,1,284,459.6,89.1,60.1,1.482,247.9,113.4,2.186,387.9,239.3,1.621
Y7010001,L'Ancino au pont de la RD 18,Ruisseau de Bornalinco,2024-10-22,1a,1,296,459.6,123.9,70.4,1.76,315.9,134.8,2.345,449.8,246.8,1.823
Y7010001,L'Ancino au pont de la RD 18,Ruisseau de Bornalinco,2024-11-12,1a,1,317,459.6,111.8,104.9,1.065,354.9,193.3,1.836,444.7,285.6,1.557
Y7010001,L'Ancino au pont de la RD 18,Ruisseau de Bornalinco,2025-04-11,1a,1,102,459.6,93.9,60.9,1.543,231.2,197.5,1.171,466.5,500.6,0.932
Y7010001,L'Ancino au pont de la RD 18,Ruisseau de Bornalinco,2025-05-23,1a,1,144,459.6,23.7,57.0,0.415,295.5,189.7,1.558,469.3,432.5,1.085
Y7010001,L'Ancino au pont de la RD 18,Ruisseau de Bornalinco,2025-06-23,1a,1,175,459.6,7.5,37.6,0.201,172.0,157.7,1.091,388.9,357.9,1.087
Y7010001,L'Ancino au pont de la RD 18,Ruisseau de Bornalinco,2025-07-23,1a,1,205,459.6,54.2,21.2,2.556,85.3,114.3,0.746,396.0,309.8,1.278
Y7010001,L'Ancino au pont de la RD 18,Ruisseau de Bornalinco,2025-08-25,1f,1,238,459.6,56.0,24.4,2.294,117.7,84.0,1.401,407.8,267.3,1.525
Y7010001,L'Ancino au pont de la RD 18,Ruisseau de Bornalinco,2025-09-25,3,0,269,459.6,26.3,43.3,0.606,136.5,90.3,1.511,298.6,242.2,1.233
Y7010001,L'Ancino au pont de la RD 18,Ruisseau de Bornalinco,2025-10-24,3,0,298,459.6,35.7,72.0,0.496,117.6,137.2,0.857,202.7,248.1,0.817
Y7010001,L'Ancino au pont de la RD 18,Ruisseau de Bornalinco,2025-11-20,1f,1,325,459.6,38.3,108.8,0.352,101.1,216.0,0.468,208.6,300.9,0.693
Y7010001,L'Ancino au pont de la RD 18,Ruisseau de Bornalinco,2025-12-15,1a,1,350,459.6,65.7,112.3,0.585,127.0,282.5,0.45,260.5,359.2,0.725
Y7010001,L'Ancino au pont de la RD 18,Ruisseau de Bornalinco,2026-01-14,1a,1,14,459.6,263.6,79.0,3.339,366.4,297.1,1.233,462.8,421.0,1.099
Y7010001,L'Ancino au pont de la RD 18,Ruisseau de Bornalinco,2026-04-21,1a,1,112,459.6,68.1,63.7,1.07,235.6,200.6,1.174,646.9,491.5,1.316
Y7010001,L'Ancino au pont de la RD 18,Ruisseau de Bornalinco,2026-05-25,1a,1,146,459.6,36.6,53.1,0.69,169.7,187.2,0.907,629.4,423.9,1.485
Y7010001,L'Ancino au pont de la RD 18,Ruisseau de Bornalinco,2026-06-26,1f,1,178,459.6,11.8,36.2,0.326,122.7,151.9,0.808,389.1,349.5,1.113
Y7010001,L'Ancino au pont de la RD 18,Ruisseau de Bornalinco,2026-07-13,3,0,195,459.6,3.7,18.8,0.196,70.4,124.0,0.567,358.3,324.3,1.105
Y7010001,L'Ancino au pont de la RD 18,Ruisseau de Bornalinco,2026-07-23,3,0,205,459.6,3.7,21.2,0.174,52.1,114.3,0.456,290.3,309.8,0.937
Y7010001,L'Ancino au pont de la RD 18,Ruisseau de Bornalinco,2026-08-25,1a,1,238,459.6,95.8,24.4,3.926,117.2,84.0,1.394,286.5,267.3,1.072
Y7010001,L'Ancino au pont de la RD 18,Ruisseau de Bornalinco,2026-09-24,3,0,268,459.6,4.0,40.6,0.099,109.3,88.4,1.237,232.0,240.3,0.966
Y7110001,La Tartagine au pont de la RD 547 au hameau de Piana,Rivière de Tartagine,2012-05-25,1a,1,146,293.2,105.9,51.6,2.054,242.9,183.1,1.326,381.3,386.5,0.987
Y7110001,La Tartagine au pont de la RD 547 au hameau de Piana,Rivière de Tartagine,2012-06-25,1a,1,177,293.2,2.3,39.8,0.058,200.8,150.8,1.331,358.8,336.7,1.066
Y7110001,La Tartagine au pont de la RD 547 au hameau de Piana,Rivière de Tartagine,2012-07-11,1f,1,193,293.2,1.4,20.9,0.068,163.8,120.0,1.366,354.1,312.4,1.134
Y7110001,La Tartagine au pont de la RD 547 au hameau de Piana,Rivière de Tartagine,2012-07-25,1a,1,207,293.2,14.6,15.4,0.946,128.4,106.0,1.211,364.2,292.4,1.245
Y7110001,La Tartagine au pont de la RD 547 au hameau de Piana,Rivière de Tartagine,2012-08-23,2,0,236,293.2,0.0,14.6,0.0,22.6,70.0,0.322,265.5,253.3,1.048
Y7110001,La Tartagine au pont de la RD 547 au hameau de Piana,Rivière de Tartagine,2012-09-25,1a,1,269,293.2,122.6,45.1,2.715,137.2,76.0,1.806,337.9,223.8,1.51
Y7110001,La Tartagine au pont de la RD 547 au hameau de Piana,Rivière de Tartagine,2013-05-23,1a,1,144,293.2,36.9,54.9,0.672,246.3,186.6,1.32,446.8,392.1,1.139
Y7110001,La Tartagine au pont de la RD 547 au hameau de Piana,Rivière de Tartagine,2013-06-25,1a,1,177,293.2,10.5,39.8,0.264,124.6,150.8,0.826,415.1,336.7,1.233
Y7110001,La Tartagine au pont de la RD 547 au hameau de Piana,Rivière de Tartagine,2013-07-25,1a,1,207,293.2,33.8,15.4,2.187,82.4,106.0,0.777,380.6,292.4,1.302
Y7110001,La Tartagine au pont de la RD 547 au hameau de Piana,Rivière de Tartagine,2013-08-23,1f,1,236,293.2,28.0,14.6,1.925,73.5,70.0,1.05,300.8,253.3,1.187
Y7110001,La Tartagine au pont de la RD 547 au hameau de Piana,Rivière de Tartagine,2013-09-19,2,0,263,293.2,7.9,37.0,0.214,69.6,67.6,1.029,213.8,229.2,0.933
Y7110001,La Tartagine au pont de la RD 547 au hameau de Piana,Rivière de Tartagine,2013-10-25,2,0,299,293.2,30.1,62.7,0.48,65.8,123.1,0.534,143.8,227.7,0.632
Y7110001,La Tartagine au pont de la RD 547 au hameau de Piana,Rivière de Tartagine,2014-05-26,1a,1,147,293.2,47.8,50.6,0.945,279.0,179.8,1.552,426.1,384.0,1.11
Y7110001,La Tartagine au pont de la RD 547 au hameau de Piana,Rivière de Tartagine,2014-06-25,1a,1,177,293.2,52.9,39.8,1.327,196.1,150.8,1.3,458.7,336.7,1.362
Y7110001,La Tartagine au pont de la RD 547 au hameau de Piana,Rivière de Tartagine,2014-07-24,1a,1,206,293.2,34.2,16.1,2.123,135.9,107.1,1.269,437.4,292.8,1.494
Y7110001,La Tartagine au pont de la RD 547 au hameau de Piana,Rivière de Tartagine,2014-08-26,2,0,239,293.2,4.5,15.3,0.296,94.0,67.1,1.4,370.0,248.3,1.49
Y7110001,La Tartagine au pont de la RD 547 au hameau de Piana,Rivière de Tartagine,2014-09-25,3,0,269,293.2,10.7,45.1,0.237,51.8,76.0,0.682,206.0,223.8,0.92
Y7110001,La Tartagine au pont de la RD 547 au hameau de Piana,Rivière de Tartagine,2014-10-28,2,0,302,293.2,8.1,62.5,0.129,21.2,127.3,0.166,139.7,227.1,0.615
Y7110001,La Tartagine au pont de la RD 547 au hameau de Piana,Rivière de Tartagine,2015-05-26,1a,1,147,293.2,16.8,50.6,0.333,248.6,179.8,1.383,628.3,384.0,1.636
Y7110001,La Tartagine au pont de la RD 547 au hameau de Piana,Rivière de Tartagine,2015-06-23,1a,1,175,293.2,38.1,39.0,0.978,108.3,158.1,0.685,567.2,341.5,1.661
Y7110001,La Tartagine au pont de la RD 547 au hameau de Piana,Rivière de Tartagine,2015-07-23,1a,1,205,293.2,0.5,16.2,0.03,55.5,109.0,0.509,542.7,294.0,1.846
Y7110001,La Tartagine au pont de la RD 547 au hameau de Piana,Rivière de Tartagine,2015-08-27,1f,1,240,293.2,43.4,14.9,2.92,87.8,66.7,1.317,340.6,245.3,1.388
Y7110001,La Tartagine au pont de la RD 547 au hameau de Piana,Rivière de Tartagine,2015-09-22,3,0,266,293.2,8.1,40.2,0.201,64.3,71.1,0.904,134.2,226.1,0.593
Y7110001,La Tartagine au pont de la RD 547 au hameau de Piana,Rivière de Tartagine,2016-05-18,1,1,139,293.2,44.1,52.9,0.834,207.2,183.2,1.131,340.7,398.1,0.856
Y7110001,La Tartagine au pont de la RD 547 au hameau de Piana,Rivière de Tartagine,2016-06-27,1,1,179,293.2,7.7,35.8,0.215,59.5,147.0,0.405,298.9,332.6,0.899
Y7110001,La Tartagine au pont de la RD 547 au hameau de Piana,Rivière de Tartagine,2016-07-22,1,1,204,293.2,1.2,15.7,0.078,51.4,110.3,0.466,265.0,297.8,0.89
Y7110001,La Tartagine au pont de la RD 547 au hameau de Piana,Rivière de Tartagine,2016-08-22,3,0,235,293.2,0.3,14.3,0.023,9.3,69.6,0.134,215.5,255.6,0.843
Y7110001,La Tartagine au pont de la RD 547 au hameau de Piana,Rivière de Tartagine,2016-09-06,3,0,250,293.2,28.6,24.3,1.179,36.2,64.4,0.562,119.8,231.0,0.519
Y7110001,La Tartagine au pont de la RD 547 au hameau de Piana,Rivière de Tartagine,2016-09-21,1,1,265,293.2,51.5,38.6,1.333,53.1,69.4,0.765,112.8,227.5,0.496
Y7110001,La Tartagine au pont de la RD 547 au hameau de Piana,Rivière de Tartagine,2017-05-22,1,1,143,293.2,24.0,55.2,0.434,60.1,188.0,0.32,554.6,395.4,1.403
Y7110001,La Tartagine au pont de la RD 547 au hameau de Piana,Rivière de Tartagine,2017-06-26,1,1,178,293.2,8.0,37.3,0.215,50.8,147.5,0.344,355.2,333.9,1.064
Y7110001,La Tartagine au pont de la RD 547 au hameau de Piana,Rivière de Tartagine,2017-06-28,1,1,180,293.2,8.0,35.2,0.229,50.7,146.3,0.347,355.1,328.5,1.081
Y7110001,La Tartagine au pont de la RD 547 au hameau de Piana,Rivière de Tartagine,2017-07-19,2,0,201,293.2,3.8,15.9,0.241,35.9,114.0,0.315,301.5,305.9,0.985
Y7110001,La Tartagine au pont de la RD 547 au hameau de Piana,Rivière de Tartagine,2017-08-01,2,0,214,293.2,0.0,14.8,0.0,29.6,94.0,0.315,175.6,282.3,0.622
Y7110001,La Tartagine au pont de la RD 547 au hameau de Piana,Rivière de Tartagine,2017-08-16,3,0,229,293.2,0.2,13.7,0.016,13.8,76.7,0.18,73.3,260.1,0.282
Y7110001,La Tartagine au pont de la RD 547 au hameau de Piana,Rivière de Tartagine,2017-08-29,2,0,242,293.2,0.2,19.2,0.011,12.1,70.0,0.173,69.2,241.1,0.287
Y7110001,La Tartagine au pont de la RD 547 au hameau de Piana,Rivière de Tartagine,2017-08-30,1,1,243,293.2,0.2,19.9,0.011,12.1,69.2,0.175,69.2,239.2,0.289
Y7110001,La Tartagine au pont de la RD 547 au hameau de Piana,Rivière de Tartagine,2017-09-27,1,1,271,293.2,37.2,46.4,0.801,39.5,78.1,0.506,91.9,224.6,0.409
Y7110001,La Tartagine au pont de la RD 547 au hameau de Piana,Rivière de Tartagine,2017-10-25,1,1,299,293.2,17.8,62.7,0.285,55.2,123.1,0.448,85.3,227.7,0.375
Y7110001,La Tartagine au pont de la RD 547 au hameau de Piana,Rivière de Tartagine,2017-11-07,1,1,312,293.2,13.3,83.5,0.159,66.7,166.0,0.402,81.2,252.3,0.322
Y7110001,La Tartagine au pont de la RD 547 au hameau de Piana,Rivière de Tartagine,2017-11-22,1,1,327,293.2,73.1,103.6,0.706,128.1,208.6,0.614,140.2,278.2,0.504
Y7110001,La Tartagine au pont de la RD 547 au hameau de Piana,Rivière de Tartagine,2018-02-06,1,1,37,293.2,77.7,55.5,1.4,266.2,229.5,1.16,333.7,399.7,0.835
Y7110001,La Tartagine au pont de la RD 547 au hameau de Piana,Rivière de Tartagine,2018-03-06,1,1,66,293.2,151.5,67.2,2.254,261.0,203.8,1.28,474.6,439.3,1.08
Y7110001,La Tartagine au pont de la RD 547 au hameau de Piana,Rivière de Tartagine,2018-03-21,1,1,81,293.2,183.9,66.6,2.762,320.0,188.2,1.701,516.2,443.0,1.165
Y7110001,La Tartagine au pont de la RD 547 au hameau de Piana,Rivière de Tartagine,2018-04-25,1,1,116,293.2,50.3,63.8,0.789,331.7,185.9,1.785,552.0,442.3,1.248
Y7110001,La Tartagine au pont de la RD 547 au hameau de Piana,Rivière de Tartagine,2018-05-29,1,1,150,293.2,86.0,50.3,1.71,257.7,178.4,1.445,566.7,380.0,1.491
Y7110001,La Tartagine au pont de la RD 547 au hameau de Piana,Rivière de Tartagine,2018-06-19,1,1,171,293.2,52.2,42.5,1.228,180.4,163.0,1.107,500.4,350.6,1.427
Y7110001,La Tartagine au pont de la RD 547 au hameau de Piana,Rivière de Tartagine,2018-07-25,1,1,207,293.2,20.0,15.4,1.297,151.5,106.0,1.429,483.2,292.4,1.652
Y7110001,La Tartagine au pont de la RD 547 au hameau de Piana,Rivière de Tartagine,2018-08-27,1,1,240,293.2,34.5,14.9,2.319,99.0,66.7,1.484,356.7,245.3,1.454
Y7110001,La Tartagine au pont de la RD 547 au hameau de Piana,Rivière de Tartagine,2018-09-25,1,1,269,293.2,52.9,45.1,1.171,108.8,76.0,1.432,290.4,223.8,1.298
Y7110001,La Tartagine au pont de la RD 547 au hameau de Piana,Rivière de Tartagine,2018-10-25,1,1,299,293.2,150.4,62.7,2.399,237.7,123.1,1.93,390.6,227.7,1.716
Y7110001,La Tartagine au pont de la RD 547 au hameau de Piana,Rivière de Tartagine,2019-04-02,1,1,93,293.2,32.0,61.6,0.518,114.8,179.3,0.64,508.0,446.0,1.139
Y7110001,La Tartagine au pont de la RD 547 au hameau de Piana,Rivière de Tartagine,2019-04-24,1,1,115,293.2,103.1,64.9,1.587,172.4,185.0,0.932,436.1,441.3,0.988
Y7110001,La Tartagine au pont de la RD 547 au hameau de Piana,Rivière de Tartagine,2019-05-27,1,1,148,293.2,154.8,52.6,2.941,258.4,180.4,1.432,394.4,382.5,1.031
Y7110001,La Tartagine au pont de la RD 547 au hameau de Piana,Rivière de Tartagine,2019-06-20,1,1,172,293.2,37.8,39.5,0.958,263.9,161.9,1.63,347.9,347.6,1.001
Y7110001,La Tartagine au pont de la RD 547 au hameau de Piana,Rivière de Tartagine,2019-07-25,1,1,207,293.2,77.9,15.4,5.047,238.5,106.0,2.249,406.4,292.4,1.39
Y7110001,La Tartagine au pont de la RD 547 au hameau de Piana,Rivière de Tartagine,2019-08-27,1,1,240,293.2,27.6,14.9,1.859,132.1,66.7,1.981,395.7,245.3,1.613
Y7110001,La Tartagine au pont de la RD 547 au hameau de Piana,Rivière de Tartagine,2019-09-25,1,1,269,293.2,22.2,45.1,0.491,153.7,76.0,2.023,385.8,223.8,1.724
Y7110001,La Tartagine au pont de la RD 547 au hameau de Piana,Rivière de Tartagine,2019-10-28,1,1,302,293.2,84.6,62.5,1.354,128.4,127.3,1.009,398.9,227.1,1.756
Y7110001,La Tartagine au pont de la RD 547 au hameau de Piana,Rivière de Tartagine,2020-05-27,1,1,148,293.2,69.2,52.6,1.315,166.8,180.4,0.924,289.5,382.5,0.757
Y7110001,La Tartagine au pont de la RD 547 au hameau de Piana,Rivière de Tartagine,2020-06-23,2,0,175,293.2,23.1,39.0,0.593,165.0,158.1,1.043,222.9,341.5,0.653
Y7110001,La Tartagine au pont de la RD 547 au hameau de Piana,Rivière de Tartagine,2020-07-24,1,1,206,293.2,5.5,16.1,0.341,98.0,107.1,0.915,198.3,292.8,0.677
Y7110001,La Tartagine au pont de la RD 547 au hameau de Piana,Rivière de Tartagine,2020-08-14,2,0,227,293.2,5.1,15.0,0.341,77.7,78.7,0.988,196.6,264.6,0.743
Y7110001,La Tartagine au pont de la RD 547 au hameau de Piana,Rivière de Tartagine,2020-08-25,3,0,238,293.2,0.0,14.7,0.002,28.6,68.2,0.419,195.3,248.8,0.785
Y7110001,La Tartagine au pont de la RD 547 au hameau de Piana,Rivière de Tartagine,2020-09-24,2,0,268,293.2,48.2,42.7,1.13,53.7,73.7,0.73,180.7,221.2,0.817
Y7110001,La Tartagine au pont de la RD 547 au hameau de Piana,Rivière de Tartagine,2020-10-26,1,1,300,293.2,62.2,62.9,0.988,132.4,125.2,1.058,222.5,227.8,0.976
Y7110001,La Tartagine au pont de la RD 547 au hameau de Piana,Rivière de Tartagine,2021-05-26,1,1,147,293.2,71.5,50.6,1.413,126.3,179.8,0.703,395.8,384.0,1.031
Y7110001,La Tartagine au pont de la RD 547 au hameau de Piana,Rivière de Tartagine,2021-06-30,1,1,182,293.2,7.1,35.1,0.202,109.8,144.5,0.759,245.1,324.7,0.755
Y7110001,La Tartagine au pont de la RD 547 au hameau de Piana,Rivière de Tartagine,2021-07-26,2,0,208,293.2,0.4,15.9,0.026,80.5,106.2,0.758,168.7,292.0,0.578
Y7110001,La Tartagine au pont de la RD 547 au hameau de Piana,Rivière de Tartagine,2021-08-16,2,0,229,293.2,0.8,13.7,0.062,22.5,76.7,0.293,136.4,260.1,0.524
Y7110001,La Tartagine au pont de la RD 547 au hameau de Piana,Rivière de Tartagine,2021-08-26,1,1,239,293.2,22.2,15.3,1.45,31.5,67.1,0.469,157.9,248.3,0.636
Y7110001,La Tartagine au pont de la RD 547 au hameau de Piana,Rivière de Tartagine,2021-09-24,1,1,268,293.2,26.7,42.7,0.625,49.2,73.7,0.668,159.1,221.2,0.719
Y7110001,La Tartagine au pont de la RD 547 au hameau de Piana,Rivière de Tartagine,2021-10-25,1,1,299,293.2,12.4,62.7,0.198,60.9,123.1,0.494,132.0,227.7,0.58
Y7110001,La Tartagine au pont de la RD 547 au hameau de Piana,Rivière de Tartagine,2022-03-25,1,1,85,293.2,7.3,67.0,0.109,70.7,183.9,0.384,271.3,440.7,0.616
Y7110001,La Tartagine au pont de la RD 547 au hameau de Piana,Rivière de Tartagine,2022-04-25,1,1,116,293.2,93.8,63.8,1.471,117.1,185.9,0.63,352.5,442.3,0.797
Y7110001,La Tartagine au pont de la RD 547 au hameau de Piana,Rivière de Tartagine,2022-05-23,1,1,144,293.2,30.1,54.9,0.549,123.4,186.6,0.661,267.2,392.1,0.681
Y7110001,La Tartagine au pont de la RD 547 au hameau de Piana,Rivière de Tartagine,2022-06-23,1,1,175,293.2,2.1,39.0,0.054,118.2,158.1,0.748,188.9,341.5,0.553
Y7110001,La Tartagine au pont de la RD 547 au hameau de Piana,Rivière de Tartagine,2022-07-11,2,0,193,293.2,2.9,20.9,0.14,74.9,120.0,0.624,144.4,312.4,0.462
Y7110001,La Tartagine au pont de la RD 547 au hameau de Piana,Rivière de Tartagine,2022-07-25,2,0,207,293.2,1.9,15.4,0.12,26.3,106.0,0.248,143.1,292.4,0.489
Y7110001,La Tartagine au pont de la RD 547 au hameau de Piana,Rivière de Tartagine,2022-08-10,3,0,223,293.2,5.2,15.7,0.329,9.2,85.0,0.108,146.5,268.5,0.546
Y7110001,La Tartagine au pont de la RD 547 au hameau de Piana,Rivière de Tartagine,2022-08-23,1,1,236,293.2,23.6,14.6,1.619,27.5,70.0,0.393,150.9,253.3,0.596
Y7110001,La Tartagine au pont de la RD 547 au hameau de Piana,Rivière de Tartagine,2022-09-09,2,0,253,293.2,26.6,24.5,1.083,34.6,61.7,0.562,153.6,229.6,0.669
Y7110001,La Tartagine au pont de la RD 547 au hameau de Piana,Rivière de Tartagine,2022-09-26,1,1,270,293.2,21.1,47.3,0.446,46.1,78.3,0.589,164.4,225.6,0.729
Y7110001,La Tartagine au pont de la RD 547 au hameau de Piana,Rivière de Tartagine,2022-10-10,1,1,284,293.2,29.2,58.8,0.497,60.9,100.0,0.609,135.8,219.6,0.618
Y7110001,La Tartagine au pont de la RD 547 au hameau de Piana,Rivière de Tartagine,2022-10-24,1,1,298,293.2,40.7,64.1,0.635,74.1,121.4,0.61,100.3,228.1,0.44
Y7110001,La Tartagine au pont de la RD 547 au hameau de Piana,Rivière de Tartagine,2022-11-11,1,1,316,293.2,15.1,86.1,0.175,80.1,174.4,0.459,91.0,254.7,0.357
Y7110001,La Tartagine au pont de la RD 547 au hameau de Piana,Rivière de Tartagine,2022-11-22,1,1,327,293.2,58.4,103.6,0.564,108.8,208.6,0.522,136.4,278.2,0.49
Y7110001,La Tartagine au pont de la RD 547 au hameau de Piana,Rivière de Tartagine,2022-12-14,1,1,349,293.2,122.4,97.1,1.261,177.8,248.4,0.716,211.7,309.3,0.684
Y7110001,La Tartagine au pont de la RD 547 au hameau de Piana,Rivière de Tartagine,2023-01-23,1,1,23,293.2,61.9,60.2,1.029,220.4,254.7,0.866,294.5,378.1,0.779
Y7110001,La Tartagine au pont de la RD 547 au hameau de Piana,Rivière de Tartagine,2023-02-22,1,1,53,293.2,40.0,57.2,0.699,161.8,206.4,0.784,310.9,419.4,0.741
Y7110001,La Tartagine au pont de la RD 547 au hameau de Piana,Rivière de Tartagine,2023-03-24,1a,1,84,293.2,105.2,65.9,1.596,207.1,183.4,1.129,397.3,440.2,0.902
Y7110001,La Tartagine au pont de la RD 547 au hameau de Piana,Rivière de Tartagine,2023-04-24,1a,1,115,293.2,21.8,64.9,0.335,158.8,185.0,0.858,387.0,441.3,0.877
Y7110001,La Tartagine au pont de la RD 547 au hameau de Piana,Rivière de Tartagine,2023-05-24,1a,1,145,293.2,66.3,53.8,1.233,192.9,185.7,1.039,355.0,389.8,0.911
Y7110001,La Tartagine au pont de la RD 547 au hameau de Piana,Rivière de Tartagine,2023-06-05,1a,1,157,293.2,66.2,46.4,1.429,118.8,165.4,0.718,358.4,371.0,0.966
Y7110001,La Tartagine au pont de la RD 547 au hameau de Piana,Rivière de Tartagine,2023-06-26,1a,1,178,293.2,84.9,37.3,2.274,176.6,147.5,1.197,386.9,333.9,1.159
Y7110001,La Tartagine au pont de la RD 547 au hameau de Piana,Rivière de Tartagine,2023-07-24,2,0,206,293.2,5.4,16.1,0.336,164.0,107.1,1.532,302.5,292.8,1.033
Y7110001,La Tartagine au pont de la RD 547 au hameau de Piana,Rivière de Tartagine,2023-08-21,2,0,234,293.2,6.9,14.1,0.486,104.8,69.5,1.509,297.8,256.3,1.162
Y7110001,La Tartagine au pont de la RD 547 au hameau de Piana,Rivière de Tartagine,2023-09-12,1a,1,256,293.2,36.2,26.0,1.392,61.0,59.8,1.021,231.8,226.9,1.021
Y7110001,La Tartagine au pont de la RD 547 au hameau de Piana,Rivière de Tartagine,2023-09-25,1a,1,269,293.2,54.3,45.1,1.203,66.6,76.0,0.876,243.1,223.8,1.086
Y7110001,La Tartagine au pont de la RD 547 au hameau de Piana,Rivière de Tartagine,2023-10-10,1a,1,284,293.2,19.6,58.8,0.334,63.1,100.0,0.631,237.8,219.6,1.083
Y7110001,La Tartagine au pont de la RD 547 au hameau de Piana,Rivière de Tartagine,2023-10-23,1a,1,297,293.2,14.4,64.1,0.225,75.5,119.3,0.633,239.5,225.8,1.061
Y7110001,La Tartagine au pont de la RD 547 au hameau de Piana,Rivière de Tartagine,2023-11-24,1a,1,329,293.2,116.7,103.9,1.123,196.5,211.9,0.927,293.6,278.7,1.053
Y7110001,La Tartagine au pont de la RD 547 au hameau de Piana,Rivière de Tartagine,2024-01-24,1a,1,24,293.2,69.6,61.9,1.124,205.9,255.3,0.806,293.4,381.3,0.77
Y7110001,La Tartagine au pont de la RD 547 au hameau de Piana,Rivière de Tartagine,2024-02-22,1a,1,53,293.2,11.9,57.2,0.209,101.9,206.4,0.494,298.3,419.4,0.711
Y7110001,La Tartagine au pont de la RD 547 au hameau de Piana,Rivière de Tartagine,2024-03-22,1a,1,82,293.2,100.3,66.4,1.511,182.0,186.2,0.977,344.4,442.9,0.778
Y7110001,La Tartagine au pont de la RD 547 au hameau de Piana,Rivière de Tartagine,2024-04-24,1a,1,115,293.2,56.5,64.9,0.871,168.4,185.0,0.91,374.0,441.3,0.848
Y7110001,La Tartagine au pont de la RD 547 au hameau de Piana,Rivière de Tartagine,2024-05-24,1a,1,145,293.2,60.8,53.8,1.13,217.0,185.7,1.168,318.7,389.8,0.818
Y7110001,La Tartagine au pont de la RD 547 au hameau de Piana,Rivière de Tartagine,2024-06-21,1a,1,173,293.2,16.5,39.4,0.417,133.6,161.5,0.827,315.5,345.3,0.914
Y7110001,La Tartagine au pont de la RD 547 au hameau de Piana,Rivière de Tartagine,2024-07-22,1a,1,204,293.2,41.6,15.7,2.649,135.6,110.3,1.23,287.3,297.8,0.965
Y7110001,La Tartagine au pont de la RD 547 au hameau de Piana,Rivière de Tartagine,2024-08-22,1f,1,235,293.2,34.7,14.3,2.423,92.7,69.6,1.332,309.7,255.6,1.212
Y7110001,La Tartagine au pont de la RD 547 au hameau de Piana,Rivière de Tartagine,2024-09-23,1a,1,267,293.2,133.5,40.9,3.264,191.6,71.1,2.697,339.8,221.9,1.532
Y7110001,La Tartagine au pont de la RD 547 au hameau de Piana,Rivière de Tartagine,2024-10-10,1a,1,284,293.2,90.5,58.8,1.54,218.3,100.0,2.182,362.0,219.6,1.649
Y7110001,La Tartagine au pont de la RD 547 au hameau de Piana,Rivière de Tartagine,2024-10-22,1a,1,296,293.2,99.7,63.3,1.576,267.6,118.0,2.268,386.4,225.4,1.714
Y7110001,La Tartagine au pont de la RD 547 au hameau de Piana,Rivière de Tartagine,2024-11-12,1a,1,317,293.2,84.8,87.5,0.969,294.4,176.5,1.668,384.0,256.0,1.5
Y7110001,La Tartagine au pont de la RD 547 au hameau de Piana,Rivière de Tartagine,2025-04-11,1a,1,102,293.2,68.5,65.1,1.051,169.1,189.4,0.893,397.9,448.9,0.886
Y7110001,La Tartagine au pont de la RD 547 au hameau de Piana,Rivière de Tartagine,2025-05-23,1a,1,144,293.2,31.5,54.9,0.573,245.3,186.6,1.314,448.4,392.1,1.144
Y7110001,La Tartagine au pont de la RD 547 au hameau de Piana,Rivière de Tartagine,2025-06-23,1a,1,175,293.2,1.5,39.0,0.039,176.3,158.1,1.116,322.3,341.5,0.944
Y7110001,La Tartagine au pont de la RD 547 au hameau de Piana,Rivière de Tartagine,2025-07-23,1a,1,205,293.2,19.1,16.2,1.183,54.4,109.0,0.499,289.1,294.0,0.983
Y7110001,La Tartagine au pont de la RD 547 au hameau de Piana,Rivière de Tartagine,2025-08-25,2,0,238,293.2,53.5,14.7,3.653,74.3,68.2,1.09,315.4,248.8,1.268
Y7110001,La Tartagine au pont de la RD 547 au hameau de Piana,Rivière de Tartagine,2025-09-25,1f,1,269,293.2,14.5,45.1,0.321,86.9,76.0,1.144,256.8,223.8,1.147
Y7110001,La Tartagine au pont de la RD 547 au hameau de Piana,Rivière de Tartagine,2025-10-24,1a,1,298,293.2,21.6,64.1,0.337,89.6,121.4,0.738,143.8,228.1,0.63
Y7110001,La Tartagine au pont de la RD 547 au hameau de Piana,Rivière de Tartagine,2025-11-20,1a,1,325,293.2,24.7,98.4,0.251,62.9,200.8,0.313,134.0,270.8,0.495
Y7110001,La Tartagine au pont de la RD 547 au hameau de Piana,Rivière de Tartagine,2025-12-15,1a,1,350,293.2,60.5,95.1,0.637,103.3,246.8,0.419,184.6,310.3,0.595
Y7110001,La Tartagine au pont de la RD 547 au hameau de Piana,Rivière de Tartagine,2026-01-14,1a,1,14,293.2,201.1,68.6,2.932,284.0,255.2,1.113,366.6,363.5,1.009
Y7110001,La Tartagine au pont de la RD 547 au hameau de Piana,Rivière de Tartagine,2026-04-21,1a,1,112,293.2,82.3,65.3,1.26,193.8,191.5,1.012,520.3,444.1,1.171
Y7110001,La Tartagine au pont de la RD 547 au hameau de Piana,Rivière de Tartagine,2026-05-25,1a,1,146,293.2,21.2,51.6,0.412,153.4,183.1,0.838,496.6,386.5,1.285
Y7110001,La Tartagine au pont de la RD 547 au hameau de Piana,Rivière de Tartagine,2026-06-26,1a,1,178,293.2,4.9,37.3,0.132,117.4,147.5,0.796,302.2,333.9,0.905
Y7110001,La Tartagine au pont de la RD 547 au hameau de Piana,Rivière de Tartagine,2026-07-13,1f,1,195,293.2,0.6,18.3,0.032,46.9,118.2,0.397,280.4,311.0,0.901
Y7110001,La Tartagine au pont de la RD 547 au hameau de Piana,Rivière de Tartagine,2026-07-23,2,0,205,293.2,1.0,16.2,0.063,27.2,109.0,0.25,224.6,294.0,0.764
Y7110001,La Tartagine au pont de la RD 547 au hameau de Piana,Rivière de Tartagine,2026-08-25,1a,1,238,293.2,52.2,14.7,3.563,59.7,68.2,0.876,212.7,248.8,0.855
Y7110001,La Tartagine au pont de la RD 547 au hameau de Piana,Rivière de Tartagine,2026-09-24,2,0,268,293.2,11.6,42.7,0.272,66.4,73.7,0.901,183.8,221.2,0.831
Y7310001,Le Bevinco au passage à gué de la salle des fêtes,Le Bevinco,2012-05-25,1a,1,146,5.5,94.7,58.8,1.611,193.0,202.3,0.954,360.2,430.2,0.837
Y7310001,Le Bevinco au passage à gué de la salle des fêtes,Le Bevinco,2012-06-25,1a,1,177,5.5,7.3,45.2,0.161,170.3,171.8,0.991,354.2,375.3,0.944
Y7310001,Le Bevinco au passage à gué de la salle des fêtes,Le Bevinco,2012-07-11,1f,1,193,5.5,0.9,24.3,0.036,151.4,144.9,1.045,349.1,348.9,1.0
Y7310001,Le Bevinco au passage à gué de la salle des fêtes,Le Bevinco,2012-07-25,1a,1,207,5.5,2.2,14.9,0.151,114.9,117.3,0.979,349.0,324.4,1.076
Y7310001,Le Bevinco au passage à gué de la salle des fêtes,Le Bevinco,2012-08-23,1f,1,236,5.5,0.5,18.5,0.025,20.5,79.1,0.26,213.5,281.2,0.759
Y7310001,Le Bevinco au passage à gué de la salle des fêtes,Le Bevinco,2012-09-25,1a,1,269,5.5,154.9,71.7,2.16,157.4,105.6,1.49,327.8,276.4,1.186
Y7310001,Le Bevinco au passage à gué de la salle des fêtes,Le Bevinco,2013-05-23,1a,1,144,5.5,51.7,65.1,0.795,317.4,206.7,1.536,487.8,438.5,1.112
Y7310001,Le Bevinco au passage à gué de la salle des fêtes,Le Bevinco,2013-06-25,1a,1,177,5.5,8.9,45.2,0.196,147.3,171.8,0.857,456.0,375.3,1.215
Y7310001,Le Bevinco au passage à gué de la salle des fêtes,Le Bevinco,2013-07-25,1a,1,207,5.5,17.2,14.9,1.158,78.1,117.3,0.666,404.5,324.4,1.247
Y7310001,Le Bevinco au passage à gué de la salle des fêtes,Le Bevinco,2013-08-23,1f,1,236,5.5,19.1,18.5,1.034,45.3,79.1,0.572,325.2,281.2,1.157
Y7310001,Le Bevinco au passage à gué de la salle des fêtes,Le Bevinco,2013-09-19,1f,1,263,5.5,7.5,57.7,0.13,43.1,90.8,0.474,202.9,272.8,0.744
Y7310001,Le Bevinco au passage à gué de la salle des fêtes,Le Bevinco,2013-10-25,1a,1,299,5.5,60.2,95.0,0.634,86.2,185.4,0.465,151.5,299.1,0.507
Y7310001,Le Bevinco au passage à gué de la salle des fêtes,Le Bevinco,2014-05-26,1a,1,147,5.5,46.9,56.9,0.823,194.9,200.4,0.973,308.8,426.7,0.724
Y7310001,Le Bevinco au passage à gué de la salle des fêtes,Le Bevinco,2014-06-25,1a,1,177,5.5,22.3,45.2,0.494,107.0,171.8,0.623,326.5,375.3,0.87
Y7310001,Le Bevinco au passage à gué de la salle des fêtes,Le Bevinco,2014-07-23,1a,1,205,5.5,38.9,15.6,2.501,108.1,123.1,0.878,316.7,326.3,0.971
Y7310001,Le Bevinco au passage à gué de la salle des fêtes,Le Bevinco,2014-08-26,2,0,239,5.5,40.0,18.5,2.157,126.8,77.5,1.636,320.9,274.6,1.168
Y7310001,Le Bevinco au passage à gué de la salle des fêtes,Le Bevinco,2014-09-25,2,0,269,5.5,3.6,71.7,0.051,107.7,105.6,1.02,204.5,276.4,0.74
Y7310001,Le Bevinco au passage à gué de la salle des fêtes,Le Bevinco,2014-10-28,1,1,302,5.5,2.7,103.9,0.026,43.1,197.1,0.219,163.6,306.7,0.533
Y7310001,Le Bevinco au passage à gué de la salle des fêtes,Le Bevinco,2015-05-26,1a,1,147,5.5,17.7,56.9,0.311,324.3,200.4,1.618,851.6,426.7,1.996
Y7310001,Le Bevinco au passage à gué de la salle des fêtes,Le Bevinco,2015-06-23,1a,1,175,5.5,27.0,44.5,0.606,87.1,179.1,0.486,632.1,382.3,1.653
Y7310001,Le Bevinco au passage à gué de la salle des fêtes,Le Bevinco,2015-07-23,1a,1,205,5.5,1.7,15.6,0.109,46.4,123.1,0.377,601.7,326.3,1.844
Y7310001,Le Bevinco au passage à gué de la salle des fêtes,Le Bevinco,2015-08-27,1a,1,240,5.5,50.7,18.7,2.71,79.6,76.7,1.038,402.2,271.0,1.484
Y7310001,Le Bevinco au passage à gué de la salle des fêtes,Le Bevinco,2015-09-22,1a,1,266,5.5,5.2,62.4,0.083,56.2,96.2,0.584,113.2,272.7,0.415
Y7310001,Le Bevinco au passage à gué de la salle des fêtes,Le Bevinco,2016-05-18,1,1,139,5.5,67.0,68.9,0.972,244.2,205.3,1.189,349.8,447.3,0.782
Y7310001,Le Bevinco au passage à gué de la salle des fêtes,Le Bevinco,2016-06-27,1,1,179,5.5,13.6,44.0,0.309,119.9,170.2,0.704,317.0,372.9,0.85
Y7310001,Le Bevinco au passage à gué de la salle des fêtes,Le Bevinco,2016-07-22,3,0,204,5.5,0.5,15.4,0.032,76.0,125.8,0.604,297.5,331.0,0.899
Y7310001,Le Bevinco au passage à gué de la salle des fêtes,Le Bevinco,2016-08-22,3,0,235,5.5,0.3,17.7,0.016,15.1,78.1,0.193,257.4,283.6,0.908
Y7310001,Le Bevinco au passage à gué de la salle des fêtes,Le Bevinco,2016-09-06,3,0,250,5.5,20.4,29.6,0.691,31.4,73.3,0.428,150.5,258.7,0.582
Y7310001,Le Bevinco au passage à gué de la salle des fêtes,Le Bevinco,2016-09-21,3,0,265,5.5,66.4,61.9,1.073,67.7,95.2,0.712,188.2,274.3,0.686
Y7310001,Le Bevinco au passage à gué de la salle des fêtes,Le Bevinco,2017-05-22,1,1,143,5.5,19.6,67.6,0.291,71.2,207.6,0.343,550.5,441.9,1.246
Y7310001,Le Bevinco au passage à gué de la salle des fêtes,Le Bevinco,2017-06-27,2,0,179,5.5,8.5,44.0,0.194,54.9,170.2,0.322,340.5,372.9,0.913
Y7310001,Le Bevinco au passage à gué de la salle des fêtes,Le Bevinco,2017-06-28,2,0,180,5.5,8.5,42.4,0.201,54.8,169.1,0.324,340.5,370.6,0.919
Y7310001,Le Bevinco au passage à gué de la salle des fêtes,Le Bevinco,2017-07-19,2,0,201,5.5,1.5,16.4,0.09,29.8,134.0,0.222,320.5,339.1,0.945
Y7310001,Le Bevinco au passage à gué de la salle des fêtes,Le Bevinco,2017-08-01,3,0,214,5.5,0.1,15.3,0.005,23.2,101.7,0.228,202.9,308.6,0.657
Y7310001,Le Bevinco au passage à gué de la salle des fêtes,Le Bevinco,2017-08-16,3,0,229,5.5,0.2,16.9,0.009,12.0,85.5,0.141,82.4,290.4,0.284
Y7310001,Le Bevinco au passage à gué de la salle des fêtes,Le Bevinco,2017-08-29,3,0,242,5.5,0.1,19.3,0.004,10.1,75.1,0.135,75.8,264.0,0.287
Y7310001,Le Bevinco au passage à gué de la salle des fêtes,Le Bevinco,2017-08-30,3,0,243,5.5,0.1,20.9,0.004,10.1,74.8,0.136,75.8,263.1,0.288
Y7310001,Le Bevinco au passage à gué de la salle des fêtes,Le Bevinco,2017-09-27,3,0,271,5.5,41.5,71.9,0.577,43.0,106.2,0.405,97.9,275.5,0.355
Y7310001,Le Bevinco au passage à gué de la salle des fêtes,Le Bevinco,2017-10-25,2,0,299,5.5,6.5,95.0,0.069,48.1,185.4,0.26,71.7,299.1,0.24
Y7310001,Le Bevinco au passage à gué de la salle des fêtes,Le Bevinco,2017-11-07,1,1,312,5.5,20.7,145.2,0.143,66.0,255.2,0.259,79.1,348.7,0.227
Y7310001,Le Bevinco au passage à gué de la salle des fêtes,Le Bevinco,2017-11-22,1,1,327,5.5,50.9,151.0,0.337,98.9,305.7,0.324,109.1,385.2,0.283
Y7310001,Le Bevinco au passage à gué de la salle des fêtes,Le Bevinco,2018-02-06,1,1,37,5.5,76.4,69.7,1.095,285.1,266.4,1.07,355.2,527.7,0.673
Y7310001,Le Bevinco au passage à gué de la salle des fêtes,Le Bevinco,2018-03-06,1,1,66,5.5,219.4,69.3,3.164,307.9,227.0,1.357,547.7,565.4,0.969
Y7310001,Le Bevinco au passage à gué de la salle des fêtes,Le Bevinco,2018-03-21,1,1,81,5.5,219.5,72.6,3.025,368.0,209.0,1.761,586.2,555.8,1.055
Y7310001,Le Bevinco au passage à gué de la salle des fêtes,Le Bevinco,2018-04-25,1,1,116,5.5,51.0,72.6,0.702,390.0,206.6,1.888,632.9,515.6,1.228
Y7310001,Le Bevinco au passage à gué de la salle des fêtes,Le Bevinco,2018-05-29,1,1,150,5.5,110.4,53.6,2.061,299.5,194.1,1.543,693.0,419.0,1.654
Y7310001,Le Bevinco au passage à gué de la salle des fêtes,Le Bevinco,2018-06-19,1,1,171,5.5,52.5,47.9,1.097,195.0,181.5,1.074,563.0,390.4,1.442
Y7310001,Le Bevinco au passage à gué de la salle des fêtes,Le Bevinco,2018-07-25,1,1,207,5.5,17.2,14.9,1.158,158.8,117.3,1.354,548.9,324.4,1.692
Y7310001,Le Bevinco au passage à gué de la salle des fêtes,Le Bevinco,2018-08-27,1,1,240,5.5,16.1,18.7,0.86,63.9,76.7,0.833,363.4,271.0,1.341
Y7310001,Le Bevinco au passage à gué de la salle des fêtes,Le Bevinco,2018-09-25,1,1,269,5.5,37.8,71.7,0.527,71.1,105.6,0.673,263.8,276.4,0.955
Y7310001,Le Bevinco au passage à gué de la salle des fêtes,Le Bevinco,2018-10-25,1,1,299,5.5,141.7,95.0,1.492,195.9,185.4,1.057,354.5,299.1,1.185
Y7310001,Le Bevinco au passage à gué de la salle des fêtes,Le Bevinco,2019-04-02,1,1,93,5.5,29.8,61.5,0.484,96.2,196.1,0.491,503.0,553.9,0.908
Y7310001,Le Bevinco au passage à gué de la salle des fêtes,Le Bevinco,2019-04-24,1,1,115,5.5,92.1,71.9,1.28,130.4,203.7,0.64,428.5,517.2,0.828
Y7310001,Le Bevinco au passage à gué de la salle des fêtes,Le Bevinco,2019-05-27,1,1,148,5.5,101.5,56.5,1.795,196.3,197.5,0.994,333.7,422.7,0.79
Y7310001,Le Bevinco au passage à gué de la salle des fêtes,Le Bevinco,2019-06-20,1,1,172,5.5,32.6,45.5,0.717,197.0,181.4,1.086,266.0,386.3,0.689
Y7310001,Le Bevinco au passage à gué de la salle des fêtes,Le Bevinco,2019-07-25,1,1,207,5.5,94.0,14.9,6.323,199.3,117.3,1.699,330.1,324.4,1.018
Y7310001,Le Bevinco au passage à gué de la salle des fêtes,Le Bevinco,2019-08-27,1,1,240,5.5,19.5,18.7,1.039,129.1,76.7,1.683,326.5,271.0,1.205
Y7310001,Le Bevinco au passage à gué de la salle des fêtes,Le Bevinco,2019-09-25,1,1,269,5.5,16.0,71.7,0.223,142.5,105.6,1.35,312.6,276.4,1.131
Y7310001,Le Bevinco au passage à gué de la salle des fêtes,Le Bevinco,2019-10-28,1,1,302,5.5,116.5,103.9,1.121,145.7,197.1,0.739,364.1,306.7,1.187
Y7310001,Le Bevinco au passage à gué de la salle des fêtes,Le Bevinco,2020-05-27,1,1,148,5.5,48.5,56.5,0.859,213.6,197.5,1.081,314.5,422.7,0.744
Y7310001,Le Bevinco au passage à gué de la salle des fêtes,Le Bevinco,2020-06-23,1,1,175,5.5,77.1,44.5,1.731,270.6,179.1,1.511,341.9,382.3,0.894
Y7310001,Le Bevinco au passage à gué de la salle des fêtes,Le Bevinco,2020-07-24,2,0,206,5.5,0.7,15.3,0.044,126.4,119.5,1.058,293.0,325.6,0.9
Y7310001,Le Bevinco au passage à gué de la salle des fêtes,Le Bevinco,2020-08-14,3,0,227,5.5,0.4,16.5,0.025,109.9,86.5,1.271,292.3,291.6,1.002
Y7310001,Le Bevinco au passage à gué de la salle des fêtes,Le Bevinco,2020-08-25,3,0,238,5.5,0.5,19.0,0.026,78.2,78.6,0.995,291.8,275.8,1.058
Y7310001,Le Bevinco au passage à gué de la salle des fêtes,Le Bevinco,2020-09-24,1,1,268,5.5,83.6,68.1,1.227,84.8,102.2,0.829,299.6,273.7,1.095
Y7310001,Le Bevinco au passage à gué de la salle des fêtes,Le Bevinco,2020-10-26,1,1,300,5.5,74.2,99.6,0.745,165.3,190.2,0.869,284.7,302.3,0.942
Y7310001,Le Bevinco au passage à gué de la salle des fêtes,Le Bevinco,2021-05-26,1,1,147,5.5,68.4,56.9,1.202,129.9,200.4,0.648,343.6,426.7,0.805
Y7310001,Le Bevinco au passage à gué de la salle des fêtes,Le Bevinco,2021-06-30,3,0,182,5.5,1.9,40.7,0.047,107.5,167.7,0.641,231.6,364.9,0.635
Y7310001,Le Bevinco au passage à gué de la salle des fêtes,Le Bevinco,2021-07-26,3,0,208,5.5,20.6,15.1,1.362,90.6,116.1,0.781,192.7,323.1,0.596
Y7310001,Le Bevinco au passage à gué de la salle des fêtes,Le Bevinco,2021-08-16,3,0,229,5.5,0.4,16.9,0.022,34.5,85.5,0.403,153.5,290.4,0.529
Y7310001,Le Bevinco au passage à gué de la salle des fêtes,Le Bevinco,2021-08-27,3,0,240,5.5,2.5,18.7,0.132,25.2,76.7,0.328,155.1,271.0,0.572
Y7310001,Le Bevinco au passage à gué de la salle des fêtes,Le Bevinco,2021-09-24,3,0,268,5.5,13.4,68.1,0.197,36.8,102.2,0.36,144.5,273.7,0.528
Y7310001,Le Bevinco au passage à gué de la salle des fêtes,Le Bevinco,2021-10-25,3,0,299,5.5,9.6,95.0,0.101,25.5,185.4,0.138,99.0,299.1,0.331
Y7310001,Le Bevinco au passage à gué de la salle des fêtes,Le Bevinco,2022-03-25,1,1,85,5.5,37.9,71.2,0.533,79.5,203.1,0.392,397.6,549.7,0.723
Y7310001,Le Bevinco au passage à gué de la salle des fêtes,Le Bevinco,2022-04-25,1,1,116,5.5,85.8,72.6,1.182,128.6,206.6,0.622,473.8,515.6,0.919
Y7310001,Le Bevinco au passage à gué de la salle des fêtes,Le Bevinco,2022-05-23,1,1,144,5.5,46.4,65.1,0.713,162.7,206.7,0.787,270.4,438.5,0.617
Y7310001,Le Bevinco au passage à gué de la salle des fêtes,Le Bevinco,2022-06-23,3,0,175,5.5,1.2,44.5,0.027,126.0,179.1,0.704,205.6,382.3,0.538
Y7310001,Le Bevinco au passage à gué de la salle des fêtes,Le Bevinco,2022-07-11,3,0,193,5.5,3.9,24.3,0.161,87.0,144.9,0.601,172.5,348.9,0.494
Y7310001,Le Bevinco au passage à gué de la salle des fêtes,Le Bevinco,2022-07-25,3,0,207,5.5,3.6,14.9,0.24,43.7,117.3,0.373,172.4,324.4,0.531
Y7310001,Le Bevinco au passage à gué de la salle des fêtes,Le Bevinco,2022-08-10,3,0,223,5.5,0.4,16.2,0.023,5.3,92.9,0.057,172.3,294.6,0.585
Y7310001,Le Bevinco au passage à gué de la salle des fêtes,Le Bevinco,2022-08-23,3,0,236,5.5,19.8,18.5,1.073,24.7,79.1,0.312,187.4,281.2,0.667
Y7310001,Le Bevinco au passage à gué de la salle des fêtes,Le Bevinco,2022-09-09,3,0,253,5.5,22.8,32.6,0.7,27.1,73.2,0.371,174.7,259.7,0.673
Y7310001,Le Bevinco au passage à gué de la salle des fêtes,Le Bevinco,2022-09-26,3,0,270,5.5,6.3,71.7,0.088,29.7,106.2,0.279,154.3,275.8,0.559
Y7310001,Le Bevinco au passage à gué de la salle des fêtes,Le Bevinco,2022-10-10,3,0,284,5.5,12.1,83.2,0.146,35.3,132.8,0.266,121.3,276.8,0.438
Y7310001,Le Bevinco au passage à gué de la salle des fêtes,Le Bevinco,2022-10-24,3,0,298,5.5,16.8,94.8,0.178,40.1,182.1,0.22,83.8,298.1,0.281
Y7310001,Le Bevinco au passage à gué de la salle des fêtes,Le Bevinco,2022-11-11,3,0,316,5.5,23.9,147.6,0.162,51.1,268.5,0.19,64.7,356.4,0.182
Y7310001,Le Bevinco au passage à gué de la salle des fêtes,Le Bevinco,2022-11-22,3,0,327,5.5,61.1,151.0,0.405,81.4,305.7,0.266,106.0,385.2,0.275
Y7310001,Le Bevinco au passage à gué de la salle des fêtes,Le Bevinco,2022-12-14,1,1,349,5.5,144.4,107.7,1.341,181.8,342.3,0.531,208.7,420.6,0.496
Y7310001,Le Bevinco au passage à gué de la salle des fêtes,Le Bevinco,2023-01-23,1,1,23,5.5,48.3,67.4,0.716,231.3,314.1,0.736,271.4,498.6,0.544
Y7310001,Le Bevinco au passage à gué de la salle des fêtes,Le Bevinco,2023-02-22,1,1,53,5.5,14.6,66.1,0.222,172.2,234.3,0.735,266.2,546.4,0.487
Y7310001,Le Bevinco au passage à gué de la salle des fêtes,Le Bevinco,2023-03-24,1a,1,84,5.5,128.1,70.1,1.827,191.0,203.8,0.937,388.4,547.9,0.709
Y7310001,Le Bevinco au passage à gué de la salle des fêtes,Le Bevinco,2023-04-24,1a,1,115,5.5,23.9,71.9,0.332,155.9,203.7,0.765,397.9,517.2,0.769
Y7310001,Le Bevinco au passage à gué de la salle des fêtes,Le Bevinco,2023-05-24,1a,1,145,5.5,87.4,62.6,1.395,239.4,205.8,1.163,411.6,433.4,0.95
Y7310001,Le Bevinco au passage à gué de la salle des fêtes,Le Bevinco,2023-06-05,1a,1,157,5.5,70.8,48.3,1.464,114.9,184.7,0.622,341.4,413.5,0.826
Y7310001,Le Bevinco au passage à gué de la salle des fêtes,Le Bevinco,2023-06-26,1a,1,178,5.5,38.4,44.1,0.871,148.2,170.9,0.867,340.6,374.1,0.91
Y7310001,Le Bevinco au passage à gué de la salle des fêtes,Le Bevinco,2023-07-24,2,0,206,5.5,4.3,15.3,0.281,130.2,119.5,1.09,283.7,325.6,0.871
Y7310001,Le Bevinco au passage à gué de la salle des fêtes,Le Bevinco,2023-08-21,3,0,234,5.5,0.7,17.4,0.039,43.5,77.9,0.558,282.9,284.4,0.995
Y7310001,Le Bevinco au passage à gué de la salle des fêtes,Le Bevinco,2023-09-12,3,0,256,5.5,44.1,33.7,1.309,54.4,68.7,0.791,201.3,255.8,0.787
Y7310001,Le Bevinco au passage à gué de la salle des fêtes,Le Bevinco,2023-09-25,3,0,269,5.5,60.5,71.7,0.843,65.4,105.6,0.62,213.7,276.4,0.773
Y7310001,Le Bevinco au passage à gué de la salle des fêtes,Le Bevinco,2023-10-10,3,0,284,5.5,16.8,83.2,0.202,62.0,132.8,0.467,210.0,276.8,0.759
Y7310001,Le Bevinco au passage à gué de la salle des fêtes,Le Bevinco,2023-10-23,3,0,297,5.5,3.7,92.0,0.04,64.8,174.0,0.373,195.0,291.3,0.67
Y7310001,Le Bevinco au passage à gué de la salle des fêtes,Le Bevinco,2023-11-24,1a,1,329,5.5,61.4,144.6,0.425,135.2,311.3,0.434,178.6,389.4,0.459
Y7310001,Le Bevinco au passage à gué de la salle des fêtes,Le Bevinco,2024-01-24,1a,1,24,5.5,40.5,68.5,0.592,125.8,312.9,0.402,200.6,502.4,0.399
Y7310001,Le Bevinco au passage à gué de la salle des fêtes,Le Bevinco,2024-02-22,1a,1,53,5.5,7.4,66.1,0.111,72.1,234.3,0.308,207.3,546.4,0.379
Y7310001,Le Bevinco au passage à gué de la salle des fêtes,Le Bevinco,2024-03-22,1a,1,82,5.5,141.1,71.5,1.974,189.0,205.0,0.922,287.9,555.5,0.518
Y7310001,Le Bevinco au passage à gué de la salle des fêtes,Le Bevinco,2024-04-24,1a,1,115,5.5,59.8,71.9,0.831,208.2,203.7,1.022,334.1,517.2,0.646
Y7310001,Le Bevinco au passage à gué de la salle des fêtes,Le Bevinco,2024-05-24,1a,1,145,5.5,58.4,62.6,0.932,258.4,205.8,1.255,330.6,433.4,0.763
Y7310001,Le Bevinco au passage à gué de la salle des fêtes,Le Bevinco,2024-06-21,3,0,173,5.5,23.3,44.9,0.52,141.4,182.0,0.777,330.5,385.8,0.857
Y7310001,Le Bevinco au passage à gué de la salle des fêtes,Le Bevinco,2024-07-22,3,0,204,5.5,62.4,15.4,4.051,156.0,125.8,1.24,352.3,331.0,1.064
Y7310001,Le Bevinco au passage à gué de la salle des fêtes,Le Bevinco,2024-08-22,3,0,235,5.5,22.8,17.7,1.29,108.4,78.1,1.388,366.7,283.6,1.293
Y7310001,Le Bevinco au passage à gué de la salle des fêtes,Le Bevinco,2024-09-23,1a,1,267,5.5,122.1,62.7,1.947,177.8,96.7,1.838,339.9,268.9,1.264
Y7310001,Le Bevinco au passage à gué de la salle des fêtes,Le Bevinco,2024-10-10,1a,1,284,5.5,138.4,83.2,1.664,219.3,132.8,1.652,373.7,276.8,1.35
Y7310001,Le Bevinco au passage à gué de la salle des fêtes,Le Bevinco,2024-10-22,1a,1,296,5.5,128.0,89.3,1.433,260.6,170.3,1.53,401.7,289.8,1.386
Y7310001,Le Bevinco au passage à gué de la salle des fêtes,Le Bevinco,2024-11-12,1a,1,317,5.5,208.6,149.8,1.393,402.1,271.9,1.479,513.3,358.3,1.432
Y7310001,Le Bevinco au passage à gué de la salle des fêtes,Le Bevinco,2025-04-11,1a,1,102,5.5,39.6,64.0,0.62,215.7,200.9,1.074,679.6,547.5,1.241
Y7310001,Le Bevinco au passage à gué de la salle des fêtes,Le Bevinco,2025-05-23,1a,1,144,5.5,53.7,65.1,0.825,272.2,206.7,1.317,629.1,438.5,1.435
Y7310001,Le Bevinco au passage à gué de la salle des fêtes,Le Bevinco,2025-06-23,1a,1,175,5.5,0.8,44.5,0.017,197.7,179.1,1.104,401.4,382.3,1.05
Y7310001,Le Bevinco au passage à gué de la salle des fêtes,Le Bevinco,2025-07-23,1a,1,205,5.5,18.0,15.6,1.157,72.6,123.1,0.59,369.9,326.3,1.134
Y7310001,Le Bevinco au passage à gué de la salle des fêtes,Le Bevinco,2025-08-25,3,0,238,5.5,17.3,19.0,0.907,36.7,78.6,0.467,300.6,275.8,1.09
Y7310001,Le Bevinco au passage à gué de la salle des fêtes,Le Bevinco,2025-09-25,2,0,269,5.5,26.7,71.7,0.372,62.6,105.6,0.593,260.0,276.4,0.941
Y7310001,Le Bevinco au passage à gué de la salle des fêtes,Le Bevinco,2025-10-24,3,0,298,5.5,16.3,94.8,0.172,60.4,182.1,0.332,133.6,298.1,0.448
Y7310001,Le Bevinco au passage à gué de la salle des fêtes,Le Bevinco,2025-11-20,1a,1,325,5.5,63.7,152.2,0.418,106.8,299.8,0.356,142.6,378.0,0.377
Y7310001,Le Bevinco au passage à gué de la salle des fêtes,Le Bevinco,2025-12-15,1a,1,350,5.5,163.7,102.9,1.591,220.8,338.7,0.652,275.2,422.0,0.652
Y7310001,Le Bevinco au passage à gué de la salle des fêtes,Le Bevinco,2026-01-14,1a,1,14,5.5,326.0,76.3,4.272,525.9,335.2,1.569,583.5,482.9,1.208
Y7310001,Le Bevinco au passage à gué de la salle des fêtes,Le Bevinco,2026-04-21,1a,1,112,5.5,97.4,67.3,1.446,267.5,207.3,1.291,831.8,529.1,1.572
Y7310001,Le Bevinco au passage à gué de la salle des fêtes,Le Bevinco,2026-05-25,1a,1,146,5.5,43.6,58.8,0.742,207.1,202.3,1.024,765.7,430.2,1.78
Y7310001,Le Bevinco au passage à gué de la salle des fêtes,Le Bevinco,2026-06-26,1a,1,178,5.5,4.9,44.1,0.112,145.4,170.9,0.851,380.4,374.1,1.017
Y7310001,Le Bevinco au passage à gué de la salle des fêtes,Le Bevinco,2026-07-13,1a,1,195,5.5,2.0,18.8,0.106,68.3,140.5,0.486,360.9,344.8,1.047
Y7310001,Le Bevinco au passage à gué de la salle des fêtes,Le Bevinco,2026-07-23,3,0,205,5.5,1.9,15.6,0.125,50.5,123.1,0.41,309.0,326.3,0.947
Y7310001,Le Bevinco au passage à gué de la salle des fêtes,Le Bevinco,2026-08-25,3,0,238,5.5,12.1,19.0,0.634,18.9,78.6,0.241,225.9,275.8,0.819
Y7310001,Le Bevinco au passage à gué de la salle des fêtes,Le Bevinco,2026-09-24,3,0,268,5.5,13.4,68.1,0.197,27.4,102.2,0.268,172.9,273.7,0.632
Y7310002,Le Bevinco au pont de Bigorno,Le Bevinco,2012-05-25,1a,1,146,540.8,100.4,58.2,1.724,213.1,204.2,1.043,403.8,435.5,0.927
Y7310002,Le Bevinco au pont de Bigorno,Le Bevinco,2012-06-25,1a,1,177,540.8,5.1,43.4,0.117,183.0,169.5,1.079,397.9,376.1,1.058
Y7310002,Le Bevinco au pont de Bigorno,Le Bevinco,2012-07-11,1f,1,193,540.8,0.9,23.4,0.039,155.2,138.2,1.123,391.5,348.6,1.123
Y7310002,Le Bevinco au pont de Bigorno,Le Bevinco,2012-07-25,1a,1,207,540.8,6.4,18.1,0.354,125.1,119.0,1.051,396.3,326.3,1.214
Y7310002,Le Bevinco au pont de Bigorno,Le Bevinco,2012-08-23,1f,1,236,540.8,0.6,17.3,0.032,25.2,79.6,0.317,238.3,283.3,0.841
Y7310002,Le Bevinco au pont de Bigorno,Le Bevinco,2012-09-25,1a,1,269,540.8,169.2,58.4,2.895,175.9,94.7,1.858,359.0,262.4,1.368
Y7310002,Le Bevinco au pont de Bigorno,Le Bevinco,2013-05-23,1a,1,144,540.8,36.8,63.3,0.582,289.2,207.8,1.392,479.5,441.7,1.086
Y7310002,Le Bevinco au pont de Bigorno,Le Bevinco,2013-06-25,1a,1,177,540.8,8.6,43.4,0.198,134.0,169.5,0.79,449.2,376.1,1.194
Y7310002,Le Bevinco au pont de Bigorno,Le Bevinco,2013-07-25,1a,1,207,540.8,42.6,18.1,2.35,88.2,119.0,0.741,414.5,326.3,1.27
Y7310002,Le Bevinco au pont de Bigorno,Le Bevinco,2013-08-23,1f,1,236,540.8,24.0,17.3,1.39,73.8,79.6,0.927,334.4,283.3,1.18
Y7310002,Le Bevinco au pont de Bigorno,Le Bevinco,2013-09-19,1f,1,263,540.8,7.5,48.0,0.155,71.4,83.0,0.86,221.5,262.9,0.843
Y7310002,Le Bevinco au pont de Bigorno,Le Bevinco,2013-10-25,1f,1,299,540.8,48.4,77.9,0.622,77.3,154.2,0.501,157.4,270.7,0.581
Y7310002,Le Bevinco au pont de Bigorno,Le Bevinco,2014-05-26,1a,1,147,540.8,26.2,56.8,0.462,212.8,201.8,1.055,338.8,432.5,0.783
Y7310002,Le Bevinco au pont de Bigorno,Le Bevinco,2014-06-25,1a,1,177,540.8,13.1,43.4,0.301,96.0,169.5,0.566,345.5,376.1,0.919
Y7310002,Le Bevinco au pont de Bigorno,Le Bevinco,2014-07-23,1a,1,205,540.8,36.4,18.6,1.961,75.6,123.6,0.612,330.1,328.0,1.006
Y7310002,Le Bevinco au pont de Bigorno,Le Bevinco,2014-08-26,1a,1,239,540.8,14.7,17.6,0.837,77.4,76.2,1.016,288.8,277.3,1.042
Y7310002,Le Bevinco au pont de Bigorno,Le Bevinco,2014-09-25,1f,1,269,540.8,3.8,58.4,0.065,68.2,94.7,0.72,147.4,262.4,0.562
Y7310002,Le Bevinco au pont de Bigorno,Le Bevinco,2014-10-27,2,0,301,540.8,4.7,83.0,0.057,24.0,161.5,0.149,102.1,275.5,0.371
Y7310002,Le Bevinco au pont de Bigorno,Le Bevinco,2015-05-26,1a,1,147,540.8,15.0,56.8,0.265,405.1,201.8,2.008,1107.0,432.5,2.56
Y7310002,Le Bevinco au pont de Bigorno,Le Bevinco,2015-06-23,1a,1,175,540.8,24.6,42.9,0.573,90.5,177.0,0.511,809.8,382.6,2.116
Y7310002,Le Bevinco au pont de Bigorno,Le Bevinco,2015-07-23,1a,1,205,540.8,5.2,18.6,0.277,44.9,123.6,0.363,775.5,328.0,2.364
Y7310002,Le Bevinco au pont de Bigorno,Le Bevinco,2015-08-27,1a,1,240,540.8,54.2,17.6,3.079,86.3,75.6,1.141,490.1,273.9,1.789
Y7310002,Le Bevinco au pont de Bigorno,Le Bevinco,2015-09-22,1a,1,266,540.8,7.6,51.0,0.148,66.8,86.7,0.771,120.8,261.2,0.462
Y7310002,Le Bevinco au pont de Bigorno,Le Bevinco,2016-05-18,1,1,139,540.8,55.5,63.2,0.878,264.9,205.2,1.291,372.5,449.2,0.829
Y7310002,Le Bevinco au pont de Bigorno,Le Bevinco,2016-06-27,1,1,179,540.8,29.3,40.0,0.733,122.6,166.1,0.738,356.1,372.3,0.956
Y7310002,Le Bevinco au pont de Bigorno,Le Bevinco,2016-07-22,1,1,204,540.8,1.7,18.0,0.094,80.3,125.5,0.64,332.5,332.3,1.001
Y7310002,Le Bevinco au pont de Bigorno,Le Bevinco,2016-08-22,2,0,235,540.8,0.6,16.7,0.036,32.2,78.8,0.408,295.2,285.4,1.034
Y7310002,Le Bevinco au pont de Bigorno,Le Bevinco,2016-09-06,2,0,250,540.8,11.9,28.6,0.416,41.1,73.0,0.564,156.4,259.0,0.604
Y7310002,Le Bevinco au pont de Bigorno,Le Bevinco,2016-09-21,1,1,265,540.8,60.0,50.2,1.194,62.6,85.7,0.731,186.0,262.7,0.708
Y7310002,Le Bevinco au pont de Bigorno,Le Bevinco,2017-05-22,1,1,143,540.8,24.1,64.6,0.374,80.5,209.1,0.385,995.2,445.0,2.237
Y7310002,Le Bevinco au pont de Bigorno,Le Bevinco,2017-06-26,1,1,178,540.8,4.4,41.4,0.106,59.8,167.0,0.358,590.1,373.9,1.578
Y7310002,Le Bevinco au pont de Bigorno,Le Bevinco,2017-06-28,1,1,180,540.8,4.4,38.9,0.113,59.6,165.2,0.361,590.0,368.5,1.601
Y7310002,Le Bevinco au pont de Bigorno,Le Bevinco,2017-07-19,1,1,201,540.8,4.8,18.3,0.26,33.5,131.2,0.256,539.5,341.1,1.581
Y7310002,Le Bevinco au pont de Bigorno,Le Bevinco,2017-08-01,1,1,214,540.8,0.9,17.7,0.053,26.5,105.0,0.253,291.1,310.6,0.937
Y7310002,Le Bevinco au pont de Bigorno,Le Bevinco,2017-08-16,1,1,229,540.8,0.9,16.2,0.058,12.5,86.2,0.145,91.5,290.8,0.315
Y7310002,Le Bevinco au pont de Bigorno,Le Bevinco,2017-08-29,1,1,242,540.8,0.1,20.0,0.003,10.1,76.0,0.133,84.3,266.7,0.316
Y7310002,Le Bevinco au pont de Bigorno,Le Bevinco,2017-08-30,1,1,243,540.8,0.1,20.8,0.003,10.1,74.8,0.135,84.2,265.1,0.318
Y7310002,Le Bevinco au pont de Bigorno,Le Bevinco,2017-09-27,1,1,271,540.8,35.0,59.2,0.592,40.5,95.9,0.423,100.3,261.6,0.383
Y7310002,Le Bevinco au pont de Bigorno,Le Bevinco,2017-10-25,1,1,299,540.8,7.6,77.9,0.098,42.7,154.2,0.277,69.7,270.7,0.257
Y7310002,Le Bevinco au pont de Bigorno,Le Bevinco,2017-11-07,1,1,312,540.8,24.6,118.4,0.208,64.5,215.3,0.299,77.5,311.6,0.249
Y7310002,Le Bevinco au pont de Bigorno,Le Bevinco,2017-11-22,1,1,327,540.8,76.6,136.6,0.561,119.1,265.7,0.448,129.2,345.5,0.374
Y7310002,Le Bevinco au pont de Bigorno,Le Bevinco,2018-02-06,1,1,37,540.8,77.1,66.6,1.158,366.3,266.9,1.373,433.7,487.4,0.89
Y7310002,Le Bevinco au pont de Bigorno,Le Bevinco,2018-03-06,1,1,66,540.8,211.3,71.1,2.974,306.8,232.3,1.321,626.7,528.6,1.186
Y7310002,Le Bevinco au pont de Bigorno,Le Bevinco,2018-03-21,1,1,81,540.8,241.9,73.5,3.29,391.2,212.0,1.846,695.5,528.7,1.315
Y7310002,Le Bevinco au pont de Bigorno,Le Bevinco,2018-04-25,1,1,116,540.8,58.8,72.9,0.806,413.4,207.4,1.994,752.6,510.9,1.473
Y7310002,Le Bevinco au pont de Bigorno,Le Bevinco,2018-05-29,1,1,150,540.8,99.2,55.4,1.79,318.3,198.0,1.608,783.1,426.9,1.834
Y7310002,Le Bevinco au pont de Bigorno,Le Bevinco,2018-06-19,1,1,171,540.8,64.1,47.1,1.362,217.3,180.9,1.201,608.5,392.9,1.549
Y7310002,Le Bevinco au pont de Bigorno,Le Bevinco,2018-07-25,1,1,207,540.8,17.4,18.1,0.963,170.2,119.0,1.43,583.6,326.3,1.788
Y7310002,Le Bevinco au pont de Bigorno,Le Bevinco,2018-08-27,1,1,240,540.8,10.0,17.6,0.567,74.6,75.6,0.987,392.9,273.9,1.434
Y7310002,Le Bevinco au pont de Bigorno,Le Bevinco,2018-09-25,1,1,269,540.8,49.3,58.4,0.843,78.5,94.7,0.829,290.2,262.4,1.106
Y7310002,Le Bevinco au pont de Bigorno,Le Bevinco,2018-10-25,1,1,299,540.8,241.0,77.9,3.095,301.6,154.2,1.957,472.6,270.7,1.746
Y7310002,Le Bevinco au pont de Bigorno,Le Bevinco,2019-04-02,1,1,93,540.8,40.6,65.3,0.621,106.7,198.3,0.538,604.0,529.8,1.14
Y7310002,Le Bevinco au pont de Bigorno,Le Bevinco,2019-04-24,1,1,115,540.8,91.4,72.7,1.256,139.0,205.4,0.677,429.3,510.5,0.841
Y7310002,Le Bevinco au pont de Bigorno,Le Bevinco,2019-05-27,1,1,148,540.8,114.3,58.0,1.972,210.4,200.7,1.048,319.1,429.4,0.743
Y7310002,Le Bevinco au pont de Bigorno,Le Bevinco,2019-06-20,1,1,172,540.8,42.7,43.8,0.975,211.1,180.2,1.172,282.1,388.9,0.725
Y7310002,Le Bevinco au pont de Bigorno,Le Bevinco,2019-07-25,1,1,207,540.8,42.8,18.1,2.364,162.7,119.0,1.367,302.1,326.3,0.926
Y7310002,Le Bevinco au pont de Bigorno,Le Bevinco,2019-08-27,1,1,240,540.8,5.5,17.6,0.311,65.7,75.6,0.869,278.9,273.9,1.018
Y7310002,Le Bevinco au pont de Bigorno,Le Bevinco,2019-09-25,1,1,269,540.8,18.8,58.4,0.321,82.1,94.7,0.867,257.0,262.4,0.979
Y7310002,Le Bevinco au pont de Bigorno,Le Bevinco,2019-10-28,1,1,302,540.8,79.6,82.5,0.965,101.3,162.6,0.623,281.6,274.1,1.027
Y7310002,Le Bevinco au pont de Bigorno,Le Bevinco,2020-05-27,1,1,148,540.8,67.1,58.0,1.157,236.1,200.7,1.177,360.7,429.4,0.84
Y7310002,Le Bevinco au pont de Bigorno,Le Bevinco,2020-06-23,1,1,175,540.8,36.6,42.9,0.853,255.5,177.0,1.443,332.2,382.6,0.868
Y7310002,Le Bevinco au pont de Bigorno,Le Bevinco,2020-07-24,1,1,206,540.8,1.7,18.3,0.091,105.5,120.6,0.875,277.6,327.0,0.849
Y7310002,Le Bevinco au pont de Bigorno,Le Bevinco,2020-08-14,2,0,227,540.8,1.4,16.6,0.086,90.0,87.9,1.024,276.0,293.9,0.939
Y7310002,Le Bevinco au pont de Bigorno,Le Bevinco,2020-08-25,2,0,238,540.8,0.2,17.6,0.011,38.4,78.2,0.491,274.5,278.3,0.986
Y7310002,Le Bevinco au pont de Bigorno,Le Bevinco,2020-09-24,1,1,268,540.8,58.0,55.4,1.047,59.9,91.8,0.652,278.7,259.8,1.073
Y7310002,Le Bevinco au pont de Bigorno,Le Bevinco,2020-10-26,1,1,300,540.8,38.0,81.5,0.466,105.6,158.7,0.665,202.9,273.5,0.742
Y7310002,Le Bevinco au pont de Bigorno,Le Bevinco,2021-05-26,1,1,147,540.8,67.8,56.8,1.193,114.0,201.8,0.565,340.8,432.5,0.788
Y7310002,Le Bevinco au pont de Bigorno,Le Bevinco,2021-06-30,1,1,182,540.8,4.4,37.7,0.116,100.8,162.8,0.619,216.2,363.0,0.596
Y7310002,Le Bevinco au pont de Bigorno,Le Bevinco,2021-07-26,3,0,208,540.8,1.5,18.5,0.083,73.7,118.6,0.622,150.9,325.3,0.464
Y7310002,Le Bevinco au pont de Bigorno,Le Bevinco,2021-08-16,2,0,229,540.8,0.2,16.2,0.011,18.2,86.2,0.211,121.4,290.8,0.418
Y7310002,Le Bevinco au pont de Bigorno,Le Bevinco,2021-08-27,1,1,240,540.8,14.8,17.6,0.842,20.8,75.6,0.275,134.8,273.9,0.492
Y7310002,Le Bevinco au pont de Bigorno,Le Bevinco,2021-09-24,2,0,268,540.8,15.3,55.4,0.277,31.7,91.8,0.346,132.8,259.8,0.511
Y7310002,Le Bevinco au pont de Bigorno,Le Bevinco,2021-10-25,1,1,299,540.8,18.6,77.9,0.238,48.7,154.2,0.316,109.1,270.7,0.403
Y7310002,Le Bevinco au pont de Bigorno,Le Bevinco,2022-03-25,1,1,85,540.8,14.7,72.9,0.201,84.4,205.5,0.411,424.7,523.9,0.811
Y7310002,Le Bevinco au pont de Bigorno,Le Bevinco,2022-04-25,1,1,116,540.8,135.6,72.9,1.86,162.4,207.4,0.783,541.7,510.9,1.06
Y7310002,Le Bevinco au pont de Bigorno,Le Bevinco,2022-05-23,1,1,144,540.8,38.6,63.3,0.611,182.3,207.8,0.877,322.7,441.7,0.731
Y7310002,Le Bevinco au pont de Bigorno,Le Bevinco,2022-06-23,1,1,175,540.8,1.8,42.9,0.042,169.5,177.0,0.957,253.9,382.6,0.664
Y7310002,Le Bevinco au pont de Bigorno,Le Bevinco,2022-07-11,1,1,193,540.8,3.7,23.4,0.158,117.5,138.2,0.85,200.4,348.6,0.575
Y7310002,Le Bevinco au pont de Bigorno,Le Bevinco,2022-07-25,3,0,207,540.8,3.3,18.1,0.184,37.3,119.0,0.313,199.7,326.3,0.612
Y7310002,Le Bevinco au pont de Bigorno,Le Bevinco,2022-08-10,3,0,223,540.8,2.2,17.4,0.124,7.5,95.2,0.079,199.7,297.5,0.671
Y7310002,Le Bevinco au pont de Bigorno,Le Bevinco,2022-08-23,3,0,236,540.8,23.4,17.3,1.356,28.7,79.6,0.361,211.1,283.3,0.745
Y7310002,Le Bevinco au pont de Bigorno,Le Bevinco,2022-09-09,2,0,253,540.8,27.0,29.9,0.902,32.9,71.1,0.462,207.9,258.3,0.805
Y7310002,Le Bevinco au pont de Bigorno,Le Bevinco,2022-09-26,2,0,270,540.8,10.7,59.4,0.18,37.4,96.1,0.389,206.3,263.1,0.784
Y7310002,Le Bevinco au pont de Bigorno,Le Bevinco,2022-10-10,1,1,284,540.8,24.4,70.5,0.346,53.6,118.7,0.451,171.1,256.6,0.667
Y7310002,Le Bevinco au pont de Bigorno,Le Bevinco,2022-10-24,1,1,298,540.8,29.3,78.8,0.372,58.4,152.0,0.384,95.6,270.9,0.353
Y7310002,Le Bevinco au pont de Bigorno,Le Bevinco,2022-11-11,1,1,316,540.8,15.1,121.0,0.125,67.7,226.5,0.299,77.7,315.7,0.246
Y7310002,Le Bevinco au pont de Bigorno,Le Bevinco,2022-11-22,1,1,327,540.8,45.8,136.6,0.335,80.8,265.7,0.304,109.5,345.5,0.317
Y7310002,Le Bevinco au pont de Bigorno,Le Bevinco,2022-12-14,1,1,349,540.8,109.8,112.1,0.979,153.0,311.3,0.492,185.6,384.3,0.483
Y7310002,Le Bevinco au pont de Bigorno,Le Bevinco,2023-01-23,1,1,23,540.8,43.3,68.7,0.629,183.1,306.0,0.599,241.3,459.9,0.525
Y7310002,Le Bevinco au pont de Bigorno,Le Bevinco,2023-02-22,1,1,53,540.8,25.1,65.2,0.385,140.3,235.2,0.597,243.2,508.0,0.479
Y7310002,Le Bevinco au pont de Bigorno,Le Bevinco,2023-03-24,1a,1,84,540.8,204.5,71.9,2.845,272.8,205.8,1.325,437.6,522.8,0.837
Y7310002,Le Bevinco au pont de Bigorno,Le Bevinco,2023-04-24,1a,1,115,540.8,25.8,72.7,0.354,247.4,205.4,1.204,438.7,510.5,0.859
Y7310002,Le Bevinco au pont de Bigorno,Le Bevinco,2023-05-24,1a,1,145,540.8,96.2,61.4,1.567,326.6,207.0,1.578,466.9,438.4,1.065
Y7310002,Le Bevinco au pont de Bigorno,Le Bevinco,2023-06-05,1a,1,157,540.8,100.8,50.5,1.996,152.8,185.3,0.825,451.2,419.4,1.076
Y7310002,Le Bevinco au pont de Bigorno,Le Bevinco,2023-06-26,1a,1,178,540.8,50.4,41.4,1.218,173.2,167.0,1.037,446.5,373.9,1.194
Y7310002,Le Bevinco au pont de Bigorno,Le Bevinco,2023-07-24,1a,1,206,540.8,2.7,18.3,0.149,150.5,120.6,1.248,387.7,327.0,1.185
Y7310002,Le Bevinco au pont de Bigorno,Le Bevinco,2023-08-21,1a,1,234,540.8,2.1,16.8,0.126,56.6,78.8,0.718,383.1,286.1,1.339
Y7310002,Le Bevinco au pont de Bigorno,Le Bevinco,2023-09-12,1f,1,256,540.8,28.9,30.7,0.941,45.9,67.5,0.68,211.4,253.7,0.833
Y7310002,Le Bevinco au pont de Bigorno,Le Bevinco,2023-09-25,1f,1,269,540.8,42.3,58.4,0.723,47.1,94.7,0.497,220.2,262.4,0.839
Y7310002,Le Bevinco au pont de Bigorno,Le Bevinco,2023-10-10,1f,1,284,540.8,15.8,70.5,0.224,46.8,118.7,0.394,217.4,256.6,0.847
Y7310002,Le Bevinco au pont de Bigorno,Le Bevinco,2023-10-23,2,0,297,540.8,10.0,78.1,0.128,54.3,146.9,0.369,204.8,266.3,0.769
Y7310002,Le Bevinco au pont de Bigorno,Le Bevinco,2023-11-24,1a,1,329,540.8,84.4,134.4,0.628,147.4,270.8,0.544,202.7,347.7,0.583
Y7310002,Le Bevinco au pont de Bigorno,Le Bevinco,2024-01-24,1a,1,24,540.8,68.2,70.2,0.972,165.4,304.7,0.543,231.4,463.3,0.5
Y7310002,Le Bevinco au pont de Bigorno,Le Bevinco,2024-02-22,1a,1,53,540.8,5.2,65.2,0.079,87.1,235.2,0.37,234.5,508.0,0.462
Y7310002,Le Bevinco au pont de Bigorno,Le Bevinco,2024-03-22,1a,1,82,540.8,112.7,73.0,1.544,186.5,208.8,0.893,304.9,528.7,0.577
Y7310002,Le Bevinco au pont de Bigorno,Le Bevinco,2024-04-24,1a,1,115,540.8,73.3,72.7,1.007,190.9,205.4,0.929,356.4,510.5,0.698
Y7310002,Le Bevinco au pont de Bigorno,Le Bevinco,2024-05-24,1a,1,145,540.8,64.3,61.4,1.047,249.1,207.0,1.203,336.5,438.4,0.768
Y7310002,Le Bevinco au pont de Bigorno,Le Bevinco,2024-06-21,1a,1,173,540.8,20.1,43.2,0.464,157.1,179.9,0.873,343.2,386.5,0.888
Y7310002,Le Bevinco au pont de Bigorno,Le Bevinco,2024-07-22,1a,1,204,540.8,73.0,18.0,4.064,170.7,125.5,1.36,347.9,332.3,1.047
Y7310002,Le Bevinco au pont de Bigorno,Le Bevinco,2024-08-22,2,0,235,540.8,33.0,16.7,1.977,125.6,78.8,1.593,374.7,285.4,1.313
Y7310002,Le Bevinco au pont de Bigorno,Le Bevinco,2024-09-23,1a,1,267,540.8,161.3,51.1,3.157,232.3,87.1,2.669,419.0,257.2,1.629
Y7310002,Le Bevinco au pont de Bigorno,Le Bevinco,2024-10-10,1a,1,284,540.8,147.7,70.5,2.095,250.8,118.7,2.113,434.7,256.6,1.694
Y7310002,Le Bevinco au pont de Bigorno,Le Bevinco,2024-10-22,1a,1,296,540.8,105.2,75.5,1.394,299.3,143.8,2.081,456.1,264.7,1.723
Y7310002,Le Bevinco au pont de Bigorno,Le Bevinco,2024-11-12,1a,1,317,540.8,121.6,122.8,0.99,355.5,229.2,1.551,485.0,317.6,1.527
Y7310002,Le Bevinco au pont de Bigorno,Le Bevinco,2025-04-11,1a,1,102,540.8,49.1,70.0,0.702,213.0,207.6,1.026,555.5,530.2,1.048
Y7310002,Le Bevinco au pont de Bigorno,Le Bevinco,2025-05-23,1a,1,144,540.8,35.8,63.3,0.565,246.9,207.8,1.188,573.0,441.7,1.297
Y7310002,Le Bevinco au pont de Bigorno,Le Bevinco,2025-06-23,1a,1,175,540.8,3.7,42.9,0.085,176.4,177.0,0.996,371.2,382.6,0.97
Y7310002,Le Bevinco au pont de Bigorno,Le Bevinco,2025-07-23,1a,1,205,540.8,21.3,18.6,1.146,61.0,123.6,0.494,309.9,328.0,0.945
Y7310002,Le Bevinco au pont de Bigorno,Le Bevinco,2025-08-25,2,0,238,540.8,16.3,17.6,0.925,41.9,78.2,0.535,280.2,278.3,1.007
Y7310002,Le Bevinco au pont de Bigorno,Le Bevinco,2025-09-25,1f,1,269,540.8,15.8,58.4,0.271,54.1,94.7,0.572,227.3,262.4,0.866
Y7310002,Le Bevinco au pont de Bigorno,Le Bevinco,2025-10-24,1a,1,298,540.8,12.5,78.8,0.158,44.6,152.0,0.293,106.4,270.9,0.393
Y7310002,Le Bevinco au pont de Bigorno,Le Bevinco,2025-11-20,1a,1,325,540.8,50.8,133.9,0.379,78.5,258.2,0.304,120.4,337.3,0.357
Y7310002,Le Bevinco au pont de Bigorno,Le Bevinco,2025-12-15,1a,1,350,540.8,108.9,107.7,1.011,142.8,309.0,0.462,192.6,385.7,0.499
Y7310002,Le Bevinco au pont de Bigorno,Le Bevinco,2026-01-14,1a,1,14,540.8,391.6,76.8,5.097,521.9,314.3,1.661,562.6,444.1,1.267
Y7310002,Le Bevinco au pont de Bigorno,Le Bevinco,2026-04-21,1a,1,112,540.8,117.1,70.2,1.669,249.1,211.2,1.179,874.3,517.5,1.689
Y7310002,Le Bevinco au pont de Bigorno,Le Bevinco,2026-05-25,1a,1,146,540.8,32.5,58.2,0.558,205.6,204.2,1.007,810.2,435.5,1.86
Y7310002,Le Bevinco au pont de Bigorno,Le Bevinco,2026-06-26,1a,1,178,540.8,7.1,41.4,0.171,157.9,167.0,0.945,421.1,373.9,1.126
Y7310002,Le Bevinco au pont de Bigorno,Le Bevinco,2026-07-13,1a,1,195,540.8,3.7,19.5,0.188,60.4,135.7,0.445,404.7,345.7,1.171
Y7310002,Le Bevinco au pont de Bigorno,Le Bevinco,2026-07-23,1f,1,205,540.8,3.5,18.6,0.191,42.9,123.6,0.347,289.3,328.0,0.882
Y7310002,Le Bevinco au pont de Bigorno,Le Bevinco,2026-08-25,1f,1,238,540.8,15.0,17.6,0.854,25.4,78.2,0.324,230.8,278.3,0.829
Y7310002,Le Bevinco au pont de Bigorno,Le Bevinco,2026-09-24,1f,1,268,540.8,7.5,55.4,0.136,25.8,91.8,0.281,183.7,259.8,0.707
Y7330001,Le Fium Albino au pont de la RD 333,Fium'Albino,2012-05-25,1a,1,146,139.1,106.8,56.7,1.885,206.7,195.1,1.059,356.3,405.6,0.878
Y7330001,Le Fium Albino au pont de la RD 333,Fium'Albino,2012-06-25,1f,1,177,139.1,10.6,40.4,0.263,186.8,161.7,1.155,351.5,353.3,0.995
Y7330001,Le Fium Albino au pont de la RD 333,Fium'Albino,2012-07-11,1a,1,193,139.1,0.9,23.7,0.037,156.8,135.5,1.157,346.9,329.1,1.054
Y7330001,Le Fium Albino au pont de la RD 333,Fium'Albino,2012-07-25,1f,1,207,139.1,1.0,15.4,0.065,124.0,111.3,1.114,345.1,309.8,1.114
Y7330001,Le Fium Albino au pont de la RD 333,Fium'Albino,2012-08-23,1f,1,236,139.1,0.5,15.7,0.031,17.6,71.6,0.245,224.3,266.8,0.841
Y7330001,Le Fium Albino au pont de la RD 333,Fium'Albino,2012-09-25,1a,1,269,139.1,108.7,65.4,1.663,109.9,96.0,1.145,296.9,257.5,1.153
Y7330001,Le Fium Albino au pont de la RD 333,Fium'Albino,2013-05-23,1a,1,144,139.1,56.5,63.0,0.898,349.1,199.2,1.753,571.9,414.9,1.379
Y7330001,Le Fium Albino au pont de la RD 333,Fium'Albino,2013-06-25,1a,1,177,139.1,9.2,40.4,0.229,167.6,161.7,1.037,504.7,353.3,1.429
Y7330001,Le Fium Albino au pont de la RD 333,Fium'Albino,2013-07-25,1a,1,207,139.1,7.7,15.4,0.498,75.2,111.3,0.676,440.4,309.8,1.422
Y7330001,Le Fium Albino au pont de la RD 333,Fium'Albino,2013-08-23,3,0,236,139.1,17.4,15.7,1.111,36.2,71.6,0.505,345.8,266.8,1.296
Y7330001,Le Fium Albino au pont de la RD 333,Fium'Albino,2013-09-19,2,0,263,139.1,5.9,52.2,0.112,31.1,84.6,0.367,224.3,257.4,0.872
Y7330001,Le Fium Albino au pont de la RD 333,Fium'Albino,2013-10-25,2,0,299,139.1,56.6,84.5,0.669,80.1,167.2,0.479,146.2,274.1,0.533
Y7330001,Le Fium Albino au pont de la RD 333,Fium'Albino,2014-05-26,1a,1,147,139.1,41.2,55.6,0.741,191.2,191.8,0.997,336.7,402.3,0.837
Y7330001,Le Fium Albino au pont de la RD 333,Fium'Albino,2014-06-25,1a,1,177,139.1,39.9,40.4,0.988,117.6,161.7,0.727,366.4,353.3,1.037
Y7330001,Le Fium Albino au pont de la RD 333,Fium'Albino,2014-07-23,1a,1,205,139.1,61.4,16.5,3.716,142.4,115.8,1.229,371.1,311.4,1.192
Y7330001,Le Fium Albino au pont de la RD 333,Fium'Albino,2014-08-26,1f,1,239,139.1,29.2,17.4,1.675,130.3,71.6,1.82,314.2,260.9,1.204
Y7330001,Le Fium Albino au pont de la RD 333,Fium'Albino,2014-09-25,2,0,269,139.1,17.3,65.4,0.265,66.4,96.0,0.692,215.6,257.5,0.837
Y7330001,Le Fium Albino au pont de la RD 333,Fium'Albino,2014-10-27,3,0,301,139.1,9.0,89.3,0.101,58.8,172.8,0.34,173.1,278.0,0.623
Y7330001,Le Fium Albino au pont de la RD 333,Fium'Albino,2015-05-26,1a,1,147,139.1,24.9,55.6,0.448,326.8,191.8,1.704,873.4,402.3,2.171
Y7330001,Le Fium Albino au pont de la RD 333,Fium'Albino,2015-06-23,1a,1,175,139.1,30.1,38.8,0.774,105.6,168.3,0.627,682.0,358.7,1.902
Y7330001,Le Fium Albino au pont de la RD 333,Fium'Albino,2015-07-23,1f,1,205,139.1,0.6,16.5,0.038,55.6,115.8,0.48,646.8,311.4,2.077
Y7330001,Le Fium Albino au pont de la RD 333,Fium'Albino,2015-08-27,1a,1,240,139.1,75.8,17.2,4.411,104.7,71.1,1.473,429.9,257.3,1.671
Y7330001,Le Fium Albino au pont de la RD 333,Fium'Albino,2015-09-22,1a,1,266,139.1,21.2,57.1,0.371,79.1,89.0,0.889,142.2,254.6,0.558
Y7330001,Le Fium Albino au pont de la RD 333,Fium'Albino,2016-05-18,1,1,139,139.1,80.3,64.4,1.247,264.3,197.4,1.339,423.5,423.4,1.0
Y7330001,Le Fium Albino au pont de la RD 333,Fium'Albino,2016-06-27,3,0,179,139.1,17.6,40.8,0.432,132.0,161.3,0.818,375.8,352.2,1.067
Y7330001,Le Fium Albino au pont de la RD 333,Fium'Albino,2016-07-22,1,1,204,139.1,0.7,16.6,0.04,92.3,119.0,0.776,328.5,315.5,1.041
Y7330001,Le Fium Albino au pont de la RD 333,Fium'Albino,2016-08-22,3,0,235,139.1,0.1,15.7,0.005,19.1,71.2,0.269,282.2,269.7,1.046
Y7330001,Le Fium Albino au pont de la RD 333,Fium'Albino,2016-09-06,2,0,250,139.1,38.0,27.9,1.363,53.2,69.0,0.772,178.3,245.2,0.727
Y7330001,Le Fium Albino au pont de la RD 333,Fium'Albino,2016-09-21,1,1,265,139.1,69.1,55.8,1.237,70.5,88.2,0.799,203.1,256.5,0.792
Y7330001,Le Fium Albino au pont de la RD 333,Fium'Albino,2017-05-22,1,1,143,139.1,22.3,65.2,0.341,72.3,200.6,0.36,533.3,418.5,1.274
Y7330001,Le Fium Albino au pont de la RD 333,Fium'Albino,2017-06-26,1,1,178,139.1,1.9,39.6,0.048,51.0,160.7,0.318,299.3,352.0,0.85
Y7330001,Le Fium Albino au pont de la RD 333,Fium'Albino,2017-06-28,1,1,180,139.1,1.9,40.0,0.048,50.9,160.6,0.317,299.3,349.9,0.855
Y7330001,Le Fium Albino au pont de la RD 333,Fium'Albino,2017-07-19,1,1,201,139.1,0.7,16.9,0.04,25.0,125.3,0.199,276.7,321.4,0.861
Y7330001,Le Fium Albino au pont de la RD 333,Fium'Albino,2017-08-01,3,0,214,139.1,0.1,13.8,0.01,17.5,96.4,0.182,180.0,296.8,0.606
Y7330001,Le Fium Albino au pont de la RD 333,Fium'Albino,2017-08-16,3,0,229,139.1,0.1,14.7,0.01,4.8,78.8,0.061,76.1,276.1,0.276
Y7330001,Le Fium Albino au pont de la RD 333,Fium'Albino,2017-08-29,2,0,242,139.1,0.0,18.1,0.0,2.7,70.4,0.039,70.4,251.9,0.28
Y7330001,Le Fium Albino au pont de la RD 333,Fium'Albino,2017-08-30,1,1,243,139.1,0.0,20.1,0.0,2.7,71.2,0.038,70.4,251.2,0.28
Y7330001,Le Fium Albino au pont de la RD 333,Fium'Albino,2017-09-27,1,1,271,139.1,46.5,65.6,0.709,47.2,96.9,0.487,98.2,257.2,0.382
Y7330001,Le Fium Albino au pont de la RD 333,Fium'Albino,2017-10-24,1,1,298,139.1,5.9,84.8,0.07,52.4,163.3,0.321,77.1,273.6,0.282
Y7330001,Le Fium Albino au pont de la RD 333,Fium'Albino,2017-11-07,1,1,312,139.1,18.0,121.5,0.148,68.4,226.4,0.302,74.5,313.7,0.238
Y7330001,Le Fium Albino au pont de la RD 333,Fium'Albino,2017-11-22,1,1,327,139.1,42.3,129.3,0.327,94.7,271.2,0.349,97.4,343.3,0.284
Y7330001,Le Fium Albino au pont de la RD 333,Fium'Albino,2018-02-06,1,1,37,139.1,61.0,60.7,1.005,267.6,244.5,1.094,340.1,476.5,0.714
Y7330001,Le Fium Albino au pont de la RD 333,Fium'Albino,2018-03-06,1,1,66,139.1,217.9,68.8,3.168,308.7,210.0,1.47,536.8,513.8,1.045
Y7330001,Le Fium Albino au pont de la RD 333,Fium'Albino,2018-03-21,1,1,81,139.1,239.0,69.3,3.451,373.5,192.6,1.939,580.2,505.4,1.148
Y7330001,Le Fium Albino au pont de la RD 333,Fium'Albino,2018-04-25,1,1,116,139.1,45.7,69.1,0.661,388.6,198.2,1.96,620.7,478.1,1.298
Y7330001,Le Fium Albino au pont de la RD 333,Fium'Albino,2018-05-29,1,1,150,139.1,129.3,51.7,2.502,323.1,186.2,1.735,707.7,395.2,1.791
Y7330001,Le Fium Albino au pont de la RD 333,Fium'Albino,2018-06-19,1,1,171,139.1,46.0,42.9,1.071,205.3,172.6,1.19,578.9,365.2,1.585
Y7330001,Le Fium Albino au pont de la RD 333,Fium'Albino,2018-07-25,1,1,207,139.1,18.0,15.4,1.172,176.3,111.3,1.584,564.9,309.8,1.823
Y7330001,Le Fium Albino au pont de la RD 333,Fium'Albino,2018-08-27,1,1,240,139.1,3.1,17.2,0.18,49.9,71.1,0.702,373.1,257.3,1.45
Y7330001,Le Fium Albino au pont de la RD 333,Fium'Albino,2018-09-25,1,1,269,139.1,24.7,65.4,0.378,46.1,96.0,0.48,249.9,257.5,0.97
Y7330001,Le Fium Albino au pont de la RD 333,Fium'Albino,2018-10-25,1,1,299,139.1,118.5,84.5,1.402,146.5,167.2,0.876,322.7,274.1,1.177
Y7330001,Le Fium Albino au pont de la RD 333,Fium'Albino,2019-04-02,1,1,93,139.1,29.0,60.1,0.483,96.5,183.7,0.525,518.4,504.2,1.028
Y7330001,Le Fium Albino au pont de la RD 333,Fium'Albino,2019-04-24,1,1,115,139.1,99.4,69.0,1.441,145.7,195.5,0.745,474.2,479.0,0.99
Y7330001,Le Fium Albino au pont de la RD 333,Fium'Albino,2019-05-27,1,1,148,139.1,104.8,55.6,1.885,206.5,190.2,1.086,349.5,398.9,0.876
Y7330001,Le Fium Albino au pont de la RD 333,Fium'Albino,2019-06-20,1,1,172,139.1,29.8,40.7,0.733,208.0,172.2,1.208,277.4,362.0,0.766
Y7330001,Le Fium Albino au pont de la RD 333,Fium'Albino,2019-07-25,1,1,207,139.1,122.8,15.4,7.978,232.0,111.3,2.085,377.9,309.8,1.22
Y7330001,Le Fium Albino au pont de la RD 333,Fium'Albino,2019-08-27,1,1,240,139.1,20.8,17.2,1.211,162.2,71.1,2.281,369.6,257.3,1.437
Y7330001,Le Fium Albino au pont de la RD 333,Fium'Albino,2019-09-25,1,1,269,139.1,18.0,65.4,0.275,177.0,96.0,1.844,358.5,257.5,1.392
Y7330001,Le Fium Albino au pont de la RD 333,Fium'Albino,2019-10-28,1,1,302,139.1,123.5,91.7,1.347,150.4,177.0,0.85,409.6,280.6,1.46
Y7330001,Le Fium Albino au pont de la RD 333,Fium'Albino,2020-05-27,1,1,148,139.1,50.4,55.6,0.906,187.1,190.2,0.984,292.1,398.9,0.732
Y7330001,Le Fium Albino au pont de la RD 333,Fium'Albino,2020-06-23,1,1,175,139.1,67.4,38.8,1.734,232.3,168.3,1.38,309.4,358.7,0.863
Y7330001,Le Fium Albino au pont de la RD 333,Fium'Albino,2020-07-24,1,1,206,139.1,0.4,16.1,0.024,118.2,112.6,1.049,256.1,310.8,0.824
Y7330001,Le Fium Albino au pont de la RD 333,Fium'Albino,2020-08-14,1,1,227,139.1,0.3,15.2,0.019,100.8,80.2,1.256,255.7,278.2,0.919
Y7330001,Le Fium Albino au pont de la RD 333,Fium'Albino,2020-08-25,2,0,238,139.1,0.1,17.3,0.007,67.8,71.9,0.943,255.0,262.1,0.973
Y7330001,Le Fium Albino au pont de la RD 333,Fium'Albino,2020-09-24,1,1,268,139.1,72.8,61.3,1.188,73.3,93.6,0.783,257.3,254.3,1.012
Y7330001,Le Fium Albino au pont de la RD 333,Fium'Albino,2020-10-26,1,1,300,139.1,80.2,87.0,0.923,164.2,170.0,0.966,278.3,275.7,1.01
Y7330001,Le Fium Albino au pont de la RD 333,Fium'Albino,2021-05-26,1,1,147,139.1,63.9,55.6,1.15,143.4,191.8,0.748,400.6,402.3,0.996
Y7330001,Le Fium Albino au pont de la RD 333,Fium'Albino,2021-06-30,1,1,182,139.1,1.0,38.8,0.025,111.3,159.5,0.698,267.4,344.3,0.777
Y7330001,Le Fium Albino au pont de la RD 333,Fium'Albino,2021-07-26,1,1,208,139.1,7.7,15.0,0.51,72.2,110.2,0.656,202.0,308.7,0.654
Y7330001,Le Fium Albino au pont de la RD 333,Fium'Albino,2021-08-16,1,1,229,139.1,0.0,14.7,0.002,22.1,78.8,0.281,152.6,276.1,0.552
Y7330001,Le Fium Albino au pont de la RD 333,Fium'Albino,2021-08-27,3,0,240,139.1,2.1,17.2,0.123,10.7,71.1,0.151,154.2,257.3,0.599
Y7330001,Le Fium Albino au pont de la RD 333,Fium'Albino,2021-09-24,2,0,268,139.1,15.7,61.3,0.256,25.5,93.6,0.272,136.9,254.3,0.538
Y7330001,Le Fium Albino au pont de la RD 333,Fium'Albino,2021-10-25,1,1,299,139.1,6.5,84.5,0.076,24.2,167.2,0.145,80.0,274.1,0.292
Y7330001,Le Fium Albino au pont de la RD 333,Fium'Albino,2022-03-25,1,1,85,139.1,48.2,69.1,0.697,99.0,190.3,0.52,428.9,500.5,0.857
Y7330001,Le Fium Albino au pont de la RD 333,Fium'Albino,2022-04-25,1,1,116,139.1,102.4,69.1,1.481,156.4,198.2,0.789,524.9,478.1,1.098
Y7330001,Le Fium Albino au pont de la RD 333,Fium'Albino,2022-05-23,1,1,144,139.1,50.6,63.0,0.803,191.2,199.2,0.96,311.9,414.9,0.752
Y7330001,Le Fium Albino au pont de la RD 333,Fium'Albino,2022-06-23,1,1,175,139.1,1.1,38.8,0.028,144.2,168.3,0.856,243.2,358.7,0.678
Y7330001,Le Fium Albino au pont de la RD 333,Fium'Albino,2022-07-11,1,1,193,139.1,5.8,23.7,0.246,103.8,135.5,0.766,204.0,329.1,0.62
Y7330001,Le Fium Albino au pont de la RD 333,Fium'Albino,2022-07-25,2,0,207,139.1,5.6,15.4,0.365,47.4,111.3,0.426,203.9,309.8,0.658
Y7330001,Le Fium Albino au pont de la RD 333,Fium'Albino,2022-08-10,2,0,223,139.1,0.6,14.9,0.04,7.4,87.0,0.085,204.1,282.0,0.724
Y7330001,Le Fium Albino au pont de la RD 333,Fium'Albino,2022-08-23,2,0,236,139.1,28.3,15.7,1.803,35.0,71.6,0.488,226.2,266.8,0.848
Y7330001,Le Fium Albino au pont de la RD 333,Fium'Albino,2022-09-09,2,0,253,139.1,31.2,29.6,1.053,37.6,68.3,0.551,213.7,245.2,0.871
Y7330001,Le Fium Albino au pont de la RD 333,Fium'Albino,2022-09-26,1,1,270,139.1,6.8,65.8,0.103,40.5,96.7,0.419,184.4,257.6,0.716
Y7330001,Le Fium Albino au pont de la RD 333,Fium'Albino,2022-10-10,3,0,284,139.1,16.5,77.6,0.212,48.2,123.7,0.39,150.1,258.2,0.581
Y7330001,Le Fium Albino au pont de la RD 333,Fium'Albino,2022-10-24,3,0,298,139.1,21.9,84.8,0.258,53.7,163.3,0.329,101.2,273.6,0.37
Y7330001,Le Fium Albino au pont de la RD 333,Fium'Albino,2022-11-11,2,0,316,139.1,28.9,124.2,0.233,63.0,238.4,0.264,84.1,320.6,0.262
Y7330001,Le Fium Albino au pont de la RD 333,Fium'Albino,2022-11-22,1,1,327,139.1,67.3,129.3,0.52,92.8,271.2,0.342,127.7,343.3,0.372
Y7330001,Le Fium Albino au pont de la RD 333,Fium'Albino,2022-12-14,1,1,349,139.1,134.0,102.3,1.31,180.4,306.9,0.588,217.9,380.8,0.572
Y7330001,Le Fium Albino au pont de la RD 333,Fium'Albino,2023-01-23,1,1,23,139.1,42.0,60.5,0.694,217.2,283.4,0.766,270.8,450.6,0.601
Y7330001,Le Fium Albino au pont de la RD 333,Fium'Albino,2023-02-22,1,1,53,139.1,12.7,61.3,0.208,149.9,218.1,0.687,255.5,494.1,0.517
Y7330001,Le Fium Albino au pont de la RD 333,Fium'Albino,2023-03-24,1f,1,84,139.1,149.3,67.2,2.221,204.0,189.2,1.078,398.3,498.2,0.8
Y7330001,Le Fium Albino au pont de la RD 333,Fium'Albino,2023-04-24,1a,1,115,139.1,22.1,69.0,0.32,174.3,195.5,0.892,401.3,479.0,0.838
Y7330001,Le Fium Albino au pont de la RD 333,Fium'Albino,2023-05-24,1a,1,145,139.1,89.6,60.5,1.481,260.9,198.6,1.314,410.8,409.1,1.004
Y7330001,Le Fium Albino au pont de la RD 333,Fium'Albino,2023-06-05,1a,1,157,139.1,70.7,46.6,1.516,117.4,175.3,0.67,355.3,386.6,0.919
Y7330001,Le Fium Albino au pont de la RD 333,Fium'Albino,2023-06-26,1a,1,178,139.1,49.6,39.6,1.254,159.0,160.7,0.989,365.2,352.0,1.037
Y7330001,Le Fium Albino au pont de la RD 333,Fium'Albino,2023-07-24,2,0,206,139.1,5.1,16.1,0.318,144.4,112.6,1.282,317.8,310.8,1.022
Y7330001,Le Fium Albino au pont de la RD 333,Fium'Albino,2023-08-21,3,0,234,139.1,0.9,15.3,0.062,55.8,71.3,0.782,316.7,270.5,1.171
Y7330001,Le Fium Albino au pont de la RD 333,Fium'Albino,2023-09-12,2,0,256,139.1,41.3,32.5,1.27,55.7,67.5,0.824,212.3,244.4,0.869
Y7330001,Le Fium Albino au pont de la RD 333,Fium'Albino,2023-09-25,2,0,269,139.1,58.7,65.4,0.898,64.7,96.0,0.674,223.7,257.5,0.869
Y7330001,Le Fium Albino au pont de la RD 333,Fium'Albino,2023-10-10,2,0,284,139.1,18.3,77.6,0.236,61.2,123.7,0.495,219.7,258.2,0.851
Y7330001,Le Fium Albino au pont de la RD 333,Fium'Albino,2023-10-23,2,0,297,139.1,5.6,84.7,0.066,65.2,158.2,0.412,209.6,269.6,0.777
Y7330001,Le Fium Albino au pont de la RD 333,Fium'Albino,2023-11-24,1a,1,329,139.1,81.2,125.4,0.648,157.0,275.1,0.571,212.7,346.7,0.614
Y7330001,Le Fium Albino au pont de la RD 333,Fium'Albino,2024-01-24,1a,1,24,139.1,54.6,62.0,0.881,162.7,283.2,0.574,240.0,453.7,0.529
Y7330001,Le Fium Albino au pont de la RD 333,Fium'Albino,2024-02-22,1a,1,53,139.1,8.0,61.3,0.131,90.1,218.1,0.413,247.1,494.1,0.5
Y7330001,Le Fium Albino au pont de la RD 333,Fium'Albino,2024-03-22,1a,1,82,139.1,143.9,68.2,2.109,206.6,189.8,1.089,332.3,504.7,0.658
Y7330001,Le Fium Albino au pont de la RD 333,Fium'Albino,2024-04-24,1a,1,115,139.1,70.3,69.0,1.02,222.1,195.5,1.136,384.9,479.0,0.804
Y7330001,Le Fium Albino au pont de la RD 333,Fium'Albino,2024-05-24,1a,1,145,139.1,68.8,60.5,1.138,282.0,198.6,1.42,371.6,409.1,0.908
Y7330001,Le Fium Albino au pont de la RD 333,Fium'Albino,2024-06-21,1a,1,173,139.1,35.1,39.2,0.894,173.9,172.7,1.007,380.5,361.4,1.053
Y7330001,Le Fium Albino au pont de la RD 333,Fium'Albino,2024-07-22,1a,1,204,139.1,70.7,16.6,4.25,191.9,119.0,1.613,396.4,315.5,1.256
Y7330001,Le Fium Albino au pont de la RD 333,Fium'Albino,2024-08-22,2,0,235,139.1,18.2,15.7,1.154,123.5,71.2,1.736,405.5,269.7,1.503
Y7330001,Le Fium Albino au pont de la RD 333,Fium'Albino,2024-09-23,1a,1,267,139.1,141.3,57.2,2.471,197.7,89.0,2.221,395.5,250.7,1.578
Y7330001,Le Fium Albino au pont de la RD 333,Fium'Albino,2024-10-10,1a,1,284,139.1,161.0,77.6,2.073,243.1,123.7,1.965,435.4,258.2,1.686
Y7330001,Le Fium Albino au pont de la RD 333,Fium'Albino,2024-10-22,1a,1,296,139.1,146.6,83.8,1.75,284.6,156.6,1.818,454.6,269.3,1.688
Y7330001,Le Fium Albino au pont de la RD 333,Fium'Albino,2024-11-12,1a,1,317,139.1,197.6,125.5,1.575,413.3,240.8,1.716,546.4,321.2,1.701
Y7330001,Le Fium Albino au pont de la RD 333,Fium'Albino,2025-04-11,1a,1,102,139.1,46.9,62.2,0.755,247.0,190.2,1.299,711.5,499.1,1.426
Y7330001,Le Fium Albino au pont de la RD 333,Fium'Albino,2025-05-23,1a,1,144,139.1,54.6,63.0,0.867,306.1,199.2,1.537,697.9,414.9,1.682
Y7330001,Le Fium Albino au pont de la RD 333,Fium'Albino,2025-06-23,1a,1,175,139.1,1.2,38.8,0.032,219.5,168.3,1.304,452.3,358.7,1.261
Y7330001,Le Fium Albino au pont de la RD 333,Fium'Albino,2025-07-23,1a,1,205,139.1,24.8,16.5,1.499,80.8,115.8,0.697,420.8,311.4,1.352
Y7330001,Le Fium Albino au pont de la RD 333,Fium'Albino,2025-08-25,1a,1,238,139.1,10.6,17.3,0.613,37.7,71.9,0.525,333.9,262.1,1.274
Y7330001,Le Fium Albino au pont de la RD 333,Fium'Albino,2025-09-25,1f,1,269,139.1,32.3,65.4,0.494,69.0,96.0,0.718,287.7,257.5,1.117
Y7330001,Le Fium Albino au pont de la RD 333,Fium'Albino,2025-10-24,1f,1,298,139.1,16.7,84.8,0.197,59.7,163.3,0.366,141.7,273.6,0.518
Y7330001,Le Fium Albino au pont de la RD 333,Fium'Albino,2025-11-20,1a,1,325,139.1,76.1,127.3,0.598,125.4,264.1,0.475,162.2,335.5,0.484
Y7330001,Le Fium Albino au pont de la RD 333,Fium'Albino,2025-12-15,1a,1,350,139.1,213.5,99.9,2.138,277.1,304.7,0.909,338.8,382.4,0.886
Y7330001,Le Fium Albino au pont de la RD 333,Fium'Albino,2026-01-14,1a,1,14,139.1,364.3,71.6,5.091,620.8,301.1,2.062,678.7,437.7,1.55
Y7330001,Le Fium Albino au pont de la RD 333,Fium'Albino,2026-04-21,1a,1,112,139.1,91.4,66.4,1.376,281.9,197.2,1.43,954.8,486.0,1.965
Y7330001,Le Fium Albino au pont de la RD 333,Fium'Albino,2026-05-25,1a,1,146,139.1,34.0,56.7,0.6,204.1,195.1,1.046,856.9,405.6,2.112
Y7330001,Le Fium Albino au pont de la RD 333,Fium'Albino,2026-06-26,1a,1,178,139.1,3.6,39.6,0.092,127.0,160.7,0.79,397.7,352.0,1.13
Y7330001,Le Fium Albino au pont de la RD 333,Fium'Albino,2026-07-13,1f,1,195,139.1,2.8,20.3,0.137,52.0,131.2,0.397,378.2,326.4,1.159
Y7330001,Le Fium Albino au pont de la RD 333,Fium'Albino,2026-07-23,1f,1,205,139.1,2.9,16.5,0.175,40.5,115.8,0.35,309.6,311.4,0.994
Y7330001,Le Fium Albino au pont de la RD 333,Fium'Albino,2026-08-25,1f,1,238,139.1,10.6,17.3,0.613,17.0,71.9,0.237,221.2,262.1,0.844
Y7330001,Le Fium Albino au pont de la RD 333,Fium'Albino,2026-09-24,1f,1,268,139.1,2.0,61.3,0.032,15.4,93.6,0.164,142.3,254.3,0.56
Y7400001,Le ruisseau de Pietracorbara après sa confluence avec le ruisseau de Piscine,Ruisseau de Pietracorbara,2012-05-25,1a,1,146,71.5,146.6,55.7,2.633,237.9,187.8,1.267,433.0,388.9,1.113
Y7400001,Le ruisseau de Pietracorbara après sa confluence avec le ruisseau de Piscine,Ruisseau de Pietracorbara,2012-06-25,1a,1,177,71.5,11.7,36.5,0.319,241.9,155.3,1.558,412.3,336.5,1.225
Y7400001,Le ruisseau de Pietracorbara après sa confluence avec le ruisseau de Piscine,Ruisseau de Pietracorbara,2012-07-11,1f,1,193,71.5,0.6,23.8,0.027,206.6,132.2,1.563,408.2,313.0,1.304
Y7400001,Le ruisseau de Pietracorbara après sa confluence avec le ruisseau de Piscine,Ruisseau de Pietracorbara,2012-07-25,1f,1,207,71.5,1.1,16.0,0.067,161.7,107.4,1.506,397.7,297.7,1.336
Y7400001,Le ruisseau de Pietracorbara après sa confluence avec le ruisseau de Piscine,Ruisseau de Pietracorbara,2012-08-23,2,0,236,71.5,0.0,14.8,0.001,15.1,67.5,0.224,253.0,255.3,0.991
Y7400001,Le ruisseau de Pietracorbara après sa confluence avec le ruisseau de Piscine,Ruisseau de Pietracorbara,2012-09-25,1f,1,269,71.5,111.5,67.8,1.645,112.6,97.8,1.151,354.5,254.0,1.395
Y7400001,Le ruisseau de Pietracorbara après sa confluence avec le ruisseau de Piscine,Ruisseau de Pietracorbara,2013-05-23,1a,1,144,71.5,106.8,62.7,1.702,500.0,191.4,2.612,823.6,400.3,2.057
Y7400001,Le ruisseau de Pietracorbara après sa confluence avec le ruisseau de Piscine,Ruisseau de Pietracorbara,2013-06-25,1f,1,177,71.5,9.7,36.5,0.266,264.5,155.3,1.703,693.0,336.5,2.06
Y7400001,Le ruisseau de Pietracorbara après sa confluence avec le ruisseau de Piscine,Ruisseau de Pietracorbara,2013-07-25,1a,1,207,71.5,0.5,16.0,0.032,120.3,107.4,1.12,615.3,297.7,2.066
Y7400001,Le ruisseau de Pietracorbara après sa confluence avec le ruisseau de Piscine,Ruisseau de Pietracorbara,2013-08-23,2,0,236,71.5,20.1,14.8,1.355,34.0,67.5,0.503,478.6,255.3,1.874
Y7400001,Le ruisseau de Pietracorbara après sa confluence avec le ruisseau de Piscine,Ruisseau de Pietracorbara,2013-09-19,1f,1,263,71.5,2.9,53.5,0.054,23.5,86.3,0.272,319.8,251.7,1.27
Y7400001,Le ruisseau de Pietracorbara après sa confluence avec le ruisseau de Piscine,Ruisseau de Pietracorbara,2013-10-24,1f,1,298,71.5,63.5,83.9,0.758,86.5,164.7,0.525,204.6,270.7,0.756
Y7400001,Le ruisseau de Pietracorbara après sa confluence avec le ruisseau de Piscine,Ruisseau de Pietracorbara,2014-05-26,1a,1,147,71.5,54.7,54.9,0.997,206.5,184.3,1.12,414.1,385.2,1.075
Y7400001,Le ruisseau de Pietracorbara après sa confluence avec le ruisseau de Piscine,Ruisseau de Pietracorbara,2014-06-25,1a,1,177,71.5,87.1,36.5,2.384,168.2,155.3,1.083,479.8,336.5,1.426
Y7400001,Le ruisseau de Pietracorbara après sa confluence avec le ruisseau de Piscine,Ruisseau de Pietracorbara,2014-07-24,1a,1,206,71.5,86.9,16.9,5.145,228.6,108.4,2.109,488.8,298.8,1.636
Y7400001,Le ruisseau de Pietracorbara après sa confluence avec le ruisseau de Piscine,Ruisseau de Pietracorbara,2014-08-27,1f,1,240,71.5,35.6,17.7,2.012,209.4,69.0,3.037,384.6,246.8,1.558
Y7400001,Le ruisseau de Pietracorbara après sa confluence avec le ruisseau de Piscine,Ruisseau de Pietracorbara,2014-09-25,1f,1,269,71.5,36.3,67.8,0.535,100.4,97.8,1.027,326.4,254.0,1.285
Y7400001,Le ruisseau de Pietracorbara après sa confluence avec le ruisseau de Piscine,Ruisseau de Pietracorbara,2014-10-28,2,0,302,71.5,22.3,92.4,0.241,68.2,180.2,0.378,293.3,279.2,1.051
Y7400001,Le ruisseau de Pietracorbara après sa confluence avec le ruisseau de Piscine,Ruisseau de Pietracorbara,2015-05-26,1a,1,147,71.5,49.3,54.9,0.899,377.6,184.3,2.049,893.6,385.2,2.32
Y7400001,Le ruisseau de Pietracorbara après sa confluence avec le ruisseau de Piscine,Ruisseau de Pietracorbara,2015-06-23,1a,1,175,71.5,46.3,34.4,1.346,167.0,160.2,1.043,751.5,340.8,2.205
Y7400001,Le ruisseau de Pietracorbara après sa confluence avec le ruisseau de Piscine,Ruisseau de Pietracorbara,2015-07-23,1f,1,205,71.5,0.0,17.5,0.002,95.7,111.9,0.855,719.0,299.1,2.404
Y7400001,Le ruisseau de Pietracorbara après sa confluence avec le ruisseau de Piscine,Ruisseau de Pietracorbara,2015-08-27,1a,1,240,71.5,107.7,17.7,6.087,151.2,69.0,2.193,529.8,246.8,2.147
Y7400001,Le ruisseau de Pietracorbara après sa confluence avec le ruisseau de Piscine,Ruisseau de Pietracorbara,2015-09-22,1f,1,266,71.5,47.9,59.2,0.81,108.2,90.9,1.189,210.5,248.8,0.846
Y7400001,Le ruisseau de Pietracorbara après sa confluence avec le ruisseau de Piscine,Ruisseau de Pietracorbara,2016-05-18,1,1,139,71.5,97.9,64.0,1.529,293.5,190.7,1.539,595.9,410.0,1.453
Y7400001,Le ruisseau de Pietracorbara après sa confluence avec le ruisseau de Piscine,Ruisseau de Pietracorbara,2016-06-27,1,1,179,71.5,30.7,39.2,0.783,154.3,156.3,0.987,497.8,336.8,1.478
Y7400001,Le ruisseau de Pietracorbara après sa confluence avec le ruisseau de Piscine,Ruisseau de Pietracorbara,2016-07-22,1,1,204,71.5,0.1,17.8,0.005,130.1,115.6,1.126,397.7,302.9,1.313
Y7400001,Le ruisseau de Pietracorbara après sa confluence avec le ruisseau de Piscine,Ruisseau de Pietracorbara,2016-08-22,1,1,235,71.5,0.3,15.5,0.022,32.8,67.4,0.487,325.7,258.4,1.26
Y7400001,Le ruisseau de Pietracorbara après sa confluence avec le ruisseau de Piscine,Ruisseau de Pietracorbara,2016-09-06,1,1,250,71.5,19.6,28.2,0.696,42.5,68.0,0.625,184.6,236.3,0.781
Y7400001,Le ruisseau de Pietracorbara après sa confluence avec le ruisseau de Piscine,Ruisseau de Pietracorbara,2016-09-21,2,0,265,71.5,81.8,57.1,1.434,82.8,90.1,0.919,237.1,250.2,0.948
Y7400001,Le ruisseau de Pietracorbara après sa confluence avec le ruisseau de Piscine,Ruisseau de Pietracorbara,2017-05-22,1,1,143,71.5,18.5,65.2,0.283,62.8,192.9,0.325,634.3,403.8,1.571
Y7400001,Le ruisseau de Pietracorbara après sa confluence avec le ruisseau de Piscine,Ruisseau de Pietracorbara,2017-06-27,1,1,179,71.5,0.3,39.2,0.008,36.5,156.3,0.234,304.5,336.8,0.904
Y7400001,Le ruisseau de Pietracorbara après sa confluence avec le ruisseau de Piscine,Ruisseau de Pietracorbara,2017-06-28,1,1,180,71.5,0.3,38.7,0.008,36.5,155.7,0.234,304.5,334.8,0.909
Y7400001,Le ruisseau de Pietracorbara après sa confluence avec le ruisseau de Piscine,Ruisseau de Pietracorbara,2017-07-19,1,1,201,71.5,0.6,17.9,0.034,19.4,121.1,0.16,276.6,306.3,0.903
Y7400001,Le ruisseau de Pietracorbara après sa confluence avec le ruisseau de Piscine,Ruisseau de Pietracorbara,2017-08-02,1,1,215,71.5,0.4,13.2,0.027,9.5,90.1,0.105,183.5,283.2,0.648
Y7400001,Le ruisseau de Pietracorbara après sa confluence avec le ruisseau de Piscine,Ruisseau de Pietracorbara,2017-08-16,1,1,229,71.5,0.4,14.2,0.025,3.3,74.4,0.044,65.3,265.1,0.246
Y7400001,Le ruisseau de Pietracorbara après sa confluence avec le ruisseau de Piscine,Ruisseau de Pietracorbara,2017-08-29,2,0,242,71.5,0.0,17.8,0.0,1.3,67.7,0.019,60.1,242.2,0.248
Y7400001,Le ruisseau de Pietracorbara après sa confluence avec le ruisseau de Piscine,Ruisseau de Pietracorbara,2017-08-30,1,1,243,71.5,0.0,20.1,0.0,1.3,69.2,0.018,60.1,241.8,0.248
Y7400001,Le ruisseau de Pietracorbara après sa confluence avec le ruisseau de Piscine,Ruisseau de Pietracorbara,2017-09-27,1,1,271,71.5,60.0,67.9,0.884,60.7,98.7,0.615,97.5,253.7,0.384
Y7400001,Le ruisseau de Pietracorbara après sa confluence avec le ruisseau de Piscine,Ruisseau de Pietracorbara,2017-10-24,1,1,298,71.5,4.9,83.9,0.058,64.9,164.7,0.394,83.4,270.7,0.308
Y7400001,Le ruisseau de Pietracorbara après sa confluence avec le ruisseau de Piscine,Ruisseau de Pietracorbara,2017-11-07,1,1,312,71.5,52.2,119.7,0.436,113.5,227.8,0.498,116.9,310.5,0.377
Y7400001,Le ruisseau de Pietracorbara après sa confluence avec le ruisseau de Piscine,Ruisseau de Pietracorbara,2017-11-22,1,1,327,71.5,73.9,126.1,0.586,138.8,270.7,0.513,140.1,339.0,0.413
Y7400001,Le ruisseau de Pietracorbara après sa confluence avec le ruisseau de Piscine,Ruisseau de Pietracorbara,2018-02-06,1,1,37,71.5,82.8,56.6,1.463,293.5,237.5,1.236,410.2,470.3,0.872
Y7400001,Le ruisseau de Pietracorbara après sa confluence avec le ruisseau de Piscine,Ruisseau de Pietracorbara,2018-03-06,1,1,66,71.5,226.6,66.2,3.424,349.5,198.7,1.759,604.4,504.4,1.198
Y7400001,Le ruisseau de Pietracorbara après sa confluence avec le ruisseau de Piscine,Ruisseau de Pietracorbara,2018-03-21,1,1,81,71.5,270.4,65.5,4.125,431.0,181.1,2.38,673.6,492.5,1.368
Y7400001,Le ruisseau de Pietracorbara après sa confluence avec le ruisseau de Piscine,Ruisseau de Pietracorbara,2018-04-25,1,1,116,71.5,70.7,66.5,1.064,468.8,190.4,2.462,738.2,461.3,1.6
Y7400001,Le ruisseau de Pietracorbara après sa confluence avec le ruisseau de Piscine,Ruisseau de Pietracorbara,2018-05-29,1,1,150,71.5,181.0,49.7,3.643,436.1,177.8,2.452,844.6,376.7,2.242
Y7400001,Le ruisseau de Pietracorbara après sa confluence avec le ruisseau de Piscine,Ruisseau de Pietracorbara,2018-06-19,1,1,171,71.5,30.0,38.4,0.781,264.9,164.7,1.609,695.9,345.7,2.013
Y7400001,Le ruisseau de Pietracorbara après sa confluence avec le ruisseau de Piscine,Ruisseau de Pietracorbara,2018-07-25,1,1,207,71.5,33.8,16.0,2.115,227.3,107.4,2.117,696.1,297.7,2.338
Y7400001,Le ruisseau de Pietracorbara après sa confluence avec le ruisseau de Piscine,Ruisseau de Pietracorbara,2018-08-27,1,1,240,71.5,5.5,17.7,0.313,51.7,69.0,0.75,487.8,246.8,1.977
Y7400001,Le ruisseau de Pietracorbara après sa confluence avec le ruisseau de Piscine,Ruisseau de Pietracorbara,2018-09-25,1,1,269,71.5,50.6,67.8,0.747,90.0,97.8,0.92,354.3,254.0,1.395
Y7400001,Le ruisseau de Pietracorbara après sa confluence avec le ruisseau de Piscine,Ruisseau de Pietracorbara,2018-10-25,1,1,299,71.5,133.6,83.9,1.593,189.8,169.7,1.119,417.1,271.2,1.538
Y7400001,Le ruisseau de Pietracorbara après sa confluence avec le ruisseau de Piscine,Ruisseau de Pietracorbara,2019-04-02,1,1,93,71.5,11.4,56.4,0.201,131.3,172.9,0.759,741.8,488.9,1.517
Y7400001,Le ruisseau de Pietracorbara après sa confluence avec le ruisseau de Piscine,Ruisseau de Pietracorbara,2019-04-24,1,1,115,71.5,173.2,65.8,2.634,241.7,187.3,1.291,774.2,461.9,1.676
Y7400001,Le ruisseau de Pietracorbara après sa confluence avec le ruisseau de Piscine,Ruisseau de Pietracorbara,2019-05-27,1,1,148,71.5,98.1,54.4,1.804,271.6,182.4,1.489,508.8,381.6,1.333
Y7400001,Le ruisseau de Pietracorbara après sa confluence avec le ruisseau de Piscine,Ruisseau de Pietracorbara,2019-06-20,1,1,172,71.5,30.0,36.8,0.816,275.1,164.4,1.673,395.6,342.8,1.154
Y7400001,Le ruisseau de Pietracorbara après sa confluence avec le ruisseau de Piscine,Ruisseau de Pietracorbara,2019-07-25,1,1,207,71.5,119.9,16.0,7.501,222.8,107.4,2.075,464.4,297.7,1.56
Y7400001,Le ruisseau de Pietracorbara après sa confluence avec le ruisseau de Piscine,Ruisseau de Pietracorbara,2019-08-27,1,1,240,71.5,36.6,17.7,2.067,195.9,69.0,2.84,469.5,246.8,1.902
Y7400001,Le ruisseau de Pietracorbara après sa confluence avec le ruisseau de Piscine,Ruisseau de Pietracorbara,2019-09-25,1,1,269,71.5,17.6,67.8,0.26,210.6,97.8,2.154,475.5,254.0,1.872
Y7400001,Le ruisseau de Pietracorbara après sa confluence avec le ruisseau de Piscine,Ruisseau de Pietracorbara,2019-10-28,1,1,302,71.5,181.8,92.4,1.969,226.4,180.2,1.257,495.4,279.2,1.775
Y7400001,Le ruisseau de Pietracorbara après sa confluence avec le ruisseau de Piscine,Ruisseau de Pietracorbara,2020-05-27,1,1,148,71.5,72.0,54.4,1.323,269.3,182.4,1.476,402.5,381.6,1.055
Y7400001,Le ruisseau de Pietracorbara après sa confluence avec le ruisseau de Piscine,Ruisseau de Pietracorbara,2020-06-23,1,1,175,71.5,50.2,34.4,1.457,278.4,160.2,1.738,380.4,340.8,1.116
Y7400001,Le ruisseau de Pietracorbara après sa confluence avec le ruisseau de Piscine,Ruisseau de Pietracorbara,2020-07-24,1,1,206,71.5,5.7,16.9,0.337,127.9,108.4,1.18,326.3,298.8,1.092
Y7400001,Le ruisseau de Pietracorbara après sa confluence avec le ruisseau de Piscine,Ruisseau de Pietracorbara,2020-08-14,2,0,227,71.5,6.3,15.0,0.422,100.0,76.2,1.312,326.6,266.6,1.225
Y7400001,Le ruisseau de Pietracorbara après sa confluence avec le ruisseau de Piscine,Ruisseau de Pietracorbara,2020-08-25,2,0,238,71.5,1.0,17.4,0.059,56.9,69.0,0.824,326.2,251.4,1.297
Y7400001,Le ruisseau de Pietracorbara après sa confluence avec le ruisseau de Piscine,Ruisseau de Pietracorbara,2020-09-24,1,1,268,71.5,36.4,63.5,0.572,43.1,95.9,0.449,283.5,250.7,1.131
Y7400001,Le ruisseau de Pietracorbara après sa confluence avec le ruisseau de Piscine,Ruisseau de Pietracorbara,2020-10-26,1,1,300,71.5,97.2,86.1,1.129,200.6,172.0,1.166,320.6,272.9,1.175
Y7400001,Le ruisseau de Pietracorbara après sa confluence avec le ruisseau de Piscine,Ruisseau de Pietracorbara,2021-05-26,1,1,147,71.5,40.2,54.9,0.732,72.8,184.3,0.395,443.1,385.2,1.15
Y7400001,Le ruisseau de Pietracorbara après sa confluence avec le ruisseau de Piscine,Ruisseau de Pietracorbara,2021-06-30,1,1,182,71.5,0.3,37.3,0.009,63.0,154.8,0.407,235.3,328.6,0.716
Y7400001,Le ruisseau de Pietracorbara après sa confluence avec le ruisseau de Piscine,Ruisseau de Pietracorbara,2021-07-26,1,1,208,71.5,4.2,15.0,0.277,44.6,106.0,0.421,142.1,296.4,0.479
Y7400001,Le ruisseau de Pietracorbara après sa confluence avec le ruisseau de Piscine,Ruisseau de Pietracorbara,2021-08-16,1,1,229,71.5,0.8,14.2,0.059,12.9,74.4,0.173,78.3,265.1,0.295
Y7400001,Le ruisseau de Pietracorbara après sa confluence avec le ruisseau de Piscine,Ruisseau de Pietracorbara,2021-08-27,2,0,240,71.5,4.0,17.7,0.229,9.0,69.0,0.131,81.9,246.8,0.332
Y7400001,Le ruisseau de Pietracorbara après sa confluence avec le ruisseau de Piscine,Ruisseau de Pietracorbara,2021-09-23,1,1,267,71.5,13.2,58.9,0.224,18.2,90.7,0.201,81.2,245.9,0.33
Y7400001,Le ruisseau de Pietracorbara après sa confluence avec le ruisseau de Piscine,Ruisseau de Pietracorbara,2021-10-25,1,1,299,71.5,12.7,83.9,0.152,26.4,169.7,0.156,63.8,271.2,0.235
Y7400001,Le ruisseau de Pietracorbara après sa confluence avec le ruisseau de Piscine,Ruisseau de Pietracorbara,2022-03-25,1,1,85,71.5,23.4,65.3,0.359,76.1,180.6,0.421,442.4,486.8,0.909
Y7400001,Le ruisseau de Pietracorbara après sa confluence avec le ruisseau de Piscine,Ruisseau de Pietracorbara,2022-04-25,1,1,116,71.5,66.2,66.5,0.996,102.6,190.4,0.539,495.9,461.3,1.075
Y7400001,Le ruisseau de Pietracorbara après sa confluence avec le ruisseau de Piscine,Ruisseau de Pietracorbara,2022-05-23,1,1,144,71.5,47.3,62.7,0.754,126.3,191.4,0.66,252.6,400.3,0.631
Y7400001,Le ruisseau de Pietracorbara après sa confluence avec le ruisseau de Piscine,Ruisseau de Pietracorbara,2022-06-23,1,1,175,71.5,0.5,34.4,0.014,103.4,160.2,0.645,179.4,340.8,0.527
Y7400001,Le ruisseau de Pietracorbara après sa confluence avec le ruisseau de Piscine,Ruisseau de Pietracorbara,2022-07-11,1,1,193,71.5,18.0,23.8,0.757,86.5,132.2,0.655,158.0,313.0,0.505
Y7400001,Le ruisseau de Pietracorbara après sa confluence avec le ruisseau de Piscine,Ruisseau de Pietracorbara,2022-07-25,2,0,207,71.5,17.9,16.0,1.12,54.7,107.4,0.51,157.7,297.7,0.53
Y7400001,Le ruisseau de Pietracorbara après sa confluence avec le ruisseau de Piscine,Ruisseau de Pietracorbara,2022-08-10,3,0,223,71.5,0.1,14.6,0.009,18.5,82.8,0.224,157.5,270.8,0.582
Y7400001,Le ruisseau de Pietracorbara après sa confluence avec le ruisseau de Piscine,Ruisseau de Pietracorbara,2022-08-23,3,0,236,71.5,14.0,14.8,0.948,32.5,67.5,0.481,158.8,255.3,0.622
Y7400001,Le ruisseau de Pietracorbara après sa confluence avec le ruisseau de Piscine,Ruisseau de Pietracorbara,2022-09-09,2,0,253,71.5,29.0,29.5,0.985,47.2,67.8,0.696,155.7,236.2,0.659
Y7400001,Le ruisseau de Pietracorbara après sa confluence avec le ruisseau de Piscine,Ruisseau de Pietracorbara,2022-09-26,3,0,270,71.5,18.7,68.1,0.274,50.6,98.4,0.514,153.9,254.1,0.606
Y7400001,Le ruisseau de Pietracorbara après sa confluence avec le ruisseau de Piscine,Ruisseau de Pietracorbara,2022-10-10,3,0,284,71.5,15.8,79.7,0.198,44.9,125.7,0.357,131.5,256.5,0.513
Y7400001,Le ruisseau de Pietracorbara après sa confluence avec le ruisseau de Piscine,Ruisseau de Pietracorbara,2022-10-24,3,0,298,71.5,17.4,83.9,0.207,46.7,164.7,0.284,101.4,270.7,0.375
Y7400001,Le ruisseau de Pietracorbara après sa confluence avec le ruisseau de Piscine,Ruisseau de Pietracorbara,2022-11-11,3,0,316,71.5,23.4,122.5,0.191,68.3,240.1,0.285,87.1,318.3,0.274
Y7400001,Le ruisseau de Pietracorbara après sa confluence avec le ruisseau de Piscine,Ruisseau de Pietracorbara,2022-11-22,1,1,327,71.5,91.0,126.1,0.722,123.7,270.7,0.457,156.1,339.0,0.461
Y7400001,Le ruisseau de Pietracorbara après sa confluence avec le ruisseau de Piscine,Ruisseau de Pietracorbara,2022-12-14,1,1,349,71.5,198.2,101.2,1.958,237.4,306.2,0.775,284.7,382.0,0.745
Y7400001,Le ruisseau de Pietracorbara après sa confluence avec le ruisseau de Piscine,Ruisseau de Pietracorbara,2023-01-23,1,1,23,71.5,66.5,56.7,1.173,313.4,276.1,1.135,360.2,446.1,0.808
Y7400001,Le ruisseau de Pietracorbara après sa confluence avec le ruisseau de Piscine,Ruisseau de Pietracorbara,2023-02-22,1,1,53,71.5,18.8,58.9,0.319,236.1,211.7,1.115,365.0,486.6,0.75
Y7400001,Le ruisseau de Pietracorbara après sa confluence avec le ruisseau de Piscine,Ruisseau de Pietracorbara,2023-03-24,1a,1,84,71.5,88.1,62.9,1.4,173.3,178.7,0.97,436.1,483.9,0.901
Y7400001,Le ruisseau de Pietracorbara après sa confluence avec le ruisseau de Piscine,Ruisseau de Pietracorbara,2023-04-24,1a,1,115,71.5,25.8,65.8,0.393,114.4,187.3,0.611,445.9,461.9,0.965
Y7400001,Le ruisseau de Pietracorbara après sa confluence avec le ruisseau de Piscine,Ruisseau de Pietracorbara,2023-05-24,1a,1,145,71.5,107.4,60.0,1.791,221.5,191.0,1.16,457.6,392.8,1.165
Y7400001,Le ruisseau de Pietracorbara après sa confluence avec le ruisseau de Piscine,Ruisseau de Pietracorbara,2023-06-05,1a,1,157,71.5,92.9,43.8,2.118,144.3,167.4,0.862,373.5,367.2,1.017
Y7400001,Le ruisseau de Pietracorbara après sa confluence avec le ruisseau de Piscine,Ruisseau de Pietracorbara,2023-06-26,1a,1,178,71.5,21.9,36.6,0.597,152.6,154.8,0.986,328.1,335.5,0.978
Y7400001,Le ruisseau de Pietracorbara après sa confluence avec le ruisseau de Piscine,Ruisseau de Pietracorbara,2023-07-24,1f,1,206,71.5,20.6,16.9,1.221,150.0,108.4,1.384,264.3,298.8,0.885
Y7400001,Le ruisseau de Pietracorbara après sa confluence avec le ruisseau de Piscine,Ruisseau de Pietracorbara,2023-08-21,2,0,234,71.5,3.2,14.7,0.217,45.9,67.6,0.679,267.3,259.0,1.032
Y7400001,Le ruisseau de Pietracorbara après sa confluence avec le ruisseau de Piscine,Ruisseau de Pietracorbara,2023-09-12,1a,1,256,71.5,56.2,33.5,1.675,82.4,69.3,1.19,236.6,237.2,0.998
Y7400001,Le ruisseau de Pietracorbara après sa confluence avec le ruisseau de Piscine,Ruisseau de Pietracorbara,2023-09-25,1a,1,269,71.5,66.1,67.8,0.975,89.9,97.8,0.919,242.5,254.0,0.955
Y7400001,Le ruisseau de Pietracorbara après sa confluence avec le ruisseau de Piscine,Ruisseau de Pietracorbara,2023-10-10,2,0,284,71.5,10.2,79.7,0.127,69.9,125.7,0.556,232.4,256.5,0.906
Y7400001,Le ruisseau de Pietracorbara après sa confluence avec le ruisseau de Piscine,Ruisseau de Pietracorbara,2023-10-23,2,0,297,71.5,11.5,85.8,0.134,80.5,160.4,0.502,230.7,267.8,0.861
Y7400001,Le ruisseau de Pietracorbara après sa confluence avec le ruisseau de Piscine,Ruisseau de Pietracorbara,2023-11-24,1a,1,329,71.5,76.4,122.4,0.624,172.1,274.0,0.628,217.8,343.3,0.635
Y7400001,Le ruisseau de Pietracorbara après sa confluence avec le ruisseau de Piscine,Ruisseau de Pietracorbara,2024-01-24,1a,1,24,71.5,32.7,57.9,0.564,148.9,275.4,0.541,248.2,448.5,0.553
Y7400001,Le ruisseau de Pietracorbara après sa confluence avec le ruisseau de Piscine,Ruisseau de Pietracorbara,2024-02-22,1a,1,53,71.5,10.9,58.9,0.185,84.0,211.7,0.397,256.1,486.6,0.526
Y7400001,Le ruisseau de Pietracorbara après sa confluence avec le ruisseau de Piscine,Ruisseau de Pietracorbara,2024-03-22,1a,1,82,71.5,133.9,64.1,2.088,177.6,178.4,0.996,324.0,491.5,0.659
Y7400001,Le ruisseau de Pietracorbara après sa confluence avec le ruisseau de Piscine,Ruisseau de Pietracorbara,2024-04-24,1a,1,115,71.5,49.4,65.8,0.752,194.1,187.3,1.037,343.2,461.9,0.743
Y7400001,Le ruisseau de Pietracorbara après sa confluence avec le ruisseau de Piscine,Ruisseau de Pietracorbara,2024-05-24,1a,1,145,71.5,73.9,60.0,1.232,256.5,191.0,1.343,341.0,392.8,0.868
Y7400001,Le ruisseau de Pietracorbara après sa confluence avec le ruisseau de Piscine,Ruisseau de Pietracorbara,2024-06-21,1a,1,173,71.5,13.5,34.8,0.387,136.8,165.4,0.827,314.4,343.0,0.917
Y7400001,Le ruisseau de Pietracorbara après sa confluence avec le ruisseau de Piscine,Ruisseau de Pietracorbara,2024-07-22,2,0,204,71.5,37.4,17.8,2.102,144.3,115.6,1.249,319.0,302.9,1.053
Y7400001,Le ruisseau de Pietracorbara après sa confluence avec le ruisseau de Piscine,Ruisseau de Pietracorbara,2024-08-22,3,0,235,71.5,11.6,15.5,0.751,62.4,67.4,0.927,319.0,258.4,1.234
Y7400001,Le ruisseau de Pietracorbara après sa confluence avec le ruisseau de Piscine,Ruisseau de Pietracorbara,2024-09-23,1a,1,267,71.5,82.1,58.9,1.394,105.7,90.7,1.166,260.7,245.9,1.06
Y7400001,Le ruisseau de Pietracorbara après sa confluence avec le ruisseau de Piscine,Ruisseau de Pietracorbara,2024-10-10,1a,1,284,71.5,109.0,79.7,1.368,164.6,125.7,1.309,317.5,256.5,1.238
Y7400001,Le ruisseau de Pietracorbara après sa confluence avec le ruisseau de Piscine,Ruisseau de Pietracorbara,2024-10-22,1a,1,296,71.5,160.3,85.6,1.873,248.0,159.5,1.555,369.5,267.9,1.379
Y7400001,Le ruisseau de Pietracorbara après sa confluence avec le ruisseau de Piscine,Ruisseau de Pietracorbara,2024-11-12,1a,1,317,71.5,174.8,123.2,1.418,334.4,242.0,1.382,398.7,318.2,1.253
Y7400001,Le ruisseau de Pietracorbara après sa confluence avec le ruisseau de Piscine,Ruisseau de Pietracorbara,2025-04-11,1a,1,102,71.5,48.4,57.6,0.84,178.9,177.8,1.006,545.3,481.5,1.133
Y7400001,Le ruisseau de Pietracorbara après sa confluence avec le ruisseau de Piscine,Ruisseau de Pietracorbara,2025-05-23,1a,1,144,71.5,78.6,62.7,1.252,284.8,191.4,1.488,563.7,400.3,1.408
Y7400001,Le ruisseau de Pietracorbara après sa confluence avec le ruisseau de Piscine,Ruisseau de Pietracorbara,2025-06-23,1a,1,175,71.5,1.2,34.4,0.036,212.7,160.2,1.328,385.1,340.8,1.13
Y7400001,Le ruisseau de Pietracorbara après sa confluence avec le ruisseau de Piscine,Ruisseau de Pietracorbara,2025-07-23,1a,1,205,71.5,3.1,17.5,0.178,82.2,111.9,0.735,337.4,299.1,1.128
Y7400001,Le ruisseau de Pietracorbara après sa confluence avec le ruisseau de Piscine,Ruisseau de Pietracorbara,2025-08-25,1f,1,238,71.5,32.8,17.4,1.881,38.1,69.0,0.552,316.4,251.4,1.259
Y7400001,Le ruisseau de Pietracorbara après sa confluence avec le ruisseau de Piscine,Ruisseau de Pietracorbara,2025-09-25,1f,1,269,71.5,34.7,67.8,0.511,71.1,97.8,0.727,283.2,254.0,1.115
Y7400001,Le ruisseau de Pietracorbara après sa confluence avec le ruisseau de Piscine,Ruisseau de Pietracorbara,2025-10-24,1f,1,298,71.5,85.5,83.9,1.019,152.3,164.7,0.925,235.5,270.7,0.87
Y7400001,Le ruisseau de Pietracorbara après sa confluence avec le ruisseau de Piscine,Ruisseau de Pietracorbara,2025-11-20,1f,1,325,71.5,61.2,123.6,0.495,178.7,263.3,0.679,216.6,330.8,0.655
Y7400001,Le ruisseau de Pietracorbara après sa confluence avec le ruisseau de Piscine,Ruisseau de Pietracorbara,2025-12-15,1a,1,350,71.5,150.7,100.0,1.507,292.1,304.9,0.958,344.5,383.9,0.897
Y7400001,Le ruisseau de Pietracorbara après sa confluence avec le ruisseau de Piscine,Ruisseau de Pietracorbara,2026-01-14,1a,1,14,71.5,249.2,69.0,3.614,444.4,296.9,1.497,590.6,435.9,1.355
Y7400001,Le ruisseau de Pietracorbara après sa confluence avec le ruisseau de Piscine,Ruisseau de Pietracorbara,2026-04-21,1a,1,112,71.5,53.7,63.7,0.843,248.1,186.2,1.332,702.5,468.5,1.499
Y7400001,Le ruisseau de Pietracorbara après sa confluence avec le ruisseau de Piscine,Ruisseau de Pietracorbara,2026-05-25,1a,1,146,71.5,46.2,55.7,0.83,151.0,187.8,0.804,627.8,388.9,1.614
Y7400001,Le ruisseau de Pietracorbara après sa confluence avec le ruisseau de Piscine,Ruisseau de Pietracorbara,2026-06-26,1f,1,178,71.5,2.9,36.6,0.08,102.3,154.8,0.661,336.1,335.5,1.002
Y7400001,Le ruisseau de Pietracorbara après sa confluence avec le ruisseau de Piscine,Ruisseau de Pietracorbara,2026-07-13,1f,1,195,71.5,1.7,21.5,0.08,59.7,127.3,0.469,316.0,310.6,1.017
Y7400001,Le ruisseau de Pietracorbara après sa confluence avec le ruisseau de Piscine,Ruisseau de Pietracorbara,2026-07-23,1f,1,205,71.5,1.6,17.5,0.09,50.7,111.9,0.453,286.9,299.1,0.959
Y7400001,Le ruisseau de Pietracorbara après sa confluence avec le ruisseau de Piscine,Ruisseau de Pietracorbara,2026-08-25,3,0,238,71.5,9.1,17.4,0.521,13.6,69.0,0.197,164.4,251.4,0.654
Y7400001,Le ruisseau de Pietracorbara après sa confluence avec le ruisseau de Piscine,Ruisseau de Pietracorbara,2026-09-24,3,0,268,71.5,6.4,63.5,0.101,17.0,95.9,0.178,119.4,250.7,0.476
Y7410001,Le Luri au pont de Casanova,Ruisseau de Luri,2012-05-25,1a,1,146,36.4,162.2,50.4,3.218,260.6,168.2,1.549,477.4,355.2,1.344
Y7410001,Le Luri au pont de Casanova,Ruisseau de Luri,2012-06-25,1a,1,177,36.4,10.9,32.5,0.335,263.6,139.4,1.89,450.0,304.9,1.476
Y7410001,Le Luri au pont de Casanova,Ruisseau de Luri,2012-07-11,1f,1,193,36.4,0.8,21.1,0.036,226.7,118.7,1.91,445.3,282.9,1.574
Y7410001,Le Luri au pont de Casanova,Ruisseau de Luri,2012-07-25,1a,1,207,36.4,1.2,14.5,0.085,176.8,96.5,1.831,432.3,268.5,1.61
Y7410001,Le Luri au pont de Casanova,Ruisseau de Luri,2012-08-23,1f,1,236,36.4,0.0,13.5,0.001,14.6,60.7,0.241,275.2,228.9,1.202
Y7410001,Le Luri au pont de Casanova,Ruisseau de Luri,2012-09-25,1a,1,269,36.4,120.5,64.0,1.884,121.7,92.0,1.323,385.3,231.3,1.666
Y7410001,Le Luri au pont de Casanova,Ruisseau de Luri,2013-05-23,1a,1,144,36.4,117.2,56.5,2.073,539.6,171.4,3.149,887.4,367.8,2.412
Y7410001,Le Luri au pont de Casanova,Ruisseau de Luri,2013-06-25,1f,1,177,36.4,9.6,32.5,0.294,292.2,139.4,2.096,746.9,304.9,2.449
Y7410001,Le Luri au pont de Casanova,Ruisseau de Luri,2013-07-25,1a,1,207,36.4,0.5,14.5,0.034,130.7,96.5,1.354,661.9,268.5,2.465
Y7410001,Le Luri au pont de Casanova,Ruisseau de Luri,2013-08-23,1f,1,236,36.4,18.8,13.5,1.397,32.7,60.7,0.54,513.9,228.9,2.245
Y7410001,Le Luri au pont de Casanova,Ruisseau de Luri,2013-09-19,1f,1,263,36.4,3.0,50.1,0.06,22.3,79.2,0.282,342.2,227.1,1.507
Y7410001,Le Luri au pont de Casanova,Ruisseau de Luri,2013-10-24,1f,1,298,36.4,70.2,78.8,0.89,92.0,155.0,0.593,220.6,250.3,0.881
Y7410001,Le Luri au pont de Casanova,Ruisseau de Luri,2014-05-26,1a,1,147,36.4,51.8,49.5,1.047,220.8,165.2,1.336,450.6,351.4,1.282
Y7410001,Le Luri au pont de Casanova,Ruisseau de Luri,2014-06-25,1a,1,177,36.4,88.4,32.5,2.718,168.6,139.4,1.209,514.9,304.9,1.688
Y7410001,Le Luri au pont de Casanova,Ruisseau de Luri,2014-07-24,1a,1,206,36.4,68.4,15.3,4.481,208.5,97.6,2.136,498.1,269.4,1.849
Y7410001,Le Luri au pont de Casanova,Ruisseau de Luri,2014-08-26,1f,1,239,36.4,38.5,16.4,2.354,195.2,62.4,3.13,378.0,224.4,1.684
Y7410001,Le Luri au pont de Casanova,Ruisseau de Luri,2014-09-25,1a,1,269,36.4,33.6,64.0,0.525,101.0,92.0,1.097,308.9,231.3,1.336
Y7410001,Le Luri au pont de Casanova,Ruisseau de Luri,2014-10-28,1,1,302,36.4,24.4,88.1,0.277,67.8,170.2,0.398,280.6,259.3,1.082
Y7410001,Le Luri au pont de Casanova,Ruisseau de Luri,2015-05-26,1a,1,147,36.4,54.3,49.5,1.097,418.3,165.2,2.532,961.2,351.4,2.735
Y7410001,Le Luri au pont de Casanova,Ruisseau de Luri,2015-06-23,1a,1,175,36.4,51.2,31.0,1.653,182.2,143.6,1.269,814.4,309.0,2.635
Y7410001,Le Luri au pont de Casanova,Ruisseau de Luri,2015-07-23,1f,1,205,36.4,0.0,15.7,0.001,105.5,100.9,1.045,783.2,269.8,2.903
Y7410001,Le Luri au pont de Casanova,Ruisseau de Luri,2015-08-27,1a,1,240,36.4,106.2,15.8,6.714,154.1,62.0,2.485,574.2,221.3,2.594
Y7410001,Le Luri au pont de Casanova,Ruisseau de Luri,2015-09-22,1a,1,266,36.4,52.4,55.6,0.943,106.4,84.4,1.261,218.0,225.9,0.965
Y7410001,Le Luri au pont de Casanova,Ruisseau de Luri,2016-05-18,1,1,139,36.4,108.4,57.8,1.874,314.8,171.9,1.832,642.7,376.8,1.706
Y7410001,Le Luri au pont de Casanova,Ruisseau de Luri,2016-06-27,1,1,179,36.4,34.0,34.3,0.99,166.6,139.3,1.196,534.5,304.6,1.755
Y7410001,Le Luri au pont de Casanova,Ruisseau de Luri,2016-07-22,1,1,204,36.4,0.2,15.9,0.014,143.2,104.1,1.376,423.6,273.4,1.549
Y7410001,Le Luri au pont de Casanova,Ruisseau de Luri,2016-08-22,1,1,235,36.4,0.5,13.9,0.038,36.5,60.5,0.604,350.0,231.6,1.511
Y7410001,Le Luri au pont de Casanova,Ruisseau de Luri,2016-09-06,1,1,250,36.4,16.1,25.7,0.626,41.1,62.0,0.663,194.7,212.6,0.916
Y7410001,Le Luri au pont de Casanova,Ruisseau de Luri,2016-09-21,1,1,265,36.4,84.3,53.2,1.585,85.5,82.8,1.032,252.1,226.4,1.114
Y7410001,Le Luri au pont de Casanova,Ruisseau de Luri,2017-05-22,1,1,143,36.4,17.8,58.4,0.305,63.9,172.9,0.37,694.6,370.6,1.874
Y7410001,Le Luri au pont de Casanova,Ruisseau de Luri,2017-06-27,1,1,179,36.4,0.1,34.3,0.001,35.6,139.3,0.256,340.1,304.6,1.117
Y7410001,Le Luri au pont de Casanova,Ruisseau de Luri,2017-06-28,1,1,180,36.4,0.1,33.9,0.001,35.6,138.7,0.257,340.1,302.9,1.123
Y7410001,Le Luri au pont de Casanova,Ruisseau de Luri,2017-07-19,1,1,201,36.4,0.7,16.4,0.042,18.5,108.6,0.171,307.5,276.5,1.112
Y7410001,Le Luri au pont de Casanova,Ruisseau de Luri,2017-08-02,1,1,215,36.4,0.1,12.8,0.011,8.7,80.7,0.107,198.9,255.4,0.779
Y7410001,Le Luri au pont de Casanova,Ruisseau de Luri,2017-08-16,1,1,229,36.4,0.1,13.1,0.011,3.0,66.9,0.044,66.1,238.8,0.277
Y7410001,Le Luri au pont de Casanova,Ruisseau de Luri,2017-08-29,1,1,242,36.4,0.0,16.0,0.0,0.9,61.1,0.014,61.1,217.0,0.281
Y7410001,Le Luri au pont de Casanova,Ruisseau de Luri,2017-08-30,1,1,243,36.4,0.0,17.7,0.0,0.9,62.2,0.014,61.1,216.5,0.282
Y7410001,Le Luri au pont de Casanova,Ruisseau de Luri,2017-09-27,1,1,271,36.4,62.7,64.3,0.975,63.2,93.0,0.68,99.1,231.1,0.429
Y7410001,Le Luri au pont de Casanova,Ruisseau de Luri,2017-10-24,1,1,298,36.4,3.7,78.8,0.047,66.4,155.0,0.428,83.4,250.3,0.333
Y7410001,Le Luri au pont de Casanova,Ruisseau de Luri,2017-11-07,1,1,312,36.4,61.4,114.2,0.538,124.7,215.9,0.578,127.7,290.0,0.44
Y7410001,Le Luri au pont de Casanova,Ruisseau de Luri,2017-11-22,1,1,327,36.4,82.7,120.3,0.687,149.0,256.8,0.58,149.9,318.0,0.471
Y7410001,Le Luri au pont de Casanova,Ruisseau de Luri,2018-02-06,1,1,37,36.4,94.1,52.7,1.787,309.3,224.0,1.381,436.5,443.7,0.984
Y7410001,Le Luri au pont de Casanova,Ruisseau de Luri,2018-03-06,1,1,66,36.4,223.2,60.9,3.666,365.7,182.3,2.006,626.9,474.6,1.321
Y7410001,Le Luri au pont de Casanova,Ruisseau de Luri,2018-03-21,1,1,81,36.4,277.6,60.1,4.618,450.2,167.2,2.692,701.1,463.0,1.514
Y7410001,Le Luri au pont de Casanova,Ruisseau de Luri,2018-04-25,1,1,116,36.4,76.7,59.2,1.296,490.0,171.8,2.852,774.0,427.6,1.81
Y7410001,Le Luri au pont de Casanova,Ruisseau de Luri,2018-05-29,1,1,150,36.4,183.4,44.9,4.084,453.0,159.3,2.845,873.5,341.8,2.555
Y7410001,Le Luri au pont de Casanova,Ruisseau de Luri,2018-06-19,1,1,171,36.4,29.4,33.9,0.867,273.8,146.7,1.866,723.9,313.9,2.306
Y7410001,Le Luri au pont de Casanova,Ruisseau de Luri,2018-07-25,1,1,207,36.4,33.1,14.5,2.275,229.5,96.5,2.378,719.7,268.5,2.68
Y7410001,Le Luri au pont de Casanova,Ruisseau de Luri,2018-08-27,1,1,240,36.4,5.2,15.8,0.33,51.3,62.0,0.827,504.4,221.3,2.279
Y7410001,Le Luri au pont de Casanova,Ruisseau de Luri,2018-09-25,1,1,269,36.4,53.8,64.0,0.841,92.1,92.0,1.001,365.4,231.3,1.58
Y7410001,Le Luri au pont de Casanova,Ruisseau de Luri,2018-10-25,1,1,299,36.4,108.7,80.0,1.359,167.7,160.3,1.046,397.3,251.6,1.579
Y7410001,Le Luri au pont de Casanova,Ruisseau de Luri,2019-04-02,1,1,93,36.4,7.6,50.6,0.15,131.4,158.8,0.827,658.4,457.1,1.44
Y7410001,Le Luri au pont de Casanova,Ruisseau de Luri,2019-04-24,1,1,115,36.4,154.5,58.4,2.647,224.5,168.9,1.329,702.1,428.1,1.64
Y7410001,Le Luri au pont de Casanova,Ruisseau de Luri,2019-05-27,1,1,148,36.4,81.9,49.0,1.672,237.0,163.5,1.45,460.3,348.3,1.322
Y7410001,Le Luri au pont de Casanova,Ruisseau de Luri,2019-06-20,1,1,172,36.4,24.3,32.4,0.748,240.1,146.6,1.637,364.4,311.1,1.171
Y7410001,Le Luri au pont de Casanova,Ruisseau de Luri,2019-07-25,1,1,207,36.4,117.1,14.5,8.051,203.6,96.5,2.109,427.9,268.5,1.594
Y7410001,Le Luri au pont de Casanova,Ruisseau de Luri,2019-08-27,1,1,240,36.4,37.3,15.8,2.358,197.5,62.0,3.185,435.8,221.3,1.969
Y7410001,Le Luri au pont de Casanova,Ruisseau de Luri,2019-09-25,1,1,269,36.4,15.6,64.0,0.244,209.8,92.0,2.28,443.5,231.3,1.917
Y7410001,Le Luri au pont de Casanova,Ruisseau de Luri,2019-10-28,1,1,302,36.4,180.3,88.1,2.047,224.1,170.2,1.317,476.6,259.3,1.838
Y7410001,Le Luri au pont de Casanova,Ruisseau de Luri,2020-05-27,1,1,148,36.4,69.8,49.0,1.425,245.5,163.5,1.502,367.1,348.3,1.054
Y7410001,Le Luri au pont de Casanova,Ruisseau de Luri,2020-06-23,1,1,175,36.4,43.8,31.0,1.413,248.0,143.6,1.727,345.3,309.0,1.117
Y7410001,Le Luri au pont de Casanova,Ruisseau de Luri,2020-07-24,1,1,206,36.4,4.5,15.3,0.297,118.3,97.6,1.212,295.5,269.4,1.097
Y7410001,Le Luri au pont de Casanova,Ruisseau de Luri,2020-08-14,1,1,227,36.4,5.8,14.1,0.41,90.6,68.9,1.315,296.6,240.3,1.235
Y7410001,Le Luri au pont de Casanova,Ruisseau de Luri,2020-08-25,1,1,238,36.4,2.1,15.5,0.136,50.4,61.8,0.816,295.9,225.3,1.313
Y7410001,Le Luri au pont de Casanova,Ruisseau de Luri,2020-09-24,1,1,268,36.4,29.6,60.7,0.487,36.3,90.1,0.402,251.6,228.6,1.101
Y7410001,Le Luri au pont de Casanova,Ruisseau de Luri,2020-10-26,1,1,300,36.4,91.5,82.5,1.108,195.5,162.9,1.2,305.0,254.0,1.201
Y7410001,Le Luri au pont de Casanova,Ruisseau de Luri,2021-05-26,1,1,147,36.4,26.1,49.5,0.528,44.0,165.2,0.266,416.2,351.4,1.184
Y7410001,Le Luri au pont de Casanova,Ruisseau de Luri,2021-06-30,1,1,182,36.4,0.0,32.8,0.0,38.1,137.9,0.277,223.9,297.2,0.754
Y7410001,Le Luri au pont de Casanova,Ruisseau de Luri,2021-07-26,1,1,208,36.4,5.2,13.9,0.371,31.3,95.3,0.328,118.6,267.2,0.444
Y7410001,Le Luri au pont de Casanova,Ruisseau de Luri,2021-08-16,1,1,229,36.4,1.2,13.1,0.091,12.0,66.9,0.179,50.4,238.8,0.211
Y7410001,Le Luri au pont de Casanova,Ruisseau de Luri,2021-08-27,1,1,240,36.4,5.2,15.8,0.327,10.9,62.0,0.176,54.9,221.3,0.248
Y7410001,Le Luri au pont de Casanova,Ruisseau de Luri,2021-09-23,1,1,267,36.4,12.0,55.6,0.216,18.4,84.3,0.218,56.5,223.7,0.253
Y7410001,Le Luri au pont de Casanova,Ruisseau de Luri,2021-10-25,1,1,299,36.4,15.3,80.0,0.192,28.1,160.3,0.175,59.6,251.6,0.237
Y7410001,Le Luri au pont de Casanova,Ruisseau de Luri,2022-03-25,1,1,85,36.4,19.4,58.4,0.333,71.5,165.4,0.432,474.1,456.5,1.039
Y7410001,Le Luri au pont de Casanova,Ruisseau de Luri,2022-04-25,1,1,116,36.4,64.6,59.2,1.092,96.7,171.8,0.563,523.4,427.6,1.224
Y7410001,Le Luri au pont de Casanova,Ruisseau de Luri,2022-05-23,1,1,144,36.4,52.0,56.5,0.92,124.5,171.4,0.726,251.4,367.8,0.684
Y7410001,Le Luri au pont de Casanova,Ruisseau de Luri,2022-06-23,1,1,175,36.4,0.4,31.0,0.013,105.5,143.6,0.734,176.9,309.0,0.573
Y7410001,Le Luri au pont de Casanova,Ruisseau de Luri,2022-07-11,1,1,193,36.4,20.8,21.1,0.987,90.3,118.7,0.76,159.0,282.9,0.562
Y7410001,Le Luri au pont de Casanova,Ruisseau de Luri,2022-07-25,1,1,207,36.4,21.0,14.5,1.446,61.3,96.5,0.635,158.6,268.5,0.591
Y7410001,Le Luri au pont de Casanova,Ruisseau de Luri,2022-08-10,3,0,223,36.4,0.2,13.7,0.014,21.4,74.0,0.29,158.2,244.2,0.648
Y7410001,Le Luri au pont de Casanova,Ruisseau de Luri,2022-08-23,3,0,236,36.4,18.0,13.5,1.339,39.4,60.7,0.65,163.9,228.9,0.716
Y7410001,Le Luri au pont de Casanova,Ruisseau de Luri,2022-09-09,3,0,253,36.4,25.7,27.4,0.939,46.8,62.3,0.751,154.3,212.9,0.725
Y7410001,Le Luri au pont de Casanova,Ruisseau de Luri,2022-09-26,3,0,270,36.4,12.1,64.5,0.188,51.1,92.7,0.552,156.6,231.3,0.677
Y7410001,Le Luri au pont de Casanova,Ruisseau de Luri,2022-10-10,2,0,284,36.4,18.3,75.4,0.243,44.2,118.2,0.374,134.5,235.3,0.572
Y7410001,Le Luri au pont de Casanova,Ruisseau de Luri,2022-10-24,1,1,298,36.4,19.9,78.8,0.252,46.0,155.0,0.297,107.3,250.3,0.429
Y7410001,Le Luri au pont de Casanova,Ruisseau de Luri,2022-11-11,1,1,316,36.4,23.4,116.7,0.201,67.6,227.3,0.298,89.1,297.8,0.299
Y7410001,Le Luri au pont de Casanova,Ruisseau de Luri,2022-11-22,1,1,327,36.4,103.0,120.3,0.856,131.0,256.8,0.51,170.4,318.0,0.536
Y7410001,Le Luri au pont de Casanova,Ruisseau de Luri,2022-12-14,1,1,349,36.4,229.5,95.1,2.412,271.0,291.9,0.929,318.2,361.4,0.88
Y7410001,Le Luri au pont de Casanova,Ruisseau de Luri,2023-01-23,1,1,23,36.4,67.6,52.7,1.282,348.9,261.5,1.334,395.1,421.7,0.937
Y7410001,Le Luri au pont de Casanova,Ruisseau de Luri,2023-02-22,1,1,53,36.4,18.3,54.6,0.335,261.4,199.5,1.31,395.4,459.8,0.86
Y7410001,Le Luri au pont de Casanova,Ruisseau de Luri,2023-03-24,1f,1,84,36.4,87.1,56.5,1.541,172.9,164.3,1.053,473.0,454.1,1.041
Y7410001,Le Luri au pont de Casanova,Ruisseau de Luri,2023-04-24,1a,1,115,36.4,26.2,58.4,0.448,113.9,168.9,0.674,480.3,428.1,1.122
Y7410001,Le Luri au pont de Casanova,Ruisseau de Luri,2023-05-24,1a,1,145,36.4,116.7,54.3,2.15,230.2,171.0,1.346,491.5,359.7,1.367
Y7410001,Le Luri au pont de Casanova,Ruisseau de Luri,2023-06-05,1a,1,157,36.4,104.9,38.6,2.716,157.5,149.9,1.05,392.7,334.5,1.174
Y7410001,Le Luri au pont de Casanova,Ruisseau de Luri,2023-06-26,1a,1,178,36.4,28.5,32.5,0.879,169.2,138.4,1.222,343.7,303.8,1.131
Y7410001,Le Luri au pont de Casanova,Ruisseau de Luri,2023-07-24,1a,1,206,36.4,25.0,15.3,1.641,170.3,97.6,1.744,284.1,269.4,1.055
Y7410001,Le Luri au pont de Casanova,Ruisseau de Luri,2023-08-21,1a,1,234,36.4,4.2,12.9,0.326,58.0,60.4,0.959,287.9,231.9,1.242
Y7410001,Le Luri au pont de Casanova,Ruisseau de Luri,2023-09-12,1f,1,256,36.4,50.9,30.9,1.648,81.9,63.4,1.292,252.7,213.4,1.184
Y7410001,Le Luri au pont de Casanova,Ruisseau de Luri,2023-09-25,1f,1,269,36.4,59.1,64.0,0.924,88.3,92.0,0.96,257.5,231.3,1.113
Y7410001,Le Luri au pont de Casanova,Ruisseau de Luri,2023-10-10,1a,1,284,36.4,8.4,75.4,0.112,64.1,118.2,0.542,245.6,235.3,1.043
Y7410001,Le Luri au pont de Casanova,Ruisseau de Luri,2023-10-23,1f,1,297,36.4,13.3,80.8,0.164,76.1,150.6,0.506,246.8,247.1,0.999
Y7410001,Le Luri au pont de Casanova,Ruisseau de Luri,2023-11-24,1a,1,329,36.4,91.1,116.3,0.784,185.1,260.1,0.712,242.9,322.5,0.753
Y7410001,Le Luri au pont de Casanova,Ruisseau de Luri,2024-01-24,1a,1,24,36.4,38.4,53.5,0.718,170.1,260.4,0.653,268.7,423.8,0.634
Y7410001,Le Luri au pont de Casanova,Ruisseau de Luri,2024-02-22,1f,1,53,36.4,12.0,54.6,0.219,91.8,199.5,0.46,276.8,459.8,0.602
Y7410001,Le Luri au pont de Casanova,Ruisseau de Luri,2024-03-22,1a,1,82,36.4,130.1,58.7,2.218,180.7,164.4,1.099,347.9,462.1,0.753
Y7410001,Le Luri au pont de Casanova,Ruisseau de Luri,2024-04-24,1a,1,115,36.4,55.1,58.4,0.943,197.0,168.9,1.166,367.3,428.1,0.858
Y7410001,Le Luri au pont de Casanova,Ruisseau de Luri,2024-05-24,1a,1,145,36.4,70.2,54.3,1.292,254.3,171.0,1.487,347.1,359.7,0.965
Y7410001,Le Luri au pont de Casanova,Ruisseau de Luri,2024-06-21,1f,1,173,36.4,17.5,31.5,0.554,142.7,147.9,0.965,323.4,311.6,1.038
Y7410001,Le Luri au pont de Casanova,Ruisseau de Luri,2024-07-22,1f,1,204,36.4,23.2,15.9,1.457,137.8,104.1,1.324,308.0,273.4,1.126
Y7410001,Le Luri au pont de Casanova,Ruisseau de Luri,2024-08-22,3,0,235,36.4,12.8,13.9,0.925,53.5,60.5,0.884,307.8,231.6,1.329
Y7410001,Le Luri au pont de Casanova,Ruisseau de Luri,2024-09-23,1a,1,267,36.4,89.3,55.6,1.606,106.7,84.3,1.266,261.6,223.7,1.169
Y7410001,Le Luri au pont de Casanova,Ruisseau de Luri,2024-10-10,1a,1,284,36.4,110.3,75.4,1.463,172.2,118.2,1.457,323.7,235.3,1.375
Y7410001,Le Luri au pont de Casanova,Ruisseau de Luri,2024-10-22,1a,1,296,36.4,187.9,80.5,2.335,282.7,149.6,1.89,390.0,247.2,1.578
Y7410001,Le Luri au pont de Casanova,Ruisseau de Luri,2024-11-12,1a,1,317,36.4,186.3,117.0,1.592,360.0,229.0,1.572,415.4,297.9,1.395
Y7410001,Le Luri au pont de Casanova,Ruisseau de Luri,2025-04-11,1a,1,102,36.4,50.5,50.9,0.992,185.4,161.8,1.146,571.5,448.2,1.275
Y7410001,Le Luri au pont de Casanova,Ruisseau de Luri,2025-05-23,1a,1,144,36.4,76.1,56.5,1.347,287.0,171.4,1.674,582.5,367.8,1.584
Y7410001,Le Luri au pont de Casanova,Ruisseau de Luri,2025-06-23,1a,1,175,36.4,1.6,31.0,0.051,215.4,143.6,1.5,399.2,309.0,1.292
Y7410001,Le Luri au pont de Casanova,Ruisseau de Luri,2025-07-23,1a,1,205,36.4,3.8,15.7,0.24,80.7,100.9,0.799,342.4,269.8,1.269
Y7410001,Le Luri au pont de Casanova,Ruisseau de Luri,2025-08-25,1a,1,238,36.4,23.9,15.5,1.541,30.3,61.8,0.49,315.0,225.3,1.398
Y7410001,Le Luri au pont de Casanova,Ruisseau de Luri,2025-09-25,1a,1,269,36.4,26.3,64.0,0.412,54.4,92.0,0.592,269.5,231.3,1.165
Y7410001,Le Luri au pont de Casanova,Ruisseau de Luri,2025-10-24,1a,1,298,36.4,47.0,78.8,0.597,96.5,155.0,0.623,178.2,250.3,0.712
Y7410001,Le Luri au pont de Casanova,Ruisseau de Luri,2025-11-20,1a,1,325,36.4,61.2,119.2,0.513,131.2,250.3,0.524,161.5,310.9,0.519
Y7410001,Le Luri au pont de Casanova,Ruisseau de Luri,2025-12-15,1a,1,350,36.4,150.5,94.3,1.596,240.6,290.7,0.828,286.3,363.2,0.788
Y7410001,Le Luri au pont de Casanova,Ruisseau de Luri,2026-01-14,1a,1,14,36.4,251.1,63.8,3.933,443.7,280.7,1.581,533.6,411.9,1.295
Y7410001,Le Luri au pont de Casanova,Ruisseau de Luri,2026-04-21,1a,1,112,36.4,43.6,56.5,0.772,229.3,168.7,1.36,682.9,436.7,1.564
Y7410001,Le Luri au pont de Casanova,Ruisseau de Luri,2026-05-25,1a,1,146,36.4,42.0,50.4,0.833,130.0,168.2,0.773,611.1,355.2,1.72
Y7410001,Le Luri au pont de Casanova,Ruisseau de Luri,2026-06-26,1a,1,178,36.4,3.4,32.5,0.104,89.4,138.4,0.646,315.4,303.8,1.038
Y7410001,Le Luri au pont de Casanova,Ruisseau de Luri,2026-07-13,1a,1,195,36.4,0.5,18.9,0.024,53.1,114.3,0.464,292.9,280.7,1.043
Y7410001,Le Luri au pont de Casanova,Ruisseau de Luri,2026-07-23,1f,1,205,36.4,0.1,15.7,0.004,45.5,100.9,0.45,261.2,269.8,0.968
Y7410001,Le Luri au pont de Casanova,Ruisseau de Luri,2026-08-25,2,0,238,36.4,9.6,15.5,0.62,13.1,61.8,0.212,142.9,225.3,0.634
Y7410001,Le Luri au pont de Casanova,Ruisseau de Luri,2026-09-24,2,0,268,36.4,3.9,60.7,0.064,13.6,90.1,0.151,102.9,228.6,0.45
Y7500001,L'Aliso au passage à gué de Ghiuncaia,L'Aliso,2012-05-25,1a,1,146,59.4,102.9,57.6,1.785,218.7,202.4,1.081,373.2,430.8,0.866
Y7500001,L'Aliso au passage à gué de Ghiuncaia,L'Aliso,2012-06-25,1a,1,177,59.4,8.1,43.2,0.188,182.1,167.9,1.085,368.5,372.7,0.989
Y7500001,L'Aliso au passage à gué de Ghiuncaia,L'Aliso,2012-07-11,1a,1,193,59.4,1.2,23.2,0.05,153.4,136.7,1.122,362.6,345.7,1.049
Y7500001,L'Aliso au passage à gué de Ghiuncaia,L'Aliso,2012-07-25,1f,1,207,59.4,1.8,17.5,0.106,121.0,117.5,1.03,363.2,323.3,1.124
Y7500001,L'Aliso au passage à gué de Ghiuncaia,L'Aliso,2012-08-23,2,0,236,59.4,0.8,17.0,0.045,18.7,78.4,0.239,237.5,280.4,0.847
Y7500001,L'Aliso au passage à gué de Ghiuncaia,L'Aliso,2012-09-25,1a,1,269,59.4,124.3,58.0,2.142,126.5,93.3,1.356,308.8,259.3,1.191
Y7500001,L'Aliso au passage à gué de Ghiuncaia,L'Aliso,2013-05-23,1a,1,144,59.4,37.9,62.6,0.605,301.6,206.1,1.463,492.4,437.0,1.127
Y7500001,L'Aliso au passage à gué de Ghiuncaia,L'Aliso,2013-06-25,1a,1,177,59.4,8.6,43.2,0.198,141.7,167.9,0.844,453.6,372.7,1.217
Y7500001,L'Aliso au passage à gué de Ghiuncaia,L'Aliso,2013-07-25,1a,1,207,59.4,13.9,17.5,0.795,61.3,117.5,0.522,389.6,323.3,1.205
Y7500001,L'Aliso au passage à gué de Ghiuncaia,L'Aliso,2013-08-23,1f,1,236,59.4,14.5,17.0,0.858,37.9,78.4,0.484,307.0,280.4,1.095
Y7500001,L'Aliso au passage à gué de Ghiuncaia,L'Aliso,2013-09-19,2,0,263,59.4,8.0,47.6,0.168,36.5,81.7,0.446,192.8,260.1,0.741
Y7500001,L'Aliso au passage à gué de Ghiuncaia,L'Aliso,2013-10-25,1f,1,299,59.4,60.0,77.8,0.771,82.7,153.3,0.54,135.3,268.4,0.504
Y7500001,L'Aliso au passage à gué de Ghiuncaia,L'Aliso,2014-05-26,1a,1,147,59.4,27.3,56.2,0.485,204.5,199.9,1.023,342.5,427.8,0.801
Y7500001,L'Aliso au passage à gué de Ghiuncaia,L'Aliso,2014-06-25,1a,1,177,59.4,11.3,43.2,0.262,87.1,167.9,0.519,346.6,372.7,0.93
Y7500001,L'Aliso au passage à gué de Ghiuncaia,L'Aliso,2014-07-23,1a,1,205,59.4,16.4,18.0,0.913,55.0,122.0,0.451,307.8,324.9,0.947
Y7500001,L'Aliso au passage à gué de Ghiuncaia,L'Aliso,2014-08-26,1f,1,239,59.4,27.5,17.2,1.597,55.7,75.1,0.742,258.4,274.3,0.942
Y7500001,L'Aliso au passage à gué de Ghiuncaia,L'Aliso,2014-09-25,2,0,269,59.4,1.2,58.0,0.021,45.8,93.3,0.491,116.2,259.3,0.448
Y7500001,L'Aliso au passage à gué de Ghiuncaia,L'Aliso,2014-10-27,2,0,301,59.4,3.4,82.8,0.041,34.1,160.4,0.212,74.4,273.0,0.273
Y7500001,L'Aliso au passage à gué de Ghiuncaia,L'Aliso,2015-05-26,1a,1,147,59.4,15.9,56.2,0.282,352.8,199.9,1.765,958.3,427.8,2.24
Y7500001,L'Aliso au passage à gué de Ghiuncaia,L'Aliso,2015-06-23,1a,1,175,59.4,26.7,42.8,0.624,88.2,175.6,0.502,727.0,379.2,1.917
Y7500001,L'Aliso au passage à gué de Ghiuncaia,L'Aliso,2015-07-23,1a,1,205,59.4,1.2,18.0,0.064,43.7,122.0,0.358,692.5,324.9,2.131
Y7500001,L'Aliso au passage à gué de Ghiuncaia,L'Aliso,2015-08-27,1a,1,240,59.4,50.5,17.2,2.943,76.9,74.5,1.032,427.8,270.9,1.579
Y7500001,L'Aliso au passage à gué de Ghiuncaia,L'Aliso,2015-09-22,1f,1,266,59.4,10.0,50.6,0.197,56.0,85.5,0.656,107.5,258.4,0.416
Y7500001,L'Aliso au passage à gué de Ghiuncaia,L'Aliso,2016-05-18,1,1,139,59.4,66.3,62.5,1.06,258.5,203.4,1.271,359.7,444.4,0.81
Y7500001,L'Aliso au passage à gué de Ghiuncaia,L'Aliso,2016-06-27,1,1,179,59.4,17.5,39.8,0.44,122.8,164.5,0.747,337.2,368.9,0.914
Y7500001,L'Aliso au passage à gué de Ghiuncaia,L'Aliso,2016-07-22,2,0,204,59.4,1.0,17.4,0.058,75.2,123.9,0.607,308.9,329.2,0.938
Y7500001,L'Aliso au passage à gué de Ghiuncaia,L'Aliso,2016-08-22,2,0,235,59.4,0.2,16.4,0.014,18.8,77.6,0.242,276.5,282.5,0.979
Y7500001,L'Aliso au passage à gué de Ghiuncaia,L'Aliso,2016-09-06,3,0,250,59.4,10.2,28.1,0.363,26.0,71.8,0.362,142.5,256.2,0.556
Y7500001,L'Aliso au passage à gué de Ghiuncaia,L'Aliso,2016-09-21,2,0,265,59.4,41.7,49.9,0.836,42.8,84.5,0.507,166.6,260.0,0.641
Y7500001,L'Aliso au passage à gué de Ghiuncaia,L'Aliso,2017-05-22,1,1,143,59.4,30.3,63.8,0.474,80.0,207.4,0.386,787.3,440.3,1.788
Y7500001,L'Aliso au passage à gué de Ghiuncaia,L'Aliso,2017-06-26,2,0,178,59.4,5.3,41.2,0.129,63.8,165.3,0.386,467.6,370.5,1.262
Y7500001,L'Aliso au passage à gué de Ghiuncaia,L'Aliso,2017-06-28,2,0,180,59.4,5.3,38.7,0.137,63.4,163.6,0.388,467.4,365.2,1.28
Y7500001,L'Aliso au passage à gué de Ghiuncaia,L'Aliso,2017-07-19,2,0,201,59.4,1.2,17.7,0.068,37.2,129.7,0.287,439.4,338.1,1.299
Y7500001,L'Aliso au passage à gué de Ghiuncaia,L'Aliso,2017-08-01,3,0,214,59.4,0.0,17.2,0.002,29.8,103.6,0.287,241.0,308.2,0.782
Y7500001,L'Aliso au passage à gué de Ghiuncaia,L'Aliso,2017-08-16,3,0,229,59.4,0.0,15.9,0.002,9.3,85.1,0.109,87.7,288.1,0.304
Y7500001,L'Aliso au passage à gué de Ghiuncaia,L'Aliso,2017-08-29,3,0,242,59.4,0.0,19.6,0.0,6.6,75.0,0.088,81.7,263.9,0.31
Y7500001,L'Aliso au passage à gué de Ghiuncaia,L'Aliso,2017-08-30,2,0,243,59.4,0.0,20.5,0.0,6.6,73.9,0.089,81.5,262.3,0.311
Y7500001,L'Aliso au passage à gué de Ghiuncaia,L'Aliso,2017-09-27,2,0,271,59.4,18.1,58.8,0.308,19.0,94.5,0.201,82.6,258.5,0.319
Y7500001,L'Aliso au passage à gué de Ghiuncaia,L'Aliso,2017-10-24,1,1,298,59.4,7.2,78.7,0.091,25.3,151.1,0.168,61.5,268.5,0.229
Y7500001,L'Aliso au passage à gué de Ghiuncaia,L'Aliso,2017-11-07,1,1,312,59.4,23.4,117.3,0.2,46.1,213.6,0.216,56.4,308.5,0.183
Y7500001,L'Aliso au passage à gué de Ghiuncaia,L'Aliso,2017-11-22,1,1,327,59.4,52.1,134.6,0.387,77.4,263.1,0.294,84.0,341.6,0.246
Y7500001,L'Aliso au passage à gué de Ghiuncaia,L'Aliso,2018-02-06,1,1,37,59.4,67.7,65.9,1.028,327.6,263.0,1.245,376.1,481.7,0.781
Y7500001,L'Aliso au passage à gué de Ghiuncaia,L'Aliso,2018-03-06,1,1,66,59.4,175.9,70.8,2.483,266.9,229.4,1.163,538.3,522.9,1.03
Y7500001,L'Aliso au passage à gué de Ghiuncaia,L'Aliso,2018-03-21,1,1,81,59.4,193.2,73.1,2.642,326.3,209.8,1.555,597.0,522.8,1.142
Y7500001,L'Aliso au passage à gué de Ghiuncaia,L'Aliso,2018-04-25,1,1,116,59.4,40.8,72.1,0.566,332.0,205.7,1.614,632.0,505.1,1.251
Y7500001,L'Aliso au passage à gué de Ghiuncaia,L'Aliso,2018-05-29,1,1,150,59.4,91.1,54.8,1.661,249.9,196.1,1.274,672.5,422.3,1.593
Y7500001,L'Aliso au passage à gué de Ghiuncaia,L'Aliso,2018-06-19,1,1,171,59.4,60.4,46.8,1.29,173.3,179.4,0.966,499.6,389.3,1.283
Y7500001,L'Aliso au passage à gué de Ghiuncaia,L'Aliso,2018-07-25,1,1,207,59.4,21.4,17.5,1.224,153.1,117.5,1.303,485.1,323.3,1.5
Y7500001,L'Aliso au passage à gué de Ghiuncaia,L'Aliso,2018-08-27,1,1,240,59.4,4.6,17.2,0.268,65.1,74.5,0.874,315.1,270.9,1.163
Y7500001,L'Aliso au passage à gué de Ghiuncaia,L'Aliso,2018-09-25,1,1,269,59.4,27.0,58.0,0.466,53.8,93.3,0.576,225.9,259.3,0.871
Y7500001,L'Aliso au passage à gué de Ghiuncaia,L'Aliso,2018-10-25,1,1,299,59.4,128.3,77.8,1.648,160.6,153.3,1.048,313.3,268.4,1.167
Y7500001,L'Aliso au passage à gué de Ghiuncaia,L'Aliso,2019-04-02,1,1,93,59.4,27.4,64.9,0.422,86.5,196.8,0.439,419.8,524.0,0.801
Y7500001,L'Aliso au passage à gué de Ghiuncaia,L'Aliso,2019-04-24,1,1,115,59.4,76.9,72.1,1.067,122.5,203.8,0.601,352.3,504.8,0.698
Y7500001,L'Aliso au passage à gué de Ghiuncaia,L'Aliso,2019-05-27,1,1,148,59.4,89.3,57.4,1.557,173.0,198.8,0.87,279.5,424.8,0.658
Y7500001,L'Aliso au passage à gué de Ghiuncaia,L'Aliso,2019-06-20,1,1,172,59.4,27.1,43.6,0.621,169.9,178.7,0.951,235.3,385.3,0.611
Y7500001,L'Aliso au passage à gué de Ghiuncaia,L'Aliso,2019-07-25,1,1,207,59.4,31.5,17.5,1.798,124.1,117.5,1.056,247.2,323.3,0.765
Y7500001,L'Aliso au passage à gué de Ghiuncaia,L'Aliso,2019-08-27,1,1,240,59.4,7.5,17.2,0.435,56.1,74.5,0.753,229.2,270.9,0.846
Y7500001,L'Aliso au passage à gué de Ghiuncaia,L'Aliso,2019-09-25,1,1,269,59.4,20.8,58.0,0.359,74.4,93.3,0.797,222.6,259.3,0.859
Y7500001,L'Aliso au passage à gué de Ghiuncaia,L'Aliso,2019-10-28,1,1,302,59.4,84.5,82.4,1.026,108.4,161.5,0.671,251.1,271.8,0.924
Y7500001,L'Aliso au passage à gué de Ghiuncaia,L'Aliso,2020-05-27,1,1,148,59.4,45.0,57.4,0.785,147.8,198.8,0.743,225.1,424.8,0.53
Y7500001,L'Aliso au passage à gué de Ghiuncaia,L'Aliso,2020-06-23,1,1,175,59.4,36.5,42.8,0.854,168.7,175.6,0.961,212.9,379.2,0.562
Y7500001,L'Aliso au passage à gué de Ghiuncaia,L'Aliso,2020-07-24,2,0,206,59.4,1.0,17.7,0.058,82.7,119.1,0.695,187.4,324.0,0.578
Y7500001,L'Aliso au passage à gué de Ghiuncaia,L'Aliso,2020-08-14,3,0,227,59.4,0.7,16.3,0.041,67.6,86.8,0.779,186.9,291.2,0.642
Y7500001,L'Aliso au passage à gué de Ghiuncaia,L'Aliso,2020-08-25,3,0,238,59.4,0.4,17.2,0.022,37.7,77.0,0.49,185.5,275.3,0.674
Y7500001,L'Aliso au passage à gué de Ghiuncaia,L'Aliso,2020-09-24,2,0,268,59.4,73.0,55.0,1.328,74.4,90.4,0.823,203.8,256.6,0.794
Y7500001,L'Aliso au passage à gué de Ghiuncaia,L'Aliso,2020-10-26,2,0,300,59.4,46.2,81.3,0.568,133.4,157.7,0.846,210.6,271.0,0.777
Y7500001,L'Aliso au passage à gué de Ghiuncaia,L'Aliso,2021-05-26,1,1,147,59.4,67.6,56.2,1.203,103.7,199.9,0.519,308.8,427.8,0.722
Y7500001,L'Aliso au passage à gué de Ghiuncaia,L'Aliso,2021-06-30,2,0,182,59.4,2.8,37.6,0.075,94.4,161.4,0.585,187.7,359.9,0.521
Y7500001,L'Aliso au passage à gué de Ghiuncaia,L'Aliso,2021-07-26,3,0,208,59.4,0.2,18.0,0.011,70.8,117.1,0.605,135.8,322.3,0.421
Y7500001,L'Aliso au passage à gué de Ghiuncaia,L'Aliso,2021-08-16,3,0,229,59.4,0.0,15.9,0.002,16.8,85.1,0.198,108.3,288.1,0.376
Y7500001,L'Aliso au passage à gué de Ghiuncaia,L'Aliso,2021-08-27,3,0,240,59.4,8.6,17.2,0.504,11.5,74.5,0.155,115.3,270.9,0.426
Y7500001,L'Aliso au passage à gué de Ghiuncaia,L'Aliso,2021-09-24,3,0,268,59.4,26.0,55.0,0.472,34.8,90.4,0.385,129.7,256.6,0.506
Y7500001,L'Aliso au passage à gué de Ghiuncaia,L'Aliso,2021-10-25,3,0,299,59.4,10.1,77.8,0.13,44.7,153.3,0.292,102.8,268.4,0.383
Y7500001,L'Aliso au passage à gué de Ghiuncaia,L'Aliso,2022-03-25,2,0,85,59.4,11.6,72.5,0.16,75.8,203.6,0.372,395.2,518.2,0.763
Y7500001,L'Aliso au passage à gué de Ghiuncaia,L'Aliso,2022-04-25,1,1,116,59.4,115.4,72.1,1.6,135.8,205.7,0.66,500.6,505.1,0.991
Y7500001,L'Aliso au passage à gué de Ghiuncaia,L'Aliso,2022-05-23,1,1,144,59.4,30.4,62.6,0.485,150.5,206.1,0.73,274.0,437.0,0.627
Y7500001,L'Aliso au passage à gué de Ghiuncaia,L'Aliso,2022-06-23,1,1,175,59.4,2.4,42.8,0.056,141.3,175.6,0.805,217.1,379.2,0.573
Y7500001,L'Aliso au passage à gué de Ghiuncaia,L'Aliso,2022-07-11,2,0,193,59.4,5.6,23.2,0.243,97.8,136.7,0.715,166.8,345.7,0.482
Y7500001,L'Aliso au passage à gué de Ghiuncaia,L'Aliso,2022-07-25,3,0,207,59.4,5.1,17.5,0.291,31.0,117.5,0.263,166.9,323.3,0.516
Y7500001,L'Aliso au passage à gué de Ghiuncaia,L'Aliso,2022-08-10,3,0,223,59.4,2.0,17.0,0.117,9.6,93.9,0.103,166.3,294.7,0.564
Y7500001,L'Aliso au passage à gué de Ghiuncaia,L'Aliso,2022-08-23,3,0,236,59.4,27.4,17.0,1.617,35.3,78.4,0.45,185.5,280.4,0.662
Y7500001,L'Aliso au passage à gué de Ghiuncaia,L'Aliso,2022-09-09,3,0,253,59.4,28.5,29.5,0.963,36.1,70.1,0.515,179.6,255.6,0.703
Y7500001,L'Aliso au passage à gué de Ghiuncaia,L'Aliso,2022-09-26,3,0,270,59.4,6.9,59.0,0.118,39.3,94.7,0.415,180.7,259.9,0.695
Y7500001,L'Aliso au passage à gué de Ghiuncaia,L'Aliso,2022-10-10,3,0,284,59.4,25.6,70.2,0.365,56.0,117.6,0.476,153.7,254.1,0.605
Y7500001,L'Aliso au passage à gué de Ghiuncaia,L'Aliso,2022-10-24,3,0,298,59.4,26.8,78.7,0.34,56.9,151.1,0.376,87.7,268.5,0.327
Y7500001,L'Aliso au passage à gué de Ghiuncaia,L'Aliso,2022-11-11,3,0,316,59.4,13.6,119.9,0.114,64.1,224.6,0.285,77.4,312.7,0.247
Y7500001,L'Aliso au passage à gué de Ghiuncaia,L'Aliso,2022-11-22,1,1,327,59.4,43.9,134.6,0.326,73.4,263.1,0.279,108.6,341.6,0.318
Y7500001,L'Aliso au passage à gué de Ghiuncaia,L'Aliso,2022-12-14,1,1,349,59.4,108.9,110.2,0.988,148.2,307.4,0.482,183.6,379.2,0.484
Y7500001,L'Aliso au passage à gué de Ghiuncaia,L'Aliso,2023-01-23,1,1,23,59.4,37.8,67.7,0.558,170.9,301.5,0.567,227.5,454.5,0.501
Y7500001,L'Aliso au passage à gué de Ghiuncaia,L'Aliso,2023-02-22,1,1,53,59.4,17.1,64.6,0.264,119.5,232.3,0.515,217.4,502.2,0.433
Y7500001,L'Aliso au passage à gué de Ghiuncaia,L'Aliso,2023-03-24,1a,1,84,59.4,185.3,71.5,2.593,240.2,203.8,1.178,396.4,517.1,0.767
Y7500001,L'Aliso au passage à gué de Ghiuncaia,L'Aliso,2023-04-24,1a,1,115,59.4,26.4,72.1,0.366,221.8,203.8,1.088,399.8,504.8,0.792
Y7500001,L'Aliso au passage à gué de Ghiuncaia,L'Aliso,2023-05-24,1a,1,145,59.4,77.7,60.7,1.28,289.6,205.3,1.41,409.1,433.7,0.943
Y7500001,L'Aliso au passage à gué de Ghiuncaia,L'Aliso,2023-06-05,1a,1,157,59.4,71.2,50.1,1.423,121.5,183.6,0.662,382.1,414.9,0.921
Y7500001,L'Aliso au passage à gué de Ghiuncaia,L'Aliso,2023-06-26,1a,1,178,59.4,42.4,41.2,1.03,146.7,165.3,0.888,387.4,370.5,1.046
Y7500001,L'Aliso au passage à gué de Ghiuncaia,L'Aliso,2023-07-24,2,0,206,59.4,2.3,17.7,0.13,123.0,119.1,1.033,340.2,324.0,1.05
Y7500001,L'Aliso au passage à gué de Ghiuncaia,L'Aliso,2023-08-21,3,0,234,59.4,1.1,16.4,0.069,46.6,77.6,0.601,336.0,283.3,1.186
Y7500001,L'Aliso au passage à gué de Ghiuncaia,L'Aliso,2023-09-12,3,0,256,59.4,23.8,30.3,0.786,41.3,66.5,0.621,178.1,251.1,0.709
Y7500001,L'Aliso au passage à gué de Ghiuncaia,L'Aliso,2023-09-25,3,0,269,59.4,36.6,58.0,0.63,40.0,93.3,0.429,186.5,259.3,0.72
Y7500001,L'Aliso au passage à gué de Ghiuncaia,L'Aliso,2023-10-10,3,0,284,59.4,14.8,70.2,0.211,39.4,117.6,0.335,183.2,254.1,0.721
Y7500001,L'Aliso au passage à gué de Ghiuncaia,L'Aliso,2023-10-23,2,0,297,59.4,7.6,77.8,0.097,45.1,146.0,0.309,168.1,263.8,0.637
Y7500001,L'Aliso au passage à gué de Ghiuncaia,L'Aliso,2023-11-24,3,0,329,59.4,76.8,132.1,0.581,132.2,268.1,0.493,178.1,343.8,0.518
Y7500001,L'Aliso au passage à gué de Ghiuncaia,L'Aliso,2024-01-24,1a,1,24,59.4,59.6,69.2,0.861,146.5,300.5,0.488,204.0,458.0,0.445
Y7500001,L'Aliso au passage à gué de Ghiuncaia,L'Aliso,2024-02-22,3,0,53,59.4,5.3,64.6,0.082,75.9,232.3,0.327,208.1,502.2,0.414
Y7500001,L'Aliso au passage à gué de Ghiuncaia,L'Aliso,2024-03-22,1a,1,82,59.4,113.1,72.6,1.558,178.4,206.7,0.863,284.5,522.8,0.544
Y7500001,L'Aliso au passage à gué de Ghiuncaia,L'Aliso,2024-04-24,1a,1,115,59.4,86.5,72.1,1.199,204.5,203.8,1.004,351.2,504.8,0.696
Y7500001,L'Aliso au passage à gué de Ghiuncaia,L'Aliso,2024-05-24,1a,1,145,59.4,63.0,60.7,1.039,261.7,205.3,1.275,337.5,433.7,0.778
Y7500001,L'Aliso au passage à gué de Ghiuncaia,L'Aliso,2024-06-21,2,0,173,59.4,17.4,43.1,0.404,166.0,178.5,0.93,344.1,383.0,0.898
Y7500001,L'Aliso au passage à gué de Ghiuncaia,L'Aliso,2024-07-22,3,0,204,59.4,64.3,17.4,3.693,156.8,123.9,1.266,348.6,329.2,1.059
Y7500001,L'Aliso au passage à gué de Ghiuncaia,L'Aliso,2024-08-22,3,0,235,59.4,16.5,16.4,1.008,97.3,77.6,1.254,359.0,282.5,1.271
Y7500001,L'Aliso au passage à gué de Ghiuncaia,L'Aliso,2024-09-23,1a,1,267,59.4,184.1,50.8,3.622,225.6,85.8,2.629,427.0,254.2,1.68
Y7500001,L'Aliso au passage à gué de Ghiuncaia,L'Aliso,2024-10-10,1a,1,284,59.4,165.2,70.2,2.353,257.8,117.6,2.192,443.3,254.1,1.745
Y7500001,L'Aliso au passage à gué de Ghiuncaia,L'Aliso,2024-10-22,1a,1,296,59.4,108.1,75.3,1.436,307.2,143.0,2.149,450.7,262.3,1.718
Y7500001,L'Aliso au passage à gué de Ghiuncaia,L'Aliso,2024-11-12,1a,1,317,59.4,116.2,121.6,0.955,357.5,227.3,1.573,473.0,314.6,1.504
Y7500001,L'Aliso au passage à gué de Ghiuncaia,L'Aliso,2025-04-11,1a,1,102,59.4,44.2,69.3,0.638,195.0,206.1,0.946,530.2,524.1,1.012
Y7500001,L'Aliso au passage à gué de Ghiuncaia,L'Aliso,2025-05-23,1a,1,144,59.4,43.1,62.6,0.689,243.3,206.1,1.18,561.6,437.0,1.285
Y7500001,L'Aliso au passage à gué de Ghiuncaia,L'Aliso,2025-06-23,1a,1,175,59.4,5.2,42.8,0.122,185.6,175.6,1.057,363.2,379.2,0.958
Y7500001,L'Aliso au passage à gué de Ghiuncaia,L'Aliso,2025-07-23,1a,1,205,59.4,23.2,18.0,1.292,71.7,122.0,0.588,315.4,324.9,0.97
Y7500001,L'Aliso au passage à gué de Ghiuncaia,L'Aliso,2025-08-25,3,0,238,59.4,12.7,17.2,0.739,42.0,77.0,0.545,276.3,275.3,1.004
Y7500001,L'Aliso au passage à gué de Ghiuncaia,L'Aliso,2025-09-25,2,0,269,59.4,18.5,58.0,0.318,55.4,93.3,0.594,238.7,259.3,0.921
Y7500001,L'Aliso au passage à gué de Ghiuncaia,L'Aliso,2025-10-24,3,0,298,59.4,10.6,78.7,0.135,41.8,151.1,0.277,114.7,268.5,0.427
Y7500001,L'Aliso au passage à gué de Ghiuncaia,L'Aliso,2025-11-20,1a,1,325,59.4,67.3,131.9,0.51,95.5,255.8,0.373,137.8,333.7,0.413
Y7500001,L'Aliso au passage à gué de Ghiuncaia,L'Aliso,2025-12-15,1a,1,350,59.4,131.0,105.9,1.237,164.6,304.9,0.54,216.0,380.5,0.568
Y7500001,L'Aliso au passage à gué de Ghiuncaia,L'Aliso,2026-01-14,1a,1,14,59.4,324.2,76.0,4.268,477.2,309.9,1.54,516.4,438.6,1.177
Y7500001,L'Aliso au passage à gué de Ghiuncaia,L'Aliso,2026-04-21,1a,1,112,59.4,93.1,69.6,1.338,219.9,209.6,1.049,781.5,511.8,1.527
Y7500001,L'Aliso au passage à gué de Ghiuncaia,L'Aliso,2026-05-25,1a,1,146,59.4,27.2,57.6,0.472,168.2,202.4,0.831,684.1,430.8,1.588
Y7500001,L'Aliso au passage à gué de Ghiuncaia,L'Aliso,2026-06-26,1a,1,178,59.4,6.8,41.2,0.165,124.4,165.3,0.752,357.6,370.5,0.965
Y7500001,L'Aliso au passage à gué de Ghiuncaia,L'Aliso,2026-07-13,1f,1,195,59.4,6.0,19.2,0.311,52.9,134.2,0.394,349.2,342.9,1.018
Y7500001,L'Aliso au passage à gué de Ghiuncaia,L'Aliso,2026-07-23,2,0,205,59.4,5.6,18.0,0.312,39.2,122.0,0.322,252.9,324.9,0.778
Y7500001,L'Aliso au passage à gué de Ghiuncaia,L'Aliso,2026-08-25,2,0,238,59.4,11.4,17.2,0.664,23.1,77.0,0.301,191.3,275.3,0.695
Y7500001,L'Aliso au passage à gué de Ghiuncaia,L'Aliso,2026-09-24,2,0,268,59.4,1.2,55.0,0.023,17.6,90.4,0.195,142.0,256.6,0.553
Y7600001,L'Ostriconi au pont de Trepide,L'Ostriconi,2012-05-25,1a,1,146,42.7,80.1,45.9,1.744,213.3,152.1,1.403,324.7,322.3,1.007
Y7600001,L'Ostriconi au pont de Trepide,L'Ostriconi,2012-06-25,1a,1,177,42.7,8.8,40.1,0.22,185.3,138.0,1.343,309.4,289.8,1.068
Y7600001,L'Ostriconi au pont de Trepide,L'Ostriconi,2012-07-11,1a,1,193,42.7,5.3,21.5,0.246,152.4,113.3,1.345,308.2,265.5,1.161
Y7600001,L'Ostriconi au pont de Trepide,L'Ostriconi,2012-07-25,2,0,207,42.7,10.5,10.6,0.997,103.5,96.4,1.074,311.0,248.0,1.254
Y7600001,L'Ostriconi au pont de Trepide,L'Ostriconi,2012-08-23,3,0,236,42.7,0.0,14.1,0.0,23.4,65.0,0.36,236.7,217.7,1.087
Y7600001,L'Ostriconi au pont de Trepide,L'Ostriconi,2012-09-25,1a,1,269,42.7,81.4,48.7,1.673,92.0,75.7,1.216,277.3,210.6,1.317
Y7600001,L'Ostriconi au pont de Trepide,L'Ostriconi,2013-05-23,1a,1,144,42.7,47.4,48.8,0.972,229.7,154.9,1.483,442.6,327.3,1.352
Y7600001,L'Ostriconi au pont de Trepide,L'Ostriconi,2013-06-25,1a,1,177,42.7,15.1,40.1,0.377,121.8,138.0,0.882,414.2,289.8,1.429
Y7600001,L'Ostriconi au pont de Trepide,L'Ostriconi,2013-07-25,1f,1,207,42.7,21.3,10.6,2.019,87.9,96.4,0.912,370.7,248.0,1.495
Y7600001,L'Ostriconi au pont de Trepide,L'Ostriconi,2013-08-23,3,0,236,42.7,23.8,14.1,1.691,65.1,65.0,1.001,271.6,217.7,1.248
Y7600001,L'Ostriconi au pont de Trepide,L'Ostriconi,2013-09-19,3,0,263,42.7,6.7,39.4,0.169,51.8,65.3,0.793,190.6,209.8,0.908
Y7600001,L'Ostriconi au pont de Trepide,L'Ostriconi,2013-10-25,2,0,299,42.7,32.3,60.1,0.537,62.6,125.4,0.5,142.2,219.7,0.647
Y7600001,L'Ostriconi au pont de Trepide,L'Ostriconi,2014-05-26,1a,1,147,42.7,39.9,44.9,0.887,224.1,150.2,1.492,394.7,318.9,1.238
Y7600001,L'Ostriconi au pont de Trepide,L'Ostriconi,2014-06-25,1a,1,177,42.7,30.5,40.1,0.76,154.4,138.0,1.119,398.9,289.8,1.376
Y7600001,L'Ostriconi au pont de Trepide,L'Ostriconi,2014-07-23,1a,1,205,42.7,26.9,12.8,2.103,100.3,99.8,1.006,371.4,250.4,1.483
Y7600001,L'Ostriconi au pont de Trepide,L'Ostriconi,2014-08-26,2,0,239,42.7,13.4,16.5,0.811,70.7,64.2,1.101,290.7,216.0,1.346
Y7600001,L'Ostriconi au pont de Trepide,L'Ostriconi,2014-09-25,3,0,269,42.7,4.3,48.7,0.089,44.5,75.7,0.588,163.8,210.6,0.778
Y7600001,L'Ostriconi au pont de Trepide,L'Ostriconi,2014-10-27,3,0,301,42.7,16.2,59.5,0.272,34.1,129.3,0.263,114.0,220.9,0.516
Y7600001,L'Ostriconi au pont de Trepide,L'Ostriconi,2015-05-26,1a,1,147,42.7,15.2,44.9,0.338,163.3,150.2,1.087,400.7,318.9,1.256
Y7600001,L'Ostriconi au pont de Trepide,L'Ostriconi,2015-06-23,1a,1,175,42.7,21.5,38.1,0.566,69.7,140.8,0.495,357.2,292.1,1.223
Y7600001,L'Ostriconi au pont de Trepide,L'Ostriconi,2015-07-23,1a,1,205,42.7,0.0,12.8,0.0,36.7,99.8,0.368,334.0,250.4,1.334
Y7600001,L'Ostriconi au pont de Trepide,L'Ostriconi,2015-08-27,2,0,240,42.7,48.5,16.7,2.908,73.9,64.2,1.152,238.6,214.9,1.11
Y7600001,L'Ostriconi au pont de Trepide,L'Ostriconi,2015-09-22,3,0,266,42.7,8.5,44.6,0.191,62.2,71.2,0.873,106.3,210.3,0.506
Y7600001,L'Ostriconi au pont de Trepide,L'Ostriconi,2016-05-18,1,1,139,42.7,41.6,49.4,0.844,179.5,153.9,1.166,318.8,335.7,0.95
Y7600001,L'Ostriconi au pont de Trepide,L'Ostriconi,2016-06-27,1,1,179,42.7,6.3,37.0,0.171,52.8,134.7,0.392,281.7,285.6,0.986
Y7600001,L'Ostriconi au pont de Trepide,L'Ostriconi,2016-07-22,2,0,204,42.7,0.1,12.8,0.011,46.4,101.0,0.459,237.2,253.7,0.935
Y7600001,L'Ostriconi au pont de Trepide,L'Ostriconi,2016-08-22,3,0,235,42.7,1.0,13.6,0.07,7.4,64.6,0.115,185.2,219.3,0.845
Y7600001,L'Ostriconi au pont de Trepide,L'Ostriconi,2016-09-06,3,0,250,42.7,16.1,24.3,0.665,21.4,62.2,0.344,87.8,206.1,0.426
Y7600001,L'Ostriconi au pont de Trepide,L'Ostriconi,2016-09-21,2,0,265,42.7,34.1,41.3,0.827,35.2,67.9,0.519,88.1,208.7,0.422
Y7600001,L'Ostriconi au pont de Trepide,L'Ostriconi,2017-05-22,1,1,143,42.7,19.0,49.0,0.388,48.7,155.7,0.313,415.1,330.8,1.255
Y7600001,L'Ostriconi au pont de Trepide,L'Ostriconi,2017-06-26,1,1,178,42.7,6.0,38.7,0.155,40.2,135.2,0.297,265.3,287.1,0.924
Y7600001,L'Ostriconi au pont de Trepide,L'Ostriconi,2017-06-28,1,1,180,42.7,6.0,36.4,0.165,40.2,133.8,0.301,265.3,281.9,0.941
Y7600001,L'Ostriconi au pont de Trepide,L'Ostriconi,2017-07-19,2,0,201,42.7,5.6,15.3,0.365,30.6,104.7,0.293,223.2,259.4,0.86
Y7600001,L'Ostriconi au pont de Trepide,L'Ostriconi,2017-08-01,2,0,214,42.7,0.1,9.9,0.01,23.6,83.7,0.282,130.9,239.3,0.547
Y7600001,L'Ostriconi au pont de Trepide,L'Ostriconi,2017-08-16,3,0,229,42.7,0.1,11.5,0.009,12.9,68.5,0.189,61.2,223.2,0.274
Y7600001,L'Ostriconi au pont de Trepide,L'Ostriconi,2017-08-29,3,0,242,42.7,0.0,22.0,0.0,11.7,68.6,0.17,58.0,214.9,0.27
Y7600001,L'Ostriconi au pont de Trepide,L'Ostriconi,2017-08-30,2,0,243,42.7,0.0,22.7,0.0,11.7,68.2,0.171,58.0,213.4,0.272
Y7600001,L'Ostriconi au pont de Trepide,L'Ostriconi,2017-09-27,2,0,271,42.7,41.1,50.8,0.808,42.1,79.0,0.534,87.0,213.6,0.407
Y7600001,L'Ostriconi au pont de Trepide,L'Ostriconi,2017-10-24,2,0,298,42.7,12.0,61.6,0.194,53.0,124.1,0.427,83.5,220.4,0.379
Y7600001,L'Ostriconi au pont de Trepide,L'Ostriconi,2017-11-07,2,0,312,42.7,11.3,74.7,0.151,63.4,160.5,0.395,76.9,237.1,0.324
Y7600001,L'Ostriconi au pont de Trepide,L'Ostriconi,2017-11-22,1,1,327,42.7,56.1,93.4,0.601,109.2,201.4,0.542,120.9,266.3,0.454
Y7600001,L'Ostriconi au pont de Trepide,L'Ostriconi,2018-02-06,1,1,37,42.7,79.6,46.1,1.727,244.7,197.5,1.239,308.8,362.6,0.852
Y7600001,L'Ostriconi au pont de Trepide,L'Ostriconi,2018-03-06,1,1,66,42.7,167.1,52.8,3.163,301.9,165.6,1.823,467.2,388.8,1.202
Y7600001,L'Ostriconi au pont de Trepide,L'Ostriconi,2018-03-21,1,1,81,42.7,209.1,51.5,4.058,360.9,154.5,2.336,516.4,383.7,1.346
Y7600001,L'Ostriconi au pont de Trepide,L'Ostriconi,2018-04-25,1,1,116,42.7,54.0,52.8,1.023,368.8,151.6,2.432,560.8,372.6,1.505
Y7600001,L'Ostriconi au pont de Trepide,L'Ostriconi,2018-05-29,1,1,150,42.7,102.6,43.7,2.345,305.8,149.8,2.041,619.8,315.6,1.964
Y7600001,L'Ostriconi au pont de Trepide,L'Ostriconi,2018-06-19,1,1,171,42.7,64.3,38.4,1.676,216.0,144.7,1.493,577.0,296.8,1.944
Y7600001,L'Ostriconi au pont de Trepide,L'Ostriconi,2018-07-25,1,1,207,42.7,20.6,10.6,1.949,187.4,96.4,1.944,556.1,248.0,2.242
Y7600001,L'Ostriconi au pont de Trepide,L'Ostriconi,2018-08-27,2,0,240,42.7,20.0,16.7,1.199,92.1,64.2,1.436,397.9,214.9,1.852
Y7600001,L'Ostriconi au pont de Trepide,L'Ostriconi,2018-09-25,2,0,269,42.7,30.0,48.7,0.616,70.7,75.7,0.935,291.5,210.6,1.384
Y7600001,L'Ostriconi au pont de Trepide,L'Ostriconi,2018-10-25,1,1,299,42.7,116.7,60.1,1.941,166.7,125.4,1.33,354.2,219.7,1.612
Y7600001,L'Ostriconi au pont de Trepide,L'Ostriconi,2019-04-02,1,1,93,42.7,27.2,51.1,0.532,115.8,146.7,0.789,458.1,382.6,1.197
Y7600001,L'Ostriconi au pont de Trepide,L'Ostriconi,2019-04-24,1,1,115,42.7,99.8,53.0,1.883,169.9,151.2,1.124,421.8,371.3,1.136
Y7600001,L'Ostriconi au pont de Trepide,L'Ostriconi,2019-05-27,1,1,148,42.7,152.6,45.9,3.327,253.1,150.0,1.688,405.8,318.0,1.276
Y7600001,L'Ostriconi au pont de Trepide,L'Ostriconi,2019-06-20,1,1,172,42.7,29.1,36.7,0.794,256.4,144.1,1.78,346.0,294.5,1.175
Y7600001,L'Ostriconi au pont de Trepide,L'Ostriconi,2019-07-25,1,1,207,42.7,68.7,10.6,6.502,225.2,96.4,2.337,390.7,248.0,1.575
Y7600001,L'Ostriconi au pont de Trepide,L'Ostriconi,2019-08-27,1,1,240,42.7,19.1,16.7,1.146,115.6,64.2,1.803,371.3,214.9,1.728
Y7600001,L'Ostriconi au pont de Trepide,L'Ostriconi,2019-09-25,2,0,269,42.7,31.5,48.7,0.647,145.9,75.7,1.929,375.5,210.6,1.783
Y7600001,L'Ostriconi au pont de Trepide,L'Ostriconi,2019-10-28,1,1,302,42.7,67.9,58.2,1.167,112.3,129.4,0.868,370.4,218.7,1.693
Y7600001,L'Ostriconi au pont de Trepide,L'Ostriconi,2020-05-27,1,1,148,42.7,62.4,45.9,1.36,170.3,150.0,1.136,279.0,318.0,0.877
Y7600001,L'Ostriconi au pont de Trepide,L'Ostriconi,2020-06-23,1,1,175,42.7,26.3,38.1,0.69,166.9,140.8,1.185,223.4,292.1,0.765
Y7600001,L'Ostriconi au pont de Trepide,L'Ostriconi,2020-07-24,2,0,206,42.7,6.0,12.5,0.479,94.7,97.6,0.97,204.7,248.7,0.823
Y7600001,L'Ostriconi au pont de Trepide,L'Ostriconi,2020-08-14,2,0,227,42.7,5.9,12.0,0.493,75.2,70.7,1.064,203.7,225.1,0.905
Y7600001,L'Ostriconi au pont de Trepide,L'Ostriconi,2020-08-25,3,0,238,42.7,0.1,15.1,0.01,32.3,64.5,0.5,202.6,215.5,0.94
Y7600001,L'Ostriconi au pont de Trepide,L'Ostriconi,2020-09-24,3,0,268,42.7,51.0,47.4,1.076,57.1,73.3,0.779,189.4,208.6,0.908
Y7600001,L'Ostriconi au pont de Trepide,L'Ostriconi,2020-10-26,2,0,300,42.7,67.5,58.1,1.161,145.5,126.7,1.149,233.4,218.9,1.066
Y7600001,L'Ostriconi au pont de Trepide,L'Ostriconi,2021-05-26,1,1,147,42.7,76.3,44.9,1.697,129.8,150.2,0.864,477.3,318.9,1.497
Y7600001,L'Ostriconi au pont de Trepide,L'Ostriconi,2021-06-30,3,0,182,42.7,8.4,37.0,0.226,117.4,133.2,0.881,290.4,278.7,1.042
Y7600001,L'Ostriconi au pont de Trepide,L'Ostriconi,2021-07-26,3,0,208,42.7,0.3,10.7,0.024,86.1,96.1,0.896,187.4,247.0,0.758
Y7600001,L'Ostriconi au pont de Trepide,L'Ostriconi,2021-08-16,3,0,229,42.7,0.4,11.5,0.035,23.1,68.5,0.337,140.5,223.2,0.63
Y7600001,L'Ostriconi au pont de Trepide,L'Ostriconi,2021-08-27,3,0,240,42.7,29.0,16.7,1.741,39.2,64.2,0.611,169.1,214.9,0.787
Y7600001,L'Ostriconi au pont de Trepide,L'Ostriconi,2021-09-24,3,0,268,42.7,25.2,47.4,0.531,54.4,73.3,0.742,171.9,208.6,0.824
Y7600001,L'Ostriconi au pont de Trepide,L'Ostriconi,2021-10-25,2,0,299,42.7,27.1,60.1,0.451,81.0,125.4,0.646,155.8,219.7,0.709
Y7600001,L'Ostriconi au pont de Trepide,L'Ostriconi,2022-03-25,1,1,85,42.7,8.7,52.9,0.164,86.0,153.5,0.561,348.1,380.5,0.915
Y7600001,L'Ostriconi au pont de Trepide,L'Ostriconi,2022-04-25,1,1,116,42.7,122.9,52.8,2.329,151.5,151.6,0.999,443.6,372.6,1.191
Y7600001,L'Ostriconi au pont de Trepide,L'Ostriconi,2022-05-23,1,1,144,42.7,32.2,48.8,0.659,155.0,154.9,1.001,331.9,327.3,1.014
Y7600001,L'Ostriconi au pont de Trepide,L'Ostriconi,2022-06-23,2,0,175,42.7,1.3,38.1,0.034,147.6,140.8,1.049,233.7,292.1,0.8
Y7600001,L'Ostriconi au pont de Trepide,L'Ostriconi,2022-07-11,2,0,193,42.7,2.6,21.5,0.123,83.2,113.3,0.734,179.3,265.5,0.676
Y7600001,L'Ostriconi au pont de Trepide,L'Ostriconi,2022-07-25,3,0,207,42.7,2.1,10.6,0.202,26.9,96.4,0.279,178.1,248.0,0.718
Y7600001,L'Ostriconi au pont de Trepide,L'Ostriconi,2022-08-10,3,0,223,42.7,3.4,12.4,0.279,6.9,75.2,0.092,179.7,229.3,0.784
Y7600001,L'Ostriconi au pont de Trepide,L'Ostriconi,2022-08-23,3,0,236,42.7,26.5,14.1,1.881,29.9,65.0,0.46,184.9,217.7,0.849
Y7600001,L'Ostriconi au pont de Trepide,L'Ostriconi,2022-09-09,3,0,253,42.7,25.8,25.2,1.025,31.9,59.1,0.54,179.7,204.8,0.878
Y7600001,L'Ostriconi au pont de Trepide,L'Ostriconi,2022-09-26,3,0,270,42.7,13.0,51.8,0.25,41.3,79.3,0.521,189.1,213.5,0.886
Y7600001,L'Ostriconi au pont de Trepide,L'Ostriconi,2022-10-10,3,0,284,42.7,32.3,61.7,0.523,61.6,100.4,0.613,144.7,212.5,0.681
Y7600001,L'Ostriconi au pont de Trepide,L'Ostriconi,2022-10-24,3,0,298,42.7,40.4,61.6,0.656,70.8,124.1,0.57,97.7,220.4,0.443
Y7600001,L'Ostriconi au pont de Trepide,L'Ostriconi,2022-11-11,3,0,316,42.7,19.3,77.5,0.249,82.8,169.1,0.49,92.3,241.0,0.383
Y7600001,L'Ostriconi au pont de Trepide,L'Ostriconi,2022-11-22,3,0,327,42.7,70.9,93.4,0.759,115.3,201.4,0.572,145.1,266.3,0.545
Y7600001,L'Ostriconi au pont de Trepide,L'Ostriconi,2022-12-14,1,1,349,42.7,133.2,82.0,1.625,192.7,228.0,0.845,224.4,287.4,0.781
Y7600001,L'Ostriconi au pont de Trepide,L'Ostriconi,2023-01-23,1,1,23,42.7,66.9,53.2,1.259,237.7,221.2,1.074,308.4,346.6,0.89
Y7600001,L'Ostriconi au pont de Trepide,L'Ostriconi,2023-02-22,1,1,53,42.7,38.1,48.1,0.793,166.7,173.4,0.961,320.2,377.4,0.848
Y7600001,L'Ostriconi au pont de Trepide,L'Ostriconi,2023-03-24,1a,1,84,42.7,118.7,51.8,2.29,223.8,153.3,1.46,428.5,381.3,1.124
Y7600001,L'Ostriconi au pont de Trepide,L'Ostriconi,2023-04-24,1a,1,115,42.7,20.0,53.0,0.377,170.4,151.2,1.127,414.4,371.3,1.116
Y7600001,L'Ostriconi au pont de Trepide,L'Ostriconi,2023-05-24,1a,1,145,42.7,74.0,48.1,1.538,212.6,154.0,1.38,379.3,326.1,1.163
Y7600001,L'Ostriconi au pont de Trepide,L'Ostriconi,2023-06-05,1a,1,157,42.7,75.0,38.8,1.934,133.4,141.1,0.946,384.1,308.3,1.246
Y7600001,L'Ostriconi au pont de Trepide,L'Ostriconi,2023-06-26,1a,1,178,42.7,65.1,38.7,1.683,161.6,135.2,1.195,388.4,287.1,1.353
Y7600001,L'Ostriconi au pont de Trepide,L'Ostriconi,2023-07-24,2,0,206,42.7,6.3,12.5,0.502,151.2,97.6,1.549,302.0,248.7,1.214
Y7600001,L'Ostriconi au pont de Trepide,L'Ostriconi,2023-08-21,3,0,234,42.7,5.4,12.5,0.431,82.9,63.8,1.301,295.3,219.4,1.346
Y7600001,L'Ostriconi au pont de Trepide,L'Ostriconi,2023-09-12,3,0,256,42.7,50.5,26.4,1.912,77.1,56.7,1.36,233.0,203.7,1.144
Y7600001,L'Ostriconi au pont de Trepide,L'Ostriconi,2023-09-25,3,0,269,42.7,65.6,48.7,1.347,77.2,75.7,1.02,238.8,210.6,1.133
Y7600001,L'Ostriconi au pont de Trepide,L'Ostriconi,2023-10-10,3,0,284,42.7,16.2,61.7,0.263,72.3,100.4,0.72,232.2,212.5,1.093
Y7600001,L'Ostriconi au pont de Trepide,L'Ostriconi,2023-10-23,3,0,297,42.7,15.1,61.8,0.244,86.0,122.2,0.704,237.2,218.7,1.085
Y7600001,L'Ostriconi au pont de Trepide,L'Ostriconi,2023-11-24,1a,1,329,42.7,110.3,94.8,1.164,204.6,203.7,1.004,281.4,267.8,1.051
Y7600001,L'Ostriconi au pont de Trepide,L'Ostriconi,2024-01-24,1f,1,24,42.7,93.9,54.3,1.731,226.7,220.7,1.027,328.2,349.7,0.939
Y7600001,L'Ostriconi au pont de Trepide,L'Ostriconi,2024-02-22,1a,1,53,42.7,10.5,48.1,0.219,128.7,173.4,0.742,333.3,377.4,0.883
Y7600001,L'Ostriconi au pont de Trepide,L'Ostriconi,2024-03-22,1a,1,82,42.7,107.7,50.7,2.123,212.6,152.7,1.392,375.5,382.6,0.981
Y7600001,L'Ostriconi au pont de Trepide,L'Ostriconi,2024-04-24,1a,1,115,42.7,70.4,53.0,1.328,188.4,151.2,1.246,414.5,371.3,1.116
Y7600001,L'Ostriconi au pont de Trepide,L'Ostriconi,2024-05-24,1a,1,145,42.7,63.1,48.1,1.313,240.3,154.0,1.56,369.1,326.1,1.132
Y7600001,L'Ostriconi au pont de Trepide,L'Ostriconi,2024-06-21,1f,1,173,42.7,29.6,38.2,0.773,163.0,144.5,1.128,375.3,295.4,1.271
Y7600001,L'Ostriconi au pont de Trepide,L'Ostriconi,2024-07-22,3,0,204,42.7,67.8,12.8,5.315,184.1,101.0,1.822,349.0,253.7,1.375
Y7600001,L'Ostriconi au pont de Trepide,L'Ostriconi,2024-08-22,3,0,235,42.7,26.1,13.6,1.91,123.4,64.6,1.911,363.7,219.3,1.659
Y7600001,L'Ostriconi au pont de Trepide,L'Ostriconi,2024-09-23,1a,1,267,42.7,118.5,46.2,2.566,198.8,71.1,2.796,372.9,209.1,1.784
Y7600001,L'Ostriconi au pont de Trepide,L'Ostriconi,2024-10-10,1a,1,284,42.7,112.6,61.7,1.825,198.9,100.4,1.981,398.9,212.5,1.877
Y7600001,L'Ostriconi au pont de Trepide,L'Ostriconi,2024-10-22,1a,1,296,42.7,105.2,62.2,1.691,249.5,120.9,2.064,410.0,218.6,1.875
Y7600001,L'Ostriconi au pont de Trepide,L'Ostriconi,2024-11-12,1a,1,317,42.7,72.3,78.8,0.917,271.1,171.4,1.582,399.7,242.3,1.65
Y7600001,L'Ostriconi au pont de Trepide,L'Ostriconi,2025-04-11,1a,1,102,42.7,66.9,51.9,1.289,171.6,151.0,1.136,409.0,381.6,1.072
Y7600001,L'Ostriconi au pont de Trepide,L'Ostriconi,2025-05-23,1a,1,144,42.7,26.0,48.8,0.532,249.3,154.9,1.61,467.7,327.3,1.429
Y7600001,L'Ostriconi au pont de Trepide,L'Ostriconi,2025-06-23,2,0,175,42.7,1.0,38.1,0.025,172.2,140.8,1.223,317.8,292.1,1.088
Y7600001,L'Ostriconi au pont de Trepide,L'Ostriconi,2025-07-23,3,0,205,42.7,17.1,12.8,1.332,45.0,99.8,0.452,285.7,250.4,1.141
Y7600001,L'Ostriconi au pont de Trepide,L'Ostriconi,2025-08-25,3,0,238,42.7,26.2,15.1,1.737,44.9,64.5,0.696,285.5,215.5,1.325
Y7600001,L'Ostriconi au pont de Trepide,L'Ostriconi,2025-09-25,3,0,269,42.7,17.2,48.7,0.354,61.0,75.7,0.806,227.5,210.6,1.08
Y7600001,L'Ostriconi au pont de Trepide,L'Ostriconi,2025-10-24,3,0,298,42.7,17.0,61.6,0.275,60.4,124.1,0.487,105.8,220.4,0.48
Y7600001,L'Ostriconi au pont de Trepide,L'Ostriconi,2025-11-20,2,0,325,42.7,28.5,89.8,0.317,61.5,195.0,0.315,106.2,259.7,0.409
Y7600001,L'Ostriconi au pont de Trepide,L'Ostriconi,2025-12-15,1a,1,350,42.7,84.2,81.1,1.037,124.6,226.7,0.549,179.5,288.3,0.623
Y7600001,L'Ostriconi au pont de Trepide,L'Ostriconi,2026-01-14,1a,1,14,42.7,259.5,58.7,4.421,368.4,226.1,1.63,422.0,335.2,1.259
Y7600001,L'Ostriconi au pont de Trepide,L'Ostriconi,2026-04-21,1a,1,112,42.7,85.9,55.6,1.543,232.1,154.3,1.504,642.5,376.6,1.706
Y7600001,L'Ostriconi au pont de Trepide,L'Ostriconi,2026-05-25,1a,1,146,42.7,20.9,45.9,0.456,168.1,152.1,1.106,602.1,322.3,1.868
Y7600001,L'Ostriconi au pont de Trepide,L'Ostriconi,2026-06-26,3,0,178,42.7,2.6,38.7,0.068,114.1,135.2,0.844,338.7,287.1,1.18
Y7600001,L'Ostriconi au pont de Trepide,L'Ostriconi,2026-07-13,3,0,195,42.7,0.4,18.1,0.02,44.0,111.1,0.396,312.4,264.1,1.183
Y7600001,L'Ostriconi au pont de Trepide,L'Ostriconi,2026-07-23,3,0,205,42.7,0.5,12.8,0.038,24.1,99.8,0.241,256.2,250.4,1.023
Y7600001,L'Ostriconi au pont de Trepide,L'Ostriconi,2026-08-25,3,0,238,42.7,36.4,15.1,2.416,40.3,64.5,0.625,208.2,215.5,0.966
Y7600001,L'Ostriconi au pont de Trepide,L'Ostriconi,2026-09-24,3,0,268,42.7,1.7,47.4,0.037,39.4,73.3,0.537,153.5,208.6,0.736
Y7610001,Le fiume di Regino au moulin de Pietrali,Fiume di Regino,2012-05-25,1a,1,146,212.2,96.8,42.2,2.295,221.1,135.8,1.628,334.1,288.4,1.158
Y7610001,Le fiume di Regino au moulin de Pietrali,Fiume di Regino,2012-06-25,1a,1,177,212.2,10.1,36.5,0.277,198.5,124.6,1.593,319.5,261.3,1.223
Y7610001,Le fiume di Regino au moulin de Pietrali,Fiume di Regino,2012-07-11,1a,1,193,212.2,6.6,18.8,0.352,168.9,102.8,1.643,320.7,237.6,1.35
Y7610001,Le fiume di Regino au moulin de Pietrali,Fiume di Regino,2012-07-25,1a,1,207,212.2,8.6,8.2,1.052,117.0,86.4,1.354,320.2,222.4,1.44
Y7610001,Le fiume di Regino au moulin de Pietrali,Fiume di Regino,2012-08-23,1f,1,236,212.2,0.0,12.9,0.0,20.2,57.7,0.349,241.3,194.1,1.243
Y7610001,Le fiume di Regino au moulin de Pietrali,Fiume di Regino,2012-09-25,1a,1,269,212.2,67.6,46.9,1.441,76.2,70.3,1.084,274.6,192.1,1.429
Y7610001,Le fiume di Regino au moulin de Pietrali,Fiume di Regino,2013-05-23,1a,1,144,212.2,44.2,45.0,0.982,222.3,139.0,1.599,453.8,294.2,1.543
Y7610001,Le fiume di Regino au moulin de Pietrali,Fiume di Regino,2013-06-25,1a,1,177,212.2,17.5,36.5,0.479,107.7,124.6,0.864,421.6,261.3,1.613
Y7610001,Le fiume di Regino au moulin de Pietrali,Fiume di Regino,2013-07-25,1a,1,207,212.2,21.7,8.2,2.665,86.7,86.4,1.004,371.2,222.4,1.669
Y7610001,Le fiume di Regino au moulin de Pietrali,Fiume di Regino,2013-08-23,1f,1,236,212.2,21.3,12.9,1.653,64.4,57.7,1.115,258.7,194.1,1.333
Y7610001,Le fiume di Regino au moulin de Pietrali,Fiume di Regino,2013-09-19,1f,1,263,212.2,6.1,37.7,0.161,49.1,58.4,0.84,171.8,188.5,0.912
Y7610001,Le fiume di Regino au moulin de Pietrali,Fiume di Regino,2013-10-25,1a,1,299,212.2,44.2,59.7,0.74,71.6,122.1,0.586,152.8,205.6,0.743
Y7610001,Le fiume di Regino au moulin de Pietrali,Fiume di Regino,2014-05-26,1a,1,147,212.2,31.8,41.2,0.773,204.3,134.4,1.52,381.3,284.8,1.339
Y7610001,Le fiume di Regino au moulin de Pietrali,Fiume di Regino,2014-06-25,1a,1,177,212.2,35.1,36.5,0.962,137.5,124.6,1.104,390.4,261.3,1.494
Y7610001,Le fiume di Regino au moulin de Pietrali,Fiume di Regino,2014-07-23,1a,1,205,212.2,18.7,10.0,1.869,88.9,89.7,0.991,354.4,225.0,1.576
Y7610001,Le fiume di Regino au moulin de Pietrali,Fiume di Regino,2014-08-26,1a,1,239,212.2,12.0,15.4,0.777,65.9,58.4,1.128,266.3,192.8,1.381
Y7610001,Le fiume di Regino au moulin de Pietrali,Fiume di Regino,2014-09-25,1a,1,269,212.2,2.0,46.9,0.044,32.8,70.3,0.466,147.9,192.1,0.77
Y7610001,Le fiume di Regino au moulin de Pietrali,Fiume di Regino,2014-10-27,1,1,301,212.2,13.2,58.6,0.225,27.8,125.6,0.222,101.2,206.7,0.49
Y7610001,Le fiume di Regino au moulin de Pietrali,Fiume di Regino,2015-05-26,1a,1,147,212.2,15.9,41.2,0.387,112.5,134.4,0.837,274.1,284.8,0.963
Y7610001,Le fiume di Regino au moulin de Pietrali,Fiume di Regino,2015-06-23,1a,1,175,212.2,23.0,34.9,0.659,60.3,126.4,0.477,254.6,263.7,0.965
Y7610001,Le fiume di Regino au moulin de Pietrali,Fiume di Regino,2015-07-23,1a,1,205,212.2,0.1,10.0,0.011,39.0,89.7,0.435,232.4,225.0,1.033
Y7610001,Le fiume di Regino au moulin de Pietrali,Fiume di Regino,2015-08-27,1a,1,240,212.2,54.3,15.5,3.503,77.3,58.2,1.328,189.6,192.1,0.987
Y7610001,Le fiume di Regino au moulin de Pietrali,Fiume di Regino,2015-09-22,1a,1,266,212.2,7.4,42.7,0.173,59.4,65.2,0.91,104.2,190.4,0.547
Y7610001,Le fiume di Regino au moulin de Pietrali,Fiume di Regino,2016-05-18,1,1,139,212.2,35.1,44.7,0.784,137.0,137.5,0.996,296.0,302.6,0.978
Y7610001,Le fiume di Regino au moulin de Pietrali,Fiume di Regino,2016-06-27,2,0,179,212.2,6.0,35.0,0.173,42.9,121.9,0.352,261.2,257.2,1.016
Y7610001,Le fiume di Regino au moulin de Pietrali,Fiume di Regino,2016-07-22,1,1,204,212.2,0.4,10.0,0.036,41.0,90.9,0.45,201.8,227.6,0.887
Y7610001,Le fiume di Regino au moulin de Pietrali,Fiume di Regino,2016-08-22,1,1,235,212.2,1.2,12.1,0.102,7.6,57.0,0.134,143.3,195.5,0.733
Y7610001,Le fiume di Regino au moulin de Pietrali,Fiume di Regino,2016-09-06,1,1,250,212.2,6.7,22.2,0.3,10.8,54.6,0.198,53.0,182.7,0.29
Y7610001,Le fiume di Regino au moulin de Pietrali,Fiume di Regino,2016-09-21,1,1,265,212.2,18.8,39.4,0.477,20.4,61.5,0.331,63.4,187.9,0.337
Y7610001,Le fiume di Regino au moulin de Pietrali,Fiume di Regino,2017-05-22,1,1,143,212.2,12.9,45.2,0.286,39.0,139.7,0.279,227.7,298.0,0.764
Y7610001,Le fiume di Regino au moulin de Pietrali,Fiume di Regino,2017-06-27,1,1,179,212.2,7.9,35.0,0.225,31.6,121.9,0.259,138.8,257.2,0.54
Y7610001,Le fiume di Regino au moulin de Pietrali,Fiume di Regino,2017-06-28,1,1,180,212.2,7.9,34.4,0.23,31.6,120.8,0.262,138.8,253.8,0.547
Y7610001,Le fiume di Regino au moulin de Pietrali,Fiume di Regino,2017-07-19,1,1,201,212.2,7.1,12.5,0.571,27.9,94.1,0.297,113.8,231.2,0.492
Y7610001,Le fiume di Regino au moulin de Pietrali,Fiume di Regino,2017-08-01,1,1,214,212.2,0.1,7.6,0.02,20.2,74.0,0.272,74.6,213.7,0.349
Y7610001,Le fiume di Regino au moulin de Pietrali,Fiume di Regino,2017-08-16,1,1,229,212.2,0.1,9.9,0.015,15.9,61.2,0.26,54.4,199.3,0.273
Y7610001,Le fiume di Regino au moulin de Pietrali,Fiume di Regino,2017-08-29,1,1,242,212.2,0.0,19.3,0.0,15.2,61.5,0.246,51.7,192.6,0.268
Y7610001,Le fiume di Regino au moulin de Pietrali,Fiume di Regino,2017-08-30,1,1,243,212.2,0.0,20.3,0.0,15.2,61.5,0.246,51.7,191.3,0.27
Y7610001,Le fiume di Regino au moulin de Pietrali,Fiume di Regino,2017-09-27,1,1,271,212.2,44.6,50.0,0.891,45.4,73.9,0.615,83.4,195.5,0.427
Y7610001,Le fiume di Regino au moulin de Pietrali,Fiume di Regino,2017-10-24,1,1,298,212.2,1.8,61.1,0.029,46.3,120.9,0.383,74.3,206.7,0.36
Y7610001,Le fiume di Regino au moulin de Pietrali,Fiume di Regino,2017-11-07,1,1,312,212.2,12.5,71.8,0.174,58.6,157.1,0.373,74.5,224.5,0.332
Y7610001,Le fiume di Regino au moulin de Pietrali,Fiume di Regino,2017-11-22,1,1,327,212.2,32.7,91.7,0.357,79.1,197.4,0.4,94.2,255.1,0.369
Y7610001,Le fiume di Regino au moulin de Pietrali,Fiume di Regino,2018-02-06,1,1,37,212.2,47.3,41.3,1.146,158.9,181.9,0.874,218.0,342.8,0.636
Y7610001,Le fiume di Regino au moulin de Pietrali,Fiume di Regino,2018-03-06,1,1,66,212.2,149.1,47.8,3.118,259.1,147.5,1.757,362.3,366.9,0.988
Y7610001,Le fiume di Regino au moulin de Pietrali,Fiume di Regino,2018-03-21,1,1,81,212.2,181.5,46.7,3.89,293.2,138.9,2.111,390.4,359.2,1.087
Y7610001,Le fiume di Regino au moulin de Pietrali,Fiume di Regino,2018-04-25,1,1,116,212.2,60.4,46.4,1.302,311.2,135.9,2.291,449.1,341.6,1.315
Y7610001,Le fiume di Regino au moulin de Pietrali,Fiume di Regino,2018-05-29,1,1,150,212.2,51.5,38.4,1.339,248.9,133.2,1.869,473.1,280.1,1.689
Y7610001,Le fiume di Regino au moulin de Pietrali,Fiume di Regino,2018-06-19,1,1,171,212.2,49.2,35.3,1.393,154.2,129.7,1.188,447.4,267.0,1.676
Y7610001,Le fiume di Regino au moulin de Pietrali,Fiume di Regino,2018-07-25,1,1,207,212.2,21.3,8.2,2.611,119.4,86.4,1.382,430.7,222.4,1.936
Y7610001,Le fiume di Regino au moulin de Pietrali,Fiume di Regino,2018-08-27,1,1,240,212.2,24.2,15.5,1.562,86.8,58.2,1.49,335.6,192.1,1.747
Y7610001,Le fiume di Regino au moulin de Pietrali,Fiume di Regino,2018-09-25,1,1,269,212.2,17.0,46.9,0.362,62.5,70.3,0.889,221.1,192.1,1.151
Y7610001,Le fiume di Regino au moulin de Pietrali,Fiume di Regino,2018-10-25,1,1,299,212.2,72.2,59.7,1.209,113.4,122.1,0.929,232.7,205.6,1.132
Y7610001,Le fiume di Regino au moulin de Pietrali,Fiume di Regino,2019-04-02,1,1,93,212.2,14.6,46.1,0.316,86.2,131.3,0.656,347.7,352.7,0.986
Y7610001,Le fiume di Regino au moulin de Pietrali,Fiume di Regino,2019-04-24,1,1,115,212.2,89.6,46.1,1.943,152.5,135.7,1.124,367.6,340.6,1.079
Y7610001,Le fiume di Regino au moulin de Pietrali,Fiume di Regino,2019-05-27,1,1,148,212.2,125.9,41.1,3.061,215.9,133.4,1.618,365.9,283.8,1.289
Y7610001,Le fiume di Regino au moulin de Pietrali,Fiume di Regino,2019-06-20,1,1,172,212.2,13.2,33.9,0.39,216.8,129.3,1.677,288.6,265.1,1.089
Y7610001,Le fiume di Regino au moulin de Pietrali,Fiume di Regino,2019-07-25,1,1,207,212.2,66.5,8.2,8.151,193.6,86.4,2.24,340.5,222.4,1.531
Y7610001,Le fiume di Regino au moulin de Pietrali,Fiume di Regino,2019-08-27,1,1,240,212.2,45.6,15.5,2.943,134.2,58.2,2.304,350.3,192.1,1.824
Y7610001,Le fiume di Regino au moulin de Pietrali,Fiume di Regino,2019-09-25,1,1,269,212.2,26.7,46.9,0.569,159.9,70.3,2.274,362.4,192.1,1.886
Y7610001,Le fiume di Regino au moulin de Pietrali,Fiume di Regino,2019-10-28,1,1,302,212.2,42.4,57.7,0.736,104.4,126.1,0.828,329.7,205.0,1.608
Y7610001,Le fiume di Regino au moulin de Pietrali,Fiume di Regino,2020-05-27,1,1,148,212.2,66.0,41.1,1.604,140.5,133.4,1.053,231.8,283.8,0.817
Y7610001,Le fiume di Regino au moulin de Pietrali,Fiume di Regino,2020-06-23,1,1,175,212.2,22.7,34.9,0.651,128.5,126.4,1.017,178.7,263.7,0.678
Y7610001,Le fiume di Regino au moulin de Pietrali,Fiume di Regino,2020-07-24,1,1,206,212.2,10.6,9.7,1.088,99.3,87.7,1.133,174.2,223.2,0.781
Y7610001,Le fiume di Regino au moulin de Pietrali,Fiume di Regino,2020-08-14,1,1,227,212.2,10.9,10.0,1.093,76.6,63.3,1.21,174.4,200.4,0.87
Y7610001,Le fiume di Regino au moulin de Pietrali,Fiume di Regino,2020-08-25,1,1,238,212.2,0.4,14.0,0.03,33.7,58.0,0.58,174.2,192.2,0.906
Y7610001,Le fiume di Regino au moulin de Pietrali,Fiume di Regino,2020-09-24,1,1,268,212.2,52.0,45.8,1.134,63.0,67.9,0.927,173.5,190.4,0.911
Y7610001,Le fiume di Regino au moulin de Pietrali,Fiume di Regino,2020-10-26,1,1,300,212.2,86.5,57.1,1.513,172.2,122.9,1.401,262.7,204.7,1.284
Y7610001,Le fiume di Regino au moulin de Pietrali,Fiume di Regino,2021-05-26,1,1,147,212.2,71.7,41.2,1.742,122.6,134.4,0.912,478.8,284.8,1.682
Y7610001,Le fiume di Regino au moulin de Pietrali,Fiume di Regino,2021-06-30,1,1,182,212.2,19.9,35.1,0.567,125.4,120.5,1.041,299.1,250.8,1.193
Y7610001,Le fiume di Regino au moulin de Pietrali,Fiume di Regino,2021-07-26,1,1,208,212.2,0.1,8.1,0.016,94.4,85.7,1.101,194.8,221.4,0.88
Y7610001,Le fiume di Regino au moulin de Pietrali,Fiume di Regino,2021-08-16,1,1,229,212.2,0.7,9.9,0.075,34.2,61.2,0.558,146.7,199.3,0.736
Y7610001,Le fiume di Regino au moulin de Pietrali,Fiume di Regino,2021-08-27,1,1,240,212.2,20.2,15.5,1.301,43.2,58.2,0.742,165.8,192.1,0.863
Y7610001,Le fiume di Regino au moulin de Pietrali,Fiume di Regino,2021-09-24,1,1,268,212.2,41.2,45.8,0.899,61.3,67.9,0.902,186.9,190.4,0.982
Y7610001,Le fiume di Regino au moulin de Pietrali,Fiume di Regino,2021-10-25,1,1,299,212.2,14.1,59.7,0.237,75.0,122.1,0.615,158.8,205.6,0.773
Y7610001,Le fiume di Regino au moulin de Pietrali,Fiume di Regino,2022-03-25,1,1,85,212.2,4.5,47.7,0.094,70.8,138.9,0.51,273.8,355.2,0.771
Y7610001,Le fiume di Regino au moulin de Pietrali,Fiume di Regino,2022-04-25,1,1,116,212.2,101.8,46.4,2.194,131.1,135.9,0.965,361.4,341.6,1.058
Y7610001,Le fiume di Regino au moulin de Pietrali,Fiume di Regino,2022-05-23,1,1,144,212.2,32.8,45.0,0.728,124.7,139.0,0.897,301.6,294.2,1.025
Y7610001,Le fiume di Regino au moulin de Pietrali,Fiume di Regino,2022-06-23,1,1,175,212.2,0.5,34.9,0.016,120.7,126.4,0.955,191.6,263.7,0.726
Y7610001,Le fiume di Regino au moulin de Pietrali,Fiume di Regino,2022-07-11,1,1,193,212.2,0.8,18.8,0.043,68.8,102.8,0.669,151.1,237.6,0.636
Y7610001,Le fiume di Regino au moulin de Pietrali,Fiume di Regino,2022-07-25,1,1,207,212.2,0.7,8.2,0.085,19.6,86.4,0.227,150.6,222.4,0.677
Y7610001,Le fiume di Regino au moulin de Pietrali,Fiume di Regino,2022-08-10,1,1,223,212.2,1.0,9.9,0.101,2.4,66.4,0.037,150.6,204.0,0.738
Y7610001,Le fiume di Regino au moulin de Pietrali,Fiume di Regino,2022-08-23,1,1,236,212.2,38.6,12.9,3.001,39.9,57.7,0.691,164.5,194.1,0.848
Y7610001,Le fiume di Regino au moulin de Pietrali,Fiume di Regino,2022-09-09,1,1,253,212.2,38.7,23.4,1.656,40.5,52.0,0.779,161.2,181.3,0.889
Y7610001,Le fiume di Regino au moulin de Pietrali,Fiume di Regino,2022-09-26,1,1,270,212.2,11.6,50.2,0.232,51.0,74.0,0.689,171.0,194.8,0.878
Y7610001,Le fiume di Regino au moulin de Pietrali,Fiume di Regino,2022-10-10,1,1,284,212.2,27.8,63.0,0.441,67.5,97.5,0.692,136.2,198.9,0.685
Y7610001,Le fiume di Regino au moulin de Pietrali,Fiume di Regino,2022-10-24,1,1,298,212.2,28.5,61.1,0.467,68.8,120.9,0.569,88.3,206.7,0.427
Y7610001,Le fiume di Regino au moulin de Pietrali,Fiume di Regino,2022-11-11,1,1,316,212.2,19.8,75.3,0.264,75.1,166.2,0.452,89.4,230.2,0.388
Y7610001,Le fiume di Regino au moulin de Pietrali,Fiume di Regino,2022-11-22,1,1,327,212.2,93.0,91.7,1.013,123.1,197.4,0.624,163.0,255.1,0.639
Y7610001,Le fiume di Regino au moulin de Pietrali,Fiume di Regino,2022-12-14,1,1,349,212.2,154.8,77.4,2.001,203.0,222.8,0.911,243.9,275.1,0.887
Y7610001,Le fiume di Regino au moulin de Pietrali,Fiume di Regino,2023-01-23,1,1,23,212.2,80.1,48.4,1.655,278.2,206.9,1.344,347.0,328.1,1.057
Y7610001,Le fiume di Regino au moulin de Pietrali,Fiume di Regino,2023-02-22,1,1,53,212.2,28.9,43.3,0.667,182.1,156.4,1.165,337.2,355.1,0.949
Y7610001,Le fiume di Regino au moulin de Pietrali,Fiume di Regino,2023-03-24,1a,1,84,212.2,52.4,46.9,1.116,161.3,138.9,1.161,381.5,356.6,1.07
Y7610001,Le fiume di Regino au moulin de Pietrali,Fiume di Regino,2023-04-24,1a,1,115,212.2,23.0,46.1,0.499,100.9,135.7,0.744,382.5,340.6,1.123
Y7610001,Le fiume di Regino au moulin de Pietrali,Fiume di Regino,2023-05-24,1a,1,145,212.2,61.3,44.2,1.386,136.6,138.0,0.99,318.6,292.8,1.088
Y7610001,Le fiume di Regino au moulin de Pietrali,Fiume di Regino,2023-06-05,1a,1,157,212.2,51.9,34.0,1.525,113.5,125.3,0.905,310.7,274.3,1.133
Y7610001,Le fiume di Regino au moulin de Pietrali,Fiume di Regino,2023-06-26,1a,1,178,212.2,39.9,36.0,1.109,124.0,122.5,1.012,290.1,258.5,1.122
Y7610001,Le fiume di Regino au moulin de Pietrali,Fiume di Regino,2023-07-24,1a,1,206,212.2,6.9,9.7,0.711,112.7,87.7,1.285,198.7,223.2,0.89
Y7610001,Le fiume di Regino au moulin de Pietrali,Fiume di Regino,2023-08-21,1f,1,234,212.2,1.1,10.4,0.101,53.1,55.6,0.956,189.1,195.2,0.969
Y7610001,Le fiume di Regino au moulin de Pietrali,Fiume di Regino,2023-09-12,1a,1,256,212.2,62.0,24.6,2.523,72.7,49.8,1.458,202.8,181.4,1.118
Y7610001,Le fiume di Regino au moulin de Pietrali,Fiume di Regino,2023-09-25,1a,1,269,212.2,71.6,46.9,1.526,79.7,70.3,1.133,203.6,192.1,1.06
Y7610001,Le fiume di Regino au moulin de Pietrali,Fiume di Regino,2023-10-10,1a,1,284,212.2,10.3,63.0,0.163,73.3,97.5,0.752,192.6,198.9,0.969
Y7610001,Le fiume di Regino au moulin de Pietrali,Fiume di Regino,2023-10-23,1a,1,297,212.2,17.3,61.2,0.282,89.2,118.8,0.751,202.7,205.2,0.988
Y7610001,Le fiume di Regino au moulin de Pietrali,Fiume di Regino,2023-11-24,1a,1,329,212.2,151.3,93.1,1.625,263.2,199.7,1.318,311.1,258.2,1.205
Y7610001,Le fiume di Regino au moulin de Pietrali,Fiume di Regino,2024-01-24,1a,1,24,212.2,76.5,48.8,1.566,261.1,206.1,1.267,377.3,330.4,1.142
Y7610001,Le fiume di Regino au moulin de Pietrali,Fiume di Regino,2024-02-22,1a,1,53,212.2,18.7,43.3,0.432,132.5,156.4,0.847,395.7,355.1,1.114
Y7610001,Le fiume di Regino au moulin de Pietrali,Fiume di Regino,2024-03-22,1a,1,82,212.2,96.5,46.0,2.099,191.8,137.4,1.396,420.5,358.0,1.175
Y7610001,Le fiume di Regino au moulin de Pietrali,Fiume di Regino,2024-04-24,1a,1,115,212.2,59.2,46.1,1.284,174.4,135.7,1.286,433.0,340.6,1.271
Y7610001,Le fiume di Regino au moulin de Pietrali,Fiume di Regino,2024-05-24,1a,1,145,212.2,71.4,44.2,1.617,224.9,138.0,1.629,359.2,292.8,1.227
Y7610001,Le fiume di Regino au moulin de Pietrali,Fiume di Regino,2024-06-21,1a,1,173,212.2,10.6,35.1,0.301,141.1,130.0,1.085,333.0,266.5,1.25
Y7610001,Le fiume di Regino au moulin de Pietrali,Fiume di Regino,2024-07-22,1a,1,204,212.2,15.8,10.0,1.569,116.8,90.9,1.284,272.1,227.6,1.196
Y7610001,Le fiume di Regino au moulin de Pietrali,Fiume di Regino,2024-08-22,1a,1,235,212.2,24.0,12.1,1.982,50.2,57.0,0.881,275.1,195.5,1.407
Y7610001,Le fiume di Regino au moulin de Pietrali,Fiume di Regino,2024-09-23,1a,1,267,212.2,121.2,44.4,2.728,150.0,65.7,2.282,298.3,190.2,1.568
Y7610001,Le fiume di Regino au moulin de Pietrali,Fiume di Regino,2024-10-10,1a,1,284,212.2,133.3,63.0,2.114,206.8,97.5,2.12,340.9,198.9,1.714
Y7610001,Le fiume di Regino au moulin de Pietrali,Fiume di Regino,2024-10-22,1a,1,296,212.2,116.8,62.4,1.872,261.1,117.9,2.215,358.8,205.6,1.745
Y7610001,Le fiume di Regino au moulin de Pietrali,Fiume di Regino,2024-11-12,1a,1,317,212.2,70.2,76.8,0.914,283.7,168.4,1.685,337.5,231.6,1.457
Y7610001,Le fiume di Regino au moulin de Pietrali,Fiume di Regino,2025-04-11,1a,1,102,212.2,90.3,43.7,2.067,163.8,134.0,1.223,330.1,350.4,0.942
Y7610001,Le fiume di Regino au moulin de Pietrali,Fiume di Regino,2025-05-23,1a,1,144,212.2,30.2,45.0,0.671,256.8,139.0,1.847,389.6,294.2,1.324
Y7610001,Le fiume di Regino au moulin de Pietrali,Fiume di Regino,2025-06-23,1a,1,175,212.2,1.3,34.9,0.036,177.6,126.4,1.405,308.8,263.7,1.171
Y7610001,Le fiume di Regino au moulin de Pietrali,Fiume di Regino,2025-07-23,1a,1,205,212.2,16.9,10.0,1.687,48.3,89.7,0.538,296.8,225.0,1.319
Y7610001,Le fiume di Regino au moulin de Pietrali,Fiume di Regino,2025-08-25,1a,1,238,212.2,20.7,14.0,1.48,40.7,58.0,0.701,287.9,192.2,1.498
Y7610001,Le fiume di Regino au moulin de Pietrali,Fiume di Regino,2025-09-25,1a,1,269,212.2,26.6,46.9,0.566,66.0,70.3,0.938,232.4,192.1,1.21
Y7610001,Le fiume di Regino au moulin de Pietrali,Fiume di Regino,2025-10-24,1a,1,298,212.2,19.8,61.1,0.324,67.0,120.9,0.554,117.0,206.7,0.566
Y7610001,Le fiume di Regino au moulin de Pietrali,Fiume di Regino,2025-11-20,1a,1,325,212.2,51.5,87.4,0.59,94.3,191.2,0.493,134.7,248.2,0.543
Y7610001,Le fiume di Regino au moulin de Pietrali,Fiume di Regino,2025-12-15,1a,1,350,212.2,115.2,77.0,1.496,181.5,221.8,0.818,237.8,275.8,0.862
Y7610001,Le fiume di Regino au moulin de Pietrali,Fiume di Regino,2026-01-14,1a,1,14,212.2,106.2,53.2,1.998,273.6,212.3,1.288,326.9,318.4,1.027
Y7610001,Le fiume di Regino au moulin de Pietrali,Fiume di Regino,2026-04-21,1a,1,112,212.2,52.8,48.8,1.082,211.4,137.0,1.543,488.6,346.1,1.412
Y7610001,Le fiume di Regino au moulin de Pietrali,Fiume di Regino,2026-05-25,1a,1,146,212.2,29.3,42.2,0.695,137.0,135.8,1.009,426.1,288.4,1.478
Y7610001,Le fiume di Regino au moulin de Pietrali,Fiume di Regino,2026-06-26,1f,1,178,212.2,2.2,36.0,0.062,94.0,122.5,0.767,294.9,258.5,1.141
Y7610001,Le fiume di Regino au moulin de Pietrali,Fiume di Regino,2026-07-13,1f,1,195,212.2,0.1,15.7,0.009,58.3,100.7,0.578,270.0,235.8,1.145
Y7610001,Le fiume di Regino au moulin de Pietrali,Fiume di Regino,2026-07-23,1f,1,205,212.2,0.1,10.0,0.014,31.8,89.7,0.354,241.4,225.0,1.073
Y7610001,Le fiume di Regino au moulin de Pietrali,Fiume di Regino,2026-08-25,1a,1,238,212.2,47.9,14.0,3.419,52.0,58.0,0.897,188.9,192.2,0.983
Y7610001,Le fiume di Regino au moulin de Pietrali,Fiume di Regino,2026-09-24,1f,1,268,212.2,1.3,45.8,0.028,51.1,67.9,0.752,145.0,190.4,0.762
Y7610002,Le ruisseau de San Clemente au pont génois du sentier montant à Belgodere,Ruisseau de San Clemente,2012-05-25,1a,1,146,122.5,57.9,45.2,1.281,178.7,143.3,1.247,262.3,307.6,0.853
Y7610002,Le ruisseau de San Clemente au pont génois du sentier montant à Belgodere,Ruisseau de San Clemente,2012-06-25,1a,1,177,122.5,12.8,42.5,0.302,161.0,139.4,1.155,253.8,281.5,0.902
Y7610002,Le ruisseau de San Clemente au pont génois du sentier montant à Belgodere,Ruisseau de San Clemente,2012-07-11,1a,1,193,122.5,7.0,23.6,0.294,129.8,116.7,1.112,253.0,255.1,0.992
Y7610002,Le ruisseau de San Clemente au pont génois du sentier montant à Belgodere,Ruisseau de San Clemente,2012-07-25,1f,1,207,122.5,4.9,8.7,0.565,78.2,96.6,0.81,250.0,237.7,1.052
Y7610002,Le ruisseau de San Clemente au pont génois du sentier montant à Belgodere,Ruisseau de San Clemente,2012-08-23,3,0,236,122.5,0.0,15.1,0.0,20.4,66.6,0.306,199.1,211.1,0.943
Y7610002,Le ruisseau de San Clemente au pont génois du sentier montant à Belgodere,Ruisseau de San Clemente,2012-09-25,1a,1,269,122.5,56.8,53.4,1.064,61.7,80.6,0.766,222.8,216.9,1.027
Y7610002,Le ruisseau de San Clemente au pont génois du sentier montant à Belgodere,Ruisseau de San Clemente,2013-05-23,1a,1,144,122.5,55.4,48.1,1.151,214.9,145.5,1.477,421.9,312.3,1.351
Y7610002,Le ruisseau de San Clemente au pont génois du sentier montant à Belgodere,Ruisseau de San Clemente,2013-06-25,1a,1,177,122.5,16.5,42.5,0.388,118.2,139.4,0.848,398.3,281.5,1.415
Y7610002,Le ruisseau de San Clemente au pont génois du sentier montant à Belgodere,Ruisseau de San Clemente,2013-07-25,1a,1,207,122.5,15.8,8.7,1.823,93.4,96.6,0.966,354.8,237.7,1.493
Y7610002,Le ruisseau de San Clemente au pont génois du sentier montant à Belgodere,Ruisseau de San Clemente,2013-08-23,1a,1,236,122.5,22.3,15.1,1.479,61.7,66.6,0.926,252.7,211.1,1.197
Y7610002,Le ruisseau de San Clemente au pont génois du sentier montant à Belgodere,Ruisseau de San Clemente,2013-09-19,1f,1,263,122.5,6.0,43.1,0.14,44.2,69.4,0.637,175.6,212.6,0.826
Y7610002,Le ruisseau de San Clemente au pont génois du sentier montant à Belgodere,Ruisseau de San Clemente,2013-10-25,1a,1,299,122.5,28.3,60.6,0.466,56.6,132.8,0.426,138.2,227.4,0.608
Y7610002,Le ruisseau de San Clemente au pont génois du sentier montant à Belgodere,Ruisseau de San Clemente,2014-05-26,1a,1,147,122.5,32.5,44.2,0.735,179.6,142.3,1.263,351.5,303.5,1.158
Y7610002,Le ruisseau de San Clemente au pont génois du sentier montant à Belgodere,Ruisseau de San Clemente,2014-06-25,1a,1,177,122.5,10.8,42.5,0.255,118.3,139.4,0.849,334.0,281.5,1.187
Y7610002,Le ruisseau de San Clemente au pont génois du sentier montant à Belgodere,Ruisseau de San Clemente,2014-07-23,1a,1,205,122.5,20.2,12.2,1.66,67.6,100.6,0.673,302.3,240.8,1.256
Y7610002,Le ruisseau de San Clemente au pont génois du sentier montant à Belgodere,Ruisseau de San Clemente,2014-08-26,1f,1,239,122.5,17.1,18.7,0.915,48.2,66.8,0.721,223.3,211.2,1.057
Y7610002,Le ruisseau de San Clemente au pont génois du sentier montant à Belgodere,Ruisseau de San Clemente,2014-09-25,1f,1,269,122.5,0.7,53.4,0.014,38.1,80.6,0.472,128.8,216.9,0.594
Y7610002,Le ruisseau de San Clemente au pont génois du sentier montant à Belgodere,Ruisseau de San Clemente,2014-10-27,2,0,301,122.5,20.7,58.6,0.354,38.6,136.7,0.282,90.4,228.0,0.397
Y7610002,Le ruisseau de San Clemente au pont génois du sentier montant à Belgodere,Ruisseau de San Clemente,2015-05-26,1a,1,147,122.5,12.9,44.2,0.293,103.8,142.3,0.729,258.9,303.5,0.853
Y7610002,Le ruisseau de San Clemente au pont génois du sentier montant à Belgodere,Ruisseau de San Clemente,2015-06-23,1a,1,175,122.5,11.5,39.5,0.292,42.2,139.4,0.303,217.0,282.2,0.769
Y7610002,Le ruisseau de San Clemente au pont génois du sentier montant à Belgodere,Ruisseau de San Clemente,2015-07-23,1a,1,205,122.5,0.0,12.2,0.0,24.5,100.6,0.243,195.0,240.8,0.81
Y7610002,Le ruisseau de San Clemente au pont génois du sentier montant à Belgodere,Ruisseau de San Clemente,2015-08-27,1a,1,240,122.5,60.1,19.5,3.085,73.2,67.0,1.093,176.4,211.3,0.835
Y7610002,Le ruisseau de San Clemente au pont génois du sentier montant à Belgodere,Ruisseau de San Clemente,2015-09-22,1f,1,266,122.5,7.6,50.2,0.151,67.4,76.8,0.878,94.8,215.2,0.441
Y7610002,Le ruisseau de San Clemente au pont génois du sentier montant à Belgodere,Ruisseau de San Clemente,2016-05-18,1,1,139,122.5,34.7,50.6,0.686,145.2,146.4,0.992,296.3,322.2,0.92
Y7610002,Le ruisseau de San Clemente au pont génois du sentier montant à Belgodere,Ruisseau de San Clemente,2016-06-27,1,1,179,122.5,5.1,39.5,0.129,42.4,136.2,0.311,263.5,277.0,0.951
Y7610002,Le ruisseau de San Clemente au pont génois du sentier montant à Belgodere,Ruisseau de San Clemente,2016-07-22,1,1,204,122.5,0.1,12.3,0.008,38.8,101.9,0.381,209.2,244.1,0.857
Y7610002,Le ruisseau de San Clemente au pont génois du sentier montant à Belgodere,Ruisseau de San Clemente,2016-08-22,3,0,235,122.5,1.2,14.9,0.08,6.4,66.6,0.096,150.1,212.4,0.707
Y7610002,Le ruisseau de San Clemente au pont génois du sentier montant à Belgodere,Ruisseau de San Clemente,2016-09-06,1,1,250,122.5,8.7,25.9,0.337,13.3,66.1,0.201,58.1,205.5,0.283
Y7610002,Le ruisseau de San Clemente au pont génois du sentier montant à Belgodere,Ruisseau de San Clemente,2016-09-21,1,1,265,122.5,21.9,45.3,0.483,23.2,72.4,0.32,65.7,211.8,0.31
Y7610002,Le ruisseau de San Clemente au pont génois du sentier montant à Belgodere,Ruisseau de San Clemente,2017-05-22,1,1,143,122.5,14.8,48.2,0.307,39.6,146.1,0.271,295.8,315.6,0.937
Y7610002,Le ruisseau de San Clemente au pont génois du sentier montant à Belgodere,Ruisseau de San Clemente,2017-06-27,1,1,179,122.5,7.0,39.5,0.176,34.2,136.2,0.251,177.2,277.0,0.64
Y7610002,Le ruisseau de San Clemente au pont génois du sentier montant à Belgodere,Ruisseau de San Clemente,2017-06-28,1,1,180,122.5,7.0,38.9,0.179,34.2,135.2,0.253,177.2,273.2,0.649
Y7610002,Le ruisseau de San Clemente au pont génois du sentier montant à Belgodere,Ruisseau de San Clemente,2017-07-19,3,0,201,122.5,7.5,16.3,0.46,29.2,105.6,0.277,145.7,249.0,0.585
Y7610002,Le ruisseau de San Clemente au pont génois du sentier montant à Belgodere,Ruisseau de San Clemente,2017-08-01,3,0,214,122.5,0.1,8.2,0.018,21.2,83.1,0.255,85.2,229.6,0.371
Y7610002,Le ruisseau de San Clemente au pont génois du sentier montant à Belgodere,Ruisseau de San Clemente,2017-08-16,3,0,229,122.5,0.1,11.8,0.012,15.6,68.2,0.228,54.6,215.9,0.253
Y7610002,Le ruisseau de San Clemente au pont génois du sentier montant à Belgodere,Ruisseau de San Clemente,2017-08-29,3,0,242,122.5,0.0,26.3,0.0,14.6,73.1,0.2,51.9,214.2,0.242
Y7610002,Le ruisseau de San Clemente au pont génois du sentier montant à Belgodere,Ruisseau de San Clemente,2017-08-30,1,1,243,122.5,0.0,27.0,0.0,14.6,72.8,0.201,51.9,212.8,0.244
Y7610002,Le ruisseau de San Clemente au pont génois du sentier montant à Belgodere,Ruisseau de San Clemente,2017-09-27,1,1,271,122.5,43.5,56.0,0.776,44.1,85.2,0.518,85.3,221.2,0.386
Y7610002,Le ruisseau de San Clemente au pont génois du sentier montant à Belgodere,Ruisseau de San Clemente,2017-10-24,1,1,298,122.5,4.4,62.2,0.071,47.9,131.8,0.363,77.1,228.0,0.338
Y7610002,Le ruisseau de San Clemente au pont génois du sentier montant à Belgodere,Ruisseau de San Clemente,2017-11-07,1,1,312,122.5,8.5,72.8,0.117,56.0,163.6,0.342,71.7,240.2,0.298
Y7610002,Le ruisseau de San Clemente au pont génois du sentier montant à Belgodere,Ruisseau de San Clemente,2017-11-22,1,1,327,122.5,36.0,90.9,0.396,83.9,205.5,0.408,98.5,272.1,0.362
Y7610002,Le ruisseau de San Clemente au pont génois du sentier montant à Belgodere,Ruisseau de San Clemente,2018-02-06,1,1,37,122.5,44.8,44.1,1.015,164.1,192.2,0.854,220.7,361.0,0.611
Y7610002,Le ruisseau de San Clemente au pont génois du sentier montant à Belgodere,Ruisseau de San Clemente,2018-03-06,1,1,66,122.5,159.0,47.8,3.329,257.3,155.7,1.653,373.1,381.0,0.979
Y7610002,Le ruisseau de San Clemente au pont génois du sentier montant à Belgodere,Ruisseau de San Clemente,2018-03-21,1,1,81,122.5,191.1,45.4,4.214,299.8,146.1,2.052,405.8,370.5,1.095
Y7610002,Le ruisseau de San Clemente au pont génois du sentier montant à Belgodere,Ruisseau de San Clemente,2018-04-25,1,1,116,122.5,64.5,50.0,1.29,322.9,141.3,2.284,466.4,355.0,1.314
Y7610002,Le ruisseau de San Clemente au pont génois du sentier montant à Belgodere,Ruisseau de San Clemente,2018-05-29,1,1,150,122.5,53.6,42.8,1.251,262.7,142.7,1.842,490.1,300.9,1.629
Y7610002,Le ruisseau de San Clemente au pont génois du sentier montant à Belgodere,Ruisseau de San Clemente,2018-06-19,1,1,171,122.5,48.2,37.6,1.28,162.0,142.9,1.134,461.9,285.2,1.62
Y7610002,Le ruisseau de San Clemente au pont génois du sentier montant à Belgodere,Ruisseau de San Clemente,2018-07-25,1,1,207,122.5,19.4,8.7,2.233,121.9,96.6,1.261,444.8,237.7,1.872
Y7610002,Le ruisseau de San Clemente au pont génois du sentier montant à Belgodere,Ruisseau de San Clemente,2018-08-27,1,1,240,122.5,28.1,19.5,1.444,90.3,67.0,1.347,353.0,211.3,1.671
Y7610002,Le ruisseau de San Clemente au pont génois du sentier montant à Belgodere,Ruisseau de San Clemente,2018-09-25,1,1,269,122.5,20.4,53.4,0.381,67.9,80.6,0.842,235.0,216.9,1.084
Y7610002,Le ruisseau de San Clemente au pont génois du sentier montant à Belgodere,Ruisseau de San Clemente,2018-10-25,1,1,299,122.5,78.9,60.6,1.301,127.4,132.8,0.959,249.3,227.4,1.096
Y7610002,Le ruisseau de San Clemente au pont génois du sentier montant à Belgodere,Ruisseau de San Clemente,2019-04-02,1,1,93,122.5,18.6,47.8,0.389,91.0,137.6,0.661,371.8,369.0,1.008
Y7610002,Le ruisseau de San Clemente au pont génois du sentier montant à Belgodere,Ruisseau de San Clemente,2019-04-24,1,1,115,122.5,99.0,49.7,1.993,161.7,141.1,1.146,383.6,353.5,1.085
Y7610002,Le ruisseau de San Clemente au pont génois du sentier montant à Belgodere,Ruisseau de San Clemente,2019-05-27,1,1,148,122.5,142.7,44.7,3.193,241.8,141.5,1.709,393.6,303.0,1.299
Y7610002,Le ruisseau de San Clemente au pont génois du sentier montant à Belgodere,Ruisseau de San Clemente,2019-06-20,1,1,172,122.5,18.2,36.7,0.496,243.0,142.5,1.705,315.5,283.0,1.115
Y7610002,Le ruisseau de San Clemente au pont génois du sentier montant à Belgodere,Ruisseau de San Clemente,2019-07-25,1,1,207,122.5,82.4,8.7,9.499,226.4,96.6,2.342,381.6,237.7,1.606
Y7610002,Le ruisseau de San Clemente au pont génois du sentier montant à Belgodere,Ruisseau de San Clemente,2019-08-27,1,1,240,122.5,48.3,19.5,2.48,155.5,67.0,2.319,398.3,211.3,1.885
Y7610002,Le ruisseau de San Clemente au pont génois du sentier montant à Belgodere,Ruisseau de San Clemente,2019-09-25,1,1,269,122.5,30.3,53.4,0.568,185.5,80.6,2.301,410.1,216.9,1.891
Y7610002,Le ruisseau de San Clemente au pont génois du sentier montant à Belgodere,Ruisseau de San Clemente,2019-10-28,1,1,302,122.5,44.7,57.3,0.779,112.6,136.9,0.823,374.5,225.7,1.659
Y7610002,Le ruisseau de San Clemente au pont génois du sentier montant à Belgodere,Ruisseau de San Clemente,2020-05-27,1,1,148,122.5,69.3,44.7,1.55,151.7,141.5,1.072,251.3,303.0,0.829
Y7610002,Le ruisseau de San Clemente au pont génois du sentier montant à Belgodere,Ruisseau de San Clemente,2020-06-23,1,1,175,122.5,23.3,39.5,0.591,140.7,139.4,1.01,192.9,282.2,0.683
Y7610002,Le ruisseau de San Clemente au pont génois du sentier montant à Belgodere,Ruisseau de San Clemente,2020-07-24,2,0,206,122.5,12.6,11.6,1.082,105.3,98.1,1.073,188.1,238.5,0.789
Y7610002,Le ruisseau de San Clemente au pont génois du sentier montant à Belgodere,Ruisseau de San Clemente,2020-08-14,3,0,227,122.5,12.5,11.9,1.047,84.3,70.7,1.192,188.0,216.5,0.868
Y7610002,Le ruisseau de San Clemente au pont génois du sentier montant à Belgodere,Ruisseau de San Clemente,2020-08-25,3,0,238,122.5,0.1,16.6,0.006,36.0,66.9,0.539,187.7,210.0,0.894
Y7610002,Le ruisseau de San Clemente au pont génois du sentier montant à Belgodere,Ruisseau de San Clemente,2020-09-24,1,1,268,122.5,53.4,52.8,1.011,66.1,78.2,0.844,183.7,215.0,0.854
Y7610002,Le ruisseau de San Clemente au pont génois du sentier montant à Belgodere,Ruisseau de San Clemente,2020-10-26,1,1,300,122.5,81.3,57.1,1.424,169.4,134.0,1.265,266.7,225.8,1.181
Y7610002,Le ruisseau de San Clemente au pont génois du sentier montant à Belgodere,Ruisseau de San Clemente,2021-05-26,1,1,147,122.5,70.1,44.2,1.586,126.2,142.3,0.887,478.5,303.5,1.576
Y7610002,Le ruisseau de San Clemente au pont génois du sentier montant à Belgodere,Ruisseau de San Clemente,2021-06-30,1,1,182,122.5,20.0,39.6,0.505,126.1,135.0,0.934,306.4,269.9,1.135
Y7610002,Le ruisseau de San Clemente au pont génois du sentier montant à Belgodere,Ruisseau de San Clemente,2021-07-26,2,0,208,122.5,0.1,8.7,0.017,93.2,96.2,0.969,199.3,236.4,0.843
Y7610002,Le ruisseau de San Clemente au pont génois du sentier montant à Belgodere,Ruisseau de San Clemente,2021-08-16,3,0,229,122.5,0.6,11.8,0.054,34.5,68.2,0.506,150.7,215.9,0.698
Y7610002,Le ruisseau de San Clemente au pont génois du sentier montant à Belgodere,Ruisseau de San Clemente,2021-08-27,2,0,240,122.5,25.8,19.5,1.323,49.3,67.0,0.736,175.6,211.3,0.831
Y7610002,Le ruisseau de San Clemente au pont génois du sentier montant à Belgodere,Ruisseau de San Clemente,2021-09-24,1,1,268,122.5,49.2,52.8,0.931,74.8,78.2,0.956,201.2,215.0,0.936
Y7610002,Le ruisseau de San Clemente au pont génois du sentier montant à Belgodere,Ruisseau de San Clemente,2021-10-25,1,1,299,122.5,12.9,60.6,0.213,87.3,132.8,0.657,170.9,227.4,0.751
Y7610002,Le ruisseau de San Clemente au pont génois du sentier montant à Belgodere,Ruisseau de San Clemente,2022-03-25,1,1,85,122.5,5.3,47.6,0.112,73.5,146.5,0.502,287.1,367.1,0.782
Y7610002,Le ruisseau de San Clemente au pont génois du sentier montant à Belgodere,Ruisseau de San Clemente,2022-04-25,1,1,116,122.5,102.2,50.0,2.044,131.4,141.3,0.93,376.3,355.0,1.06
Y7610002,Le ruisseau de San Clemente au pont génois du sentier montant à Belgodere,Ruisseau de San Clemente,2022-05-23,1,1,144,122.5,32.1,48.1,0.668,127.5,145.5,0.877,306.9,312.3,0.983
Y7610002,Le ruisseau de San Clemente au pont génois du sentier montant à Belgodere,Ruisseau de San Clemente,2022-06-23,1,1,175,122.5,0.7,39.5,0.018,122.9,139.4,0.882,196.4,282.2,0.696
Y7610002,Le ruisseau de San Clemente au pont génois du sentier montant à Belgodere,Ruisseau de San Clemente,2022-07-11,3,0,193,122.5,0.9,23.6,0.038,73.3,116.7,0.628,153.4,255.1,0.601
Y7610002,Le ruisseau de San Clemente au pont génois du sentier montant à Belgodere,Ruisseau de San Clemente,2022-07-25,3,0,207,122.5,0.7,8.7,0.082,21.4,96.6,0.221,152.6,237.7,0.642
Y7610002,Le ruisseau de San Clemente au pont génois du sentier montant à Belgodere,Ruisseau de San Clemente,2022-08-10,3,0,223,122.5,1.5,12.5,0.12,3.2,74.9,0.043,152.9,221.8,0.689
Y7610002,Le ruisseau de San Clemente au pont génois du sentier montant à Belgodere,Ruisseau de San Clemente,2022-08-23,3,0,236,122.5,32.9,15.1,2.179,34.3,66.6,0.515,161.9,211.1,0.767
Y7610002,Le ruisseau de San Clemente au pont génois du sentier montant à Belgodere,Ruisseau de San Clemente,2022-09-09,1,1,253,122.5,32.7,26.8,1.221,35.1,62.8,0.559,158.2,204.2,0.774
Y7610002,Le ruisseau de San Clemente au pont génois du sentier montant à Belgodere,Ruisseau de San Clemente,2022-09-26,1,1,270,122.5,13.2,57.3,0.23,46.7,85.4,0.547,169.4,220.7,0.767
Y7610002,Le ruisseau de San Clemente au pont génois du sentier montant à Belgodere,Ruisseau de San Clemente,2022-10-10,1,1,284,122.5,28.0,65.0,0.431,62.2,105.6,0.59,135.5,220.4,0.615
Y7610002,Le ruisseau de San Clemente au pont génois du sentier montant à Belgodere,Ruisseau de San Clemente,2022-10-24,1,1,298,122.5,30.4,62.2,0.488,65.7,131.8,0.498,86.9,228.0,0.381
Y7610002,Le ruisseau de San Clemente au pont génois du sentier montant à Belgodere,Ruisseau de San Clemente,2022-11-11,1,1,316,122.5,18.6,75.9,0.244,74.8,172.7,0.433,85.0,244.5,0.348
Y7610002,Le ruisseau de San Clemente au pont génois du sentier montant à Belgodere,Ruisseau de San Clemente,2022-11-22,1,1,327,122.5,88.8,90.9,0.977,121.5,205.5,0.592,155.9,272.1,0.573
Y7610002,Le ruisseau de San Clemente au pont génois du sentier montant à Belgodere,Ruisseau de San Clemente,2022-12-14,1,1,349,122.5,153.6,76.7,2.003,202.6,224.9,0.901,238.1,288.6,0.825
Y7610002,Le ruisseau de San Clemente au pont génois du sentier montant à Belgodere,Ruisseau de San Clemente,2023-01-23,1,1,23,122.5,79.2,53.6,1.478,272.3,214.8,1.268,338.0,347.9,0.972
Y7610002,Le ruisseau de San Clemente au pont génois du sentier montant à Belgodere,Ruisseau de San Clemente,2023-02-22,1,1,53,122.5,35.9,46.5,0.771,179.6,167.6,1.072,341.0,374.8,0.91
Y7610002,Le ruisseau de San Clemente au pont génois du sentier montant à Belgodere,Ruisseau de San Clemente,2023-03-24,1a,1,84,122.5,68.4,46.3,1.478,183.5,146.6,1.252,400.3,368.5,1.086
Y7610002,Le ruisseau de San Clemente au pont génois du sentier montant à Belgodere,Ruisseau de San Clemente,2023-04-24,1a,1,115,122.5,24.2,49.7,0.487,125.3,141.1,0.888,400.8,353.5,1.134
Y7610002,Le ruisseau de San Clemente au pont génois du sentier montant à Belgodere,Ruisseau de San Clemente,2023-05-24,1a,1,145,122.5,68.9,47.6,1.449,161.5,144.8,1.115,341.1,311.7,1.094
Y7610002,Le ruisseau de San Clemente au pont génois du sentier montant à Belgodere,Ruisseau de San Clemente,2023-06-05,1a,1,157,122.5,60.9,36.7,1.657,126.4,135.8,0.931,340.7,293.3,1.162
Y7610002,Le ruisseau de San Clemente au pont génois du sentier montant à Belgodere,Ruisseau de San Clemente,2023-06-26,1a,1,178,122.5,52.0,41.6,1.252,145.0,136.7,1.06,334.4,278.6,1.2
Y7610002,Le ruisseau de San Clemente au pont génois du sentier montant à Belgodere,Ruisseau de San Clemente,2023-07-24,1f,1,206,122.5,7.3,11.6,0.626,134.1,98.1,1.366,240.1,238.5,1.006
Y7610002,Le ruisseau de San Clemente au pont génois du sentier montant à Belgodere,Ruisseau de San Clemente,2023-08-21,3,0,234,122.5,2.0,13.3,0.154,67.9,65.3,1.04,228.7,212.2,1.078
Y7610002,Le ruisseau de San Clemente au pont génois du sentier montant à Belgodere,Ruisseau de San Clemente,2023-09-12,1f,1,256,122.5,54.0,28.2,1.914,68.0,59.8,1.137,219.1,203.6,1.076
Y7610002,Le ruisseau de San Clemente au pont génois du sentier montant à Belgodere,Ruisseau de San Clemente,2023-09-25,1f,1,269,122.5,66.0,53.4,1.236,75.3,80.6,0.934,220.3,216.9,1.016
Y7610002,Le ruisseau de San Clemente au pont génois du sentier montant à Belgodere,Ruisseau de San Clemente,2023-10-10,1f,1,284,122.5,12.8,65.0,0.197,68.9,105.6,0.653,210.2,220.4,0.954
Y7610002,Le ruisseau de San Clemente au pont génois du sentier montant à Belgodere,Ruisseau de San Clemente,2023-10-23,1a,1,297,122.5,16.0,62.5,0.256,83.3,130.1,0.641,218.1,226.7,0.962
Y7610002,Le ruisseau de San Clemente au pont génois du sentier montant à Belgodere,Ruisseau de San Clemente,2023-11-24,1a,1,329,122.5,141.6,92.9,1.524,243.2,207.1,1.174,304.5,273.8,1.112
Y7610002,Le ruisseau de San Clemente au pont génois du sentier montant à Belgodere,Ruisseau de San Clemente,2024-01-24,1a,1,24,122.5,74.5,54.4,1.371,248.1,213.7,1.161,353.0,351.3,1.005
Y7610002,Le ruisseau de San Clemente au pont génois du sentier montant à Belgodere,Ruisseau de San Clemente,2024-02-22,1a,1,53,122.5,16.3,46.5,0.35,124.8,167.6,0.745,368.0,374.8,0.982
Y7610002,Le ruisseau de San Clemente au pont génois du sentier montant à Belgodere,Ruisseau de San Clemente,2024-03-22,1a,1,82,122.5,92.5,44.1,2.098,183.5,144.2,1.273,394.5,369.0,1.069
Y7610002,Le ruisseau de San Clemente au pont génois du sentier montant à Belgodere,Ruisseau de San Clemente,2024-04-24,1a,1,115,122.5,54.7,49.7,1.101,163.5,141.1,1.158,409.4,353.5,1.158
Y7610002,Le ruisseau de San Clemente au pont génois du sentier montant à Belgodere,Ruisseau de San Clemente,2024-05-24,1a,1,145,122.5,64.3,47.6,1.353,210.0,144.8,1.451,335.7,311.7,1.077
Y7610002,Le ruisseau de San Clemente au pont génois du sentier montant à Belgodere,Ruisseau de San Clemente,2024-06-21,1a,1,173,122.5,12.2,39.4,0.311,131.1,143.2,0.915,314.6,285.7,1.101
Y7610002,Le ruisseau de San Clemente au pont génois du sentier montant à Belgodere,Ruisseau de San Clemente,2024-07-22,1a,1,204,122.5,21.1,12.3,1.717,116.8,101.9,1.147,261.0,244.1,1.069
Y7610002,Le ruisseau de San Clemente au pont génois du sentier montant à Belgodere,Ruisseau de San Clemente,2024-08-22,2,0,235,122.5,29.6,14.9,1.984,62.9,66.6,0.944,272.9,212.4,1.284
Y7610002,Le ruisseau de San Clemente au pont génois du sentier montant à Belgodere,Ruisseau de San Clemente,2024-09-23,1f,1,267,122.5,128.6,52.1,2.47,166.2,76.2,2.18,307.6,215.5,1.427
Y7610002,Le ruisseau de San Clemente au pont génois du sentier montant à Belgodere,Ruisseau de San Clemente,2024-10-10,1a,1,284,122.5,128.7,65.0,1.979,214.7,105.6,2.034,345.3,220.4,1.566
Y7610002,Le ruisseau de San Clemente au pont génois du sentier montant à Belgodere,Ruisseau de San Clemente,2024-10-22,1a,1,296,122.5,114.6,63.3,1.81,272.3,128.5,2.119,369.9,226.6,1.632
Y7610002,Le ruisseau de San Clemente au pont génois du sentier montant à Belgodere,Ruisseau de San Clemente,2024-11-12,1a,1,317,122.5,73.0,77.4,0.942,294.3,175.4,1.678,352.2,246.0,1.432
Y7610002,Le ruisseau de San Clemente au pont génois du sentier montant à Belgodere,Ruisseau de San Clemente,2025-04-11,1a,1,102,122.5,88.8,47.5,1.867,167.9,138.6,1.211,352.2,366.1,0.962
Y7610002,Le ruisseau de San Clemente au pont génois du sentier montant à Belgodere,Ruisseau de San Clemente,2025-05-23,1a,1,144,122.5,30.2,48.1,0.628,254.3,145.5,1.748,405.9,312.3,1.3
Y7610002,Le ruisseau de San Clemente au pont génois du sentier montant à Belgodere,Ruisseau de San Clemente,2025-06-23,1f,1,175,122.5,1.1,39.5,0.029,176.3,139.4,1.265,310.7,282.2,1.101
Y7610002,Le ruisseau de San Clemente au pont génois du sentier montant à Belgodere,Ruisseau de San Clemente,2025-07-23,3,0,205,122.5,17.0,12.2,1.392,48.2,100.6,0.48,293.6,240.8,1.219
Y7610002,Le ruisseau de San Clemente au pont génois du sentier montant à Belgodere,Ruisseau de San Clemente,2025-08-25,3,0,238,122.5,21.4,16.6,1.288,41.3,66.9,0.617,286.1,210.0,1.363
Y7610002,Le ruisseau de San Clemente au pont génois du sentier montant à Belgodere,Ruisseau de San Clemente,2025-09-25,3,0,269,122.5,26.4,53.4,0.494,66.5,80.6,0.825,231.9,216.9,1.069
Y7610002,Le ruisseau de San Clemente au pont génois du sentier montant à Belgodere,Ruisseau de San Clemente,2025-10-24,3,0,298,122.5,19.7,62.2,0.316,67.4,131.8,0.512,117.3,228.0,0.514
Y7610002,Le ruisseau de San Clemente au pont génois du sentier montant à Belgodere,Ruisseau de San Clemente,2025-11-20,1f,1,325,122.5,38.2,88.6,0.431,81.3,199.3,0.408,122.3,265.9,0.46
Y7610002,Le ruisseau de San Clemente au pont génois du sentier montant à Belgodere,Ruisseau de San Clemente,2025-12-15,1a,1,350,122.5,100.9,76.3,1.323,154.5,223.8,0.69,211.5,289.6,0.73
Y7610002,Le ruisseau de San Clemente au pont génois du sentier montant à Belgodere,Ruisseau de San Clemente,2026-01-14,1a,1,14,122.5,125.0,57.6,2.169,263.8,222.6,1.185,319.3,337.6,0.946
Y7610002,Le ruisseau de San Clemente au pont génois du sentier montant à Belgodere,Ruisseau de San Clemente,2026-04-21,1a,1,112,122.5,53.1,53.8,0.987,211.6,142.9,1.481,487.7,360.5,1.353
Y7610002,Le ruisseau de San Clemente au pont génois du sentier montant à Belgodere,Ruisseau de San Clemente,2026-05-25,1a,1,146,122.5,29.2,45.2,0.645,137.5,143.3,0.959,442.2,307.6,1.438
Y7610002,Le ruisseau de San Clemente au pont génois du sentier montant à Belgodere,Ruisseau de San Clemente,2026-06-26,1f,1,178,122.5,2.3,41.6,0.056,94.2,136.7,0.689,302.1,278.6,1.084
Y7610002,Le ruisseau de San Clemente au pont génois du sentier montant à Belgodere,Ruisseau de San Clemente,2026-07-13,2,0,195,122.5,0.1,19.6,0.007,58.2,114.0,0.51,277.6,253.7,1.094
Y7610002,Le ruisseau de San Clemente au pont génois du sentier montant à Belgodere,Ruisseau de San Clemente,2026-07-23,3,0,205,122.5,0.1,12.2,0.012,31.7,100.6,0.315,243.7,240.8,1.012
Y7610002,Le ruisseau de San Clemente au pont génois du sentier montant à Belgodere,Ruisseau de San Clemente,2026-08-25,3,0,238,122.5,47.8,16.6,2.875,52.0,66.9,0.777,189.2,210.0,0.901
Y7610002,Le ruisseau de San Clemente au pont génois du sentier montant à Belgodere,Ruisseau de San Clemente,2026-09-24,3,0,268,122.5,1.2,52.8,0.023,50.9,78.2,0.651,145.1,215.0,0.675
Y7700001,Le Fiume Seccu au pont de la RD 151,Ruisseau u Fiume Seccu,2012-05-25,1a,1,146,247.3,145.4,46.2,3.147,279.0,152.2,1.834,404.3,325.4,1.243
Y7700001,Le Fiume Seccu au pont de la RD 151,Ruisseau u Fiume Seccu,2012-06-25,2,0,177,247.3,6.3,35.5,0.177,238.4,131.1,1.818,379.0,290.6,1.304
Y7700001,Le Fiume Seccu au pont de la RD 151,Ruisseau u Fiume Seccu,2012-07-11,2,0,193,247.3,5.8,17.8,0.326,206.7,105.0,1.968,374.4,261.2,1.434
Y7700001,Le Fiume Seccu au pont de la RD 151,Ruisseau u Fiume Seccu,2012-07-25,2,0,207,247.3,4.2,7.6,0.554,156.8,88.3,1.775,374.5,244.4,1.532
Y7700001,Le Fiume Seccu au pont de la RD 151,Ruisseau u Fiume Seccu,2012-08-23,3,0,236,247.3,0.0,12.0,0.0,11.4,55.3,0.207,290.5,207.7,1.399
Y7700001,Le Fiume Seccu au pont de la RD 151,Ruisseau u Fiume Seccu,2012-09-25,1a,1,269,247.3,49.7,49.4,1.006,53.9,71.5,0.754,292.3,200.0,1.461
Y7700001,Le Fiume Seccu au pont de la RD 151,Ruisseau u Fiume Seccu,2013-05-23,1a,1,144,247.3,38.1,49.6,0.768,227.0,156.4,1.451,526.1,333.4,1.578
Y7700001,Le Fiume Seccu au pont de la RD 151,Ruisseau u Fiume Seccu,2013-06-25,3,0,177,247.3,15.3,35.5,0.431,89.2,131.1,0.68,461.0,290.6,1.586
Y7700001,Le Fiume Seccu au pont de la RD 151,Ruisseau u Fiume Seccu,2013-07-25,1f,1,207,247.3,8.3,7.6,1.094,63.1,88.3,0.715,371.4,244.4,1.519
Y7700001,Le Fiume Seccu au pont de la RD 151,Ruisseau u Fiume Seccu,2013-08-23,2,0,236,247.3,31.5,12.0,2.631,56.4,55.3,1.02,235.8,207.7,1.135
Y7700001,Le Fiume Seccu au pont de la RD 151,Ruisseau u Fiume Seccu,2013-09-19,3,0,263,247.3,8.6,40.1,0.214,48.3,58.5,0.827,147.0,196.0,0.75
Y7700001,Le Fiume Seccu au pont de la RD 151,Ruisseau u Fiume Seccu,2013-10-25,1f,1,299,247.3,46.3,66.2,0.7,86.4,130.3,0.663,146.5,215.0,0.681
Y7700001,Le Fiume Seccu au pont de la RD 151,Ruisseau u Fiume Seccu,2014-05-26,1a,1,147,247.3,29.4,45.1,0.652,220.3,149.9,1.47,465.7,322.0,1.446
Y7700001,Le Fiume Seccu au pont de la RD 151,Ruisseau u Fiume Seccu,2014-06-25,1f,1,177,247.3,30.1,35.5,0.849,123.1,131.1,0.938,454.9,290.6,1.565
Y7700001,Le Fiume Seccu au pont de la RD 151,Ruisseau u Fiume Seccu,2014-07-23,1f,1,205,247.3,16.5,8.9,1.853,79.7,91.8,0.867,379.0,247.6,1.531
Y7700001,Le Fiume Seccu au pont de la RD 151,Ruisseau u Fiume Seccu,2014-08-27,2,0,240,247.3,3.6,14.7,0.243,50.0,56.4,0.888,264.4,203.4,1.3
Y7700001,Le Fiume Seccu au pont de la RD 151,Ruisseau u Fiume Seccu,2014-09-25,2,0,269,247.3,4.9,49.4,0.099,24.9,71.5,0.349,136.0,200.0,0.68
Y7700001,Le Fiume Seccu au pont de la RD 151,Ruisseau u Fiume Seccu,2014-10-27,3,0,301,247.3,4.9,64.6,0.076,14.3,134.0,0.107,81.2,215.9,0.376
Y7700001,Le Fiume Seccu au pont de la RD 151,Ruisseau u Fiume Seccu,2015-05-26,1f,1,147,247.3,22.3,45.1,0.494,101.9,149.9,0.68,290.5,322.0,0.902
Y7700001,Le Fiume Seccu au pont de la RD 151,Ruisseau u Fiume Seccu,2015-06-23,1f,1,175,247.3,35.6,34.4,1.035,81.5,134.1,0.608,283.9,295.0,0.962
Y7700001,Le Fiume Seccu au pont de la RD 151,Ruisseau u Fiume Seccu,2015-07-23,2,0,205,247.3,0.4,8.9,0.046,58.3,91.8,0.635,249.6,247.6,1.008
Y7700001,Le Fiume Seccu au pont de la RD 151,Ruisseau u Fiume Seccu,2015-08-27,2,0,240,247.3,24.1,14.7,1.644,60.1,56.4,1.066,162.0,203.4,0.796
Y7700001,Le Fiume Seccu au pont de la RD 151,Ruisseau u Fiume Seccu,2015-09-22,3,0,266,247.3,8.2,45.0,0.181,29.8,65.7,0.455,92.9,198.4,0.468
Y7700001,Le Fiume Seccu au pont de la RD 151,Ruisseau u Fiume Seccu,2016-05-18,1,1,139,247.3,40.9,46.2,0.886,149.8,152.5,0.983,336.1,339.9,0.989
Y7700001,Le Fiume Seccu au pont de la RD 151,Ruisseau u Fiume Seccu,2016-06-27,3,0,179,247.3,9.4,34.9,0.271,52.3,128.6,0.407,290.3,284.9,1.019
Y7700001,Le Fiume Seccu au pont de la RD 151,Ruisseau u Fiume Seccu,2016-07-22,2,0,204,247.3,1.1,8.8,0.127,51.8,93.4,0.554,220.9,250.1,0.883
Y7700001,Le Fiume Seccu au pont de la RD 151,Ruisseau u Fiume Seccu,2016-08-22,3,0,235,247.3,0.6,11.6,0.049,11.1,55.0,0.202,160.2,210.3,0.762
Y7700001,Le Fiume Seccu au pont de la RD 151,Ruisseau u Fiume Seccu,2016-09-06,3,0,250,247.3,9.1,21.4,0.425,12.2,51.9,0.236,65.6,188.2,0.349
Y7700001,Le Fiume Seccu au pont de la RD 151,Ruisseau u Fiume Seccu,2016-09-21,1,1,265,247.3,23.8,42.0,0.566,25.5,62.5,0.407,78.0,196.6,0.397
Y7700001,Le Fiume Seccu au pont de la RD 151,Ruisseau u Fiume Seccu,2017-05-22,1,1,143,247.3,19.4,49.8,0.389,76.5,157.1,0.487,252.1,337.3,0.747
Y7700001,Le Fiume Seccu au pont de la RD 151,Ruisseau u Fiume Seccu,2017-05-23,3,0,144,247.3,19.4,49.6,0.391,76.5,156.4,0.489,251.9,333.4,0.756
Y7700001,Le Fiume Seccu au pont de la RD 151,Ruisseau u Fiume Seccu,2017-06-28,3,0,180,247.3,12.6,34.1,0.369,45.3,127.2,0.357,193.8,281.0,0.69
Y7700001,Le Fiume Seccu au pont de la RD 151,Ruisseau u Fiume Seccu,2017-07-19,3,0,201,247.3,9.9,9.7,1.022,41.9,96.0,0.437,172.1,253.1,0.68
Y7700001,Le Fiume Seccu au pont de la RD 151,Ruisseau u Fiume Seccu,2017-08-01,3,0,214,247.3,1.8,7.4,0.237,30.8,74.8,0.412,146.4,234.0,0.626
Y7700001,Le Fiume Seccu au pont de la RD 151,Ruisseau u Fiume Seccu,2017-08-16,3,0,229,247.3,0.2,9.5,0.021,24.7,62.1,0.398,99.4,214.7,0.463
Y7700001,Le Fiume Seccu au pont de la RD 151,Ruisseau u Fiume Seccu,2017-08-29,3,0,242,247.3,0.0,17.5,0.0,22.7,59.1,0.385,91.2,203.3,0.449
Y7700001,Le Fiume Seccu au pont de la RD 151,Ruisseau u Fiume Seccu,2017-08-30,2,0,243,247.3,0.0,18.8,0.0,22.7,58.9,0.386,90.7,201.8,0.45
Y7700001,Le Fiume Seccu au pont de la RD 151,Ruisseau u Fiume Seccu,2017-09-27,2,0,271,247.3,53.8,53.8,1.0,59.6,76.3,0.781,109.3,203.3,0.538
Y7700001,Le Fiume Seccu au pont de la RD 151,Ruisseau u Fiume Seccu,2017-10-24,2,0,298,247.3,2.7,67.4,0.04,56.5,128.7,0.439,98.6,216.2,0.456
Y7700001,Le Fiume Seccu au pont de la RD 151,Ruisseau u Fiume Seccu,2017-11-07,2,0,312,247.3,30.0,80.1,0.374,85.3,172.2,0.495,110.0,240.5,0.457
Y7700001,Le Fiume Seccu au pont de la RD 151,Ruisseau u Fiume Seccu,2017-11-22,1,1,327,247.3,65.4,106.1,0.617,121.9,219.9,0.555,144.7,275.1,0.526
Y7700001,Le Fiume Seccu au pont de la RD 151,Ruisseau u Fiume Seccu,2018-02-06,1,1,37,247.3,92.6,46.6,1.985,285.8,206.3,1.386,371.1,382.6,0.97
Y7700001,Le Fiume Seccu au pont de la RD 151,Ruisseau u Fiume Seccu,2018-03-06,1,1,66,247.3,145.5,58.1,2.503,360.1,171.4,2.101,513.9,418.1,1.229
Y7700001,Le Fiume Seccu au pont de la RD 151,Ruisseau u Fiume Seccu,2018-03-21,1,1,81,247.3,201.5,55.6,3.625,379.9,162.0,2.345,551.4,409.1,1.348
Y7700001,Le Fiume Seccu au pont de la RD 151,Ruisseau u Fiume Seccu,2018-04-25,1,1,116,247.3,67.5,51.4,1.311,368.2,155.7,2.364,616.2,390.6,1.578
Y7700001,Le Fiume Seccu au pont de la RD 151,Ruisseau u Fiume Seccu,2018-05-29,1,1,150,247.3,79.3,40.8,1.943,302.9,146.8,2.063,632.6,315.4,2.006
Y7700001,Le Fiume Seccu au pont de la RD 151,Ruisseau u Fiume Seccu,2018-06-19,1,1,171,247.3,60.4,37.2,1.626,191.7,138.3,1.386,571.5,299.8,1.906
Y7700001,Le Fiume Seccu au pont de la RD 151,Ruisseau u Fiume Seccu,2018-07-25,2,0,207,247.3,30.7,7.6,4.046,165.2,88.3,1.869,533.5,244.4,2.183
Y7700001,Le Fiume Seccu au pont de la RD 151,Ruisseau u Fiume Seccu,2018-08-27,2,0,240,247.3,19.8,14.7,1.349,101.3,56.4,1.796,404.1,203.4,1.987
Y7700001,Le Fiume Seccu au pont de la RD 151,Ruisseau u Fiume Seccu,2018-09-25,3,0,269,247.3,19.4,49.4,0.392,69.9,71.5,0.978,272.0,200.0,1.36
Y7700001,Le Fiume Seccu au pont de la RD 151,Ruisseau u Fiume Seccu,2018-10-25,1,1,299,247.3,88.1,66.2,1.331,127.3,130.3,0.976,291.7,215.0,1.356
Y7700001,Le Fiume Seccu au pont de la RD 151,Ruisseau u Fiume Seccu,2019-04-02,1,1,93,247.3,11.2,52.5,0.213,99.9,151.0,0.662,412.7,399.5,1.033
Y7700001,Le Fiume Seccu au pont de la RD 151,Ruisseau u Fiume Seccu,2019-04-24,1,1,115,247.3,82.3,51.0,1.614,164.2,156.0,1.053,424.9,390.1,1.089
Y7700001,Le Fiume Seccu au pont de la RD 151,Ruisseau u Fiume Seccu,2019-05-27,1,1,148,247.3,125.2,44.6,2.804,210.0,148.1,1.418,376.4,320.7,1.174
Y7700001,Le Fiume Seccu au pont de la RD 151,Ruisseau u Fiume Seccu,2019-06-20,1,1,172,247.3,15.5,35.1,0.442,213.5,137.4,1.554,303.8,297.7,1.021
Y7700001,Le Fiume Seccu au pont de la RD 151,Ruisseau u Fiume Seccu,2019-07-25,2,0,207,247.3,33.5,7.6,4.426,164.0,88.3,1.857,325.6,244.4,1.332
Y7700001,Le Fiume Seccu au pont de la RD 151,Ruisseau u Fiume Seccu,2019-08-27,1,1,240,247.3,27.1,14.7,1.849,86.2,56.4,1.529,298.3,203.4,1.467
Y7700001,Le Fiume Seccu au pont de la RD 151,Ruisseau u Fiume Seccu,2019-09-25,3,0,269,247.3,30.3,49.4,0.613,113.1,71.5,1.582,316.8,200.0,1.584
Y7700001,Le Fiume Seccu au pont de la RD 151,Ruisseau u Fiume Seccu,2019-10-28,1,1,302,247.3,67.0,64.0,1.047,110.2,134.7,0.818,310.3,214.3,1.448
Y7700001,Le Fiume Seccu au pont de la RD 151,Ruisseau u Fiume Seccu,2020-05-27,1,1,148,247.3,82.7,44.6,1.852,184.2,148.1,1.244,326.6,320.7,1.018
Y7700001,Le Fiume Seccu au pont de la RD 151,Ruisseau u Fiume Seccu,2020-06-23,2,0,175,247.3,25.3,34.4,0.736,148.8,134.1,1.11,232.5,295.0,0.788
Y7700001,Le Fiume Seccu au pont de la RD 151,Ruisseau u Fiume Seccu,2020-07-24,2,0,206,247.3,8.2,8.7,0.945,116.1,89.7,1.294,219.1,245.3,0.893
Y7700001,Le Fiume Seccu au pont de la RD 151,Ruisseau u Fiume Seccu,2020-08-14,3,0,227,247.3,9.4,10.1,0.925,79.7,63.7,1.251,220.8,216.6,1.02
Y7700001,Le Fiume Seccu au pont de la RD 151,Ruisseau u Fiume Seccu,2020-08-25,3,0,238,247.3,2.7,13.2,0.202,36.1,55.9,0.645,220.3,204.2,1.079
Y7700001,Le Fiume Seccu au pont de la RD 151,Ruisseau u Fiume Seccu,2020-09-24,3,0,268,247.3,40.6,48.1,0.845,51.5,68.7,0.749,188.0,198.1,0.949
Y7700001,Le Fiume Seccu au pont de la RD 151,Ruisseau u Fiume Seccu,2020-10-26,1,1,300,247.3,105.1,63.5,1.655,183.4,131.1,1.399,286.5,213.8,1.34
Y7700001,Le Fiume Seccu au pont de la RD 151,Ruisseau u Fiume Seccu,2021-05-26,1,1,147,247.3,87.9,45.1,1.948,137.0,149.9,0.914,568.4,322.0,1.765
Y7700001,Le Fiume Seccu au pont de la RD 151,Ruisseau u Fiume Seccu,2021-06-30,3,0,182,247.3,8.9,34.2,0.261,134.7,125.5,1.073,338.2,276.9,1.221
Y7700001,Le Fiume Seccu au pont de la RD 151,Ruisseau u Fiume Seccu,2021-07-26,3,0,208,247.3,0.7,7.5,0.094,101.2,87.5,1.157,230.5,243.4,0.947
Y7700001,Le Fiume Seccu au pont de la RD 151,Ruisseau u Fiume Seccu,2021-08-16,3,0,229,247.3,1.3,9.5,0.14,28.1,62.1,0.453,153.4,214.7,0.714
Y7700001,Le Fiume Seccu au pont de la RD 151,Ruisseau u Fiume Seccu,2021-08-27,3,0,240,247.3,11.5,14.7,0.788,25.2,56.4,0.447,161.9,203.4,0.796
Y7700001,Le Fiume Seccu au pont de la RD 151,Ruisseau u Fiume Seccu,2021-09-24,3,0,268,247.3,31.5,48.1,0.656,40.9,68.7,0.596,175.6,198.1,0.887
Y7700001,Le Fiume Seccu au pont de la RD 151,Ruisseau u Fiume Seccu,2021-10-25,2,0,299,247.3,32.2,66.2,0.487,72.1,130.3,0.553,161.2,215.0,0.75
Y7700001,Le Fiume Seccu au pont de la RD 151,Ruisseau u Fiume Seccu,2022-03-25,1,1,85,247.3,3.7,55.9,0.067,88.3,161.4,0.547,342.8,404.4,0.848
Y7700001,Le Fiume Seccu au pont de la RD 151,Ruisseau u Fiume Seccu,2022-04-25,1,1,116,247.3,118.1,51.4,2.296,149.7,155.7,0.961,428.7,390.6,1.097
Y7700001,Le Fiume Seccu au pont de la RD 151,Ruisseau u Fiume Seccu,2022-05-23,1,1,144,247.3,60.9,49.6,1.229,153.1,156.4,0.979,362.4,333.4,1.087
Y7700001,Le Fiume Seccu au pont de la RD 151,Ruisseau u Fiume Seccu,2022-06-23,3,0,175,247.3,1.2,34.4,0.035,150.5,134.1,1.123,238.8,295.0,0.81
Y7700001,Le Fiume Seccu au pont de la RD 151,Ruisseau u Fiume Seccu,2022-07-11,3,0,193,247.3,2.5,17.8,0.14,93.8,105.0,0.893,185.3,261.2,0.709
Y7700001,Le Fiume Seccu au pont de la RD 151,Ruisseau u Fiume Seccu,2022-07-25,3,0,207,247.3,2.8,7.6,0.365,35.4,88.3,0.401,185.1,244.4,0.757
Y7700001,Le Fiume Seccu au pont de la RD 151,Ruisseau u Fiume Seccu,2022-08-10,3,0,223,247.3,11.3,10.4,1.088,14.4,67.7,0.213,194.3,221.2,0.878
Y7700001,Le Fiume Seccu au pont de la RD 151,Ruisseau u Fiume Seccu,2022-08-23,3,0,236,247.3,65.0,12.0,5.432,69.2,55.3,1.25,222.2,207.7,1.07
Y7700001,Le Fiume Seccu au pont de la RD 151,Ruisseau u Fiume Seccu,2022-09-09,3,0,253,247.3,60.8,22.6,2.693,74.5,50.7,1.47,224.9,186.6,1.205
Y7700001,Le Fiume Seccu au pont de la RD 151,Ruisseau u Fiume Seccu,2022-09-26,3,0,270,247.3,17.8,52.9,0.337,87.4,75.1,1.164,236.2,202.3,1.168
Y7700001,Le Fiume Seccu au pont de la RD 151,Ruisseau u Fiume Seccu,2022-10-10,3,0,284,247.3,45.5,69.8,0.652,117.5,104.2,1.128,211.3,207.7,1.017
Y7700001,Le Fiume Seccu au pont de la RD 151,Ruisseau u Fiume Seccu,2022-10-24,3,0,298,247.3,47.3,67.4,0.702,118.7,128.7,0.923,154.1,216.2,0.713
Y7700001,Le Fiume Seccu au pont de la RD 151,Ruisseau u Fiume Seccu,2022-11-11,3,0,316,247.3,26.7,86.0,0.31,110.7,184.6,0.599,148.8,248.7,0.598
Y7700001,Le Fiume Seccu au pont de la RD 151,Ruisseau u Fiume Seccu,2022-11-22,1,1,327,247.3,117.6,106.1,1.109,171.3,219.9,0.779,240.2,275.1,0.873
Y7700001,Le Fiume Seccu au pont de la RD 151,Ruisseau u Fiume Seccu,2022-12-14,1,1,349,247.3,199.3,86.3,2.308,273.0,250.9,1.088,347.7,301.0,1.155
Y7700001,Le Fiume Seccu au pont de la RD 151,Ruisseau u Fiume Seccu,2023-01-23,1,1,23,247.3,118.6,55.8,2.126,390.4,235.5,1.658,509.2,364.0,1.399
Y7700001,Le Fiume Seccu au pont de la RD 151,Ruisseau u Fiume Seccu,2023-02-22,1,1,53,247.3,23.6,50.2,0.471,263.9,178.2,1.481,467.4,399.0,1.172
Y7700001,Le Fiume Seccu au pont de la RD 151,Ruisseau u Fiume Seccu,2023-03-24,1f,1,84,247.3,46.3,55.2,0.839,188.5,161.5,1.167,496.9,406.4,1.223
Y7700001,Le Fiume Seccu au pont de la RD 151,Ruisseau u Fiume Seccu,2023-04-24,1a,1,115,247.3,42.4,51.0,0.832,106.6,156.0,0.684,502.8,390.1,1.289
Y7700001,Le Fiume Seccu au pont de la RD 151,Ruisseau u Fiume Seccu,2023-05-24,1a,1,145,247.3,67.9,48.3,1.408,156.6,155.1,1.01,420.5,331.3,1.269
Y7700001,Le Fiume Seccu au pont de la RD 151,Ruisseau u Fiume Seccu,2023-06-05,1a,1,157,247.3,61.6,36.6,1.685,145.0,135.2,1.072,402.3,308.8,1.303
Y7700001,Le Fiume Seccu au pont de la RD 151,Ruisseau u Fiume Seccu,2023-06-26,1a,1,178,247.3,48.4,35.2,1.374,158.1,129.4,1.222,353.2,286.8,1.232
Y7700001,Le Fiume Seccu au pont de la RD 151,Ruisseau u Fiume Seccu,2023-07-24,3,0,206,247.3,10.0,8.7,1.154,131.9,89.7,1.471,232.0,245.3,0.946
Y7700001,Le Fiume Seccu au pont de la RD 151,Ruisseau u Fiume Seccu,2023-08-21,3,0,234,247.3,0.5,9.3,0.05,67.5,52.9,1.276,221.5,209.4,1.057
Y7700001,Le Fiume Seccu au pont de la RD 151,Ruisseau u Fiume Seccu,2023-09-12,3,0,256,247.3,89.0,25.1,3.549,102.4,48.4,2.117,266.2,187.7,1.418
Y7700001,Le Fiume Seccu au pont de la RD 151,Ruisseau u Fiume Seccu,2023-09-25,3,0,269,247.3,100.2,49.4,2.028,111.1,71.5,1.553,269.2,200.0,1.346
Y7700001,Le Fiume Seccu au pont de la RD 151,Ruisseau u Fiume Seccu,2023-10-10,3,0,284,247.3,11.9,69.8,0.171,101.4,104.2,0.973,257.8,207.7,1.242
Y7700001,Le Fiume Seccu au pont de la RD 151,Ruisseau u Fiume Seccu,2023-10-23,1a,1,297,247.3,31.9,67.2,0.474,132.7,125.9,1.054,264.9,214.3,1.236
Y7700001,Le Fiume Seccu au pont de la RD 151,Ruisseau u Fiume Seccu,2023-11-24,1a,1,329,247.3,243.8,106.5,2.289,413.6,222.1,1.862,472.9,279.1,1.694
Y7700001,Le Fiume Seccu au pont de la RD 151,Ruisseau u Fiume Seccu,2024-01-24,1a,1,24,247.3,94.6,56.0,1.687,397.8,235.3,1.69,577.8,366.4,1.577
Y7700001,Le Fiume Seccu au pont de la RD 151,Ruisseau u Fiume Seccu,2024-02-22,1a,1,53,247.3,41.8,50.2,0.833,205.4,178.2,1.152,619.0,399.0,1.552
Y7700001,Le Fiume Seccu au pont de la RD 151,Ruisseau u Fiume Seccu,2024-03-22,1a,1,82,247.3,147.2,55.5,2.653,283.7,160.7,1.765,666.0,408.5,1.63
Y7700001,Le Fiume Seccu au pont de la RD 151,Ruisseau u Fiume Seccu,2024-04-24,1a,1,115,247.3,93.9,51.0,1.843,283.1,156.0,1.815,674.6,390.1,1.729
Y7700001,Le Fiume Seccu au pont de la RD 151,Ruisseau u Fiume Seccu,2024-05-24,1a,1,145,247.3,107.3,48.3,2.224,343.7,155.1,2.216,553.3,331.3,1.67
Y7700001,Le Fiume Seccu au pont de la RD 151,Ruisseau u Fiume Seccu,2024-06-21,3,0,173,247.3,7.2,34.9,0.206,208.4,137.5,1.515,492.3,297.7,1.654
Y7700001,Le Fiume Seccu au pont de la RD 151,Ruisseau u Fiume Seccu,2024-07-22,3,0,204,247.3,13.4,8.8,1.52,148.1,93.4,1.586,411.0,250.1,1.643
Y7700001,Le Fiume Seccu au pont de la RD 151,Ruisseau u Fiume Seccu,2024-08-22,3,0,235,247.3,23.9,11.6,2.061,44.5,55.0,0.81,388.2,210.3,1.846
Y7700001,Le Fiume Seccu au pont de la RD 151,Ruisseau u Fiume Seccu,2024-09-23,1a,1,267,247.3,126.6,46.5,2.723,154.2,66.2,2.327,362.1,197.4,1.835
Y7700001,Le Fiume Seccu au pont de la RD 151,Ruisseau u Fiume Seccu,2024-10-10,1a,1,284,247.3,136.6,69.8,1.956,233.3,104.2,2.239,411.2,207.7,1.98
Y7700001,Le Fiume Seccu au pont de la RD 151,Ruisseau u Fiume Seccu,2024-10-22,1a,1,296,247.3,141.8,68.4,2.073,290.7,125.4,2.317,418.6,215.1,1.946
Y7700001,Le Fiume Seccu au pont de la RD 151,Ruisseau u Fiume Seccu,2024-11-12,1a,1,317,247.3,84.4,87.9,0.96,324.0,187.0,1.732,386.9,250.7,1.543
Y7700001,Le Fiume Seccu au pont de la RD 151,Ruisseau u Fiume Seccu,2025-04-11,1a,1,102,247.3,110.1,46.3,2.377,193.6,154.9,1.25,400.3,398.2,1.005
Y7700001,Le Fiume Seccu au pont de la RD 151,Ruisseau u Fiume Seccu,2025-05-23,1a,1,144,247.3,27.2,49.6,0.548,283.1,156.4,1.81,433.0,333.4,1.299
Y7700001,Le Fiume Seccu au pont de la RD 151,Ruisseau u Fiume Seccu,2025-06-23,1a,1,175,247.3,0.7,34.4,0.019,158.9,134.1,1.185,344.7,295.0,1.169
Y7700001,Le Fiume Seccu au pont de la RD 151,Ruisseau u Fiume Seccu,2025-07-23,3,0,205,247.3,12.4,8.9,1.401,40.0,91.8,0.436,326.9,247.6,1.32
Y7700001,Le Fiume Seccu au pont de la RD 151,Ruisseau u Fiume Seccu,2025-08-25,3,0,238,247.3,34.1,13.2,2.587,50.4,55.9,0.901,321.5,204.2,1.574
Y7700001,Le Fiume Seccu au pont de la RD 151,Ruisseau u Fiume Seccu,2025-09-25,3,0,269,247.3,35.3,49.4,0.715,85.0,71.5,1.189,236.6,200.0,1.183
Y7700001,Le Fiume Seccu au pont de la RD 151,Ruisseau u Fiume Seccu,2025-10-24,3,0,298,247.3,32.9,67.4,0.488,102.2,128.7,0.794,145.3,216.2,0.672
Y7700001,Le Fiume Seccu au pont de la RD 151,Ruisseau u Fiume Seccu,2025-11-20,3,0,325,247.3,91.5,99.8,0.917,148.8,211.7,0.703,198.8,266.6,0.746
Y7700001,Le Fiume Seccu au pont de la RD 151,Ruisseau u Fiume Seccu,2025-12-15,1a,1,350,247.3,145.7,85.7,1.699,254.5,249.7,1.019,329.2,301.5,1.092
Y7700001,Le Fiume Seccu au pont de la RD 151,Ruisseau u Fiume Seccu,2026-01-14,1a,1,14,247.3,130.3,61.1,2.132,369.1,240.0,1.538,447.1,353.1,1.266
Y7700001,Le Fiume Seccu au pont de la RD 151,Ruisseau u Fiume Seccu,2026-04-21,1a,1,112,247.3,36.1,52.8,0.684,283.1,157.2,1.8,654.3,395.1,1.656
Y7700001,Le Fiume Seccu au pont de la RD 151,Ruisseau u Fiume Seccu,2026-05-25,1f,1,146,247.3,28.0,46.2,0.605,122.2,152.2,0.803,533.9,325.4,1.641
Y7700001,Le Fiume Seccu au pont de la RD 151,Ruisseau u Fiume Seccu,2026-06-26,3,0,178,247.3,1.2,35.2,0.034,75.0,129.4,0.58,392.5,286.8,1.369
Y7700001,Le Fiume Seccu au pont de la RD 151,Ruisseau u Fiume Seccu,2026-07-13,3,0,195,247.3,0.1,14.8,0.005,50.6,102.9,0.491,341.9,258.7,1.322
Y7700001,Le Fiume Seccu au pont de la RD 151,Ruisseau u Fiume Seccu,2026-07-23,3,0,205,247.3,2.3,8.9,0.262,31.8,91.8,0.346,306.2,247.6,1.237
Y7700001,Le Fiume Seccu au pont de la RD 151,Ruisseau u Fiume Seccu,2026-08-25,1a,1,238,247.3,31.3,13.2,2.371,39.3,55.9,0.703,161.4,204.2,0.791
Y7700001,Le Fiume Seccu au pont de la RD 151,Ruisseau u Fiume Seccu,2026-09-24,3,0,268,247.3,2.5,48.1,0.052,40.6,68.7,0.591,115.6,198.1,0.583
Y7710001,La Figarella au pont de la Figarella,La Figarella,2012-05-25,1a,1,146,149.7,155.9,48.2,3.235,292.1,159.9,1.827,420.0,344.4,1.22
Y7710001,La Figarella au pont de la Figarella,La Figarella,2012-06-25,1a,1,177,149.7,5.1,35.1,0.146,248.1,135.2,1.835,391.9,305.5,1.283
Y7710001,La Figarella au pont de la Figarella,La Figarella,2012-07-11,1f,1,193,149.7,5.2,17.2,0.302,215.5,107.2,2.011,385.2,273.3,1.409
Y7710001,La Figarella au pont de la Figarella,La Figarella,2012-07-25,2,0,207,149.7,2.0,7.4,0.275,164.2,89.5,1.836,383.9,255.3,1.504
Y7710001,La Figarella au pont de la Figarella,La Figarella,2012-08-23,2,0,236,149.7,0.0,11.9,0.0,8.3,54.7,0.152,300.4,214.6,1.4
Y7710001,La Figarella au pont de la Figarella,La Figarella,2012-09-25,1a,1,269,149.7,43.6,51.6,0.844,45.6,73.4,0.622,293.7,206.0,1.426
Y7710001,La Figarella au pont de la Figarella,La Figarella,2013-05-23,1a,1,144,149.7,40.2,52.1,0.773,237.1,164.5,1.442,567.3,353.1,1.607
Y7710001,La Figarella au pont de la Figarella,La Figarella,2013-06-25,1a,1,177,149.7,14.4,35.1,0.411,88.7,135.2,0.656,483.8,305.5,1.583
Y7710001,La Figarella au pont de la Figarella,La Figarella,2013-07-25,1a,1,207,149.7,3.0,7.4,0.411,58.6,89.5,0.655,381.3,255.3,1.494
Y7710001,La Figarella au pont de la Figarella,La Figarella,2013-08-23,1f,1,236,149.7,35.1,11.9,2.965,53.6,54.7,0.981,236.9,214.6,1.104
Y7710001,La Figarella au pont de la Figarella,La Figarella,2013-09-19,2,0,263,149.7,9.9,41.4,0.239,48.1,59.2,0.812,144.2,201.1,0.717
Y7710001,La Figarella au pont de la Figarella,La Figarella,2013-10-25,1f,1,299,149.7,45.9,69.8,0.658,91.0,135.9,0.669,146.2,221.5,0.66
Y7710001,La Figarella au pont de la Figarella,La Figarella,2014-05-26,1a,1,147,149.7,29.3,47.0,0.624,224.6,157.4,1.427,506.6,341.0,1.486
Y7710001,La Figarella au pont de la Figarella,La Figarella,2014-06-25,1a,1,177,149.7,23.2,35.1,0.662,116.5,135.2,0.861,481.4,305.5,1.575
Y7710001,La Figarella au pont de la Figarella,La Figarella,2014-07-23,1a,1,205,149.7,16.0,8.5,1.894,73.0,93.3,0.783,387.3,258.7,1.497
Y7710001,La Figarella au pont de la Figarella,La Figarella,2014-08-26,1f,1,239,149.7,1.9,14.6,0.128,40.9,56.6,0.723,262.0,211.3,1.24
Y7710001,La Figarella au pont de la Figarella,La Figarella,2014-09-25,2,0,269,149.7,14.7,51.6,0.285,32.7,73.4,0.445,139.5,206.0,0.677
Y7710001,La Figarella au pont de la Figarella,La Figarella,2014-10-27,2,0,301,149.7,3.7,68.0,0.055,21.1,139.6,0.151,81.4,222.2,0.366
Y7710001,La Figarella au pont de la Figarella,La Figarella,2015-05-26,1a,1,147,149.7,23.5,47.0,0.499,96.4,157.4,0.612,290.4,341.0,0.852
Y7710001,La Figarella au pont de la Figarella,La Figarella,2015-06-23,1a,1,175,149.7,38.9,34.3,1.134,85.8,138.5,0.62,285.4,310.8,0.918
Y7710001,La Figarella au pont de la Figarella,La Figarella,2015-07-23,1f,1,205,149.7,0.5,8.5,0.062,62.9,93.3,0.674,247.9,258.7,0.958
Y7710001,La Figarella au pont de la Figarella,La Figarella,2015-08-27,1a,1,240,149.7,12.7,14.4,0.879,52.0,55.8,0.932,148.4,209.6,0.708
Y7710001,La Figarella au pont de la Figarella,La Figarella,2015-09-22,1f,1,266,149.7,8.4,46.6,0.181,18.6,66.8,0.279,85.4,203.9,0.419
Y7710001,La Figarella au pont de la Figarella,La Figarella,2016-05-18,1,1,139,149.7,43.3,47.5,0.913,154.5,159.7,0.967,349.9,358.9,0.975
Y7710001,La Figarella au pont de la Figarella,La Figarella,2016-06-27,1,1,179,149.7,10.8,34.8,0.31,56.1,132.7,0.423,300.1,299.3,1.003
Y7710001,La Figarella au pont de la Figarella,La Figarella,2016-07-22,1,1,204,149.7,1.4,8.4,0.169,56.1,95.0,0.591,227.2,261.2,0.87
Y7710001,La Figarella au pont de la Figarella,La Figarella,2016-08-22,2,0,235,149.7,0.4,11.7,0.031,12.6,54.5,0.231,166.6,217.6,0.765
Y7710001,La Figarella au pont de la Figarella,La Figarella,2016-09-06,2,0,250,149.7,9.9,21.0,0.472,12.7,50.8,0.251,70.6,192.2,0.367
Y7710001,La Figarella au pont de la Figarella,La Figarella,2016-09-21,1,1,265,149.7,25.5,43.5,0.586,27.3,63.7,0.429,83.7,202.1,0.414
Y7710001,La Figarella au pont de la Figarella,La Figarella,2017-05-22,1,1,143,149.7,16.4,52.4,0.313,67.7,165.2,0.41,204.4,357.2,0.572
Y7710001,La Figarella au pont de la Figarella,La Figarella,2017-06-27,1,1,179,149.7,12.2,34.8,0.35,40.2,132.7,0.303,165.6,299.3,0.553
Y7710001,La Figarella au pont de la Figarella,La Figarella,2017-06-28,2,0,180,149.7,12.2,34.1,0.358,40.2,131.0,0.307,165.6,295.2,0.561
Y7710001,La Figarella au pont de la Figarella,La Figarella,2017-07-19,1,1,201,149.7,6.9,8.7,0.791,35.5,97.6,0.364,145.1,264.1,0.549
Y7710001,La Figarella au pont de la Figarella,La Figarella,2017-08-01,2,0,214,149.7,1.1,7.4,0.151,26.4,75.3,0.351,129.5,243.8,0.531
Y7710001,La Figarella au pont de la Figarella,La Figarella,2017-08-16,2,0,229,149.7,0.1,9.6,0.013,20.7,62.8,0.329,87.2,222.5,0.392
Y7710001,La Figarella au pont de la Figarella,La Figarella,2017-08-29,2,0,242,149.7,0.0,17.0,0.0,19.2,58.3,0.33,80.5,209.3,0.385
Y7710001,La Figarella au pont de la Figarella,La Figarella,2017-08-30,1,1,243,149.7,0.0,18.4,0.0,19.2,58.0,0.331,80.2,207.7,0.386
Y7710001,La Figarella au pont de la Figarella,La Figarella,2017-09-27,1,1,271,149.7,52.0,56.6,0.918,56.6,78.6,0.721,99.2,209.1,0.475
Y7710001,La Figarella au pont de la Figarella,La Figarella,2017-10-24,1,1,298,149.7,2.3,70.9,0.032,54.2,134.0,0.404,89.8,222.6,0.403
Y7710001,La Figarella au pont de la Figarella,La Figarella,2017-11-07,1,1,312,149.7,32.2,85.3,0.377,85.6,181.3,0.472,106.3,250.2,0.425
Y7710001,La Figarella au pont de la Figarella,La Figarella,2017-11-22,1,1,327,149.7,61.3,113.6,0.54,115.6,232.6,0.497,134.8,287.2,0.469
Y7710001,La Figarella au pont de la Figarella,La Figarella,2018-02-06,1,1,37,149.7,92.4,50.0,1.849,266.8,219.2,1.217,352.4,404.6,0.871
Y7710001,La Figarella au pont de la Figarella,La Figarella,2018-03-06,1,1,66,149.7,131.3,62.4,2.104,336.8,182.8,1.842,482.1,444.7,1.084
Y7710001,La Figarella au pont de la Figarella,La Figarella,2018-03-21,1,1,81,149.7,180.8,59.1,3.061,352.6,173.4,2.033,511.1,434.6,1.176
Y7710001,La Figarella au pont de la Figarella,La Figarella,2018-04-25,1,1,116,149.7,55.6,54.5,1.021,339.7,165.3,2.055,564.5,415.4,1.359
Y7710001,La Figarella au pont de la Figarella,La Figarella,2018-05-29,1,1,150,149.7,77.3,42.0,1.844,266.3,153.8,1.732,581.5,333.1,1.746
Y7710001,La Figarella au pont de la Figarella,La Figarella,2018-06-19,1,1,171,149.7,60.8,37.9,1.603,175.0,143.0,1.223,527.6,316.5,1.667
Y7710001,La Figarella au pont de la Figarella,La Figarella,2018-07-25,1,1,207,149.7,30.6,7.4,4.157,155.9,89.5,1.742,495.7,255.3,1.942
Y7710001,La Figarella au pont de la Figarella,La Figarella,2018-08-27,1,1,240,149.7,15.1,14.4,1.047,91.1,55.8,1.632,357.4,209.6,1.705
Y7710001,La Figarella au pont de la Figarella,La Figarella,2018-09-25,1,1,269,149.7,18.3,51.6,0.355,64.1,73.4,0.873,245.2,206.0,1.19
Y7710001,La Figarella au pont de la Figarella,La Figarella,2018-10-25,1,1,299,149.7,89.4,69.8,1.281,122.8,135.9,0.904,278.0,221.5,1.255
Y7710001,La Figarella au pont de la Figarella,La Figarella,2019-04-02,1,1,93,149.7,10.3,55.3,0.186,94.7,161.0,0.588,388.7,423.9,0.917
Y7710001,La Figarella au pont de la Figarella,La Figarella,2019-04-24,1,1,115,149.7,73.1,53.7,1.362,150.7,165.5,0.91,397.4,415.0,0.958
Y7710001,La Figarella au pont de la Figarella,La Figarella,2019-05-27,1,1,148,149.7,105.6,46.2,2.285,180.9,155.3,1.164,336.8,339.5,0.992
Y7710001,La Figarella au pont de la Figarella,La Figarella,2019-06-20,1,1,172,149.7,11.7,35.5,0.33,184.4,142.0,1.298,270.3,314.2,0.86
Y7710001,La Figarella au pont de la Figarella,La Figarella,2019-07-25,1,1,207,149.7,18.8,7.4,2.553,129.4,89.5,1.447,278.2,255.3,1.09
Y7710001,La Figarella au pont de la Figarella,La Figarella,2019-08-27,1,1,240,149.7,21.8,14.4,1.509,58.9,55.8,1.056,241.1,209.6,1.15
Y7710001,La Figarella au pont de la Figarella,La Figarella,2019-09-25,1,1,269,149.7,21.9,51.6,0.424,76.9,73.4,1.048,252.2,206.0,1.224
Y7710001,La Figarella au pont de la Figarella,La Figarella,2019-10-28,1,1,302,149.7,66.5,67.7,0.982,98.7,140.5,0.703,253.8,220.6,1.15
Y7710001,La Figarella au pont de la Figarella,La Figarella,2020-05-27,1,1,148,149.7,72.4,46.2,1.566,157.6,155.3,1.015,277.5,339.5,0.817
Y7710001,La Figarella au pont de la Figarella,La Figarella,2020-06-23,1,1,175,149.7,22.3,34.3,0.652,128.7,138.5,0.93,200.7,310.8,0.646
Y7710001,La Figarella au pont de la Figarella,La Figarella,2020-07-24,1,1,206,149.7,4.3,8.3,0.517,98.8,90.9,1.087,185.5,256.3,0.724
Y7710001,La Figarella au pont de la Figarella,La Figarella,2020-08-14,1,1,227,149.7,5.8,10.4,0.556,64.8,64.3,1.008,187.2,224.7,0.833
Y7710001,La Figarella au pont de la Figarella,La Figarella,2020-08-25,1,1,238,149.7,2.4,13.1,0.186,28.9,55.3,0.522,186.5,210.6,0.886
Y7710001,La Figarella au pont de la Figarella,La Figarella,2020-09-24,1,1,268,149.7,38.9,49.9,0.78,45.6,70.1,0.651,164.1,203.7,0.806
Y7710001,La Figarella au pont de la Figarella,La Figarella,2020-10-26,1,1,300,149.7,104.6,67.1,1.559,176.1,136.6,1.289,262.3,220.2,1.191
Y7710001,La Figarella au pont de la Figarella,La Figarella,2021-05-26,1,1,147,149.7,87.1,47.0,1.852,127.7,157.4,0.811,521.3,341.0,1.529
Y7710001,La Figarella au pont de la Figarella,La Figarella,2021-06-30,1,1,182,149.7,7.3,33.9,0.215,125.8,128.7,0.977,298.2,290.7,1.026
Y7710001,La Figarella au pont de la Figarella,La Figarella,2021-07-26,1,1,208,149.7,0.5,7.2,0.072,97.2,88.4,1.099,204.0,254.0,0.803
Y7710001,La Figarella au pont de la Figarella,La Figarella,2021-08-16,1,1,229,149.7,1.4,9.6,0.145,24.5,62.8,0.39,140.5,222.5,0.631
Y7710001,La Figarella au pont de la Figarella,La Figarella,2021-08-27,1,1,240,149.7,5.4,14.4,0.375,15.8,55.8,0.283,143.1,209.6,0.683
Y7710001,La Figarella au pont de la Figarella,La Figarella,2021-09-24,1,1,268,149.7,18.2,49.9,0.366,22.6,70.1,0.322,148.4,203.7,0.729
Y7710001,La Figarella au pont de la Figarella,La Figarella,2021-10-25,1,1,299,149.7,28.8,69.8,0.413,50.5,135.9,0.371,134.5,221.5,0.607
Y7710001,La Figarella au pont de la Figarella,La Figarella,2022-03-25,1,1,85,149.7,2.8,59.0,0.048,77.3,172.3,0.449,298.6,429.4,0.695
Y7710001,La Figarella au pont de la Figarella,La Figarella,2022-04-25,1,1,116,149.7,112.1,54.5,2.057,141.1,165.3,0.854,381.9,415.4,0.919
Y7710001,La Figarella au pont de la Figarella,La Figarella,2022-05-23,1,1,144,149.7,52.1,52.1,1.001,139.8,164.5,0.85,326.1,353.1,0.924
Y7710001,La Figarella au pont de la Figarella,La Figarella,2022-06-23,1,1,175,149.7,1.2,34.3,0.036,138.2,138.5,0.998,215.5,310.8,0.693
Y7710001,La Figarella au pont de la Figarella,La Figarella,2022-07-11,1,1,193,149.7,2.5,17.2,0.144,79.5,107.2,0.742,169.6,273.3,0.621
Y7710001,La Figarella au pont de la Figarella,La Figarella,2022-07-25,1,1,207,149.7,2.4,7.4,0.327,28.7,89.5,0.321,169.8,255.3,0.665
Y7710001,La Figarella au pont de la Figarella,La Figarella,2022-08-10,2,0,223,149.7,7.7,10.7,0.72,10.7,68.5,0.156,176.0,229.9,0.765
Y7710001,La Figarella au pont de la Figarella,La Figarella,2022-08-23,1,1,236,149.7,63.5,11.9,5.362,67.4,54.7,1.233,207.2,214.6,0.966
Y7710001,La Figarella au pont de la Figarella,La Figarella,2022-09-09,1,1,253,149.7,60.9,22.3,2.727,71.1,50.3,1.414,208.7,190.7,1.095
Y7710001,La Figarella au pont de la Figarella,La Figarella,2022-09-26,1,1,270,149.7,14.4,55.2,0.26,81.7,76.9,1.063,217.9,207.9,1.048
Y7710001,La Figarella au pont de la Figarella,La Figarella,2022-10-10,1,1,284,149.7,40.3,73.7,0.547,108.9,108.3,1.006,188.4,214.0,0.88
Y7710001,La Figarella au pont de la Figarella,La Figarella,2022-10-24,1,1,298,149.7,41.8,70.9,0.59,109.7,134.0,0.819,138.4,222.6,0.622
Y7710001,La Figarella au pont de la Figarella,La Figarella,2022-11-11,1,1,316,149.7,25.6,92.1,0.278,100.8,195.1,0.517,138.3,259.9,0.532
Y7710001,La Figarella au pont de la Figarella,La Figarella,2022-11-22,1,1,327,149.7,109.4,113.6,0.963,155.6,232.6,0.669,222.7,287.2,0.775
Y7710001,La Figarella au pont de la Figarella,La Figarella,2022-12-14,1,1,349,149.7,182.2,91.0,2.002,249.1,265.8,0.937,320.2,315.9,1.014
Y7710001,La Figarella au pont de la Figarella,La Figarella,2023-01-23,1,1,23,149.7,105.3,60.1,1.752,356.0,250.6,1.421,465.8,384.2,1.212
Y7710001,La Figarella au pont de la Figarella,La Figarella,2023-02-22,1,1,53,149.7,15.7,53.8,0.292,240.4,189.8,1.266,417.4,423.1,0.987
Y7710001,La Figarella au pont de la Figarella,La Figarella,2023-03-24,1a,1,84,149.7,31.0,58.3,0.532,152.0,172.5,0.881,434.8,431.8,1.007
Y7710001,La Figarella au pont de la Figarella,La Figarella,2023-04-24,1a,1,115,149.7,34.2,53.7,0.637,74.2,165.5,0.448,436.9,415.0,1.053
Y7710001,La Figarella au pont de la Figarella,La Figarella,2023-05-24,1a,1,145,149.7,54.8,50.5,1.087,120.0,163.1,0.736,360.4,350.8,1.027
Y7710001,La Figarella au pont de la Figarella,La Figarella,2023-06-05,1a,1,157,149.7,46.7,37.7,1.239,115.3,141.0,0.818,334.7,326.1,1.026
Y7710001,La Figarella au pont de la Figarella,La Figarella,2023-06-26,1a,1,178,149.7,32.4,35.0,0.924,122.0,133.6,0.913,277.6,301.4,0.921
Y7710001,La Figarella au pont de la Figarella,La Figarella,2023-07-24,1f,1,206,149.7,7.5,8.3,0.9,98.7,90.9,1.085,170.3,256.3,0.664
Y7710001,La Figarella au pont de la Figarella,La Figarella,2023-08-21,2,0,234,149.7,0.4,9.2,0.038,46.2,52.1,0.886,164.5,216.6,0.76
Y7710001,La Figarella au pont de la Figarella,La Figarella,2023-09-12,1a,1,256,149.7,90.5,25.3,3.572,99.9,48.2,2.073,225.0,192.1,1.171
Y7710001,La Figarella au pont de la Figarella,La Figarella,2023-09-25,1f,1,269,149.7,99.3,51.6,1.922,107.6,73.4,1.466,229.5,206.0,1.114
Y7710001,La Figarella au pont de la Figarella,La Figarella,2023-10-10,1f,1,284,149.7,9.4,73.7,0.128,100.3,108.3,0.926,217.6,214.0,1.017
Y7710001,La Figarella au pont de la Figarella,La Figarella,2023-10-23,1a,1,297,149.7,28.2,70.7,0.399,128.2,131.0,0.978,227.1,220.7,1.029
Y7710001,La Figarella au pont de la Figarella,La Figarella,2023-11-24,1a,1,329,149.7,228.1,113.9,2.003,392.6,235.1,1.67,433.3,291.8,1.485
Y7710001,La Figarella au pont de la Figarella,La Figarella,2024-01-24,1a,1,24,149.7,96.1,60.2,1.596,374.3,250.7,1.493,550.3,386.6,1.424
Y7710001,La Figarella au pont de la Figarella,La Figarella,2024-02-22,1a,1,53,149.7,37.1,53.8,0.689,194.1,189.8,1.023,586.7,423.1,1.387
Y7710001,La Figarella au pont de la Figarella,La Figarella,2024-03-22,1a,1,82,149.7,140.7,59.1,2.381,274.0,172.1,1.592,628.1,434.2,1.447
Y7710001,La Figarella au pont de la Figarella,La Figarella,2024-04-24,1a,1,115,149.7,92.6,53.7,1.726,270.5,165.5,1.635,639.5,415.0,1.541
Y7710001,La Figarella au pont de la Figarella,La Figarella,2024-05-24,1a,1,145,149.7,109.5,50.5,2.17,337.8,163.1,2.071,536.7,350.8,1.53
Y7710001,La Figarella au pont de la Figarella,La Figarella,2024-06-21,1a,1,173,149.7,5.2,34.8,0.149,207.3,141.9,1.46,481.4,313.6,1.535
Y7710001,La Figarella au pont de la Figarella,La Figarella,2024-07-22,1a,1,204,149.7,9.5,8.4,1.128,143.8,95.0,1.513,394.6,261.2,1.511
Y7710001,La Figarella au pont de la Figarella,La Figarella,2024-08-22,1f,1,235,149.7,16.8,11.7,1.445,31.5,54.5,0.578,369.3,217.6,1.697
Y7710001,La Figarella au pont de la Figarella,La Figarella,2024-09-23,1a,1,267,149.7,112.1,48.0,2.334,130.9,67.4,1.942,336.0,202.6,1.659
Y7710001,La Figarella au pont de la Figarella,La Figarella,2024-10-10,1a,1,284,149.7,131.0,73.7,1.777,209.2,108.3,1.932,386.7,214.0,1.807
Y7710001,La Figarella au pont de la Figarella,La Figarella,2024-10-22,1a,1,296,149.7,133.8,71.8,1.863,260.8,130.6,1.996,384.9,221.7,1.736
Y7710001,La Figarella au pont de la Figarella,La Figarella,2024-11-12,1a,1,317,149.7,77.6,94.1,0.825,292.0,197.6,1.478,351.0,262.0,1.34
Y7710001,La Figarella au pont de la Figarella,La Figarella,2025-04-11,1a,1,102,149.7,129.7,47.7,2.717,218.8,164.7,1.328,394.8,422.5,0.934
Y7710001,La Figarella au pont de la Figarella,La Figarella,2025-05-23,1a,1,144,149.7,25.5,52.1,0.489,314.2,164.5,1.91,443.1,353.1,1.255
Y7710001,La Figarella au pont de la Figarella,La Figarella,2025-06-23,1a,1,175,149.7,1.0,34.3,0.028,156.4,138.5,1.129,370.5,310.8,1.192
Y7710001,La Figarella au pont de la Figarella,La Figarella,2025-07-23,1a,1,205,149.7,12.9,8.5,1.527,36.4,93.3,0.391,358.4,258.7,1.385
Y7710001,La Figarella au pont de la Figarella,La Figarella,2025-08-25,1f,1,238,149.7,37.3,13.1,2.859,55.0,55.3,0.994,354.9,210.6,1.685
Y7710001,La Figarella au pont de la Figarella,La Figarella,2025-09-25,1f,1,269,149.7,40.7,51.6,0.788,94.6,73.4,1.289,244.7,206.0,1.188
Y7710001,La Figarella au pont de la Figarella,La Figarella,2025-10-24,1a,1,298,149.7,33.9,70.9,0.478,111.0,134.0,0.828,151.1,222.6,0.679
Y7710001,La Figarella au pont de la Figarella,La Figarella,2025-11-20,1a,1,325,149.7,94.1,106.9,0.881,158.9,223.6,0.711,213.6,278.1,0.768
Y7710001,La Figarella au pont de la Figarella,La Figarella,2025-12-15,1a,1,350,149.7,147.2,90.3,1.63,264.5,264.6,1.0,346.9,316.4,1.096
Y7710001,La Figarella au pont de la Figarella,La Figarella,2026-01-14,1a,1,14,149.7,109.2,64.9,1.682,353.0,254.8,1.385,443.2,372.4,1.19
Y7710001,La Figarella au pont de la Figarella,La Figarella,2026-04-21,1a,1,112,149.7,26.3,55.1,0.478,237.2,166.7,1.423,585.1,419.6,1.394
Y7710001,La Figarella au pont de la Figarella,La Figarella,2026-05-25,1a,1,146,149.7,31.4,48.2,0.651,118.4,159.9,0.741,467.7,344.4,1.358
Y7710001,La Figarella au pont de la Figarella,La Figarella,2026-06-26,1f,1,178,149.7,3.9,35.0,0.112,68.5,133.6,0.513,335.6,301.4,1.114
Y7710001,La Figarella au pont de la Figarella,La Figarella,2026-07-13,1f,1,195,149.7,2.3,14.5,0.158,52.3,105.0,0.498,293.3,270.5,1.084
Y7710001,La Figarella au pont de la Figarella,La Figarella,2026-07-23,1f,1,205,149.7,5.3,8.5,0.62,39.4,93.3,0.422,266.2,258.7,1.029
Y7710001,La Figarella au pont de la Figarella,La Figarella,2026-08-25,1f,1,238,149.7,25.0,13.1,1.913,37.9,55.3,0.686,156.3,210.6,0.742
Y7710001,La Figarella au pont de la Figarella,La Figarella,2026-09-24,1f,1,268,149.7,2.8,49.9,0.056,36.8,70.1,0.525,105.3,203.7,0.517
Y7910001,Le Lonca au sentier montant à la prise d'eau,Ruisseau de Lonca,2012-05-25,1a,1,146,227.8,229.1,91.9,2.493,414.9,279.1,1.487,692.1,636.1,1.088
Y7910001,Le Lonca au sentier montant à la prise d'eau,Ruisseau de Lonca,2012-06-25,1a,1,177,227.8,11.4,48.0,0.236,398.6,242.9,1.641,576.6,530.8,1.086
Y7910001,Le Lonca au sentier montant à la prise d'eau,Ruisseau de Lonca,2012-07-25,1f,1,207,227.8,18.7,16.0,1.17,269.7,152.9,1.764,538.7,432.3,1.246
Y7910001,Le Lonca au sentier montant à la prise d'eau,Ruisseau de Lonca,2012-08-23,1f,1,236,227.8,0.1,22.0,0.003,40.7,86.9,0.468,455.6,366.0,1.245
Y7910001,Le Lonca au sentier montant à la prise d'eau,Ruisseau de Lonca,2012-09-25,1a,1,269,227.8,60.4,94.6,0.638,84.0,133.6,0.629,482.7,366.2,1.318
Y7910001,Le Lonca au sentier montant à la prise d'eau,Ruisseau de Lonca,2013-05-23,1a,1,144,227.8,126.4,99.5,1.271,509.4,282.6,1.802,1134.4,649.1,1.748
Y7910001,Le Lonca au sentier montant à la prise d'eau,Ruisseau de Lonca,2013-06-25,1a,1,177,227.8,46.1,48.0,0.961,278.2,242.9,1.145,899.5,530.8,1.694
Y7910001,Le Lonca au sentier montant à la prise d'eau,Ruisseau de Lonca,2013-07-25,1a,1,207,227.8,31.2,16.0,1.946,200.1,152.9,1.309,757.4,432.3,1.752
Y7910001,Le Lonca au sentier montant à la prise d'eau,Ruisseau de Lonca,2013-08-23,1a,1,236,227.8,39.4,22.0,1.79,120.0,86.9,1.38,600.9,366.0,1.642
Y7910001,Le Lonca au sentier montant à la prise d'eau,Ruisseau de Lonca,2014-05-27,1a,1,148,227.8,43.6,85.8,0.509,237.2,274.2,0.865,936.7,627.6,1.492
Y7910001,Le Lonca au sentier montant à la prise d'eau,Ruisseau de Lonca,2014-06-25,1,1,177,227.8,78.5,48.0,1.635,167.6,242.9,0.69,856.0,530.8,1.613
Y7910001,Le Lonca au sentier montant à la prise d'eau,Ruisseau de Lonca,2014-07-24,1a,1,206,227.8,42.4,16.4,2.589,166.0,156.7,1.059,664.3,433.4,1.533
Y7910001,Le Lonca au sentier montant à la prise d'eau,Ruisseau de Lonca,2014-08-25,1f,1,238,227.8,11.1,21.6,0.512,130.4,86.0,1.515,367.6,360.3,1.02
Y7910001,Le Lonca au sentier montant à la prise d'eau,Ruisseau de Lonca,2014-09-25,1f,1,269,227.8,42.8,94.6,0.452,96.0,133.6,0.718,263.5,366.2,0.72
Y7910001,Le Lonca au sentier montant à la prise d'eau,Ruisseau de Lonca,2014-10-23,1a,1,297,227.8,51.3,133.2,0.385,72.5,239.5,0.303,236.3,388.8,0.608
Y7910001,Le Lonca au sentier montant à la prise d'eau,Ruisseau de Lonca,2015-05-26,1a,1,147,227.8,64.7,88.8,0.728,176.3,277.6,0.635,517.8,632.6,0.818
Y7910001,Le Lonca au sentier montant à la prise d'eau,Ruisseau de Lonca,2015-06-25,1a,1,177,227.8,64.2,48.0,1.336,154.8,242.9,0.637,466.0,530.8,0.878
Y7910001,Le Lonca au sentier montant à la prise d'eau,Ruisseau de Lonca,2015-07-22,2,0,204,227.8,0.1,15.9,0.004,128.9,164.2,0.785,402.6,444.3,0.906
Y7910001,Le Lonca au sentier montant à la prise d'eau,Ruisseau de Lonca,2015-08-27,1f,1,240,227.8,14.5,21.8,0.665,70.7,84.9,0.833,252.5,359.1,0.703
Y7910001,Le Lonca au sentier montant à la prise d'eau,Ruisseau de Lonca,2015-09-22,1a,1,266,227.8,10.9,81.5,0.134,21.5,120.2,0.179,178.8,364.1,0.491
Y7910001,Le Lonca au sentier montant à la prise d'eau,Ruisseau de Lonca,2016-05-18,1,1,139,227.8,94.5,93.0,1.016,253.7,281.9,0.9,602.7,658.4,0.915
Y7910001,Le Lonca au sentier montant à la prise d'eau,Ruisseau de Lonca,2016-06-27,1,1,179,227.8,67.0,47.7,1.404,174.0,236.9,0.735,600.1,522.9,1.148
Y7910001,Le Lonca au sentier montant à la prise d'eau,Ruisseau de Lonca,2016-07-21,1,1,203,227.8,0.3,15.2,0.017,166.3,165.0,1.008,457.0,444.4,1.028
Y7910001,Le Lonca au sentier montant à la prise d'eau,Ruisseau de Lonca,2016-08-22,1,1,235,227.8,17.1,21.4,0.8,84.3,86.3,0.976,338.4,366.3,0.924
Y7910001,Le Lonca au sentier montant à la prise d'eau,Ruisseau de Lonca,2016-09-21,1,1,265,227.8,83.3,73.1,1.14,100.6,111.3,0.904,276.9,356.7,0.776
Y7910001,Le Lonca au sentier montant à la prise d'eau,Ruisseau de Lonca,2017-05-22,1,1,143,227.8,43.7,101.1,0.432,126.5,284.8,0.444,403.3,654.1,0.617
Y7910001,Le Lonca au sentier montant à la prise d'eau,Ruisseau de Lonca,2017-06-23,1,1,175,227.8,1.8,48.5,0.036,76.2,249.4,0.306,314.2,543.0,0.579
Y7910001,Le Lonca au sentier montant à la prise d'eau,Ruisseau de Lonca,2017-07-23,1,1,205,227.8,20.4,16.4,1.241,65.8,161.6,0.407,260.9,438.8,0.595
Y7910001,Le Lonca au sentier montant à la prise d'eau,Ruisseau de Lonca,2017-08-07,1,1,220,227.8,0.8,18.7,0.044,24.8,109.7,0.226,179.7,396.8,0.453
Y7910001,Le Lonca au sentier montant à la prise d'eau,Ruisseau de Lonca,2017-08-21,1,1,234,227.8,0.6,20.1,0.031,22.7,84.8,0.268,149.1,367.4,0.406
Y7910001,Le Lonca au sentier montant à la prise d'eau,Ruisseau de Lonca,2017-09-04,1,1,248,227.8,1.4,30.9,0.045,22.4,77.4,0.29,99.0,338.1,0.293
Y7910001,Le Lonca au sentier montant à la prise d'eau,Ruisseau de Lonca,2017-09-18,1,1,262,227.8,50.3,61.2,0.822,71.2,98.8,0.721,147.7,349.3,0.423
Y7910001,Le Lonca au sentier montant à la prise d'eau,Ruisseau de Lonca,2017-09-29,1,1,273,227.8,91.3,105.4,0.867,92.3,147.7,0.625,161.8,366.1,0.442
Y7910001,Le Lonca au sentier montant à la prise d'eau,Ruisseau de Lonca,2018-05-28,1,1,149,227.8,182.0,80.2,2.269,500.1,273.2,1.83,917.6,622.3,1.475
Y7910001,Le Lonca au sentier montant à la prise d'eau,Ruisseau de Lonca,2018-06-19,1,1,171,227.8,119.9,55.5,2.16,373.2,256.5,1.455,820.5,562.6,1.459
Y7910001,Le Lonca au sentier montant à la prise d'eau,Ruisseau de Lonca,2018-07-25,1,1,207,227.8,22.6,16.0,1.409,286.4,152.9,1.874,714.3,432.3,1.652
Y7910001,Le Lonca au sentier montant à la prise d'eau,Ruisseau de Lonca,2018-08-23,1,1,236,227.8,119.1,22.0,5.409,223.4,86.9,2.571,735.9,366.0,2.01
Y7910001,Le Lonca au sentier montant à la prise d'eau,Ruisseau de Lonca,2018-09-24,1,1,268,227.8,32.0,90.1,0.356,169.3,128.3,1.319,555.4,364.5,1.524
Y7910001,Le Lonca au sentier montant à la prise d'eau,Ruisseau de Lonca,2018-10-25,1,1,299,227.8,46.1,129.0,0.358,201.2,246.6,0.816,489.1,387.1,1.263
Y7910001,Le Lonca au sentier montant à la prise d'eau,Ruisseau de Lonca,2019-04-02,1,1,93,227.8,7.2,85.9,0.083,181.0,275.6,0.657,543.2,760.0,0.715
Y7910001,Le Lonca au sentier montant à la prise d'eau,Ruisseau de Lonca,2019-04-24,1,1,115,227.8,96.0,104.1,0.921,254.0,277.1,0.917,593.2,737.8,0.804
Y7910001,Le Lonca au sentier montant à la prise d'eau,Ruisseau de Lonca,2019-05-27,1,1,148,227.8,126.1,85.8,1.47,231.4,274.2,0.844,486.5,627.6,0.775
Y7910001,Le Lonca au sentier montant à la prise d'eau,Ruisseau de Lonca,2019-06-20,1,1,172,227.8,12.5,51.0,0.245,231.9,254.9,0.91,412.5,556.5,0.741
Y7910001,Le Lonca au sentier montant à la prise d'eau,Ruisseau de Lonca,2019-07-24,1,1,206,227.8,61.1,16.4,3.733,195.1,156.7,1.245,450.6,433.4,1.04
Y7910001,Le Lonca au sentier montant à la prise d'eau,Ruisseau de Lonca,2019-08-27,1,1,240,227.8,50.4,21.8,2.318,181.4,84.9,2.137,418.7,359.1,1.166
Y7910001,Le Lonca au sentier montant à la prise d'eau,Ruisseau de Lonca,2019-09-25,1,1,269,227.8,70.9,94.6,0.75,240.9,133.6,1.803,472.3,366.2,1.29
Y7910001,Le Lonca au sentier montant à la prise d'eau,Ruisseau de Lonca,2019-10-28,1,1,302,227.8,75.6,124.9,0.606,175.1,254.6,0.688,450.4,388.2,1.16
Y7910001,Le Lonca au sentier montant à la prise d'eau,Ruisseau de Lonca,2020-05-25,1,1,146,227.8,156.0,91.9,1.697,301.3,279.1,1.08,561.8,636.1,0.883
Y7910001,Le Lonca au sentier montant à la prise d'eau,Ruisseau de Lonca,2020-06-25,1a,1,177,227.8,29.4,48.0,0.611,209.2,242.9,0.861,380.6,530.8,0.717
Y7910001,Le Lonca au sentier montant à la prise d'eau,Ruisseau de Lonca,2020-07-23,1,1,205,227.8,12.7,16.4,0.775,198.1,161.6,1.226,352.4,438.8,0.803
Y7910001,Le Lonca au sentier montant à la prise d'eau,Ruisseau de Lonca,2020-08-24,1,1,237,227.8,0.1,21.6,0.006,42.2,85.7,0.493,343.5,363.3,0.946
Y7910001,Le Lonca au sentier montant à la prise d'eau,Ruisseau de Lonca,2020-09-24,1,1,268,227.8,70.2,90.1,0.779,83.0,128.3,0.647,291.4,364.5,0.8
Y7910001,Le Lonca au sentier montant à la prise d'eau,Ruisseau de Lonca,2020-09-29,1,1,273,227.8,116.1,105.4,1.102,159.3,147.7,1.078,366.5,366.1,1.001
Y7910001,Le Lonca au sentier montant à la prise d'eau,Ruisseau de Lonca,2021-05-27,1,1,148,227.8,152.3,85.8,1.775,266.9,274.2,0.973,1128.1,627.6,1.797
Y7910001,Le Lonca au sentier montant à la prise d'eau,Ruisseau de Lonca,2021-06-23,1a,1,175,227.8,24.7,48.5,0.509,248.5,249.4,0.996,872.4,543.0,1.607
Y7910001,Le Lonca au sentier montant à la prise d'eau,Ruisseau de Lonca,2021-07-27,1a,1,209,227.8,18.0,16.3,1.109,156.7,144.2,1.087,515.4,427.6,1.205
Y7910001,Le Lonca au sentier montant à la prise d'eau,Ruisseau de Lonca,2021-08-27,1a,1,240,227.8,6.7,21.8,0.31,36.1,84.9,0.425,303.0,359.1,0.844
Y7910001,Le Lonca au sentier montant à la prise d'eau,Ruisseau de Lonca,2021-09-27,1a,1,271,227.8,41.6,101.3,0.411,66.5,141.7,0.469,315.0,368.7,0.854
Y7910001,Le Lonca au sentier montant à la prise d'eau,Ruisseau de Lonca,2022-04-21,1,1,112,227.8,62.7,104.9,0.597,131.9,280.4,0.47,641.1,743.8,0.862
Y7910001,Le Lonca au sentier montant à la prise d'eau,Ruisseau de Lonca,2022-05-25,1,1,146,227.8,40.0,91.9,0.436,190.7,279.1,0.683,602.5,636.1,0.947
Y7910001,Le Lonca au sentier montant à la prise d'eau,Ruisseau de Lonca,2022-06-23,1,1,175,227.8,0.9,48.5,0.019,182.0,249.4,0.73,383.8,543.0,0.707
Y7910001,Le Lonca au sentier montant à la prise d'eau,Ruisseau de Lonca,2022-07-11,1,1,193,227.8,7.9,22.6,0.349,130.8,191.6,0.683,263.6,466.3,0.565
Y7910001,Le Lonca au sentier montant à la prise d'eau,Ruisseau de Lonca,2022-07-25,1,1,207,227.8,8.0,16.0,0.5,48.8,152.9,0.319,258.3,432.3,0.597
Y7910001,Le Lonca au sentier montant à la prise d'eau,Ruisseau de Lonca,2022-08-10,1,1,223,227.8,27.9,17.8,1.568,37.1,107.9,0.344,271.7,389.2,0.698
Y7910001,Le Lonca au sentier montant à la prise d'eau,Ruisseau de Lonca,2022-08-24,1,1,237,227.8,132.9,21.6,6.149,141.1,85.7,1.647,332.5,363.3,0.915
Y7910001,Le Lonca au sentier montant à la prise d'eau,Ruisseau de Lonca,2022-09-06,1,1,250,227.8,137.9,31.3,4.404,145.9,73.8,1.976,331.1,334.1,0.991
Y7910001,Le Lonca au sentier montant à la prise d'eau,Ruisseau de Lonca,2022-09-27,1,1,271,227.8,54.6,101.3,0.539,188.9,141.7,1.333,354.9,368.7,0.963
Y7910001,Le Lonca au sentier montant à la prise d'eau,Ruisseau de Lonca,2022-10-05,1,1,279,227.8,113.2,126.0,0.899,251.3,175.3,1.433,382.2,375.4,1.018
Y7910001,Le Lonca au sentier montant à la prise d'eau,Ruisseau de Lonca,2022-11-02,1,1,307,227.8,20.7,139.2,0.149,271.6,288.5,0.941,284.3,401.1,0.709
Y7910001,Le Lonca au sentier montant à la prise d'eau,Ruisseau de Lonca,2022-11-18,1,1,323,227.8,193.2,190.0,1.017,334.4,384.7,0.869,473.5,470.2,1.007
Y7910001,Le Lonca au sentier montant à la prise d'eau,Ruisseau de Lonca,2023-03-22,1,1,82,227.8,124.8,80.8,1.545,411.4,301.5,1.365,1030.0,772.2,1.334
Y7910001,Le Lonca au sentier montant à la prise d'eau,Ruisseau de Lonca,2023-05-02,1,1,123,227.8,86.2,107.0,0.806,238.1,285.7,0.833,1007.1,723.6,1.392
Y7910001,Le Lonca au sentier montant à la prise d'eau,Ruisseau de Lonca,2023-05-24,1,1,145,227.8,87.0,96.7,0.899,287.0,280.0,1.025,772.8,644.8,1.198
Y7910001,Le Lonca au sentier montant à la prise d'eau,Ruisseau de Lonca,2023-06-27,1,1,179,227.8,99.6,47.7,2.088,280.3,236.9,1.183,705.1,522.9,1.348
Y7910001,Le Lonca au sentier montant à la prise d'eau,Ruisseau de Lonca,2023-07-27,1,1,209,227.8,17.1,16.3,1.05,233.5,144.2,1.619,455.6,427.6,1.065
Y7910001,Le Lonca au sentier montant à la prise d'eau,Ruisseau de Lonca,2023-08-07,1,1,220,227.8,1.1,18.7,0.06,207.5,109.7,1.892,439.8,396.8,1.108
Y7910001,Le Lonca au sentier montant à la prise d'eau,Ruisseau de Lonca,2023-08-29,1,1,242,227.8,112.6,24.9,4.517,209.8,85.9,2.441,470.1,355.4,1.323
Y7910001,Le Lonca au sentier montant à la prise d'eau,Ruisseau de Lonca,2023-09-26,1,1,270,227.8,164.5,97.3,1.69,182.1,136.7,1.332,462.4,364.8,1.268
Y7910001,Le Lonca au sentier montant à la prise d'eau,Ruisseau de Lonca,2023-10-31,1,1,305,227.8,255.5,137.6,1.858,421.3,274.8,1.533,629.1,396.0,1.589
Y7910001,Le Lonca au sentier montant à la prise d'eau,Ruisseau de Lonca,2024-03-08,1,1,68,227.8,288.2,95.9,3.005,388.2,329.1,1.18,1163.6,803.5,1.448
Y7910001,Le Lonca au sentier montant à la prise d'eau,Ruisseau de Lonca,2024-04-25,1,1,116,227.8,201.3,107.5,1.873,573.6,276.7,2.073,1184.8,740.3,1.6
Y7910001,Le Lonca au sentier montant à la prise d'eau,Ruisseau de Lonca,2024-05-22,1,1,143,227.8,175.9,101.1,1.74,623.1,284.8,2.188,972.0,654.1,1.486
Y7910001,Le Lonca au sentier montant à la prise d'eau,Ruisseau de Lonca,2024-06-26,1,1,178,227.8,37.4,48.1,0.777,299.7,240.4,1.246,833.4,525.4,1.586
Y7910001,Le Lonca au sentier montant à la prise d'eau,Ruisseau de Lonca,2024-07-22,1,1,204,227.8,35.2,15.9,2.219,214.3,164.2,1.305,768.4,444.3,1.729
Y7910001,Le Lonca au sentier montant à la prise d'eau,Ruisseau de Lonca,2024-08-19,1,1,232,227.8,5.0,20.6,0.24,44.7,88.4,0.506,667.8,373.1,1.79
Y7910001,Le Lonca au sentier montant à la prise d'eau,Ruisseau de Lonca,2024-09-23,1a,1,267,227.8,116.4,84.1,1.384,128.6,122.1,1.054,467.1,360.8,1.295
Y7910001,Le Lonca au sentier montant à la prise d'eau,Ruisseau de Lonca,2025-04-23,1,1,114,227.8,188.7,103.6,1.821,516.2,280.1,1.843,837.2,738.0,1.134
Y7910001,Le Lonca au sentier montant à la prise d'eau,Ruisseau de Lonca,2025-05-23,1,1,144,227.8,125.6,99.5,1.263,575.5,282.6,2.037,845.0,649.1,1.302
Y7910001,Le Lonca au sentier montant à la prise d'eau,Ruisseau de Lonca,2025-06-24,1f,1,176,227.8,3.0,48.5,0.062,304.8,247.9,1.23,733.0,535.4,1.369
Y7910001,Le Lonca au sentier montant à la prise d'eau,Ruisseau de Lonca,2025-07-23,1f,1,205,227.8,49.5,16.4,3.014,165.2,161.6,1.022,694.4,438.8,1.583
Y7910001,Le Lonca au sentier montant à la prise d'eau,Ruisseau de Lonca,2025-08-27,1f,1,240,227.8,27.4,21.8,1.26,96.7,84.9,1.14,658.1,359.1,1.833
Y7910001,Le Lonca au sentier montant à la prise d'eau,Ruisseau de Lonca,2025-09-27,1f,1,271,227.8,61.7,101.3,0.609,156.8,141.7,1.107,456.5,368.7,1.238
Y7910001,Le Lonca au sentier montant à la prise d'eau,Ruisseau de Lonca,2025-10-24,1a,1,298,227.8,116.4,131.9,0.883,217.9,244.2,0.892,385.2,390.8,0.986
Y7910001,Le Lonca au sentier montant à la prise d'eau,Ruisseau de Lonca,2026-05-26,1a,1,147,227.8,102.9,88.8,1.158,225.6,277.6,0.813,1038.9,632.6,1.642
Y7910001,Le Lonca au sentier montant à la prise d'eau,Ruisseau de Lonca,2026-06-25,1a,1,177,227.8,6.3,48.0,0.132,137.6,242.9,0.567,954.8,530.8,1.799
Y7910001,Le Lonca au sentier montant à la prise d'eau,Ruisseau de Lonca,2026-07-27,1a,1,209,227.8,10.5,16.3,0.648,120.4,144.2,0.835,634.5,427.6,1.484
Y7910001,Le Lonca au sentier montant à la prise d'eau,Ruisseau de Lonca,2026-08-24,1f,1,237,227.8,50.8,21.6,2.349,58.2,85.7,0.679,283.8,363.3,0.781
Y7910001,Le Lonca au sentier montant à la prise d'eau,Ruisseau de Lonca,2026-09-28,1f,1,272,227.8,4.2,104.1,0.04,58.0,145.3,0.399,195.4,369.5,0.529
Y7920001,Le Chiuni à l'aval du pont de Chiuni,Rivière Chiuni,2012-05-25,1a,1,146,13.7,203.3,54.6,3.721,311.1,160.4,1.939,482.0,363.3,1.326
Y7920001,Le Chiuni à l'aval du pont de Chiuni,Rivière Chiuni,2012-06-25,1f,1,177,13.7,3.7,28.5,0.129,303.3,134.5,2.254,441.1,307.7,1.434
Y7920001,Le Chiuni à l'aval du pont de Chiuni,Rivière Chiuni,2012-07-25,3,0,207,13.7,1.4,6.9,0.208,213.4,88.0,2.425,419.5,249.0,1.685
Y7920001,Le Chiuni à l'aval du pont de Chiuni,Rivière Chiuni,2012-08-23,3,0,236,13.7,0.1,12.8,0.008,10.2,48.5,0.21,321.3,208.9,1.538
Y7920001,Le Chiuni à l'aval du pont de Chiuni,Rivière Chiuni,2012-09-25,3,0,269,13.7,38.9,54.8,0.71,41.9,76.0,0.552,345.2,208.7,1.654
Y7920001,Le Chiuni à l'aval du pont de Chiuni,Rivière Chiuni,2013-05-23,1a,1,144,13.7,64.3,60.9,1.057,315.7,162.2,1.946,678.9,372.6,1.822
Y7920001,Le Chiuni à l'aval du pont de Chiuni,Rivière Chiuni,2013-06-25,1a,1,177,13.7,19.9,28.5,0.699,162.1,134.5,1.205,512.9,307.7,1.667
Y7920001,Le Chiuni à l'aval du pont de Chiuni,Rivière Chiuni,2013-07-25,3,0,207,13.7,3.1,6.9,0.455,84.3,88.0,0.958,424.9,249.0,1.706
Y7920001,Le Chiuni à l'aval du pont de Chiuni,Rivière Chiuni,2013-08-23,2,0,236,13.7,17.3,12.8,1.352,40.4,48.5,0.834,340.4,208.9,1.629
Y7920001,Le Chiuni à l'aval du pont de Chiuni,Rivière Chiuni,2014-05-27,1a,1,148,13.7,40.3,50.8,0.793,187.0,156.5,1.195,586.4,355.9,1.648
Y7920001,Le Chiuni à l'aval du pont de Chiuni,Rivière Chiuni,2014-06-25,1,1,177,13.7,77.7,28.5,2.729,164.4,134.5,1.222,565.2,307.7,1.837
Y7920001,Le Chiuni à l'aval du pont de Chiuni,Rivière Chiuni,2014-07-24,2,0,206,13.7,18.1,7.4,2.454,140.5,90.3,1.556,436.2,249.6,1.747
Y7920001,Le Chiuni à l'aval du pont de Chiuni,Rivière Chiuni,2014-08-25,3,0,238,13.7,8.4,13.6,0.621,102.3,48.6,2.105,289.2,204.9,1.411
Y7920001,Le Chiuni à l'aval du pont de Chiuni,Rivière Chiuni,2014-09-25,3,0,269,13.7,27.1,54.8,0.494,53.4,76.0,0.703,217.9,208.7,1.044
Y7920001,Le Chiuni à l'aval du pont de Chiuni,Rivière Chiuni,2014-10-23,3,0,297,13.7,16.9,84.1,0.201,40.9,148.1,0.277,181.3,236.0,0.768
Y7920001,Le Chiuni à l'aval du pont de Chiuni,Rivière Chiuni,2015-05-26,1a,1,147,13.7,45.8,52.6,0.871,127.1,158.0,0.805,385.8,358.8,1.075
Y7920001,Le Chiuni à l'aval du pont de Chiuni,Rivière Chiuni,2015-06-25,1a,1,177,13.7,10.7,28.5,0.375,77.6,134.5,0.577,281.9,307.7,0.916
Y7920001,Le Chiuni à l'aval du pont de Chiuni,Rivière Chiuni,2015-07-22,3,0,204,13.7,0.0,7.6,0.005,56.6,96.7,0.585,250.6,256.2,0.978
Y7920001,Le Chiuni à l'aval du pont de Chiuni,Rivière Chiuni,2015-08-27,3,0,240,13.7,3.2,11.9,0.267,13.4,47.5,0.281,140.9,202.1,0.697
Y7920001,Le Chiuni à l'aval du pont de Chiuni,Rivière Chiuni,2015-09-22,3,0,266,13.7,3.7,49.6,0.074,6.1,69.7,0.087,83.8,206.3,0.406
Y7920001,Le Chiuni à l'aval du pont de Chiuni,Rivière Chiuni,2016-05-18,1,1,139,13.7,59.6,57.4,1.037,174.4,158.8,1.098,394.7,377.9,1.044
Y7920001,Le Chiuni à l'aval du pont de Chiuni,Rivière Chiuni,2016-06-27,1,1,179,13.7,26.6,27.6,0.965,89.8,132.6,0.678,356.2,300.0,1.187
Y7920001,Le Chiuni à l'aval du pont de Chiuni,Rivière Chiuni,2016-07-21,3,0,203,13.7,0.0,7.5,0.001,86.9,98.6,0.881,265.5,257.7,1.03
Y7920001,Le Chiuni à l'aval du pont de Chiuni,Rivière Chiuni,2016-08-22,3,0,235,13.7,0.8,12.7,0.065,27.9,48.4,0.577,200.4,209.6,0.956
Y7920001,Le Chiuni à l'aval du pont de Chiuni,Rivière Chiuni,2016-09-21,2,0,265,13.7,23.4,46.4,0.503,24.6,66.5,0.371,117.1,204.6,0.572
Y7920001,Le Chiuni à l'aval du pont de Chiuni,Rivière Chiuni,2017-05-22,1,1,143,13.7,21.7,62.6,0.347,70.2,163.3,0.43,245.8,375.2,0.655
Y7920001,Le Chiuni à l'aval du pont de Chiuni,Rivière Chiuni,2017-06-23,3,0,175,13.7,0.3,28.3,0.009,47.2,138.0,0.342,168.3,314.9,0.534
Y7920001,Le Chiuni à l'aval du pont de Chiuni,Rivière Chiuni,2017-07-23,3,0,205,13.7,4.9,7.4,0.66,26.8,94.0,0.285,143.5,251.3,0.571
Y7920001,Le Chiuni à l'aval du pont de Chiuni,Rivière Chiuni,2017-08-07,3,0,220,13.7,0.0,9.0,0.0,8.5,64.3,0.132,109.2,224.5,0.486
Y7920001,Le Chiuni à l'aval du pont de Chiuni,Rivière Chiuni,2017-08-21,3,0,234,13.7,0.0,11.2,0.0,5.1,46.9,0.109,75.3,209.3,0.36
Y7920001,Le Chiuni à l'aval du pont de Chiuni,Rivière Chiuni,2017-09-04,3,0,248,13.7,0.3,16.2,0.017,5.2,41.2,0.125,53.1,188.6,0.282
Y7920001,Le Chiuni à l'aval du pont de Chiuni,Rivière Chiuni,2017-09-18,3,0,262,13.7,38.1,36.3,1.05,43.0,55.3,0.777,90.5,197.8,0.458
Y7920001,Le Chiuni à l'aval du pont de Chiuni,Rivière Chiuni,2017-09-29,1,1,273,13.7,59.7,61.4,0.972,60.2,84.5,0.712,87.5,210.9,0.415
Y7920001,Le Chiuni à l'aval du pont de Chiuni,Rivière Chiuni,2018-05-28,1,1,149,13.7,93.0,47.7,1.951,269.3,154.8,1.74,550.4,351.8,1.565
Y7920001,Le Chiuni à l'aval du pont de Chiuni,Rivière Chiuni,2018-06-19,1,1,171,13.7,85.3,32.6,2.613,231.1,142.5,1.622,524.1,320.2,1.637
Y7920001,Le Chiuni à l'aval du pont de Chiuni,Rivière Chiuni,2018-07-25,1,1,207,13.7,7.0,6.9,1.01,164.8,88.0,1.872,451.2,249.0,1.812
Y7920001,Le Chiuni à l'aval du pont de Chiuni,Rivière Chiuni,2018-08-23,1,1,236,13.7,37.4,12.8,2.926,109.2,48.5,2.253,380.6,208.9,1.822
Y7920001,Le Chiuni à l'aval du pont de Chiuni,Rivière Chiuni,2018-09-24,3,0,268,13.7,13.2,53.4,0.248,62.1,73.8,0.841,292.3,207.0,1.412
Y7920001,Le Chiuni à l'aval du pont de Chiuni,Rivière Chiuni,2018-10-25,1,1,299,13.7,46.7,84.0,0.556,103.5,153.0,0.676,268.3,235.2,1.141
Y7920001,Le Chiuni à l'aval du pont de Chiuni,Rivière Chiuni,2019-04-02,1,1,93,13.7,1.6,49.1,0.033,85.3,164.0,0.52,382.7,450.6,0.849
Y7920001,Le Chiuni à l'aval du pont de Chiuni,Rivière Chiuni,2019-04-24,1,1,115,13.7,74.5,51.4,1.45,128.4,157.3,0.816,415.3,423.5,0.981
Y7920001,Le Chiuni à l'aval du pont de Chiuni,Rivière Chiuni,2019-05-27,1,1,148,13.7,64.7,50.8,1.274,146.9,156.5,0.939,277.7,355.9,0.78
Y7920001,Le Chiuni à l'aval du pont de Chiuni,Rivière Chiuni,2019-06-20,1,1,172,13.7,5.8,30.7,0.19,146.0,142.6,1.024,231.4,319.1,0.725
Y7920001,Le Chiuni à l'aval du pont de Chiuni,Rivière Chiuni,2019-07-24,3,0,206,13.7,42.8,7.4,5.798,108.3,90.3,1.199,242.7,249.6,0.972
Y7920001,Le Chiuni à l'aval du pont de Chiuni,Rivière Chiuni,2019-08-27,3,0,240,13.7,3.4,11.9,0.285,112.7,47.5,2.371,260.1,202.1,1.287
Y7920001,Le Chiuni à l'aval du pont de Chiuni,Rivière Chiuni,2019-09-25,3,0,269,13.7,17.8,54.8,0.324,130.2,76.0,1.713,276.2,208.7,1.324
Y7920001,Le Chiuni à l'aval du pont de Chiuni,Rivière Chiuni,2019-10-28,2,0,302,13.7,57.4,83.0,0.691,75.8,157.1,0.483,252.7,236.0,1.071
Y7920001,Le Chiuni à l'aval du pont de Chiuni,Rivière Chiuni,2020-05-25,1,1,146,13.7,105.0,54.6,1.921,169.7,160.4,1.058,285.5,363.3,0.786
Y7920001,Le Chiuni à l'aval du pont de Chiuni,Rivière Chiuni,2020-06-25,1f,1,177,13.7,6.0,28.5,0.209,142.2,134.5,1.057,199.1,307.7,0.647
Y7920001,Le Chiuni à l'aval du pont de Chiuni,Rivière Chiuni,2020-07-23,3,0,205,13.7,0.0,7.4,0.005,111.0,94.0,1.181,179.7,251.3,0.715
Y7920001,Le Chiuni à l'aval du pont de Chiuni,Rivière Chiuni,2020-08-24,3,0,237,13.7,0.0,13.2,0.0,6.0,48.6,0.124,175.8,206.6,0.851
Y7920001,Le Chiuni à l'aval du pont de Chiuni,Rivière Chiuni,2020-09-24,3,0,268,13.7,90.5,53.4,1.696,90.5,73.8,1.227,232.7,207.0,1.124
Y7920001,Le Chiuni à l'aval du pont de Chiuni,Rivière Chiuni,2020-09-29,3,0,273,13.7,121.9,61.4,1.984,129.8,84.5,1.536,271.3,210.9,1.286
Y7920001,Le Chiuni à l'aval du pont de Chiuni,Rivière Chiuni,2021-05-27,1,1,148,13.7,85.8,50.8,1.689,161.3,156.5,1.031,623.7,355.9,1.753
Y7920001,Le Chiuni à l'aval du pont de Chiuni,Rivière Chiuni,2021-06-23,1f,1,175,13.7,6.9,28.3,0.243,132.7,138.0,0.961,398.4,314.9,1.265
Y7920001,Le Chiuni à l'aval du pont de Chiuni,Rivière Chiuni,2021-07-27,3,0,209,13.7,4.5,7.0,0.644,79.1,82.2,0.962,232.5,245.0,0.949
Y7920001,Le Chiuni à l'aval du pont de Chiuni,Rivière Chiuni,2021-08-27,3,0,240,13.7,1.1,11.9,0.092,8.7,47.5,0.183,169.8,202.1,0.84
Y7920001,Le Chiuni à l'aval du pont de Chiuni,Rivière Chiuni,2021-09-27,3,0,271,13.7,13.4,60.4,0.222,19.0,81.9,0.232,151.7,212.3,0.715
Y7920001,Le Chiuni à l'aval du pont de Chiuni,Rivière Chiuni,2022-04-21,1,1,112,13.7,38.3,50.1,0.764,88.8,158.9,0.559,336.4,425.1,0.791
Y7920001,Le Chiuni à l'aval du pont de Chiuni,Rivière Chiuni,2022-05-25,1,1,146,13.7,18.4,54.6,0.337,99.7,160.4,0.622,252.9,363.3,0.696
Y7920001,Le Chiuni à l'aval du pont de Chiuni,Rivière Chiuni,2022-06-23,3,0,175,13.7,0.4,28.3,0.015,86.4,138.0,0.626,174.8,314.9,0.555
Y7920001,Le Chiuni à l'aval du pont de Chiuni,Rivière Chiuni,2022-07-11,3,0,193,13.7,1.3,13.1,0.102,51.3,110.8,0.463,138.6,272.0,0.509
Y7920001,Le Chiuni à l'aval du pont de Chiuni,Rivière Chiuni,2022-07-25,3,0,207,13.7,1.3,6.9,0.193,20.1,88.0,0.229,138.2,249.0,0.555
Y7920001,Le Chiuni à l'aval du pont de Chiuni,Rivière Chiuni,2022-08-10,3,0,223,13.7,0.5,9.0,0.051,2.2,63.4,0.035,137.6,220.7,0.624
Y7920001,Le Chiuni à l'aval du pont de Chiuni,Rivière Chiuni,2022-08-24,3,0,237,13.7,25.5,13.2,1.936,27.2,48.6,0.561,127.0,206.6,0.615
Y7920001,Le Chiuni à l'aval du pont de Chiuni,Rivière Chiuni,2022-09-06,3,0,250,13.7,45.6,17.6,2.6,47.2,40.4,1.169,143.5,187.6,0.765
Y7920001,Le Chiuni à l'aval du pont de Chiuni,Rivière Chiuni,2022-09-27,1,1,271,13.7,64.5,60.4,1.067,90.2,81.9,1.101,160.0,212.3,0.753
Y7920001,Le Chiuni à l'aval du pont de Chiuni,Rivière Chiuni,2022-10-05,1,1,279,13.7,72.8,75.9,0.96,118.7,102.5,1.158,170.0,217.5,0.782
Y7920001,Le Chiuni à l'aval du pont de Chiuni,Rivière Chiuni,2022-11-02,3,0,307,13.7,5.4,88.8,0.061,123.7,176.3,0.702,125.9,243.9,0.516
Y7920001,Le Chiuni à l'aval du pont de Chiuni,Rivière Chiuni,2022-11-18,1,1,323,13.7,85.6,107.4,0.797,183.4,231.9,0.791,210.7,278.8,0.756
Y7920001,Le Chiuni à l'aval du pont de Chiuni,Rivière Chiuni,2023-03-22,1,1,82,13.7,47.3,50.2,0.942,111.1,176.6,0.629,444.7,461.5,0.964
Y7920001,Le Chiuni à l'aval du pont de Chiuni,Rivière Chiuni,2023-05-02,1,1,123,13.7,30.1,59.3,0.507,83.9,163.9,0.512,399.8,415.9,0.961
Y7920001,Le Chiuni à l'aval du pont de Chiuni,Rivière Chiuni,2023-05-24,1,1,145,13.7,44.1,58.4,0.756,107.9,161.2,0.669,291.1,367.4,0.792
Y7920001,Le Chiuni à l'aval du pont de Chiuni,Rivière Chiuni,2023-06-27,1,1,179,13.7,35.3,27.6,1.279,94.1,132.6,0.709,207.5,300.0,0.691
Y7920001,Le Chiuni à l'aval du pont de Chiuni,Rivière Chiuni,2023-07-27,3,0,209,13.7,3.4,7.0,0.494,82.6,82.2,1.004,150.6,245.0,0.615
Y7920001,Le Chiuni à l'aval du pont de Chiuni,Rivière Chiuni,2023-08-07,3,0,220,13.7,0.2,9.0,0.024,66.3,64.3,1.03,149.3,224.5,0.665
Y7920001,Le Chiuni à l'aval du pont de Chiuni,Rivière Chiuni,2023-08-29,1,1,242,13.7,54.0,13.3,4.055,90.4,46.3,1.953,162.3,200.7,0.809
Y7920001,Le Chiuni à l'aval du pont de Chiuni,Rivière Chiuni,2023-09-26,1,1,270,13.7,70.9,58.4,1.215,74.6,79.7,0.936,168.8,210.9,0.801
Y7920001,Le Chiuni à l'aval du pont de Chiuni,Rivière Chiuni,2023-10-31,1,1,305,13.7,135.5,89.5,1.514,207.3,169.5,1.223,273.9,241.1,1.136
Y7920001,Le Chiuni à l'aval du pont de Chiuni,Rivière Chiuni,2024-03-08,1,1,68,13.7,144.7,55.3,2.618,189.1,190.7,0.992,495.4,481.9,1.028
Y7920001,Le Chiuni à l'aval du pont de Chiuni,Rivière Chiuni,2024-04-25,1,1,116,13.7,58.7,53.6,1.094,249.0,159.3,1.563,459.8,425.2,1.081
Y7920001,Le Chiuni à l'aval du pont de Chiuni,Rivière Chiuni,2024-05-22,1,1,143,13.7,50.3,62.6,0.805,253.4,163.3,1.552,365.8,375.2,0.975
Y7920001,Le Chiuni à l'aval du pont de Chiuni,Rivière Chiuni,2024-06-26,1,1,178,13.7,35.3,28.0,1.262,101.4,133.2,0.761,360.2,302.6,1.19
Y7920001,Le Chiuni à l'aval du pont de Chiuni,Rivière Chiuni,2024-07-22,3,0,204,13.7,32.6,7.6,4.314,85.6,96.7,0.885,326.9,256.2,1.276
Y7920001,Le Chiuni à l'aval du pont de Chiuni,Rivière Chiuni,2024-08-19,3,0,232,13.7,3.9,11.0,0.354,39.5,49.6,0.796,292.9,211.7,1.383
Y7920001,Le Chiuni à l'aval du pont de Chiuni,Rivière Chiuni,2024-09-23,1f,1,267,13.7,72.0,50.9,1.417,101.7,70.9,1.434,187.7,205.4,0.914
Y7920001,Le Chiuni à l'aval du pont de Chiuni,Rivière Chiuni,2025-04-23,1,1,114,13.7,126.7,50.5,2.509,299.3,159.4,1.877,508.8,422.4,1.205
Y7920001,Le Chiuni à l'aval du pont de Chiuni,Rivière Chiuni,2025-05-23,1,1,144,13.7,55.2,60.9,0.906,325.4,162.2,2.005,478.2,372.6,1.284
Y7920001,Le Chiuni à l'aval du pont de Chiuni,Rivière Chiuni,2025-06-24,3,0,176,13.7,1.0,28.3,0.035,167.8,136.4,1.23,412.2,310.2,1.329
Y7920001,Le Chiuni à l'aval du pont de Chiuni,Rivière Chiuni,2025-07-23,3,0,205,13.7,4.2,7.4,0.571,59.4,94.0,0.632,359.9,251.3,1.432
Y7920001,Le Chiuni à l'aval du pont de Chiuni,Rivière Chiuni,2025-08-27,3,0,240,13.7,2.8,11.9,0.24,13.0,47.5,0.273,320.7,202.1,1.587
Y7920001,Le Chiuni à l'aval du pont de Chiuni,Rivière Chiuni,2025-09-27,3,0,271,13.7,29.0,60.4,0.48,41.6,81.9,0.508,204.7,212.3,0.964
Y7920001,Le Chiuni à l'aval du pont de Chiuni,Rivière Chiuni,2025-10-24,1f,1,298,13.7,32.9,84.1,0.391,66.4,151.1,0.439,127.2,236.7,0.537
Y7920001,Le Chiuni à l'aval du pont de Chiuni,Rivière Chiuni,2026-05-26,2,0,147,13.7,29.7,52.6,0.564,103.2,158.0,0.653,381.2,358.8,1.063
Y7920001,Le Chiuni à l'aval du pont de Chiuni,Rivière Chiuni,2026-06-25,3,0,177,13.7,2.1,28.5,0.072,46.6,134.5,0.346,332.6,307.7,1.081
Y7920001,Le Chiuni à l'aval du pont de Chiuni,Rivière Chiuni,2026-07-27,3,0,209,13.7,9.4,7.0,1.348,41.2,82.2,0.501,216.4,245.0,0.883
Y7920001,Le Chiuni à l'aval du pont de Chiuni,Rivière Chiuni,2026-08-24,3,0,237,13.7,26.1,13.2,1.978,28.6,48.6,0.588,131.7,206.6,0.638
Y7920001,Le Chiuni à l'aval du pont de Chiuni,Rivière Chiuni,2026-09-28,3,0,272,13.7,0.6,60.7,0.01,27.1,83.2,0.325,73.7,212.3,0.347
Y7920002,Le Dardo au stade de Piana,Ruisseau de Dardo,2012-05-25,1a,1,146,483.8,221.9,70.2,3.16,344.8,207.6,1.661,525.4,458.9,1.145
Y7920002,Le Dardo au stade de Piana,Ruisseau de Dardo,2012-06-25,1f,1,177,483.8,4.9,33.3,0.147,332.0,171.9,1.931,480.2,389.9,1.232
Y7920002,Le Dardo au stade de Piana,Ruisseau de Dardo,2012-07-25,2,0,207,483.8,0.6,10.7,0.053,233.8,111.6,2.095,449.9,320.3,1.405
Y7920002,Le Dardo au stade de Piana,Ruisseau de Dardo,2012-08-23,3,0,236,483.8,0.0,18.4,0.003,12.0,62.4,0.193,356.9,270.0,1.322
Y7920002,Le Dardo au stade de Piana,Ruisseau de Dardo,2012-09-25,2,0,269,483.8,60.9,69.0,0.882,63.4,98.5,0.644,395.4,266.9,1.481
Y7920002,Le Dardo au stade de Piana,Ruisseau de Dardo,2013-05-23,1a,1,144,483.8,80.1,76.4,1.048,356.7,210.3,1.696,784.0,468.9,1.672
Y7920002,Le Dardo au stade de Piana,Ruisseau de Dardo,2013-06-25,1a,1,177,483.8,21.3,33.3,0.638,175.3,171.9,1.019,597.7,389.9,1.533
Y7920002,Le Dardo au stade de Piana,Ruisseau de Dardo,2013-07-25,1a,1,207,483.8,5.1,10.7,0.476,102.1,111.6,0.915,499.3,320.3,1.559
Y7920002,Le Dardo au stade de Piana,Ruisseau de Dardo,2013-08-23,2,0,236,483.8,12.7,18.4,0.689,39.1,62.4,0.626,377.7,270.0,1.399
Y7920002,Le Dardo au stade de Piana,Ruisseau de Dardo,2014-05-27,1a,1,148,483.8,46.2,65.1,0.71,206.9,202.9,1.019,669.1,452.8,1.478
Y7920002,Le Dardo au stade de Piana,Ruisseau de Dardo,2014-06-25,1,1,177,483.8,54.9,33.3,1.646,149.3,171.9,0.868,594.8,389.9,1.526
Y7920002,Le Dardo au stade de Piana,Ruisseau de Dardo,2014-07-24,1a,1,206,483.8,20.2,10.8,1.876,121.1,114.2,1.061,449.0,320.3,1.402
Y7920002,Le Dardo au stade de Piana,Ruisseau de Dardo,2014-08-25,1f,1,238,483.8,11.9,18.3,0.653,84.3,62.1,1.358,291.2,265.0,1.099
Y7920002,Le Dardo au stade de Piana,Ruisseau de Dardo,2014-09-25,1f,1,269,483.8,14.2,69.0,0.205,46.1,98.5,0.468,195.5,266.9,0.732
Y7920002,Le Dardo au stade de Piana,Ruisseau de Dardo,2014-10-23,2,0,297,483.8,18.9,104.6,0.181,33.4,185.2,0.18,154.3,296.1,0.521
Y7920002,Le Dardo au stade de Piana,Ruisseau de Dardo,2015-05-26,1a,1,147,483.8,60.8,67.6,0.9,148.7,205.7,0.723,425.3,455.9,0.933
Y7920002,Le Dardo au stade de Piana,Ruisseau de Dardo,2015-06-25,1a,1,177,483.8,11.5,33.3,0.345,87.3,171.9,0.508,308.2,389.9,0.791
Y7920002,Le Dardo au stade de Piana,Ruisseau de Dardo,2015-07-22,1f,1,204,483.8,0.0,10.9,0.001,72.3,120.6,0.6,279.4,328.3,0.851
Y7920002,Le Dardo au stade de Piana,Ruisseau de Dardo,2015-08-27,2,0,240,483.8,5.3,17.2,0.306,9.3,60.8,0.153,164.9,262.6,0.628
Y7920002,Le Dardo au stade de Piana,Ruisseau de Dardo,2015-09-22,2,0,266,483.8,8.9,60.9,0.146,12.4,90.2,0.137,102.2,264.1,0.387
Y7920002,Le Dardo au stade de Piana,Ruisseau de Dardo,2016-05-18,1,1,139,483.8,74.4,70.1,1.061,182.3,207.2,0.88,421.6,475.0,0.887
Y7920002,Le Dardo au stade de Piana,Ruisseau de Dardo,2016-06-27,1,1,179,483.8,46.9,32.9,1.429,127.4,169.2,0.753,417.3,382.7,1.09
Y7920002,Le Dardo au stade de Piana,Ruisseau de Dardo,2016-07-21,1,1,203,483.8,0.1,10.6,0.008,121.5,121.8,0.998,307.8,329.2,0.935
Y7920002,Le Dardo au stade de Piana,Ruisseau de Dardo,2016-08-22,2,0,235,483.8,13.1,17.5,0.745,61.4,61.5,0.997,242.2,270.2,0.896
Y7920002,Le Dardo au stade de Piana,Ruisseau de Dardo,2016-09-21,2,0,265,483.8,42.4,57.0,0.744,56.8,85.4,0.665,186.0,260.8,0.713
Y7920002,Le Dardo au stade de Piana,Ruisseau de Dardo,2017-05-22,1,1,143,483.8,29.0,77.6,0.373,81.7,211.7,0.386,259.4,471.8,0.55
Y7920002,Le Dardo au stade de Piana,Ruisseau de Dardo,2017-06-23,2,0,175,483.8,0.5,33.2,0.016,57.5,176.2,0.326,182.7,399.2,0.458
Y7920002,Le Dardo au stade de Piana,Ruisseau de Dardo,2017-07-23,3,0,205,483.8,10.0,10.8,0.923,39.4,118.1,0.333,168.4,322.8,0.522
Y7920002,Le Dardo au stade de Piana,Ruisseau de Dardo,2017-08-07,3,0,220,483.8,0.0,13.6,0.0,12.5,81.3,0.153,122.2,291.7,0.419
Y7920002,Le Dardo au stade de Piana,Ruisseau de Dardo,2017-08-21,3,0,234,483.8,0.0,15.9,0.0,10.5,60.1,0.174,92.2,270.4,0.341
Y7920002,Le Dardo au stade de Piana,Ruisseau de Dardo,2017-09-04,3,0,248,483.8,0.6,25.0,0.024,10.6,56.7,0.186,68.5,246.0,0.279
Y7920002,Le Dardo au stade de Piana,Ruisseau de Dardo,2017-09-18,3,0,262,483.8,40.6,46.7,0.869,50.5,74.1,0.681,108.3,253.3,0.427
Y7920002,Le Dardo au stade de Piana,Ruisseau de Dardo,2017-09-29,1,1,273,483.8,74.3,76.2,0.975,74.6,109.6,0.681,117.1,268.4,0.436
Y7920002,Le Dardo au stade de Piana,Ruisseau de Dardo,2018-05-28,1,1,149,483.8,123.7,61.4,2.014,339.8,201.7,1.685,645.9,448.5,1.44
Y7920002,Le Dardo au stade de Piana,Ruisseau de Dardo,2018-06-19,1,1,171,483.8,110.5,38.9,2.84,279.2,180.9,1.543,598.7,408.6,1.465
Y7920002,Le Dardo au stade de Piana,Ruisseau de Dardo,2018-07-25,1,1,207,483.8,15.9,10.7,1.491,215.4,111.6,1.93,525.0,320.3,1.639
Y7920002,Le Dardo au stade de Piana,Ruisseau de Dardo,2018-08-23,1,1,236,483.8,88.7,18.4,4.828,180.5,62.4,2.894,523.7,270.0,1.94
Y7920002,Le Dardo au stade de Piana,Ruisseau de Dardo,2018-09-24,1,1,268,483.8,19.4,65.6,0.295,121.8,94.2,1.293,406.8,264.3,1.539
Y7920002,Le Dardo au stade de Piana,Ruisseau de Dardo,2018-10-25,1,1,299,483.8,52.0,102.6,0.507,166.5,191.0,0.872,382.0,294.8,1.296
Y7920002,Le Dardo au stade de Piana,Ruisseau de Dardo,2019-04-02,1,1,93,483.8,2.1,64.9,0.033,78.2,209.4,0.373,371.0,562.2,0.66
Y7920002,Le Dardo au stade de Piana,Ruisseau de Dardo,2019-04-24,1,1,115,483.8,86.3,68.9,1.253,141.8,204.7,0.693,409.3,535.1,0.765
Y7920002,Le Dardo au stade de Piana,Ruisseau de Dardo,2019-05-27,1,1,148,483.8,80.5,65.1,1.237,171.6,202.9,0.846,292.9,452.8,0.647
Y7920002,Le Dardo au stade de Piana,Ruisseau de Dardo,2019-06-20,1,1,172,483.8,5.9,35.5,0.165,170.9,180.0,0.95,249.2,405.8,0.614
Y7920002,Le Dardo au stade de Piana,Ruisseau de Dardo,2019-07-24,1,1,206,483.8,49.3,10.8,4.573,131.8,114.2,1.154,276.1,320.3,0.862
Y7920002,Le Dardo au stade de Piana,Ruisseau de Dardo,2019-08-27,1,1,240,483.8,13.2,17.2,0.768,127.9,60.8,2.102,300.7,262.6,1.145
Y7920002,Le Dardo au stade de Piana,Ruisseau de Dardo,2019-09-25,1,1,269,483.8,25.0,69.0,0.362,152.1,98.5,1.544,323.5,266.9,1.212
Y7920002,Le Dardo au stade de Piana,Ruisseau de Dardo,2019-10-28,1,1,302,483.8,55.4,100.7,0.551,91.0,196.4,0.463,289.9,295.5,0.981
Y7920002,Le Dardo au stade de Piana,Ruisseau de Dardo,2020-05-25,1,1,146,483.8,110.8,70.2,1.578,195.1,207.6,0.94,330.7,458.9,0.721
Y7920002,Le Dardo au stade de Piana,Ruisseau de Dardo,2020-06-25,1a,1,177,483.8,5.6,33.3,0.168,144.1,171.9,0.838,225.7,389.9,0.579
Y7920002,Le Dardo au stade de Piana,Ruisseau de Dardo,2020-07-23,1,1,205,483.8,0.1,10.8,0.007,116.6,118.1,0.987,204.5,322.8,0.634
Y7920002,Le Dardo au stade de Piana,Ruisseau de Dardo,2020-08-24,3,0,237,483.8,0.0,18.0,0.0,5.7,62.1,0.092,200.9,267.7,0.75
Y7920002,Le Dardo au stade de Piana,Ruisseau de Dardo,2020-09-24,2,0,268,483.8,64.3,65.6,0.98,64.4,94.2,0.683,208.5,264.3,0.789
Y7920002,Le Dardo au stade de Piana,Ruisseau de Dardo,2020-09-29,1,1,273,483.8,97.8,76.2,1.283,111.8,109.6,1.02,254.5,268.4,0.948
Y7920002,Le Dardo au stade de Piana,Ruisseau de Dardo,2021-05-27,1,1,148,483.8,91.3,65.1,1.404,169.9,202.9,0.837,667.3,452.8,1.474
Y7920002,Le Dardo au stade de Piana,Ruisseau de Dardo,2021-06-23,1a,1,175,483.8,7.6,33.2,0.23,141.8,176.2,0.805,446.4,399.2,1.118
Y7920002,Le Dardo au stade de Piana,Ruisseau de Dardo,2021-07-27,2,0,209,483.8,5.0,10.2,0.489,84.0,104.6,0.803,253.2,316.4,0.8
Y7920002,Le Dardo au stade de Piana,Ruisseau de Dardo,2021-08-27,1f,1,240,483.8,1.3,17.2,0.077,9.8,60.8,0.161,179.5,262.6,0.684
Y7920002,Le Dardo au stade de Piana,Ruisseau de Dardo,2021-09-27,1f,1,271,483.8,16.3,75.0,0.218,22.7,105.3,0.215,164.4,270.0,0.609
Y7920002,Le Dardo au stade de Piana,Ruisseau de Dardo,2022-04-21,1,1,112,483.8,41.5,68.3,0.607,92.5,207.6,0.446,362.2,538.5,0.673
Y7920002,Le Dardo au stade de Piana,Ruisseau de Dardo,2022-05-25,1,1,146,483.8,19.2,70.2,0.273,107.5,207.6,0.518,283.4,458.9,0.617
Y7920002,Le Dardo au stade de Piana,Ruisseau de Dardo,2022-06-23,1,1,175,483.8,0.5,33.2,0.014,94.7,176.2,0.538,193.9,399.2,0.486
Y7920002,Le Dardo au stade de Piana,Ruisseau de Dardo,2022-07-11,1,1,193,483.8,2.2,16.1,0.138,57.5,138.1,0.416,148.5,346.1,0.429
Y7920002,Le Dardo au stade de Piana,Ruisseau de Dardo,2022-07-25,2,0,207,483.8,2.2,10.7,0.207,21.8,111.6,0.195,147.9,320.3,0.462
Y7920002,Le Dardo au stade de Piana,Ruisseau de Dardo,2022-08-10,2,0,223,483.8,1.1,13.2,0.086,3.8,79.7,0.048,147.1,285.1,0.516
Y7920002,Le Dardo au stade de Piana,Ruisseau de Dardo,2022-08-24,2,0,237,483.8,29.0,18.0,1.608,31.6,62.1,0.509,139.2,267.7,0.52
Y7920002,Le Dardo au stade de Piana,Ruisseau de Dardo,2022-09-06,2,0,250,483.8,47.6,25.4,1.876,50.0,55.5,0.901,154.0,243.5,0.633
Y7920002,Le Dardo au stade de Piana,Ruisseau de Dardo,2022-09-27,1,1,271,483.8,62.8,75.0,0.837,92.0,105.3,0.874,170.7,270.0,0.632
Y7920002,Le Dardo au stade de Piana,Ruisseau de Dardo,2022-10-05,1,1,279,483.8,75.5,94.3,0.801,123.3,133.1,0.926,180.8,277.6,0.651
Y7920002,Le Dardo au stade de Piana,Ruisseau de Dardo,2022-11-02,1,1,307,483.8,7.7,108.9,0.07,130.7,222.1,0.588,133.8,306.7,0.436
Y7920002,Le Dardo au stade de Piana,Ruisseau de Dardo,2022-11-18,1,1,323,483.8,94.5,140.2,0.674,195.8,293.2,0.668,227.4,353.1,0.644
Y7920002,Le Dardo au stade de Piana,Ruisseau de Dardo,2023-03-22,1,1,82,483.8,50.8,66.2,0.767,132.4,225.8,0.586,489.4,575.5,0.85
Y7920002,Le Dardo au stade de Piana,Ruisseau de Dardo,2023-05-02,1,1,123,483.8,34.7,75.6,0.459,93.5,213.3,0.438,446.0,525.2,0.849
Y7920002,Le Dardo au stade de Piana,Ruisseau de Dardo,2023-05-24,1,1,145,483.8,46.7,74.1,0.631,119.6,208.7,0.573,326.1,464.5,0.702
Y7920002,Le Dardo au stade de Piana,Ruisseau de Dardo,2023-06-27,1,1,179,483.8,36.8,32.9,1.12,103.2,169.2,0.61,239.1,382.7,0.625
Y7920002,Le Dardo au stade de Piana,Ruisseau de Dardo,2023-07-27,1,1,209,483.8,4.1,10.2,0.4,87.8,104.6,0.84,164.9,316.4,0.521
Y7920002,Le Dardo au stade de Piana,Ruisseau de Dardo,2023-08-07,1,1,220,483.8,0.3,13.6,0.019,70.9,81.3,0.872,163.6,291.7,0.561
Y7920002,Le Dardo au stade de Piana,Ruisseau de Dardo,2023-08-29,1,1,242,483.8,59.5,20.0,2.971,96.7,62.2,1.555,181.8,260.7,0.697
Y7920002,Le Dardo au stade de Piana,Ruisseau de Dardo,2023-09-26,1,1,270,483.8,78.7,72.3,1.089,83.0,101.8,0.815,186.4,267.3,0.697
Y7920002,Le Dardo au stade de Piana,Ruisseau de Dardo,2023-10-31,1,1,305,483.8,136.1,109.0,1.248,215.6,212.6,1.014,287.0,302.5,0.949
Y7920002,Le Dardo au stade de Piana,Ruisseau de Dardo,2024-03-08,1,1,68,483.8,153.3,74.9,2.047,201.7,240.3,0.839,524.1,598.4,0.876
Y7920002,Le Dardo au stade de Piana,Ruisseau de Dardo,2024-04-25,1,1,116,483.8,65.2,71.3,0.914,268.3,206.1,1.302,497.7,536.5,0.928
Y7920002,Le Dardo au stade de Piana,Ruisseau de Dardo,2024-05-22,1,1,143,483.8,59.1,77.6,0.761,275.2,211.7,1.3,402.5,471.8,0.853
Y7920002,Le Dardo au stade de Piana,Ruisseau de Dardo,2024-06-26,1,1,178,483.8,37.0,33.6,1.1,113.8,170.8,0.666,391.0,385.2,1.015
Y7920002,Le Dardo au stade de Piana,Ruisseau de Dardo,2024-07-22,1,1,204,483.8,34.5,10.9,3.173,95.9,120.6,0.795,356.2,328.3,1.085
Y7920002,Le Dardo au stade de Piana,Ruisseau de Dardo,2024-08-19,2,0,232,483.8,3.7,15.8,0.233,41.1,62.9,0.652,316.3,273.6,1.156
Y7920002,Le Dardo au stade de Piana,Ruisseau de Dardo,2024-09-23,1f,1,267,483.8,73.2,62.5,1.171,100.1,91.3,1.097,202.9,262.5,0.773
Y7920002,Le Dardo au stade de Piana,Ruisseau de Dardo,2025-04-23,1,1,114,483.8,130.4,68.3,1.91,313.6,207.6,1.51,531.9,534.6,0.995
Y7920002,Le Dardo au stade de Piana,Ruisseau de Dardo,2025-05-23,1,1,144,483.8,60.3,76.4,0.789,344.0,210.3,1.636,502.3,468.9,1.071
Y7920002,Le Dardo au stade de Piana,Ruisseau de Dardo,2025-06-24,1f,1,176,483.8,1.0,33.2,0.029,177.6,174.6,1.017,432.4,392.6,1.101
Y7920002,Le Dardo au stade de Piana,Ruisseau de Dardo,2025-07-23,1f,1,205,483.8,4.2,10.8,0.392,63.8,118.1,0.54,379.3,322.8,1.175
Y7920002,Le Dardo au stade de Piana,Ruisseau de Dardo,2025-08-27,2,0,240,483.8,4.6,17.2,0.265,16.1,60.8,0.264,343.1,262.6,1.307
Y7920002,Le Dardo au stade de Piana,Ruisseau de Dardo,2025-09-27,1f,1,271,483.8,31.8,75.0,0.424,47.6,105.3,0.452,220.7,270.0,0.817
Y7920002,Le Dardo au stade de Piana,Ruisseau de Dardo,2025-10-24,1f,1,298,483.8,38.9,104.6,0.372,78.1,188.7,0.414,143.4,297.0,0.483
Y7920002,Le Dardo au stade de Piana,Ruisseau de Dardo,2026-05-26,1a,1,147,483.8,35.0,67.6,0.518,111.8,205.7,0.543,425.6,455.9,0.934
Y7920002,Le Dardo au stade de Piana,Ruisseau de Dardo,2026-06-25,1f,1,177,483.8,2.7,33.3,0.082,53.6,171.9,0.312,376.0,389.9,0.964
Y7920002,Le Dardo au stade de Piana,Ruisseau de Dardo,2026-07-27,2,0,209,483.8,8.9,10.2,0.867,46.8,104.6,0.448,247.3,316.4,0.782
Y7920002,Le Dardo au stade de Piana,Ruisseau de Dardo,2026-08-24,2,0,237,483.8,25.2,18.0,1.398,28.5,62.1,0.459,140.3,267.7,0.524
Y7920002,Le Dardo au stade de Piana,Ruisseau de Dardo,2026-09-28,2,0,272,483.8,0.7,75.6,0.009,26.2,107.8,0.243,80.0,270.1,0.296
Y8000001,La rivière de Sagone entre le ruisseau de Cesara et le ruisseau de Cammerinu,Rivière de Sagone,2012-05-25,1a,1,146,32.4,223.5,80.7,2.771,355.3,237.4,1.497,545.0,541.9,1.006
Y8000001,La rivière de Sagone entre le ruisseau de Cesara et le ruisseau de Cammerinu,Rivière de Sagone,2012-06-25,1a,1,177,32.4,10.6,40.0,0.266,353.0,196.5,1.797,487.7,459.0,1.062
Y8000001,La rivière de Sagone entre le ruisseau de Cesara et le ruisseau de Cammerinu,Rivière de Sagone,2012-07-25,1f,1,207,32.4,14.1,13.5,1.049,256.7,132.4,1.938,479.6,374.8,1.28
Y8000001,La rivière de Sagone entre le ruisseau de Cesara et le ruisseau de Cammerinu,Rivière de Sagone,2012-08-23,1f,1,236,32.4,0.1,22.7,0.006,33.3,77.5,0.429,388.6,314.9,1.234
Y8000001,La rivière de Sagone entre le ruisseau de Cesara et le ruisseau de Cammerinu,Rivière de Sagone,2012-09-25,1a,1,269,32.4,49.2,71.8,0.686,72.0,109.5,0.657,425.0,302.4,1.406
Y8000001,La rivière de Sagone entre le ruisseau de Cesara et le ruisseau de Cammerinu,Rivière de Sagone,2013-05-23,1a,1,144,32.4,86.5,88.0,0.983,383.7,240.5,1.595,836.9,551.7,1.517
Y8000001,La rivière de Sagone entre le ruisseau de Cesara et le ruisseau de Cammerinu,Rivière de Sagone,2013-06-25,1a,1,177,32.4,31.1,40.0,0.778,204.2,196.5,1.039,650.5,459.0,1.417
Y8000001,La rivière de Sagone entre le ruisseau de Cesara et le ruisseau de Cammerinu,Rivière de Sagone,2013-07-25,1a,1,207,32.4,8.4,13.5,0.62,121.6,132.4,0.919,524.4,374.8,1.399
Y8000001,La rivière de Sagone entre le ruisseau de Cesara et le ruisseau de Cammerinu,Rivière de Sagone,2013-08-23,1a,1,236,32.4,30.7,22.7,1.354,72.2,77.5,0.931,433.4,314.9,1.376
Y8000001,La rivière de Sagone entre le ruisseau de Cesara et le ruisseau de Cammerinu,Rivière de Sagone,2014-05-27,1a,1,148,32.4,38.9,76.1,0.511,214.9,231.3,0.929,698.6,533.8,1.309
Y8000001,La rivière de Sagone entre le ruisseau de Cesara et le ruisseau de Cammerinu,Rivière de Sagone,2014-06-25,1,1,177,32.4,62.2,40.0,1.558,149.0,196.5,0.758,664.0,459.0,1.447
Y8000001,La rivière de Sagone entre le ruisseau de Cesara et le ruisseau de Cammerinu,Rivière de Sagone,2014-07-24,1a,1,206,32.4,25.4,13.8,1.847,126.1,135.0,0.934,514.9,375.6,1.371
Y8000001,La rivière de Sagone entre le ruisseau de Cesara et le ruisseau de Cammerinu,Rivière de Sagone,2014-08-25,1f,1,238,32.4,9.7,24.0,0.403,96.0,77.9,1.232,310.8,309.2,1.005
Y8000001,La rivière de Sagone entre le ruisseau de Cesara et le ruisseau de Cammerinu,Rivière de Sagone,2014-09-25,1a,1,269,32.4,32.2,71.8,0.449,67.0,109.5,0.612,216.2,302.4,0.715
Y8000001,La rivière de Sagone entre le ruisseau de Cesara et le ruisseau de Cammerinu,Rivière de Sagone,2014-10-23,1a,1,297,32.4,23.2,96.9,0.239,51.6,186.3,0.277,177.0,315.9,0.56
Y8000001,La rivière de Sagone entre le ruisseau de Cesara et le ruisseau de Cammerinu,Rivière de Sagone,2015-05-26,1a,1,147,32.4,41.5,78.7,0.527,129.9,234.2,0.555,356.6,537.3,0.664
Y8000001,La rivière de Sagone entre le ruisseau de Cesara et le ruisseau de Cammerinu,Rivière de Sagone,2015-06-25,1a,1,177,32.4,42.4,40.0,1.06,115.7,196.5,0.589,329.8,459.0,0.718
Y8000001,La rivière de Sagone entre le ruisseau de Cesara et le ruisseau de Cammerinu,Rivière de Sagone,2015-07-22,1f,1,204,32.4,0.0,13.2,0.004,83.9,142.1,0.591,281.7,383.3,0.735
Y8000001,La rivière de Sagone entre le ruisseau de Cesara et le ruisseau de Cammerinu,Rivière de Sagone,2015-08-27,1f,1,240,32.4,4.3,21.7,0.197,39.1,74.7,0.524,176.4,306.0,0.576
Y8000001,La rivière de Sagone entre le ruisseau de Cesara et le ruisseau de Cammerinu,Rivière de Sagone,2015-09-22,1a,1,266,32.4,9.1,65.0,0.141,11.1,101.5,0.109,126.7,302.1,0.42
Y8000001,La rivière de Sagone entre le ruisseau de Cesara et le ruisseau de Cammerinu,Rivière de Sagone,2016-05-18,1,1,139,32.4,81.0,80.4,1.008,199.7,234.9,0.85,462.6,557.2,0.83
Y8000001,La rivière de Sagone entre le ruisseau de Cesara et le ruisseau de Cammerinu,Rivière de Sagone,2016-06-27,1,1,179,32.4,46.9,39.1,1.202,135.9,192.9,0.705,452.8,449.9,1.006
Y8000001,La rivière de Sagone entre le ruisseau de Cesara et le ruisseau de Cammerinu,Rivière de Sagone,2016-07-21,1,1,203,32.4,0.1,12.6,0.005,131.2,143.5,0.914,335.1,384.0,0.873
Y8000001,La rivière de Sagone entre le ruisseau de Cesara et le ruisseau de Cammerinu,Rivière de Sagone,2016-08-22,1,1,235,32.4,1.6,22.3,0.071,49.2,77.2,0.637,247.8,315.6,0.785
Y8000001,La rivière de Sagone entre le ruisseau de Cesara et le ruisseau de Cammerinu,Rivière de Sagone,2016-09-21,1,1,265,32.4,54.2,61.0,0.89,56.1,97.0,0.579,194.6,299.2,0.651
Y8000001,La rivière de Sagone entre le ruisseau de Cesara et le ruisseau de Cammerinu,Rivière de Sagone,2017-05-22,1,1,143,32.4,26.6,89.7,0.296,92.5,241.9,0.382,264.6,554.6,0.477
Y8000001,La rivière de Sagone entre le ruisseau de Cesara et le ruisseau de Cammerinu,Rivière de Sagone,2017-06-23,1,1,175,32.4,2.2,40.4,0.054,60.0,201.0,0.298,203.0,469.8,0.432
Y8000001,La rivière de Sagone entre le ruisseau de Cesara et le ruisseau de Cammerinu,Rivière de Sagone,2017-07-23,1,1,205,32.4,8.4,13.7,0.618,37.1,139.1,0.267,176.4,378.6,0.466
Y8000001,La rivière de Sagone entre le ruisseau de Cesara et le ruisseau de Cammerinu,Rivière de Sagone,2017-08-07,1,1,220,32.4,0.2,17.8,0.01,14.7,99.3,0.148,132.3,339.1,0.39
Y8000001,La rivière de Sagone entre le ruisseau de Cesara et le ruisseau de Cammerinu,Rivière de Sagone,2017-08-21,1,1,234,32.4,0.1,20.9,0.006,10.8,75.5,0.142,103.2,316.0,0.327
Y8000001,La rivière de Sagone entre le ruisseau de Cesara et le ruisseau de Cammerinu,Rivière de Sagone,2017-09-04,1,1,248,32.4,0.7,28.2,0.024,9.3,68.7,0.135,69.8,284.4,0.245
Y8000001,La rivière de Sagone entre le ruisseau de Cesara et le ruisseau de Cammerinu,Rivière de Sagone,2017-09-18,1,1,262,32.4,38.4,50.1,0.767,47.0,83.2,0.565,107.2,290.8,0.368
Y8000001,La rivière de Sagone entre le ruisseau de Cesara et le ruisseau de Cammerinu,Rivière de Sagone,2017-09-29,1,1,273,32.4,66.5,78.4,0.848,67.6,119.3,0.567,108.7,303.4,0.358
Y8000001,La rivière de Sagone entre le ruisseau de Cesara et le ruisseau de Cammerinu,Rivière de Sagone,2018-05-28,1,1,149,32.4,123.6,70.4,1.756,352.6,230.0,1.533,661.2,529.4,1.249
Y8000001,La rivière de Sagone entre le ruisseau de Cesara et le ruisseau de Cammerinu,Rivière de Sagone,2018-06-19,1,1,171,32.4,117.9,46.5,2.533,291.7,207.7,1.404,630.8,481.7,1.309
Y8000001,La rivière de Sagone entre le ruisseau de Cesara et le ruisseau de Cammerinu,Rivière de Sagone,2018-07-25,1,1,207,32.4,16.3,13.5,1.208,231.9,132.4,1.751,547.2,374.8,1.46
Y8000001,La rivière de Sagone entre le ruisseau de Cesara et le ruisseau de Cammerinu,Rivière de Sagone,2018-08-23,1,1,236,32.4,55.1,22.7,2.43,163.3,77.5,2.107,521.6,314.9,1.656
Y8000001,La rivière de Sagone entre le ruisseau de Cesara et le ruisseau de Cammerinu,Rivière de Sagone,2018-09-24,1,1,268,32.4,25.7,68.6,0.375,92.8,105.8,0.877,390.3,300.9,1.297
Y8000001,La rivière de Sagone entre le ruisseau de Cesara et le ruisseau de Cammerinu,Rivière de Sagone,2018-10-25,1,1,299,32.4,38.4,96.3,0.398,124.9,192.2,0.65,356.8,312.3,1.142
Y8000001,La rivière de Sagone entre le ruisseau de Cesara et le ruisseau de Cammerinu,Rivière de Sagone,2019-04-02,1,1,93,32.4,3.8,73.9,0.052,123.2,247.3,0.498,392.4,633.2,0.62
Y8000001,La rivière de Sagone entre le ruisseau de Cesara et le ruisseau de Cammerinu,Rivière de Sagone,2019-04-24,1,1,115,32.4,73.9,75.8,0.975,168.9,239.4,0.705,430.8,617.3,0.698
Y8000001,La rivière de Sagone entre le ruisseau de Cesara et le ruisseau de Cammerinu,Rivière de Sagone,2019-05-27,1,1,148,32.4,78.5,76.1,1.032,158.6,231.3,0.686,327.7,533.8,0.614
Y8000001,La rivière de Sagone entre le ruisseau de Cesara et le ruisseau de Cammerinu,Rivière de Sagone,2019-06-20,1,1,172,32.4,12.6,43.8,0.288,164.0,206.8,0.793,288.0,478.8,0.601
Y8000001,La rivière de Sagone entre le ruisseau de Cesara et le ruisseau de Cammerinu,Rivière de Sagone,2019-07-24,1,1,206,32.4,14.8,13.8,1.074,103.0,135.0,0.763,273.8,375.6,0.729
Y8000001,La rivière de Sagone entre le ruisseau de Cesara et le ruisseau de Cammerinu,Rivière de Sagone,2019-08-27,1,1,240,32.4,8.5,21.7,0.392,69.4,74.7,0.93,237.0,306.0,0.774
Y8000001,La rivière de Sagone entre le ruisseau de Cesara et le ruisseau de Cammerinu,Rivière de Sagone,2019-09-25,1,1,269,32.4,46.4,71.8,0.646,115.2,109.5,1.052,279.3,302.4,0.924
Y8000001,La rivière de Sagone entre le ruisseau de Cesara et le ruisseau de Cammerinu,Rivière de Sagone,2019-10-28,1,1,302,32.4,65.6,95.9,0.684,116.4,197.4,0.589,269.0,313.7,0.858
Y8000001,La rivière de Sagone entre le ruisseau de Cesara et le ruisseau de Cammerinu,Rivière de Sagone,2020-05-25,1,1,146,32.4,83.1,80.7,1.03,179.4,237.4,0.756,386.6,541.9,0.713
Y8000001,La rivière de Sagone entre le ruisseau de Cesara et le ruisseau de Cammerinu,Rivière de Sagone,2020-06-25,1a,1,177,32.4,18.8,40.0,0.47,132.8,196.5,0.676,235.5,459.0,0.513
Y8000001,La rivière de Sagone entre le ruisseau de Cesara et le ruisseau de Cammerinu,Rivière de Sagone,2020-07-23,1,1,205,32.4,2.0,13.7,0.147,104.0,139.1,0.747,211.1,378.6,0.558
Y8000001,La rivière de Sagone entre le ruisseau de Cesara et le ruisseau de Cammerinu,Rivière de Sagone,2020-08-24,1,1,237,32.4,0.0,23.1,0.0,20.8,77.3,0.269,200.3,311.5,0.643
Y8000001,La rivière de Sagone entre le ruisseau de Cesara et le ruisseau de Cammerinu,Rivière de Sagone,2020-09-24,1,1,268,32.4,65.0,68.6,0.947,67.0,105.8,0.633,199.8,300.9,0.664
Y8000001,La rivière de Sagone entre le ruisseau de Cesara et le ruisseau de Cammerinu,Rivière de Sagone,2020-09-29,1,1,273,32.4,87.4,78.4,1.115,110.3,119.3,0.925,240.1,303.4,0.791
Y8000001,La rivière de Sagone entre le ruisseau de Cesara et le ruisseau de Cammerinu,Rivière de Sagone,2021-05-27,1,1,148,32.4,106.1,76.1,1.395,189.2,231.3,0.818,719.4,533.8,1.348
Y8000001,La rivière de Sagone entre le ruisseau de Cesara et le ruisseau de Cammerinu,Rivière de Sagone,2021-06-23,1a,1,175,32.4,9.3,40.4,0.23,163.8,201.0,0.815,524.7,469.8,1.117
Y8000001,La rivière de Sagone entre le ruisseau de Cesara et le ruisseau de Cammerinu,Rivière de Sagone,2021-07-27,1a,1,209,32.4,5.3,13.6,0.392,96.8,123.3,0.785,296.4,370.3,0.8
Y8000001,La rivière de Sagone entre le ruisseau de Cesara et le ruisseau de Cammerinu,Rivière de Sagone,2021-08-27,1a,1,240,32.4,1.7,21.7,0.079,10.9,74.7,0.145,200.0,306.0,0.653
Y8000001,La rivière de Sagone entre le ruisseau de Cesara et le ruisseau de Cammerinu,Rivière de Sagone,2021-09-27,1a,1,271,32.4,27.6,77.3,0.357,34.6,115.8,0.299,198.5,304.9,0.651
Y8000001,La rivière de Sagone entre le ruisseau de Cesara et le ruisseau de Cammerinu,Rivière de Sagone,2022-04-21,1,1,112,32.4,49.9,75.2,0.664,101.8,241.5,0.422,413.5,619.4,0.668
Y8000001,La rivière de Sagone entre le ruisseau de Cesara et le ruisseau de Cammerinu,Rivière de Sagone,2022-05-25,1,1,146,32.4,21.7,80.7,0.269,129.7,237.4,0.546,352.4,541.9,0.65
Y8000001,La rivière de Sagone entre le ruisseau de Cesara et le ruisseau de Cammerinu,Rivière de Sagone,2022-06-23,1,1,175,32.4,0.7,40.4,0.018,116.8,201.0,0.581,239.6,469.8,0.51
Y8000001,La rivière de Sagone entre le ruisseau de Cesara et le ruisseau de Cammerinu,Rivière de Sagone,2022-07-11,1,1,193,32.4,3.9,19.6,0.199,73.3,161.7,0.453,173.6,406.4,0.427
Y8000001,La rivière de Sagone entre le ruisseau de Cesara et le ruisseau de Cammerinu,Rivière de Sagone,2022-07-25,1,1,207,32.4,3.9,13.5,0.29,26.2,132.4,0.198,172.1,374.8,0.459
Y8000001,La rivière de Sagone entre le ruisseau de Cesara et le ruisseau de Cammerinu,Rivière de Sagone,2022-08-10,1,1,223,32.4,2.3,19.1,0.122,7.0,99.8,0.07,170.1,334.1,0.509
Y8000001,La rivière de Sagone entre le ruisseau de Cesara et le ruisseau de Cammerinu,Rivière de Sagone,2022-08-24,1,1,237,32.4,38.6,23.1,1.67,42.9,77.3,0.555,172.9,311.5,0.555
Y8000001,La rivière de Sagone entre le ruisseau de Cesara et le ruisseau de Cammerinu,Rivière de Sagone,2022-09-06,1,1,250,32.4,50.6,28.7,1.759,54.6,67.1,0.814,178.3,282.2,0.632
Y8000001,La rivière de Sagone entre le ruisseau de Cesara et le ruisseau de Cammerinu,Rivière de Sagone,2022-09-27,1,1,271,32.4,57.0,77.3,0.738,95.9,115.8,0.828,197.0,304.9,0.646
Y8000001,La rivière de Sagone entre le ruisseau de Cesara et le ruisseau de Cammerinu,Rivière de Sagone,2022-10-05,1,1,279,32.4,82.7,93.4,0.885,133.4,139.9,0.953,206.7,307.4,0.672
Y8000001,La rivière de Sagone entre le ruisseau de Cesara et le ruisseau de Cammerinu,Rivière de Sagone,2022-11-02,1,1,307,32.4,14.7,105.6,0.139,147.9,222.0,0.666,153.9,323.8,0.475
Y8000001,La rivière de Sagone entre le ruisseau de Cesara et le ruisseau de Cammerinu,Rivière de Sagone,2022-11-18,1,1,323,32.4,108.5,142.4,0.762,217.7,296.9,0.733,260.7,367.3,0.71
Y8000001,La rivière de Sagone entre le ruisseau de Cesara et le ruisseau de Cammerinu,Rivière de Sagone,2023-03-22,1,1,82,32.4,57.7,78.0,0.74,185.7,272.1,0.682,615.7,641.0,0.961
Y8000001,La rivière de Sagone entre le ruisseau de Cesara et le ruisseau de Cammerinu,Rivière de Sagone,2023-05-02,1,1,123,32.4,46.9,84.3,0.556,115.3,245.6,0.47,573.8,607.0,0.945
Y8000001,La rivière de Sagone entre le ruisseau de Cesara et le ruisseau de Cammerinu,Rivière de Sagone,2023-05-24,1,1,145,32.4,53.8,84.8,0.633,147.7,238.4,0.62,434.5,547.4,0.794
Y8000001,La rivière de Sagone entre le ruisseau de Cesara et le ruisseau de Cammerinu,Rivière de Sagone,2023-06-27,1,1,179,32.4,43.0,39.1,1.102,129.3,192.9,0.67,320.9,449.9,0.713
Y8000001,La rivière de Sagone entre le ruisseau de Cesara et le ruisseau de Cammerinu,Rivière de Sagone,2023-07-27,1,1,209,32.4,5.7,13.6,0.422,103.3,123.3,0.838,202.1,370.3,0.546
Y8000001,La rivière de Sagone entre le ruisseau de Cesara et le ruisseau de Cammerinu,Rivière de Sagone,2023-08-07,1,1,220,32.4,0.3,17.8,0.017,85.6,99.3,0.862,200.7,339.1,0.592
Y8000001,La rivière de Sagone entre le ruisseau de Cesara et le ruisseau de Cammerinu,Rivière de Sagone,2023-08-29,1,1,242,32.4,75.9,23.5,3.229,118.7,73.9,1.607,234.5,302.8,0.775
Y8000001,La rivière de Sagone entre le ruisseau de Cesara et le ruisseau de Cammerinu,Rivière de Sagone,2023-09-26,1,1,270,32.4,100.5,75.3,1.335,106.4,113.2,0.94,235.8,303.4,0.777
Y8000001,La rivière de Sagone entre le ruisseau de Cesara et le ruisseau de Cammerinu,Rivière de Sagone,2023-10-31,1,1,305,32.4,134.1,106.3,1.262,235.5,214.0,1.101,321.5,321.3,1.001
Y8000001,La rivière de Sagone entre le ruisseau de Cesara et le ruisseau de Cammerinu,Rivière de Sagone,2024-03-08,1,1,68,32.4,175.6,87.5,2.008,230.0,292.9,0.785,591.1,664.1,0.89
Y8000001,La rivière de Sagone entre le ruisseau de Cesara et le ruisseau de Cammerinu,Rivière de Sagone,2024-04-25,1,1,116,32.4,85.8,78.3,1.096,319.6,240.5,1.329,594.2,618.9,0.96
Y8000001,La rivière de Sagone entre le ruisseau de Cesara et le ruisseau de Cammerinu,Rivière de Sagone,2024-05-22,1,1,143,32.4,79.3,89.7,0.884,330.6,241.9,1.367,492.6,554.6,0.888
Y8000001,La rivière de Sagone entre le ruisseau de Cesara et le ruisseau de Cammerinu,Rivière de Sagone,2024-06-26,1,1,178,32.4,44.5,40.0,1.113,150.9,194.4,0.776,468.6,452.6,1.035
Y8000001,La rivière de Sagone entre le ruisseau de Cesara et le ruisseau de Cammerinu,Rivière de Sagone,2024-07-22,1,1,204,32.4,38.6,13.2,2.913,123.5,142.1,0.869,433.5,383.3,1.131
Y8000001,La rivière de Sagone entre le ruisseau de Cesara et le ruisseau de Cammerinu,Rivière de Sagone,2024-08-19,1,1,232,32.4,4.6,19.7,0.234,50.0,77.5,0.645,380.5,318.4,1.195
Y8000001,La rivière de Sagone entre le ruisseau de Cesara et le ruisseau de Cammerinu,Rivière de Sagone,2024-09-23,1a,1,267,32.4,76.5,66.4,1.152,94.7,103.0,0.919,248.7,300.8,0.827
Y8000001,La rivière de Sagone entre le ruisseau de Cesara et le ruisseau de Cammerinu,Rivière de Sagone,2025-04-23,1,1,114,32.4,136.5,74.8,1.826,353.8,241.2,1.467,583.9,615.9,0.948
Y8000001,La rivière de Sagone entre le ruisseau de Cesara et le ruisseau de Cammerinu,Rivière de Sagone,2025-05-23,1,1,144,32.4,65.7,88.0,0.746,384.6,240.5,1.599,555.2,551.7,1.006
Y8000001,La rivière de Sagone entre le ruisseau de Cesara et le ruisseau de Cammerinu,Rivière de Sagone,2025-06-24,1a,1,176,32.4,0.8,40.3,0.021,192.3,199.3,0.965,478.8,462.6,1.035
Y8000001,La rivière de Sagone entre le ruisseau de Cesara et le ruisseau de Cammerinu,Rivière de Sagone,2025-07-23,1f,1,205,32.4,3.7,13.7,0.271,66.3,139.1,0.477,424.2,378.6,1.12
Y8000001,La rivière de Sagone entre le ruisseau de Cesara et le ruisseau de Cammerinu,Rivière de Sagone,2025-08-27,1a,1,240,32.4,10.1,21.7,0.462,23.2,74.7,0.31,393.8,306.0,1.287
Y8000001,La rivière de Sagone entre le ruisseau de Cesara et le ruisseau de Cammerinu,Rivière de Sagone,2025-09-27,1a,1,271,32.4,42.5,77.3,0.55,65.5,115.8,0.566,254.2,304.9,0.834
Y8000001,La rivière de Sagone entre le ruisseau de Cesara et le ruisseau de Cammerinu,Rivière de Sagone,2025-10-24,1a,1,298,32.4,58.6,98.0,0.597,115.8,190.7,0.607,183.5,317.0,0.579
Y8000001,La rivière de Sagone entre le ruisseau de Cesara et le ruisseau de Cammerinu,Rivière de Sagone,2026-05-26,1a,1,147,32.4,51.5,78.7,0.654,136.9,234.2,0.585,544.5,537.3,1.013
Y8000001,La rivière de Sagone entre le ruisseau de Cesara et le ruisseau de Cammerinu,Rivière de Sagone,2026-06-25,1a,1,177,32.4,4.1,40.0,0.104,73.3,196.5,0.373,489.0,459.0,1.065
Y8000001,La rivière de Sagone entre le ruisseau de Cesara et le ruisseau de Cammerinu,Rivière de Sagone,2026-07-27,1a,1,209,32.4,5.9,13.6,0.431,62.1,123.3,0.504,327.7,370.3,0.885
Y8000001,La rivière de Sagone entre le ruisseau de Cesara et le ruisseau de Cammerinu,Rivière de Sagone,2026-08-24,1a,1,237,32.4,21.0,23.1,0.908,25.8,77.3,0.334,162.8,311.5,0.523
Y8000001,La rivière de Sagone entre le ruisseau de Cesara et le ruisseau de Cammerinu,Rivière de Sagone,2026-09-28,1a,1,272,32.4,0.8,78.0,0.01,22.0,117.6,0.187,95.7,305.1,0.314
Y8310001,Le Pantanu au pont du hameau de Costeglia,Ruisseau de Pantanu,2012-05-25,1a,1,146,228.4,246.9,92.1,2.681,436.7,294.9,1.481,695.6,690.2,1.008
Y8310001,Le Pantanu au pont du hameau de Costeglia,Ruisseau de Pantanu,2012-06-25,1f,1,177,228.4,10.9,54.0,0.202,431.9,241.5,1.789,582.9,580.7,1.004
Y8310001,Le Pantanu au pont du hameau de Costeglia,Ruisseau de Pantanu,2012-07-25,1a,1,207,228.4,7.4,18.4,0.402,278.5,162.0,1.719,553.8,471.0,1.176
Y8310001,Le Pantanu au pont du hameau de Costeglia,Ruisseau de Pantanu,2012-08-23,1f,1,236,228.4,0.0,23.4,0.002,31.6,95.4,0.331,468.3,384.7,1.217
Y8310001,Le Pantanu au pont du hameau de Costeglia,Ruisseau de Pantanu,2012-09-25,1a,1,269,228.4,37.3,88.6,0.421,48.4,132.0,0.367,480.3,365.1,1.316
Y8310001,Le Pantanu au pont du hameau de Costeglia,Ruisseau de Pantanu,2013-05-23,1a,1,144,228.4,108.0,100.7,1.072,515.4,299.2,1.723,1108.6,701.5,1.58
Y8310001,Le Pantanu au pont du hameau de Costeglia,Ruisseau de Pantanu,2013-06-25,1a,1,177,228.4,39.7,54.0,0.736,261.9,241.5,1.085,841.6,580.7,1.449
Y8310001,Le Pantanu au pont du hameau de Costeglia,Ruisseau de Pantanu,2013-07-25,1a,1,207,228.4,15.0,18.4,0.817,161.5,162.0,0.996,710.8,471.0,1.509
Y8310001,Le Pantanu au pont du hameau de Costeglia,Ruisseau de Pantanu,2013-08-23,1a,1,236,228.4,30.8,23.4,1.317,89.7,95.4,0.94,587.2,384.7,1.526
Y8310001,Le Pantanu au pont du hameau de Costeglia,Ruisseau de Pantanu,2014-05-27,1a,1,148,228.4,40.6,87.6,0.464,260.1,288.1,0.903,825.4,682.9,1.209
Y8310001,Le Pantanu au pont du hameau de Costeglia,Ruisseau de Pantanu,2014-06-25,1,1,177,228.4,118.4,54.0,2.193,209.2,241.5,0.866,823.8,580.7,1.419
Y8310001,Le Pantanu au pont du hameau de Costeglia,Ruisseau de Pantanu,2014-07-24,1a,1,206,228.4,58.7,18.7,3.142,215.8,165.1,1.307,723.6,471.9,1.533
Y8310001,Le Pantanu au pont du hameau de Costeglia,Ruisseau de Pantanu,2014-08-25,1f,1,238,228.4,13.4,24.1,0.556,187.9,94.8,1.982,448.0,377.2,1.188
Y8310001,Le Pantanu au pont du hameau de Costeglia,Ruisseau de Pantanu,2014-09-25,1f,1,269,228.4,19.4,88.6,0.219,90.8,132.0,0.687,300.1,365.1,0.822
Y8310001,Le Pantanu au pont du hameau de Costeglia,Ruisseau de Pantanu,2014-10-24,1f,1,298,228.4,37.3,117.4,0.318,65.8,220.9,0.298,280.9,377.6,0.744
Y8310001,Le Pantanu au pont du hameau de Costeglia,Ruisseau de Pantanu,2015-05-26,1a,1,147,228.4,50.9,89.7,0.568,166.0,291.0,0.57,462.4,685.9,0.674
Y8310001,Le Pantanu au pont du hameau de Costeglia,Ruisseau de Pantanu,2015-06-25,1a,1,177,228.4,79.8,54.0,1.478,164.5,241.5,0.681,451.2,580.7,0.777
Y8310001,Le Pantanu au pont du hameau de Costeglia,Ruisseau de Pantanu,2015-07-22,1a,1,204,228.4,0.0,18.4,0.0,131.0,173.3,0.756,390.5,481.4,0.811
Y8310001,Le Pantanu au pont du hameau de Costeglia,Ruisseau de Pantanu,2015-08-27,1a,1,240,228.4,19.2,24.1,0.799,73.9,93.6,0.789,264.4,373.9,0.707
Y8310001,Le Pantanu au pont du hameau de Costeglia,Ruisseau de Pantanu,2015-09-22,1a,1,266,228.4,16.9,77.7,0.217,36.2,119.8,0.302,203.7,363.4,0.561
Y8310001,Le Pantanu au pont du hameau de Costeglia,Ruisseau de Pantanu,2016-05-18,1,1,139,228.4,106.0,94.7,1.119,274.4,295.6,0.928,720.5,711.8,1.012
Y8310001,Le Pantanu au pont du hameau de Costeglia,Ruisseau de Pantanu,2016-06-27,1,1,179,228.4,57.3,52.0,1.102,172.9,236.2,0.732,736.8,568.4,1.296
Y8310001,Le Pantanu au pont du hameau de Costeglia,Ruisseau de Pantanu,2016-07-21,1,1,203,228.4,0.2,18.2,0.012,165.9,174.7,0.949,496.0,483.4,1.026
Y8310001,Le Pantanu au pont du hameau de Costeglia,Ruisseau de Pantanu,2016-08-22,1,1,235,228.4,8.4,23.4,0.36,66.4,95.4,0.697,337.7,386.3,0.874
Y8310001,Le Pantanu au pont du hameau de Costeglia,Ruisseau de Pantanu,2016-09-21,1,1,265,228.4,162.0,73.3,2.21,171.2,115.4,1.483,347.9,361.0,0.964
Y8310001,Le Pantanu au pont du hameau de Costeglia,Ruisseau de Pantanu,2017-05-22,1,1,143,228.4,29.8,102.3,0.291,107.5,301.2,0.357,367.5,705.0,0.521
Y8310001,Le Pantanu au pont du hameau de Costeglia,Ruisseau de Pantanu,2017-06-23,2,0,175,228.4,2.2,54.2,0.04,65.7,248.4,0.264,279.8,598.0,0.468
Y8310001,Le Pantanu au pont du hameau de Costeglia,Ruisseau de Pantanu,2017-07-23,2,0,205,228.4,56.5,18.7,3.017,88.6,170.1,0.521,250.2,476.4,0.525
Y8310001,Le Pantanu au pont du hameau de Costeglia,Ruisseau de Pantanu,2017-08-07,2,0,220,228.4,0.9,20.9,0.042,65.5,122.6,0.535,188.8,432.6,0.436
Y8310001,Le Pantanu au pont du hameau de Costeglia,Ruisseau de Pantanu,2017-08-21,2,0,234,228.4,1.8,22.3,0.08,60.5,93.9,0.645,168.1,387.4,0.434
Y8310001,Le Pantanu au pont du hameau de Costeglia,Ruisseau de Pantanu,2017-09-04,2,0,248,228.4,1.0,29.2,0.033,58.8,84.9,0.692,124.3,346.2,0.359
Y8310001,Le Pantanu au pont du hameau de Costeglia,Ruisseau de Pantanu,2017-09-18,2,0,262,228.4,23.9,62.2,0.383,82.1,104.0,0.79,147.9,357.2,0.414
Y8310001,Le Pantanu au pont du hameau de Costeglia,Ruisseau de Pantanu,2017-09-29,1,1,273,228.4,51.4,94.9,0.541,53.4,141.8,0.377,145.6,365.8,0.398
Y8310001,Le Pantanu au pont du hameau de Costeglia,Ruisseau de Pantanu,2018-05-28,1,1,149,228.4,161.7,81.2,1.991,498.7,287.2,1.737,929.4,678.1,1.371
Y8310001,Le Pantanu au pont du hameau de Costeglia,Ruisseau de Pantanu,2018-06-19,1,1,171,228.4,133.6,61.1,2.185,343.0,257.4,1.332,872.2,614.9,1.419
Y8310001,Le Pantanu au pont du hameau de Costeglia,Ruisseau de Pantanu,2018-07-25,1,1,207,228.4,8.2,18.4,0.444,279.6,162.0,1.726,753.7,471.0,1.6
Y8310001,Le Pantanu au pont du hameau de Costeglia,Ruisseau de Pantanu,2018-08-23,1,1,236,228.4,68.3,23.4,2.922,186.1,95.4,1.95,699.5,384.7,1.818
Y8310001,Le Pantanu au pont du hameau de Costeglia,Ruisseau de Pantanu,2018-09-24,1,1,268,228.4,37.0,84.0,0.44,119.3,126.6,0.942,478.1,362.2,1.32
Y8310001,Le Pantanu au pont du hameau de Costeglia,Ruisseau de Pantanu,2018-10-25,1,1,299,228.4,37.9,113.5,0.334,152.8,222.1,0.688,432.4,371.1,1.165
Y8310001,Le Pantanu au pont du hameau de Costeglia,Ruisseau de Pantanu,2019-04-02,1,1,93,228.4,9.2,96.4,0.096,174.6,319.4,0.547,491.8,799.8,0.615
Y8310001,Le Pantanu au pont du hameau de Costeglia,Ruisseau de Pantanu,2019-04-24,1,1,115,228.4,97.5,97.0,1.005,244.0,306.2,0.797,550.0,789.1,0.697
Y8310001,Le Pantanu au pont du hameau de Costeglia,Ruisseau de Pantanu,2019-05-27,1,1,148,228.4,113.0,87.6,1.29,223.3,288.1,0.775,447.7,682.9,0.655
Y8310001,Le Pantanu au pont du hameau de Costeglia,Ruisseau de Pantanu,2019-06-20,1,1,172,228.4,21.0,58.1,0.361,230.4,255.9,0.9,405.0,610.9,0.663
Y8310001,Le Pantanu au pont du hameau de Costeglia,Ruisseau de Pantanu,2019-07-24,1,1,206,228.4,16.3,18.7,0.873,147.1,165.1,0.891,388.2,471.9,0.823
Y8310001,Le Pantanu au pont du hameau de Costeglia,Ruisseau de Pantanu,2019-08-27,1,1,240,228.4,46.2,24.1,1.917,120.9,93.6,1.291,359.8,373.9,0.962
Y8310001,Le Pantanu au pont du hameau de Costeglia,Ruisseau de Pantanu,2019-09-25,1,1,269,228.4,55.6,88.6,0.627,175.5,132.0,1.329,405.4,365.1,1.11
Y8310001,Le Pantanu au pont du hameau de Costeglia,Ruisseau de Pantanu,2019-10-28,1,1,302,228.4,77.3,113.2,0.683,160.7,229.6,0.7,382.3,372.9,1.025
Y8310001,Le Pantanu au pont du hameau de Costeglia,Ruisseau de Pantanu,2020-05-25,1,1,146,228.4,116.7,92.1,1.267,258.0,294.9,0.875,530.6,690.2,0.769
Y8310001,Le Pantanu au pont du hameau de Costeglia,Ruisseau de Pantanu,2020-06-25,1a,1,177,228.4,66.3,54.0,1.228,221.5,241.5,0.917,368.0,580.7,0.634
Y8310001,Le Pantanu au pont du hameau de Costeglia,Ruisseau de Pantanu,2020-07-24,1,1,206,228.4,1.3,18.7,0.069,184.2,165.1,1.116,342.7,471.9,0.726
Y8310001,Le Pantanu au pont du hameau de Costeglia,Ruisseau de Pantanu,2020-08-24,1,1,237,228.4,0.5,23.6,0.022,68.1,95.0,0.716,326.0,380.3,0.857
Y8310001,Le Pantanu au pont du hameau de Costeglia,Ruisseau de Pantanu,2020-09-24,1,1,268,228.4,84.7,84.0,1.008,86.5,126.6,0.683,307.2,362.2,0.848
Y8310001,Le Pantanu au pont du hameau de Costeglia,Ruisseau de Pantanu,2020-09-29,1,1,273,228.4,122.1,94.9,1.287,168.0,141.8,1.185,385.8,365.8,1.055
Y8310001,Le Pantanu au pont du hameau de Costeglia,Ruisseau de Pantanu,2021-05-26,1,1,147,228.4,117.5,89.7,1.31,203.0,291.0,0.698,779.3,685.9,1.136
Y8310001,Le Pantanu au pont du hameau de Costeglia,Ruisseau de Pantanu,2021-06-22,1a,1,174,228.4,10.0,54.2,0.184,176.4,252.1,0.7,605.7,605.2,1.001
Y8310001,Le Pantanu au pont du hameau de Costeglia,Ruisseau de Pantanu,2021-07-28,1f,1,210,228.4,6.3,20.3,0.312,107.1,150.7,0.711,312.1,466.3,0.669
Y8310001,Le Pantanu au pont du hameau de Costeglia,Ruisseau de Pantanu,2021-08-23,1f,1,236,228.4,1.6,23.4,0.067,10.0,95.4,0.105,213.1,384.7,0.554
Y8310001,Le Pantanu au pont du hameau de Costeglia,Ruisseau de Pantanu,2021-09-28,1a,1,272,228.4,14.2,94.9,0.15,21.4,140.7,0.152,197.9,368.5,0.537
Y8310001,Le Pantanu au pont du hameau de Costeglia,Ruisseau de Pantanu,2022-04-12,1,1,103,228.4,39.9,89.5,0.446,93.1,313.8,0.297,391.1,798.4,0.49
Y8310001,Le Pantanu au pont du hameau de Costeglia,Ruisseau de Pantanu,2022-05-27,1,1,148,228.4,24.0,87.6,0.274,123.6,288.1,0.429,335.8,682.9,0.492
Y8310001,Le Pantanu au pont du hameau de Costeglia,Ruisseau de Pantanu,2022-06-23,1,1,175,228.4,1.1,54.2,0.021,115.2,248.4,0.464,236.4,598.0,0.395
Y8310001,Le Pantanu au pont du hameau de Costeglia,Ruisseau de Pantanu,2022-07-12,1,1,194,228.4,1.6,29.4,0.053,78.7,195.8,0.402,171.8,512.4,0.335
Y8310001,Le Pantanu au pont du hameau de Costeglia,Ruisseau de Pantanu,2022-07-26,1,1,208,228.4,1.6,18.3,0.085,26.0,159.2,0.163,170.5,467.9,0.364
Y8310001,Le Pantanu au pont du hameau de Costeglia,Ruisseau de Pantanu,2022-08-11,1,1,224,228.4,5.7,22.2,0.257,8.4,118.9,0.071,165.7,409.8,0.404
Y8310001,Le Pantanu au pont du hameau de Costeglia,Ruisseau de Pantanu,2022-08-23,1,1,236,228.4,66.4,23.4,2.839,69.1,95.4,0.724,192.0,384.7,0.499
Y8310001,Le Pantanu au pont du hameau de Costeglia,Ruisseau de Pantanu,2022-09-07,1,1,251,228.4,74.2,32.0,2.32,75.8,84.4,0.897,192.9,341.6,0.565
Y8310001,Le Pantanu au pont du hameau de Costeglia,Ruisseau de Pantanu,2022-09-21,1,1,265,228.4,8.2,73.3,0.112,76.1,115.4,0.659,191.3,361.0,0.53
Y8310001,Le Pantanu au pont du hameau de Costeglia,Ruisseau de Pantanu,2022-10-07,1,1,281,228.4,79.5,120.8,0.658,153.7,172.0,0.893,232.4,376.8,0.617
Y8310001,Le Pantanu au pont du hameau de Costeglia,Ruisseau de Pantanu,2022-11-03,1,1,308,228.4,10.2,127.3,0.08,163.9,262.7,0.624,172.0,387.9,0.443
Y8310001,Le Pantanu au pont du hameau de Costeglia,Ruisseau de Pantanu,2022-11-21,1,1,326,228.4,111.5,179.4,0.622,209.0,369.4,0.566,278.0,464.9,0.598
Y8310001,Le Pantanu au pont du hameau de Costeglia,Ruisseau de Pantanu,2023-03-23,1,1,83,228.4,93.5,100.9,0.927,268.8,353.7,0.76,732.2,806.6,0.908
Y8310001,Le Pantanu au pont du hameau de Costeglia,Ruisseau de Pantanu,2023-04-26,1,1,117,228.4,41.2,97.8,0.421,158.5,308.9,0.513,689.5,790.5,0.872
Y8310001,Le Pantanu au pont du hameau de Costeglia,Ruisseau de Pantanu,2023-05-25,1,1,146,228.4,61.5,92.1,0.668,201.3,294.9,0.683,526.9,690.2,0.763
Y8310001,Le Pantanu au pont du hameau de Costeglia,Ruisseau de Pantanu,2023-06-29,1,1,181,228.4,46.8,47.3,0.991,151.9,233.2,0.652,424.9,560.9,0.758
Y8310001,Le Pantanu au pont du hameau de Costeglia,Ruisseau de Pantanu,2023-07-25,1,1,207,228.4,6.2,18.4,0.338,116.6,162.0,0.72,275.1,471.0,0.584
Y8310001,Le Pantanu au pont du hameau de Costeglia,Ruisseau de Pantanu,2023-08-11,1,1,224,228.4,0.5,22.2,0.021,84.3,118.9,0.709,257.4,409.8,0.628
Y8310001,Le Pantanu au pont du hameau de Costeglia,Ruisseau de Pantanu,2023-08-26,1,1,239,228.4,0.0,24.6,0.001,55.4,94.3,0.587,219.8,375.8,0.585
Y8310001,Le Pantanu au pont du hameau de Costeglia,Ruisseau de Pantanu,2023-09-27,1,1,271,228.4,82.2,93.4,0.88,111.5,137.7,0.81,263.4,367.8,0.716
Y8310001,Le Pantanu au pont du hameau de Costeglia,Ruisseau de Pantanu,2023-10-25,1,1,299,228.4,59.8,113.5,0.527,165.5,222.1,0.745,282.1,371.1,0.76
Y8310001,Le Pantanu au pont du hameau de Costeglia,Ruisseau de Pantanu,2024-03-11,1,1,71,228.4,200.1,110.8,1.806,275.6,371.1,0.743,685.4,832.2,0.824
Y8310001,Le Pantanu au pont du hameau de Costeglia,Ruisseau de Pantanu,2024-04-25,1,1,116,228.4,100.2,100.1,1.001,338.8,306.8,1.104,677.4,790.8,0.857
Y8310001,Le Pantanu au pont du hameau de Costeglia,Ruisseau de Pantanu,2024-05-22,1,1,143,228.4,87.1,102.3,0.851,359.5,301.2,1.194,552.2,705.0,0.783
Y8310001,Le Pantanu au pont du hameau de Costeglia,Ruisseau de Pantanu,2024-06-25,1,1,177,228.4,23.8,54.0,0.442,160.7,241.5,0.666,492.9,580.7,0.849
Y8310001,Le Pantanu au pont du hameau de Costeglia,Ruisseau de Pantanu,2024-07-24,1,1,206,228.4,25.0,18.7,1.336,110.7,165.1,0.67,449.5,471.9,0.953
Y8310001,Le Pantanu au pont du hameau de Costeglia,Ruisseau de Pantanu,2024-08-21,1,1,234,228.4,8.9,22.3,0.398,43.3,93.9,0.461,402.2,387.4,1.038
Y8310001,Le Pantanu au pont du hameau de Costeglia,Ruisseau de Pantanu,2024-09-23,1a,1,267,228.4,82.4,79.0,1.043,102.2,121.1,0.844,262.9,359.6,0.731
Y8310001,Le Pantanu au pont du hameau de Costeglia,Ruisseau de Pantanu,2025-04-24,1,1,115,228.4,124.3,97.0,1.281,355.9,306.2,1.162,541.9,789.1,0.687
Y8310001,Le Pantanu au pont du hameau de Costeglia,Ruisseau de Pantanu,2025-05-24,1,1,145,228.4,46.8,97.2,0.481,359.5,296.6,1.212,534.2,697.5,0.766
Y8310001,Le Pantanu au pont du hameau de Costeglia,Ruisseau de Pantanu,2025-06-25,1a,1,177,228.4,0.3,54.0,0.005,168.4,241.5,0.697,467.4,580.7,0.805
Y8310001,Le Pantanu au pont du hameau de Costeglia,Ruisseau de Pantanu,2025-07-24,1a,1,206,228.4,3.5,18.7,0.187,50.8,165.1,0.308,406.8,471.9,0.862
Y8310001,Le Pantanu au pont du hameau de Costeglia,Ruisseau de Pantanu,2025-08-22,1a,1,235,228.4,24.1,23.4,1.031,28.3,95.4,0.297,387.8,386.3,1.004
Y8310001,Le Pantanu au pont du hameau de Costeglia,Ruisseau de Pantanu,2025-09-22,1a,1,266,228.4,44.5,77.7,0.573,72.2,119.8,0.602,241.9,363.4,0.666
Y8310001,Le Pantanu au pont du hameau de Costeglia,Ruisseau de Pantanu,2025-10-23,1a,1,297,228.4,52.7,117.6,0.448,121.3,216.2,0.561,172.2,375.7,0.458
Y8310001,Le Pantanu au pont du hameau de Costeglia,Ruisseau de Pantanu,2026-05-26,1a,1,147,228.4,50.8,89.7,0.566,139.1,291.0,0.478,615.9,685.9,0.898
Y8310001,Le Pantanu au pont du hameau de Costeglia,Ruisseau de Pantanu,2026-06-25,1a,1,177,228.4,9.3,54.0,0.172,79.7,241.5,0.33,545.2,580.7,0.939
Y8310001,Le Pantanu au pont du hameau de Costeglia,Ruisseau de Pantanu,2026-07-27,1a,1,209,228.4,0.0,18.6,0.002,63.5,151.8,0.418,374.0,466.8,0.801
Y8310001,Le Pantanu au pont du hameau de Costeglia,Ruisseau de Pantanu,2026-08-24,1a,1,237,228.4,16.6,23.6,0.704,29.2,95.0,0.308,168.3,380.3,0.443
Y8310001,Le Pantanu au pont du hameau de Costeglia,Ruisseau de Pantanu,2026-09-28,1a,1,272,228.4,0.1,94.9,0.001,16.8,140.7,0.119,99.7,368.5,0.271
Y8400001,L'Ese au pont de Zipitoli,Rivière d'Ese,2012-05-25,1a,1,146,627.5,235.0,100.1,2.348,424.7,322.9,1.315,726.8,755.1,0.963
Y8400001,L'Ese au pont de Zipitoli,Rivière d'Ese,2012-06-25,1a,1,177,627.5,15.1,65.7,0.23,430.0,270.7,1.588,599.6,635.4,0.944
Y8400001,L'Ese au pont de Zipitoli,Rivière d'Ese,2012-07-25,1a,1,207,627.5,14.0,23.2,0.601,281.1,187.3,1.501,559.7,525.0,1.066
Y8400001,L'Ese au pont de Zipitoli,Rivière d'Ese,2012-08-23,1a,1,236,627.5,0.2,30.8,0.006,46.4,120.8,0.384,471.0,443.8,1.061
Y8400001,L'Ese au pont de Zipitoli,Rivière d'Ese,2012-09-25,1a,1,269,627.5,47.1,87.2,0.54,67.9,143.5,0.473,497.8,409.2,1.217
Y8400001,L'Ese au pont de Zipitoli,Rivière d'Ese,2013-05-23,1a,1,144,627.5,107.6,108.8,0.989,554.1,326.9,1.695,1205.3,766.9,1.572
Y8400001,L'Ese au pont de Zipitoli,Rivière d'Ese,2013-06-25,1a,1,177,627.5,50.1,65.7,0.762,309.3,270.7,1.143,941.7,635.4,1.482
Y8400001,L'Ese au pont de Zipitoli,Rivière d'Ese,2013-07-25,1a,1,207,627.5,40.5,23.2,1.745,205.0,187.3,1.095,806.7,525.0,1.536
Y8400001,L'Ese au pont de Zipitoli,Rivière d'Ese,2013-08-23,1a,1,236,627.5,29.7,30.8,0.965,130.8,120.8,1.083,667.4,443.8,1.504
Y8400001,L'Ese au pont de Zipitoli,Rivière d'Ese,2014-05-27,1a,1,148,627.5,51.9,96.9,0.536,295.1,315.5,0.935,868.4,747.6,1.162
Y8400001,L'Ese au pont de Zipitoli,Rivière d'Ese,2014-06-25,1,1,177,627.5,80.3,65.7,1.221,190.4,270.7,0.703,829.2,635.4,1.305
Y8400001,L'Ese au pont de Zipitoli,Rivière d'Ese,2014-07-24,1a,1,206,627.5,65.6,23.7,2.763,197.8,190.1,1.041,704.5,525.9,1.34
Y8400001,L'Ese au pont de Zipitoli,Rivière d'Ese,2014-08-25,1f,1,238,627.5,10.1,32.6,0.309,154.4,120.1,1.285,449.5,435.7,1.032
Y8400001,L'Ese au pont de Zipitoli,Rivière d'Ese,2014-09-25,1a,1,269,627.5,20.4,87.2,0.234,95.6,143.5,0.666,285.0,409.2,0.696
Y8400001,L'Ese au pont de Zipitoli,Rivière d'Ese,2014-10-23,1a,1,297,627.5,40.7,122.3,0.333,59.0,231.8,0.254,255.8,419.1,0.61
Y8400001,L'Ese au pont de Zipitoli,Rivière d'Ese,2015-05-26,1a,1,147,627.5,56.6,98.4,0.575,179.9,317.7,0.566,519.4,749.8,0.693
Y8400001,L'Ese au pont de Zipitoli,Rivière d'Ese,2015-06-25,1a,1,177,627.5,74.5,65.7,1.134,165.8,270.7,0.612,494.8,635.4,0.779
Y8400001,L'Ese au pont de Zipitoli,Rivière d'Ese,2015-07-22,1a,1,204,627.5,1.2,23.2,0.05,133.9,198.5,0.675,429.2,535.6,0.801
Y8400001,L'Ese au pont de Zipitoli,Rivière d'Ese,2015-08-27,1a,1,240,627.5,21.9,30.4,0.721,74.2,117.5,0.631,273.5,431.9,0.633
Y8400001,L'Ese au pont de Zipitoli,Rivière d'Ese,2015-09-22,1a,1,266,627.5,8.8,76.2,0.116,31.6,130.8,0.241,201.2,407.5,0.494
Y8400001,L'Ese au pont de Zipitoli,Rivière d'Ese,2016-05-18,1,1,139,627.5,102.4,103.8,0.986,302.8,323.7,0.936,866.0,780.0,1.11
Y8400001,L'Ese au pont de Zipitoli,Rivière d'Ese,2016-06-27,1,1,179,627.5,75.3,62.9,1.197,190.1,265.7,0.715,884.7,623.1,1.42
Y8400001,L'Ese au pont de Zipitoli,Rivière d'Ese,2016-07-21,1,1,203,627.5,0.5,22.5,0.022,179.6,199.4,0.901,592.6,537.3,1.103
Y8400001,L'Ese au pont de Zipitoli,Rivière d'Ese,2016-08-22,1,1,235,627.5,6.9,31.0,0.221,82.2,121.1,0.679,383.6,445.4,0.861
Y8400001,L'Ese au pont de Zipitoli,Rivière d'Ese,2016-09-21,1,1,265,627.5,175.6,71.3,2.465,182.6,125.9,1.451,375.9,405.1,0.928
Y8400001,L'Ese au pont de Zipitoli,Rivière d'Ese,2017-05-22,1,1,143,627.5,34.4,110.4,0.312,114.2,328.9,0.347,452.5,770.6,0.587
Y8400001,L'Ese au pont de Zipitoli,Rivière d'Ese,2017-06-23,1,1,175,627.5,18.1,66.5,0.272,84.1,279.2,0.301,344.4,653.1,0.527
Y8400001,L'Ese au pont de Zipitoli,Rivière d'Ese,2017-07-23,1,1,205,627.5,60.6,23.6,2.567,113.1,194.8,0.581,276.2,530.3,0.521
Y8400001,L'Ese au pont de Zipitoli,Rivière d'Ese,2017-08-07,1,1,220,627.5,2.1,29.3,0.071,85.0,151.3,0.562,221.9,485.9,0.457
Y8400001,L'Ese au pont de Zipitoli,Rivière d'Ese,2017-08-21,1,1,234,627.5,2.2,30.3,0.071,80.8,119.9,0.674,195.0,446.8,0.436
Y8400001,L'Ese au pont de Zipitoli,Rivière d'Ese,2017-09-04,1,1,248,627.5,3.0,34.0,0.088,65.7,107.7,0.61,150.1,399.3,0.376
Y8400001,L'Ese au pont de Zipitoli,Rivière d'Ese,2017-09-18,1,1,262,627.5,27.5,60.4,0.454,90.2,115.2,0.783,174.3,402.8,0.433
Y8400001,L'Ese au pont de Zipitoli,Rivière d'Ese,2017-09-29,1,1,273,627.5,61.9,97.3,0.637,64.1,155.7,0.412,184.6,411.4,0.449
Y8400001,L'Ese au pont de Zipitoli,Rivière d'Ese,2018-05-28,1,1,149,627.5,204.6,91.7,2.231,514.2,314.5,1.635,996.5,743.5,1.34
Y8400001,L'Ese au pont de Zipitoli,Rivière d'Ese,2018-06-19,1,1,171,627.5,134.8,71.6,1.883,377.9,289.0,1.308,935.9,670.6,1.396
Y8400001,L'Ese au pont de Zipitoli,Rivière d'Ese,2018-07-25,1,1,207,627.5,35.3,23.2,1.519,356.6,187.3,1.903,798.5,525.0,1.521
Y8400001,L'Ese au pont de Zipitoli,Rivière d'Ese,2018-08-23,1,1,236,627.5,128.1,30.8,4.156,280.1,120.8,2.318,825.9,443.8,1.861
Y8400001,L'Ese au pont de Zipitoli,Rivière d'Ese,2018-09-24,1,1,268,627.5,49.5,81.9,0.605,191.1,137.6,1.389,614.2,405.9,1.513
Y8400001,L'Ese au pont de Zipitoli,Rivière d'Ese,2018-10-25,1,1,299,627.5,53.3,119.1,0.448,237.0,238.7,0.993,594.6,417.2,1.425
Y8400001,L'Ese au pont de Zipitoli,Rivière d'Ese,2019-04-02,1,1,93,627.5,10.9,102.7,0.106,177.6,342.8,0.518,550.5,870.4,0.632
Y8400001,L'Ese au pont de Zipitoli,Rivière d'Ese,2019-04-24,1,1,115,627.5,89.6,108.1,0.829,242.0,335.2,0.722,588.3,862.8,0.682
Y8400001,L'Ese au pont de Zipitoli,Rivière d'Ese,2019-05-27,1,1,148,627.5,108.1,96.9,1.116,211.7,315.5,0.671,464.3,747.6,0.621
Y8400001,L'Ese au pont de Zipitoli,Rivière d'Ese,2019-06-20,1,1,172,627.5,35.7,69.1,0.517,229.9,287.6,0.8,408.0,666.9,0.612
Y8400001,L'Ese au pont de Zipitoli,Rivière d'Ese,2019-07-24,1,1,206,627.5,28.2,23.7,1.186,167.0,190.1,0.879,404.4,525.9,0.769
Y8400001,L'Ese au pont de Zipitoli,Rivière d'Ese,2019-08-27,1,1,240,627.5,44.0,30.4,1.448,126.5,117.5,1.077,366.2,431.9,0.848
Y8400001,L'Ese au pont de Zipitoli,Rivière d'Ese,2019-09-25,1,1,269,627.5,43.2,87.2,0.495,167.3,143.5,1.165,397.2,409.2,0.971
Y8400001,L'Ese au pont de Zipitoli,Rivière d'Ese,2019-10-28,1,1,302,627.5,58.1,117.8,0.493,129.5,246.3,0.526,362.9,420.5,0.863
Y8400001,L'Ese au pont de Zipitoli,Rivière d'Ese,2020-05-25,1,1,146,627.5,129.7,100.1,1.296,321.9,322.9,0.997,679.1,755.1,0.899
Y8400001,L'Ese au pont de Zipitoli,Rivière d'Ese,2020-06-25,1a,1,177,627.5,70.0,65.7,1.065,251.2,270.7,0.928,444.0,635.4,0.699
Y8400001,L'Ese au pont de Zipitoli,Rivière d'Ese,2020-07-24,1,1,206,627.5,10.8,23.7,0.453,210.5,190.1,1.107,424.2,525.9,0.807
Y8400001,L'Ese au pont de Zipitoli,Rivière d'Ese,2020-08-24,1,1,237,627.5,0.4,31.5,0.012,81.2,120.5,0.674,403.0,438.2,0.92
Y8400001,L'Ese au pont de Zipitoli,Rivière d'Ese,2020-09-24,1,1,268,627.5,83.8,81.9,1.024,94.9,137.6,0.69,342.8,405.9,0.845
Y8400001,L'Ese au pont de Zipitoli,Rivière d'Ese,2020-09-29,1,1,273,627.5,148.2,97.3,1.523,196.7,155.7,1.264,440.4,411.4,1.071
Y8400001,L'Ese au pont de Zipitoli,Rivière d'Ese,2021-05-26,1,1,147,627.5,162.8,98.4,1.655,257.7,317.7,0.811,988.9,749.8,1.319
Y8400001,L'Ese au pont de Zipitoli,Rivière d'Ese,2021-06-22,1a,1,174,627.5,19.5,66.5,0.293,235.7,283.6,0.831,800.6,660.2,1.213
Y8400001,L'Ese au pont de Zipitoli,Rivière d'Ese,2021-07-28,1a,1,210,627.5,8.7,27.0,0.322,155.0,178.4,0.869,441.0,521.7,0.845
Y8400001,L'Ese au pont de Zipitoli,Rivière d'Ese,2021-08-23,1a,1,236,627.5,2.6,30.8,0.085,21.0,120.8,0.174,278.7,443.8,0.628
Y8400001,L'Ese au pont de Zipitoli,Rivière d'Ese,2021-09-28,1a,1,272,627.5,43.6,97.2,0.448,54.3,154.2,0.352,289.8,413.7,0.7
Y8400001,L'Ese au pont de Zipitoli,Rivière d'Ese,2022-04-12,1,1,103,627.5,51.3,98.0,0.524,110.8,339.8,0.326,470.0,869.2,0.541
Y8400001,L'Ese au pont de Zipitoli,Rivière d'Ese,2022-05-27,1,1,148,627.5,30.5,96.9,0.315,151.5,315.5,0.48,426.3,747.6,0.57
Y8400001,L'Ese au pont de Zipitoli,Rivière d'Ese,2022-06-23,1,1,175,627.5,0.8,66.5,0.012,143.7,279.2,0.515,287.3,653.1,0.44
Y8400001,L'Ese au pont de Zipitoli,Rivière d'Ese,2022-07-12,1,1,194,627.5,2.5,33.8,0.075,95.8,222.2,0.431,206.6,565.5,0.365
Y8400001,L'Ese au pont de Zipitoli,Rivière d'Ese,2022-07-26,1,1,208,627.5,2.5,23.1,0.108,33.3,184.5,0.18,205.2,522.3,0.393
Y8400001,L'Ese au pont de Zipitoli,Rivière d'Ese,2022-08-11,1,1,224,627.5,10.3,29.7,0.348,13.7,146.4,0.093,206.5,469.2,0.44
Y8400001,L'Ese au pont de Zipitoli,Rivière d'Ese,2022-08-23,1,1,236,627.5,93.8,30.8,3.042,97.1,120.8,0.804,248.0,443.8,0.559
Y8400001,L'Ese au pont de Zipitoli,Rivière d'Ese,2022-09-09,1,1,253,627.5,96.4,37.6,2.564,98.9,103.1,0.96,243.5,392.8,0.62
Y8400001,L'Ese au pont de Zipitoli,Rivière d'Ese,2022-09-21,1,1,265,627.5,3.8,71.3,0.054,100.0,125.9,0.794,243.7,405.1,0.601
Y8400001,L'Ese au pont de Zipitoli,Rivière d'Ese,2022-10-07,1,1,281,627.5,77.8,122.1,0.637,174.2,187.8,0.928,270.0,422.1,0.64
Y8400001,L'Ese au pont de Zipitoli,Rivière d'Ese,2022-11-03,1,1,308,627.5,8.1,133.9,0.061,182.3,278.9,0.654,190.9,434.4,0.44
Y8400001,L'Ese au pont de Zipitoli,Rivière d'Ese,2022-11-21,1,1,326,627.5,100.0,191.8,0.521,188.5,391.4,0.482,285.7,512.2,0.558
Y8400001,L'Ese au pont de Zipitoli,Rivière d'Ese,2023-03-23,1,1,83,627.5,130.0,108.7,1.197,297.6,376.9,0.79,766.1,871.9,0.879
Y8400001,L'Ese au pont de Zipitoli,Rivière d'Ese,2023-04-26,1,1,117,627.5,45.4,106.6,0.426,195.1,337.3,0.578,730.9,863.6,0.846
Y8400001,L'Ese au pont de Zipitoli,Rivière d'Ese,2023-05-25,1,1,146,627.5,79.6,100.1,0.795,259.2,322.9,0.803,599.6,755.1,0.794
Y8400001,L'Ese au pont de Zipitoli,Rivière d'Ese,2023-06-29,1,1,181,627.5,63.0,57.8,1.092,196.9,262.7,0.75,497.1,616.1,0.807
Y8400001,L'Ese au pont de Zipitoli,Rivière d'Ese,2023-07-25,1,1,207,627.5,16.1,23.2,0.693,166.9,187.3,0.891,362.0,525.0,0.689
Y8400001,L'Ese au pont de Zipitoli,Rivière d'Ese,2023-08-11,1,1,224,627.5,0.2,29.7,0.007,129.0,146.4,0.881,346.8,469.2,0.739
Y8400001,L'Ese au pont de Zipitoli,Rivière d'Ese,2023-08-26,1,1,239,627.5,0.0,32.4,0.0,84.3,119.2,0.707,311.7,433.7,0.719
Y8400001,L'Ese au pont de Zipitoli,Rivière d'Ese,2023-09-27,1,1,271,627.5,83.9,94.2,0.89,129.5,150.5,0.86,326.4,413.1,0.79
Y8400001,L'Ese au pont de Zipitoli,Rivière d'Ese,2023-10-25,1,1,299,627.5,54.7,119.1,0.459,168.8,238.7,0.707,335.7,417.2,0.805
Y8400001,L'Ese au pont de Zipitoli,Rivière d'Ese,2024-03-11,1,1,71,627.5,197.4,121.2,1.63,261.9,406.2,0.645,709.7,892.8,0.795
Y8400001,L'Ese au pont de Zipitoli,Rivière d'Ese,2024-04-25,1,1,116,627.5,105.9,110.3,0.96,349.3,335.6,1.041,710.3,863.9,0.822
Y8400001,L'Ese au pont de Zipitoli,Rivière d'Ese,2024-05-22,1,1,143,627.5,110.7,110.4,1.003,395.1,328.9,1.201,572.4,770.6,0.743
Y8400001,L'Ese au pont de Zipitoli,Rivière d'Ese,2024-06-25,1,1,177,627.5,17.7,65.7,0.27,183.1,270.7,0.676,509.7,635.4,0.802
Y8400001,L'Ese au pont de Zipitoli,Rivière d'Ese,2024-07-24,1,1,206,627.5,31.1,23.7,1.311,135.1,190.1,0.711,484.4,525.9,0.921
Y8400001,L'Ese au pont de Zipitoli,Rivière d'Ese,2024-08-21,1,1,234,627.5,14.4,30.3,0.476,51.9,119.9,0.433,446.5,446.8,0.999
Y8400001,L'Ese au pont de Zipitoli,Rivière d'Ese,2024-09-23,1a,1,267,627.5,76.1,77.9,0.977,110.5,132.7,0.832,293.6,403.5,0.728
Y8400001,L'Ese au pont de Zipitoli,Rivière d'Ese,2025-04-24,1,1,115,627.5,148.2,108.1,1.372,371.1,335.2,1.107,598.9,862.8,0.694
Y8400001,L'Ese au pont de Zipitoli,Rivière d'Ese,2025-05-24,1,1,145,627.5,60.5,104.7,0.578,387.6,324.3,1.195,597.4,763.1,0.783
Y8400001,L'Ese au pont de Zipitoli,Rivière d'Ese,2025-06-25,1a,1,177,627.5,0.4,65.7,0.006,202.5,270.7,0.748,514.8,635.4,0.81
Y8400001,L'Ese au pont de Zipitoli,Rivière d'Ese,2025-07-24,1a,1,206,627.5,5.8,23.7,0.246,66.8,190.1,0.351,438.4,525.9,0.834
Y8400001,L'Ese au pont de Zipitoli,Rivière d'Ese,2025-08-22,1a,1,235,627.5,39.8,31.0,1.283,46.6,121.1,0.385,434.2,445.4,0.975
Y8400001,L'Ese au pont de Zipitoli,Rivière d'Ese,2025-09-22,1a,1,266,627.5,43.0,76.2,0.564,88.6,130.8,0.677,295.2,407.5,0.725
Y8400001,L'Ese au pont de Zipitoli,Rivière d'Ese,2025-10-23,1a,1,297,627.5,61.9,122.3,0.507,144.8,231.8,0.625,211.6,419.1,0.505
Y8400001,L'Ese au pont de Zipitoli,Rivière d'Ese,2026-05-26,1a,1,147,627.5,50.0,98.4,0.509,144.2,317.7,0.454,705.5,749.8,0.941
Y8400001,L'Ese au pont de Zipitoli,Rivière d'Ese,2026-06-25,1a,1,177,627.5,5.5,65.7,0.083,81.2,270.7,0.3,617.4,635.4,0.972
Y8400001,L'Ese au pont de Zipitoli,Rivière d'Ese,2026-07-27,1a,1,209,627.5,5.4,23.8,0.225,75.2,178.5,0.422,423.1,521.4,0.811
Y8400001,L'Ese au pont de Zipitoli,Rivière d'Ese,2026-08-24,1a,1,237,627.5,24.1,31.5,0.766,49.2,120.5,0.408,193.4,438.2,0.441
Y8400001,L'Ese au pont de Zipitoli,Rivière d'Ese,2026-09-28,1a,1,272,627.5,0.3,97.2,0.003,30.0,154.2,0.195,125.2,413.7,0.303
Y8600001,Le Barbalato après sa confluence avec le ruisseau de Foroli,Ruisseau de Barbalato,2012-05-25,1a,1,146,614.5,150.0,93.5,1.604,266.9,314.5,0.848,568.9,732.6,0.777
Y8600001,Le Barbalato après sa confluence avec le ruisseau de Foroli,Ruisseau de Barbalato,2012-06-25,1a,1,177,614.5,38.2,72.2,0.529,290.0,269.5,1.076,462.7,618.7,0.748
Y8600001,Le Barbalato après sa confluence avec le ruisseau de Foroli,Ruisseau de Barbalato,2012-07-25,1a,1,207,614.5,10.6,28.4,0.374,200.6,193.0,1.039,430.6,525.3,0.82
Y8600001,Le Barbalato après sa confluence avec le ruisseau de Foroli,Ruisseau de Barbalato,2012-08-23,1f,1,236,614.5,1.1,28.0,0.04,50.6,129.3,0.391,317.4,443.9,0.715
Y8600001,Le Barbalato après sa confluence avec le ruisseau de Foroli,Ruisseau de Barbalato,2012-09-25,1a,1,269,614.5,59.7,76.5,0.78,72.2,135.0,0.534,362.1,399.6,0.906
Y8600001,Le Barbalato après sa confluence avec le ruisseau de Foroli,Ruisseau de Barbalato,2013-05-23,1a,1,144,614.5,86.4,102.3,0.844,482.7,317.9,1.518,927.6,740.0,1.253
Y8600001,Le Barbalato après sa confluence avec le ruisseau de Foroli,Ruisseau de Barbalato,2013-06-25,1a,1,177,614.5,68.4,72.2,0.947,280.1,269.5,1.039,751.6,618.7,1.215
Y8600001,Le Barbalato après sa confluence avec le ruisseau de Foroli,Ruisseau de Barbalato,2013-07-25,1a,1,207,614.5,153.1,28.4,5.397,319.6,193.0,1.656,811.6,525.3,1.545
Y8600001,Le Barbalato après sa confluence avec le ruisseau de Foroli,Ruisseau de Barbalato,2013-08-23,1a,1,236,614.5,27.1,28.0,0.968,264.4,129.3,2.044,729.0,443.9,1.642
Y8600001,Le Barbalato après sa confluence avec le ruisseau de Foroli,Ruisseau de Barbalato,2014-05-27,1a,1,148,614.5,72.2,91.1,0.793,366.6,306.1,1.198,867.2,723.5,1.198
Y8600001,Le Barbalato après sa confluence avec le ruisseau de Foroli,Ruisseau de Barbalato,2014-06-25,1,1,177,614.5,103.5,72.2,1.433,240.8,269.5,0.894,878.9,618.7,1.421
Y8600001,Le Barbalato après sa confluence avec le ruisseau de Foroli,Ruisseau de Barbalato,2014-07-24,1a,1,206,614.5,43.9,28.8,1.526,221.4,194.8,1.136,772.0,525.5,1.469
Y8600001,Le Barbalato après sa confluence avec le ruisseau de Foroli,Ruisseau de Barbalato,2014-08-25,1f,1,238,614.5,10.2,28.8,0.356,156.6,129.6,1.208,523.2,435.7,1.201
Y8600001,Le Barbalato après sa confluence avec le ruisseau de Foroli,Ruisseau de Barbalato,2014-09-26,1a,1,270,614.5,14.1,80.3,0.176,68.0,140.7,0.483,304.2,401.7,0.757
Y8600001,Le Barbalato après sa confluence avec le ruisseau de Foroli,Ruisseau de Barbalato,2014-10-23,1a,1,297,614.5,19.4,113.6,0.171,39.4,209.4,0.188,258.1,402.4,0.641
Y8600001,Le Barbalato après sa confluence avec le ruisseau de Foroli,Ruisseau de Barbalato,2015-05-26,1a,1,147,614.5,45.4,92.4,0.491,247.3,309.0,0.8,627.8,727.1,0.863
Y8600001,Le Barbalato après sa confluence avec le ruisseau de Foroli,Ruisseau de Barbalato,2015-06-25,1a,1,177,614.5,114.4,72.2,1.584,216.1,269.5,0.802,654.2,618.7,1.057
Y8600001,Le Barbalato après sa confluence avec le ruisseau de Foroli,Ruisseau de Barbalato,2015-07-22,1a,1,204,614.5,3.4,27.6,0.122,164.0,202.3,0.811,584.2,534.6,1.093
Y8600001,Le Barbalato après sa confluence avec le ruisseau de Foroli,Ruisseau de Barbalato,2015-08-27,1a,1,240,614.5,13.7,27.8,0.493,112.1,126.6,0.885,377.8,433.4,0.872
Y8600001,Le Barbalato après sa confluence avec le ruisseau de Foroli,Ruisseau de Barbalato,2015-09-22,1a,1,266,614.5,4.5,65.2,0.069,24.4,122.0,0.2,241.5,396.6,0.609
Y8600001,Le Barbalato après sa confluence avec le ruisseau de Foroli,Ruisseau de Barbalato,2016-05-18,1,1,139,614.5,89.0,101.5,0.877,327.2,315.8,1.036,729.0,757.6,0.962
Y8600001,Le Barbalato après sa confluence avec le ruisseau de Foroli,Ruisseau de Barbalato,2016-06-27,1,1,179,614.5,68.0,70.1,0.97,164.1,264.6,0.62,742.9,609.1,1.22
Y8600001,Le Barbalato après sa confluence avec le ruisseau de Foroli,Ruisseau de Barbalato,2016-07-21,1,1,203,614.5,0.7,25.8,0.029,159.1,202.6,0.785,577.0,535.9,1.077
Y8600001,Le Barbalato après sa confluence avec le ruisseau de Foroli,Ruisseau de Barbalato,2016-08-22,1,1,235,614.5,9.1,28.3,0.321,78.3,129.3,0.606,402.9,445.0,0.905
Y8600001,Le Barbalato après sa confluence avec le ruisseau de Foroli,Ruisseau de Barbalato,2016-09-21,1,1,265,614.5,138.5,60.9,2.273,148.8,118.0,1.26,314.5,395.9,0.795
Y8600001,Le Barbalato après sa confluence avec le ruisseau de Foroli,Ruisseau de Barbalato,2017-05-22,1,1,143,614.5,34.7,104.8,0.332,116.4,319.7,0.364,924.8,743.1,1.244
Y8600001,Le Barbalato après sa confluence avec le ruisseau de Foroli,Ruisseau de Barbalato,2017-06-23,1,1,175,614.5,15.4,72.2,0.213,79.5,277.8,0.286,619.8,633.8,0.978
Y8600001,Le Barbalato après sa confluence avec le ruisseau de Foroli,Ruisseau de Barbalato,2017-07-23,1,1,205,614.5,35.3,28.8,1.225,85.4,198.6,0.43,337.1,529.6,0.637
Y8600001,Le Barbalato après sa confluence avec le ruisseau de Foroli,Ruisseau de Barbalato,2017-08-07,1,1,220,614.5,1.2,34.3,0.036,57.1,157.7,0.362,236.3,483.4,0.489
Y8600001,Le Barbalato après sa confluence avec le ruisseau de Foroli,Ruisseau de Barbalato,2017-08-21,1,1,234,614.5,1.2,28.4,0.044,51.9,128.3,0.404,168.3,446.3,0.377
Y8600001,Le Barbalato après sa confluence avec le ruisseau de Foroli,Ruisseau de Barbalato,2017-09-04,1,1,248,614.5,2.6,29.6,0.088,39.1,110.9,0.352,119.0,401.7,0.296
Y8600001,Le Barbalato après sa confluence avec le ruisseau de Foroli,Ruisseau de Barbalato,2017-09-18,1,1,262,614.5,21.2,53.0,0.4,57.7,111.1,0.52,137.4,398.5,0.345
Y8600001,Le Barbalato après sa confluence avec le ruisseau de Foroli,Ruisseau de Barbalato,2017-09-29,1,1,273,614.5,64.5,87.4,0.738,70.0,147.4,0.475,164.2,400.7,0.41
Y8600001,Le Barbalato après sa confluence avec le ruisseau de Foroli,Ruisseau de Barbalato,2018-05-28,1,1,149,614.5,166.6,86.5,1.926,477.8,305.8,1.563,921.1,720.9,1.278
Y8600001,Le Barbalato après sa confluence avec le ruisseau de Foroli,Ruisseau de Barbalato,2018-06-19,1,1,171,614.5,120.5,74.9,1.608,358.0,288.5,1.241,847.8,647.8,1.309
Y8600001,Le Barbalato après sa confluence avec le ruisseau de Foroli,Ruisseau de Barbalato,2018-07-25,1,1,207,614.5,35.3,28.4,1.246,332.3,193.0,1.722,755.8,525.3,1.439
Y8600001,Le Barbalato après sa confluence avec le ruisseau de Foroli,Ruisseau de Barbalato,2018-08-23,1,1,236,614.5,92.7,28.0,3.306,252.0,129.3,1.948,767.6,443.9,1.729
Y8600001,Le Barbalato après sa confluence avec le ruisseau de Foroli,Ruisseau de Barbalato,2018-09-24,1,1,268,614.5,30.9,71.5,0.432,129.8,128.7,1.009,537.0,395.5,1.358
Y8600001,Le Barbalato après sa confluence avec le ruisseau de Foroli,Ruisseau de Barbalato,2018-10-25,1,1,299,614.5,72.5,109.6,0.661,163.9,215.4,0.761,522.5,401.2,1.302
Y8600001,Le Barbalato après sa confluence avec le ruisseau de Foroli,Ruisseau de Barbalato,2019-04-02,1,1,93,614.5,13.5,103.6,0.13,165.3,333.4,0.496,565.6,838.4,0.675
Y8600001,Le Barbalato après sa confluence avec le ruisseau de Foroli,Ruisseau de Barbalato,2019-04-24,1,1,115,614.5,69.3,108.0,0.642,219.5,329.1,0.667,567.2,837.8,0.677
Y8600001,Le Barbalato après sa confluence avec le ruisseau de Foroli,Ruisseau de Barbalato,2019-05-27,1,1,148,614.5,87.8,91.1,0.964,169.1,306.1,0.552,390.7,723.5,0.54
Y8600001,Le Barbalato après sa confluence avec le ruisseau de Foroli,Ruisseau de Barbalato,2019-06-20,1,1,172,614.5,15.7,73.6,0.214,170.2,287.4,0.592,333.6,645.1,0.517
Y8600001,Le Barbalato après sa confluence avec le ruisseau de Foroli,Ruisseau de Barbalato,2019-07-24,1,1,206,614.5,9.9,28.8,0.345,110.4,194.8,0.566,328.1,525.5,0.624
Y8600001,Le Barbalato après sa confluence avec le ruisseau de Foroli,Ruisseau de Barbalato,2019-08-27,1,1,240,614.5,61.1,27.8,2.194,131.9,126.6,1.042,307.8,433.4,0.71
Y8600001,Le Barbalato après sa confluence avec le ruisseau de Foroli,Ruisseau de Barbalato,2019-09-25,1,1,269,614.5,52.6,76.5,0.688,162.8,135.0,1.205,330.9,399.6,0.828
Y8600001,Le Barbalato après sa confluence avec le ruisseau de Foroli,Ruisseau de Barbalato,2019-10-28,1,1,302,614.5,44.0,105.5,0.417,131.2,220.8,0.594,307.4,400.8,0.767
Y8600001,Le Barbalato après sa confluence avec le ruisseau de Foroli,Ruisseau de Barbalato,2020-05-27,1,1,148,614.5,140.6,91.1,1.543,343.1,306.1,1.121,744.0,723.5,1.028
Y8600001,Le Barbalato après sa confluence avec le ruisseau de Foroli,Ruisseau de Barbalato,2020-06-25,1a,1,177,614.5,82.4,72.2,1.141,286.1,269.5,1.062,479.1,618.7,0.774
Y8600001,Le Barbalato après sa confluence avec le ruisseau de Foroli,Ruisseau de Barbalato,2020-07-23,1,1,205,614.5,37.0,28.8,1.286,260.0,198.6,1.309,469.9,529.6,0.887
Y8600001,Le Barbalato après sa confluence avec le ruisseau de Foroli,Ruisseau de Barbalato,2020-08-25,1,1,238,614.5,3.3,28.8,0.116,122.7,129.6,0.947,465.8,435.7,1.069
Y8600001,Le Barbalato après sa confluence avec le ruisseau de Foroli,Ruisseau de Barbalato,2020-09-24,1,1,268,614.5,64.1,71.5,0.897,104.5,128.7,0.812,383.0,395.5,0.968
Y8600001,Le Barbalato après sa confluence avec le ruisseau de Foroli,Ruisseau de Barbalato,2020-09-29,1,1,273,614.5,204.9,87.4,2.345,267.5,147.4,1.815,528.6,400.7,1.319
Y8600001,Le Barbalato après sa confluence avec le ruisseau de Foroli,Ruisseau de Barbalato,2021-05-27,1,1,148,614.5,88.2,91.1,0.968,172.7,306.1,0.564,869.4,723.5,1.202
Y8600001,Le Barbalato après sa confluence avec le ruisseau de Foroli,Ruisseau de Barbalato,2021-06-21,1a,1,173,614.5,41.0,71.9,0.571,184.4,286.7,0.643,685.5,641.5,1.068
Y8600001,Le Barbalato après sa confluence avec le ruisseau de Foroli,Ruisseau de Barbalato,2021-07-29,1a,1,211,614.5,7.5,31.0,0.242,125.1,181.4,0.689,388.9,518.7,0.75
Y8600001,Le Barbalato après sa confluence avec le ruisseau de Foroli,Ruisseau de Barbalato,2021-08-24,1a,1,237,614.5,3.8,28.4,0.133,45.6,129.0,0.354,218.4,437.9,0.499
Y8600001,Le Barbalato après sa confluence avec le ruisseau de Foroli,Ruisseau de Barbalato,2021-09-28,1a,1,272,614.5,81.0,86.6,0.935,89.5,146.5,0.611,273.8,403.3,0.679
Y8600001,Le Barbalato après sa confluence avec le ruisseau de Foroli,Ruisseau de Barbalato,2022-04-20,1,1,111,614.5,50.7,108.6,0.467,85.1,334.4,0.254,558.7,836.9,0.668
Y8600001,Le Barbalato après sa confluence avec le ruisseau de Foroli,Ruisseau de Barbalato,2022-05-24,1,1,145,614.5,89.2,97.6,0.914,242.7,315.7,0.769,507.5,736.9,0.689
Y8600001,Le Barbalato après sa confluence avec le ruisseau de Foroli,Ruisseau de Barbalato,2022-06-23,1,1,175,614.5,1.8,72.2,0.025,236.4,277.8,0.851,339.0,633.8,0.535
Y8600001,Le Barbalato après sa confluence avec le ruisseau de Foroli,Ruisseau de Barbalato,2022-07-12,1,1,194,614.5,1.0,35.6,0.029,186.8,220.3,0.848,272.4,557.6,0.489
Y8600001,Le Barbalato après sa confluence avec le ruisseau de Foroli,Ruisseau de Barbalato,2022-07-26,1,1,208,614.5,0.8,28.3,0.029,41.3,191.9,0.215,271.0,522.9,0.518
Y8600001,Le Barbalato après sa confluence avec le ruisseau de Foroli,Ruisseau de Barbalato,2022-08-11,1,1,224,614.5,8.1,34.1,0.237,10.9,153.3,0.071,277.9,465.8,0.597
Y8600001,Le Barbalato après sa confluence avec le ruisseau de Foroli,Ruisseau de Barbalato,2022-08-25,1,1,238,614.5,85.9,28.8,2.986,88.7,129.6,0.685,331.5,435.7,0.761
Y8600001,Le Barbalato après sa confluence avec le ruisseau de Foroli,Ruisseau de Barbalato,2022-09-09,1,1,253,614.5,94.7,33.7,2.811,102.8,104.3,0.985,343.3,393.9,0.872
Y8600001,Le Barbalato après sa confluence avec le ruisseau de Foroli,Ruisseau de Barbalato,2022-09-22,1,1,266,614.5,30.4,65.2,0.465,106.5,122.0,0.873,343.0,396.6,0.865
Y8600001,Le Barbalato après sa confluence avec le ruisseau de Foroli,Ruisseau de Barbalato,2022-10-06,1,1,280,614.5,82.1,106.9,0.768,183.8,172.7,1.065,370.6,406.5,0.912
Y8600001,Le Barbalato après sa confluence avec le ruisseau de Foroli,Ruisseau de Barbalato,2022-11-03,1,1,308,614.5,16.4,121.4,0.135,200.3,251.7,0.796,205.3,413.2,0.497
Y8600001,Le Barbalato après sa confluence avec le ruisseau de Foroli,Ruisseau de Barbalato,2022-11-21,1,1,326,614.5,98.4,179.8,0.548,223.6,360.1,0.621,301.5,489.4,0.616
Y8600001,Le Barbalato après sa confluence avec le ruisseau de Foroli,Ruisseau de Barbalato,2023-03-27,1,1,87,614.5,191.0,111.7,1.71,436.8,349.5,1.25,894.1,837.0,1.068
Y8600001,Le Barbalato après sa confluence avec le ruisseau de Foroli,Ruisseau de Barbalato,2023-04-25,1,1,116,614.5,86.4,108.5,0.796,274.3,329.0,0.834,915.9,839.2,1.091
Y8600001,Le Barbalato après sa confluence avec le ruisseau de Foroli,Ruisseau de Barbalato,2023-05-23,1,1,144,614.5,57.2,102.3,0.559,321.0,317.9,1.01,776.4,740.0,1.049
Y8600001,Le Barbalato après sa confluence avec le ruisseau de Foroli,Ruisseau de Barbalato,2023-06-27,1,1,179,614.5,126.8,70.1,1.809,268.9,264.6,1.016,705.8,609.1,1.159
Y8600001,Le Barbalato après sa confluence avec le ruisseau de Foroli,Ruisseau de Barbalato,2023-07-24,1,1,206,614.5,33.5,28.8,1.165,230.9,194.8,1.185,505.2,525.5,0.961
Y8600001,Le Barbalato après sa confluence avec le ruisseau de Foroli,Ruisseau de Barbalato,2023-08-10,1,1,223,614.5,0.4,32.8,0.012,217.1,155.8,1.393,495.9,468.5,1.059
Y8600001,Le Barbalato après sa confluence avec le ruisseau de Foroli,Ruisseau de Barbalato,2023-08-29,1,1,242,614.5,74.0,28.7,2.574,208.5,122.9,1.696,453.1,423.1,1.071
Y8600001,Le Barbalato après sa confluence avec le ruisseau de Foroli,Ruisseau de Barbalato,2023-09-25,1,1,269,614.5,166.3,76.5,2.173,200.2,135.0,1.483,469.2,399.6,1.174
Y8600001,Le Barbalato après sa confluence avec le ruisseau de Foroli,Ruisseau de Barbalato,2023-10-24,1,1,298,614.5,50.6,113.3,0.447,217.1,213.6,1.016,448.2,405.5,1.105
Y8600001,Le Barbalato après sa confluence avec le ruisseau de Foroli,Ruisseau de Barbalato,2024-03-07,1,1,67,614.5,268.1,122.8,2.184,347.4,408.3,0.851,1045.4,846.8,1.235
Y8600001,Le Barbalato après sa confluence avec le ruisseau de Foroli,Ruisseau de Barbalato,2024-04-26,1,1,117,614.5,102.3,104.8,0.976,449.0,330.2,1.36,990.9,838.5,1.182
Y8600001,Le Barbalato après sa confluence avec le ruisseau de Foroli,Ruisseau de Barbalato,2024-05-21,1,1,142,614.5,169.5,105.4,1.608,537.4,320.7,1.675,802.5,743.3,1.08
Y8600001,Le Barbalato après sa confluence avec le ruisseau de Foroli,Ruisseau de Barbalato,2024-06-21,1,1,173,614.5,10.9,71.9,0.152,288.7,286.7,1.007,678.6,641.5,1.058
Y8600001,Le Barbalato après sa confluence avec le ruisseau de Foroli,Ruisseau de Barbalato,2024-07-23,1,1,205,614.5,17.7,28.8,0.615,187.6,198.6,0.945,636.1,529.6,1.201
Y8600001,Le Barbalato après sa confluence avec le ruisseau de Foroli,Ruisseau de Barbalato,2024-08-20,1,1,233,614.5,91.7,30.5,3.011,121.4,128.3,0.946,659.3,447.8,1.472
Y8600001,Le Barbalato après sa confluence avec le ruisseau de Foroli,Ruisseau de Barbalato,2024-09-21,1a,1,265,614.5,81.0,60.9,1.33,190.6,118.0,1.615,480.8,395.9,1.214
Y8600001,Le Barbalato après sa confluence avec le ruisseau de Foroli,Ruisseau de Barbalato,2025-04-23,1,1,114,614.5,119.6,109.6,1.091,377.6,330.3,1.143,737.8,835.2,0.883
Y8600001,Le Barbalato après sa confluence avec le ruisseau de Foroli,Ruisseau de Barbalato,2025-05-27,1,1,148,614.5,147.1,91.1,1.614,469.9,306.1,1.535,753.3,723.5,1.041
Y8600001,Le Barbalato après sa confluence avec le ruisseau de Foroli,Ruisseau de Barbalato,2025-06-25,1a,1,177,614.5,0.4,72.2,0.006,270.5,269.5,1.004,660.7,618.7,1.068
Y8600001,Le Barbalato après sa confluence avec le ruisseau de Foroli,Ruisseau de Barbalato,2025-07-25,1a,1,207,614.5,50.8,28.4,1.79,198.2,193.0,1.027,579.8,525.3,1.104
Y8600001,Le Barbalato après sa confluence avec le ruisseau de Foroli,Ruisseau de Barbalato,2025-08-22,1a,1,235,614.5,112.9,28.3,3.986,187.3,129.3,1.449,646.3,445.0,1.452
Y8600001,Le Barbalato après sa confluence avec le ruisseau de Foroli,Ruisseau de Barbalato,2025-09-22,1a,1,266,614.5,33.1,65.2,0.508,197.0,122.0,1.614,467.9,396.6,1.18
Y8600001,Le Barbalato après sa confluence avec le ruisseau de Foroli,Ruisseau de Barbalato,2025-10-27,1a,1,301,614.5,73.7,107.8,0.684,205.4,219.3,0.937,419.0,400.7,1.046
Y8600001,Le Barbalato après sa confluence avec le ruisseau de Foroli,Ruisseau de Barbalato,2026-05-26,1a,1,147,614.5,68.2,92.4,0.739,226.4,309.0,0.733,1129.4,727.1,1.553
Y8600001,Le Barbalato après sa confluence avec le ruisseau de Foroli,Ruisseau de Barbalato,2026-06-25,1a,1,177,614.5,13.4,72.2,0.185,145.0,269.5,0.538,991.2,618.7,1.602
Y8600001,Le Barbalato après sa confluence avec le ruisseau de Foroli,Ruisseau de Barbalato,2026-07-27,1a,1,209,614.5,8.8,29.2,0.301,90.6,185.8,0.488,557.3,521.8,1.068
Y8600001,Le Barbalato après sa confluence avec le ruisseau de Foroli,Ruisseau de Barbalato,2026-08-24,1a,1,237,614.5,28.3,28.4,0.998,50.6,129.0,0.393,277.0,437.9,0.633
Y8600001,Le Barbalato après sa confluence avec le ruisseau de Foroli,Ruisseau de Barbalato,2026-09-28,1a,1,272,614.5,0.6,86.6,0.007,38.1,146.5,0.26,180.5,403.3,0.447
Y8610001,Ruisseau de Chiova au pont de la RD 26,Ruisseau u Fiumicellu,2012-05-25,1a,1,146,470.8,272.9,83.6,3.266,420.4,259.7,1.619,701.4,597.1,1.175
Y8610001,Ruisseau de Chiova au pont de la RD 26,Ruisseau u Fiumicellu,2012-06-25,1a,1,177,470.8,9.0,55.8,0.161,403.6,219.8,1.836,553.3,512.2,1.08
Y8610001,Ruisseau de Chiova au pont de la RD 26,Ruisseau u Fiumicellu,2012-07-25,1a,1,207,470.8,6.7,14.2,0.473,296.5,151.3,1.96,525.0,420.8,1.247
Y8610001,Ruisseau de Chiova au pont de la RD 26,Ruisseau u Fiumicellu,2012-08-23,1a,1,236,470.8,0.0,20.6,0.0,23.6,91.1,0.259,443.9,350.8,1.266
Y8610001,Ruisseau de Chiova au pont de la RD 26,Ruisseau u Fiumicellu,2012-09-25,1a,1,269,470.8,42.0,79.4,0.529,54.7,116.9,0.467,458.3,333.1,1.376
Y8610001,Ruisseau de Chiova au pont de la RD 26,Ruisseau u Fiumicellu,2013-05-23,1a,1,144,470.8,93.6,90.3,1.036,454.8,262.0,1.736,1005.4,605.3,1.661
Y8610001,Ruisseau de Chiova au pont de la RD 26,Ruisseau u Fiumicellu,2013-06-25,1a,1,177,470.8,80.3,55.8,1.441,285.0,219.8,1.296,798.0,512.2,1.558
Y8610001,Ruisseau de Chiova au pont de la RD 26,Ruisseau u Fiumicellu,2013-07-25,1a,1,207,470.8,60.5,14.2,4.276,235.2,151.3,1.555,726.3,420.8,1.726
Y8610001,Ruisseau de Chiova au pont de la RD 26,Ruisseau u Fiumicellu,2013-08-23,1a,1,236,470.8,23.3,20.6,1.13,169.8,91.1,1.865,608.7,350.8,1.735
Y8610001,Ruisseau de Chiova au pont de la RD 26,Ruisseau u Fiumicellu,2014-05-27,1a,1,148,470.8,30.7,81.2,0.378,249.4,255.7,0.975,796.7,590.0,1.35
Y8610001,Ruisseau de Chiova au pont de la RD 26,Ruisseau u Fiumicellu,2014-06-25,1,1,177,470.8,45.4,55.8,0.815,133.9,219.8,0.609,747.5,512.2,1.459
Y8610001,Ruisseau de Chiova au pont de la RD 26,Ruisseau u Fiumicellu,2014-07-24,1a,1,206,470.8,37.7,14.9,2.537,113.9,154.0,0.74,574.6,421.6,1.363
Y8610001,Ruisseau de Chiova au pont de la RD 26,Ruisseau u Fiumicellu,2014-08-25,1f,1,238,470.8,7.0,23.6,0.298,88.8,91.1,0.974,338.2,346.8,0.975
Y8610001,Ruisseau de Chiova au pont de la RD 26,Ruisseau u Fiumicellu,2014-09-24,1f,1,268,470.8,20.6,73.6,0.28,65.4,110.7,0.591,198.4,329.4,0.602
Y8610001,Ruisseau de Chiova au pont de la RD 26,Ruisseau u Fiumicellu,2014-10-23,1a,1,297,470.8,14.2,107.1,0.132,41.4,197.8,0.209,155.3,349.1,0.445
Y8610001,Ruisseau de Chiova au pont de la RD 26,Ruisseau u Fiumicellu,2015-05-26,1a,1,147,470.8,51.3,81.3,0.631,175.5,256.3,0.685,443.5,591.4,0.75
Y8610001,Ruisseau de Chiova au pont de la RD 26,Ruisseau u Fiumicellu,2015-06-25,1a,1,177,470.8,115.5,55.8,2.072,195.4,219.8,0.889,477.5,512.2,0.932
Y8610001,Ruisseau de Chiova au pont de la RD 26,Ruisseau u Fiumicellu,2015-07-22,1a,1,204,470.8,0.0,14.6,0.0,167.2,161.2,1.037,427.6,430.5,0.993
Y8610001,Ruisseau de Chiova au pont de la RD 26,Ruisseau u Fiumicellu,2015-08-27,1a,1,240,470.8,8.8,22.1,0.4,78.3,89.4,0.875,284.4,341.4,0.833
Y8610001,Ruisseau de Chiova au pont de la RD 26,Ruisseau u Fiumicellu,2015-09-22,1a,1,266,470.8,8.3,67.9,0.122,12.3,103.4,0.119,210.1,328.2,0.64
Y8610001,Ruisseau de Chiova au pont de la RD 26,Ruisseau u Fiumicellu,2016-05-18,1,1,139,470.8,53.7,84.7,0.634,239.7,258.2,0.928,604.8,615.3,0.983
Y8610001,Ruisseau de Chiova au pont de la RD 26,Ruisseau u Fiumicellu,2016-06-27,1,1,179,470.8,66.8,53.0,1.261,128.6,216.3,0.595,621.2,500.0,1.242
Y8610001,Ruisseau de Chiova au pont de la RD 26,Ruisseau u Fiumicellu,2016-07-21,1,1,203,470.8,0.0,14.2,0.001,122.8,162.3,0.757,474.1,431.6,1.098
Y8610001,Ruisseau de Chiova au pont de la RD 26,Ruisseau u Fiumicellu,2016-08-22,1,1,235,470.8,6.1,19.9,0.308,73.0,91.0,0.802,311.7,351.5,0.887
Y8610001,Ruisseau de Chiova au pont de la RD 26,Ruisseau u Fiumicellu,2016-09-21,1,1,265,470.8,198.1,64.8,3.059,204.3,99.6,2.052,336.3,326.1,1.031
Y8610001,Ruisseau de Chiova au pont de la RD 26,Ruisseau u Fiumicellu,2017-05-22,1,1,143,470.8,18.6,92.0,0.202,93.4,264.3,0.354,473.8,609.6,0.777
Y8610001,Ruisseau de Chiova au pont de la RD 26,Ruisseau u Fiumicellu,2017-06-23,1,1,175,470.8,19.4,56.3,0.345,66.9,226.5,0.295,388.4,525.2,0.739
Y8610001,Ruisseau de Chiova au pont de la RD 26,Ruisseau u Fiumicellu,2017-07-23,1,1,205,470.8,18.0,14.8,1.221,56.0,158.1,0.354,265.3,425.9,0.623
Y8610001,Ruisseau de Chiova au pont de la RD 26,Ruisseau u Fiumicellu,2017-08-07,1,1,220,470.8,0.0,17.9,0.001,43.1,117.9,0.366,168.5,383.6,0.439
Y8610001,Ruisseau de Chiova au pont de la RD 26,Ruisseau u Fiumicellu,2017-08-21,1,1,234,470.8,0.0,18.8,0.001,37.5,89.6,0.418,130.9,351.7,0.372
Y8610001,Ruisseau de Chiova au pont de la RD 26,Ruisseau u Fiumicellu,2017-09-04,1,1,248,470.8,0.6,28.0,0.023,18.8,79.9,0.235,86.1,316.2,0.272
Y8610001,Ruisseau de Chiova au pont de la RD 26,Ruisseau u Fiumicellu,2017-09-18,1,1,262,470.8,28.6,53.7,0.532,46.6,87.3,0.535,113.7,322.0,0.353
Y8610001,Ruisseau de Chiova au pont de la RD 26,Ruisseau u Fiumicellu,2017-09-29,1,1,273,470.8,62.1,86.0,0.722,62.3,126.7,0.492,128.5,334.7,0.384
Y8610001,Ruisseau de Chiova au pont de la RD 26,Ruisseau u Fiumicellu,2018-05-28,1,1,149,470.8,208.4,77.5,2.69,526.9,253.1,2.082,1011.8,586.1,1.726
Y8610001,Ruisseau de Chiova au pont de la RD 26,Ruisseau u Fiumicellu,2018-06-19,1,1,171,470.8,113.5,63.2,1.794,362.0,234.4,1.544,961.2,538.8,1.784
Y8610001,Ruisseau de Chiova au pont de la RD 26,Ruisseau u Fiumicellu,2018-07-25,1,1,207,470.8,33.6,14.2,2.377,336.0,151.3,2.221,843.3,420.8,2.004
Y8610001,Ruisseau de Chiova au pont de la RD 26,Ruisseau u Fiumicellu,2018-08-23,1,1,236,470.8,128.2,20.6,6.23,255.9,91.1,2.811,838.5,350.8,2.39
Y8610001,Ruisseau de Chiova au pont de la RD 26,Ruisseau u Fiumicellu,2018-09-24,1,1,268,470.8,82.0,73.6,1.113,249.4,110.7,2.254,637.5,329.4,1.935
Y8610001,Ruisseau de Chiova au pont de la RD 26,Ruisseau u Fiumicellu,2018-10-25,1,1,299,470.8,82.2,104.2,0.789,312.3,206.9,1.509,657.9,351.5,1.872
Y8610001,Ruisseau de Chiova au pont de la RD 26,Ruisseau u Fiumicellu,2019-04-02,1,1,93,470.8,13.4,81.6,0.164,164.1,275.8,0.595,562.2,704.2,0.798
Y8610001,Ruisseau de Chiova au pont de la RD 26,Ruisseau u Fiumicellu,2019-04-24,1,1,115,470.8,95.7,83.1,1.151,232.2,267.8,0.867,579.0,685.0,0.845
Y8610001,Ruisseau de Chiova au pont de la RD 26,Ruisseau u Fiumicellu,2019-05-27,1,1,148,470.8,94.7,81.2,1.167,205.6,255.7,0.804,439.3,590.0,0.745
Y8610001,Ruisseau de Chiova au pont de la RD 26,Ruisseau u Fiumicellu,2019-06-20,1,1,172,470.8,19.6,61.0,0.321,205.9,234.7,0.877,371.9,536.0,0.694
Y8610001,Ruisseau de Chiova au pont de la RD 26,Ruisseau u Fiumicellu,2019-07-24,1,1,206,470.8,12.0,14.9,0.807,121.0,154.0,0.786,350.4,421.6,0.831
Y8610001,Ruisseau de Chiova au pont de la RD 26,Ruisseau u Fiumicellu,2019-08-27,1,1,240,470.8,32.8,22.1,1.482,90.6,89.4,1.013,309.9,341.4,0.908
Y8610001,Ruisseau de Chiova au pont de la RD 26,Ruisseau u Fiumicellu,2019-09-25,1,1,269,470.8,44.0,79.4,0.554,134.3,116.9,1.149,340.3,333.1,1.021
Y8610001,Ruisseau de Chiova au pont de la RD 26,Ruisseau u Fiumicellu,2019-10-28,1,1,302,470.8,54.0,104.8,0.515,129.2,215.5,0.599,297.1,355.0,0.837
Y8610001,Ruisseau de Chiova au pont de la RD 26,Ruisseau u Fiumicellu,2020-05-27,1,1,148,470.8,136.7,81.2,1.684,370.9,255.7,1.451,739.4,590.0,1.253
Y8610001,Ruisseau de Chiova au pont de la RD 26,Ruisseau u Fiumicellu,2020-06-25,1a,1,177,470.8,83.4,55.8,1.495,277.8,219.8,1.264,510.0,512.2,0.996
Y8610001,Ruisseau de Chiova au pont de la RD 26,Ruisseau u Fiumicellu,2020-07-23,1,1,205,470.8,2.7,14.8,0.184,222.8,158.1,1.409,479.3,425.9,1.125
Y8610001,Ruisseau de Chiova au pont de la RD 26,Ruisseau u Fiumicellu,2020-08-25,1,1,238,470.8,0.6,23.6,0.024,86.7,91.1,0.951,457.6,346.8,1.319
Y8610001,Ruisseau de Chiova au pont de la RD 26,Ruisseau u Fiumicellu,2020-09-24,1,1,268,470.8,78.5,73.6,1.066,81.8,110.7,0.739,351.2,329.4,1.066
Y8610001,Ruisseau de Chiova au pont de la RD 26,Ruisseau u Fiumicellu,2020-09-29,1,1,273,470.8,172.4,86.0,2.005,193.5,126.7,1.527,458.2,334.7,1.369
Y8610001,Ruisseau de Chiova au pont de la RD 26,Ruisseau u Fiumicellu,2021-05-27,1,1,148,470.8,141.6,81.2,1.745,270.6,255.7,1.058,1040.5,590.0,1.764
Y8610001,Ruisseau de Chiova au pont de la RD 26,Ruisseau u Fiumicellu,2021-06-21,1a,1,173,470.8,16.7,56.2,0.298,236.2,233.4,1.012,871.1,533.2,1.634
Y8610001,Ruisseau de Chiova au pont de la RD 26,Ruisseau u Fiumicellu,2021-07-29,1a,1,211,470.8,7.0,15.1,0.459,133.1,140.8,0.946,497.6,411.3,1.21
Y8610001,Ruisseau de Chiova au pont de la RD 26,Ruisseau u Fiumicellu,2021-08-24,1a,1,237,470.8,2.6,22.5,0.115,19.4,92.5,0.21,290.0,348.7,0.832
Y8610001,Ruisseau de Chiova au pont de la RD 26,Ruisseau u Fiumicellu,2021-09-28,1a,1,272,470.8,32.6,87.0,0.375,40.6,125.7,0.323,276.6,337.3,0.82
Y8610001,Ruisseau de Chiova au pont de la RD 26,Ruisseau u Fiumicellu,2022-04-20,1,1,111,470.8,54.2,82.6,0.657,108.0,272.5,0.397,503.5,692.8,0.727
Y8610001,Ruisseau de Chiova au pont de la RD 26,Ruisseau u Fiumicellu,2022-05-24,1,1,145,470.8,67.6,87.1,0.776,192.0,260.4,0.737,472.3,601.5,0.785
Y8610001,Ruisseau de Chiova au pont de la RD 26,Ruisseau u Fiumicellu,2022-06-23,1,1,175,470.8,0.6,56.3,0.011,173.9,226.5,0.768,294.3,525.2,0.56
Y8610001,Ruisseau de Chiova au pont de la RD 26,Ruisseau u Fiumicellu,2022-07-12,1,1,194,470.8,1.0,24.4,0.042,120.7,181.8,0.664,229.7,458.0,0.502
Y8610001,Ruisseau de Chiova au pont de la RD 26,Ruisseau u Fiumicellu,2022-07-26,1,1,208,470.8,0.8,13.4,0.062,47.6,148.7,0.32,227.4,417.5,0.545
Y8610001,Ruisseau de Chiova au pont de la RD 26,Ruisseau u Fiumicellu,2022-08-11,1,1,224,470.8,51.9,19.1,2.713,53.6,114.5,0.468,271.7,371.3,0.732
Y8610001,Ruisseau de Chiova au pont de la RD 26,Ruisseau u Fiumicellu,2022-08-25,1,1,238,470.8,146.9,23.6,6.23,148.3,91.1,1.627,340.5,346.8,0.982
Y8610001,Ruisseau de Chiova au pont de la RD 26,Ruisseau u Fiumicellu,2022-09-09,1,1,253,470.8,149.5,30.1,4.965,150.5,75.1,2.006,325.2,311.0,1.046
Y8610001,Ruisseau de Chiova au pont de la RD 26,Ruisseau u Fiumicellu,2022-09-22,1,1,266,470.8,4.7,67.9,0.07,152.6,103.4,1.476,326.5,328.2,0.995
Y8610001,Ruisseau de Chiova au pont de la RD 26,Ruisseau u Fiumicellu,2022-10-06,1,1,280,470.8,114.5,102.5,1.117,264.0,151.1,1.747,384.7,343.4,1.12
Y8610001,Ruisseau de Chiova au pont de la RD 26,Ruisseau u Fiumicellu,2022-11-03,1,1,308,470.8,9.6,120.0,0.08,273.4,245.0,1.116,276.7,366.0,0.756
Y8610001,Ruisseau de Chiova au pont de la RD 26,Ruisseau u Fiumicellu,2022-11-21,1,1,326,470.8,103.6,165.5,0.626,230.1,341.5,0.674,378.6,432.5,0.875
Y8610001,Ruisseau de Chiova au pont de la RD 26,Ruisseau u Fiumicellu,2023-03-27,1,1,87,470.8,109.8,92.2,1.191,328.0,292.3,1.122,828.2,706.9,1.172
Y8610001,Ruisseau de Chiova au pont de la RD 26,Ruisseau u Fiumicellu,2023-04-25,1,1,116,470.8,62.0,85.6,0.724,183.1,267.6,0.684,814.4,685.4,1.188
Y8610001,Ruisseau de Chiova au pont de la RD 26,Ruisseau u Fiumicellu,2023-05-23,1,1,144,470.8,68.0,90.3,0.754,235.5,262.0,0.899,696.1,605.3,1.15
Y8610001,Ruisseau de Chiova au pont de la RD 26,Ruisseau u Fiumicellu,2023-06-27,1,1,179,470.8,64.5,53.0,1.218,211.0,216.3,0.975,538.8,500.0,1.078
Y8610001,Ruisseau de Chiova au pont de la RD 26,Ruisseau u Fiumicellu,2023-07-24,1,1,206,470.8,1.8,14.9,0.119,156.1,154.0,1.013,339.2,421.6,0.805
Y8610001,Ruisseau de Chiova au pont de la RD 26,Ruisseau u Fiumicellu,2023-08-10,1,1,223,470.8,0.0,18.6,0.001,116.7,116.2,1.004,326.1,373.3,0.874
Y8610001,Ruisseau de Chiova au pont de la RD 26,Ruisseau u Fiumicellu,2023-08-29,1,1,242,470.8,72.6,23.7,3.061,138.3,84.1,1.644,327.7,335.9,0.976
Y8610001,Ruisseau de Chiova au pont de la RD 26,Ruisseau u Fiumicellu,2023-09-25,1,1,269,470.8,160.4,79.4,2.02,162.2,116.9,1.387,373.1,333.1,1.12
Y8610001,Ruisseau de Chiova au pont de la RD 26,Ruisseau u Fiumicellu,2023-10-24,1,1,298,470.8,59.2,108.2,0.547,219.6,205.4,1.069,375.5,354.1,1.06
Y8610001,Ruisseau de Chiova au pont de la RD 26,Ruisseau u Fiumicellu,2024-03-07,1,1,67,470.8,277.9,106.6,2.606,345.7,331.6,1.042,950.1,728.8,1.304
Y8610001,Ruisseau de Chiova au pont de la RD 26,Ruisseau u Fiumicellu,2024-04-26,1,1,117,470.8,69.6,82.8,0.841,437.2,269.6,1.622,846.1,686.3,1.233
Y8610001,Ruisseau de Chiova au pont de la RD 26,Ruisseau u Fiumicellu,2024-05-21,1,1,142,470.8,107.0,89.5,1.196,450.8,263.4,1.711,672.5,607.4,1.107
Y8610001,Ruisseau de Chiova au pont de la RD 26,Ruisseau u Fiumicellu,2024-06-21,1,1,173,470.8,1.9,56.2,0.034,191.1,233.4,0.819,579.5,533.2,1.087
Y8610001,Ruisseau de Chiova au pont de la RD 26,Ruisseau u Fiumicellu,2024-07-23,1,1,205,470.8,30.9,14.8,2.094,130.6,158.1,0.826,567.8,425.9,1.333
Y8610001,Ruisseau de Chiova au pont de la RD 26,Ruisseau u Fiumicellu,2024-08-20,1,1,233,470.8,21.0,18.9,1.109,56.2,89.2,0.63,507.0,353.5,1.434
Y8610001,Ruisseau de Chiova au pont de la RD 26,Ruisseau u Fiumicellu,2024-09-21,1a,1,265,470.8,116.6,64.8,1.801,167.9,99.6,1.687,362.2,326.1,1.111
Y8610001,Ruisseau de Chiova au pont de la RD 26,Ruisseau u Fiumicellu,2025-04-23,1,1,114,470.8,168.6,84.2,2.003,428.2,269.3,1.59,724.5,685.4,1.057
Y8610001,Ruisseau de Chiova au pont de la RD 26,Ruisseau u Fiumicellu,2025-05-27,1,1,148,470.8,50.9,81.2,0.627,422.5,255.7,1.652,698.8,590.0,1.184
Y8610001,Ruisseau de Chiova au pont de la RD 26,Ruisseau u Fiumicellu,2025-06-25,1a,1,177,470.8,0.6,55.8,0.011,219.4,219.8,0.998,597.7,512.2,1.167
Y8610001,Ruisseau de Chiova au pont de la RD 26,Ruisseau u Fiumicellu,2025-07-25,1a,1,207,470.8,6.4,14.2,0.449,57.7,151.3,0.381,496.0,420.8,1.179
Y8610001,Ruisseau de Chiova au pont de la RD 26,Ruisseau u Fiumicellu,2025-08-22,1a,1,235,470.8,40.1,19.9,2.011,47.2,91.0,0.519,491.3,351.5,1.398
Y8610001,Ruisseau de Chiova au pont de la RD 26,Ruisseau u Fiumicellu,2025-09-22,1a,1,266,470.8,45.0,67.9,0.663,91.7,103.4,0.887,319.2,328.2,0.973
Y8610001,Ruisseau de Chiova au pont de la RD 26,Ruisseau u Fiumicellu,2025-10-27,1a,1,301,470.8,80.7,104.6,0.771,165.0,213.1,0.774,224.3,353.8,0.634
Y8610001,Ruisseau de Chiova au pont de la RD 26,Ruisseau u Fiumicellu,2026-05-26,1a,1,147,470.8,52.1,81.3,0.641,158.4,256.3,0.618,828.9,591.4,1.402
Y8610001,Ruisseau de Chiova au pont de la RD 26,Ruisseau u Fiumicellu,2026-06-25,1a,1,177,470.8,0.5,55.8,0.009,78.2,219.8,0.356,739.7,512.2,1.444
Y8610001,Ruisseau de Chiova au pont de la RD 26,Ruisseau u Fiumicellu,2026-07-27,1a,1,209,470.8,39.3,14.1,2.779,93.2,144.6,0.645,514.9,415.8,1.238
Y8610001,Ruisseau de Chiova au pont de la RD 26,Ruisseau u Fiumicellu,2026-08-24,1a,1,237,470.8,51.5,22.5,2.289,92.5,92.5,1.001,250.9,348.7,0.719
Y8610001,Ruisseau de Chiova au pont de la RD 26,Ruisseau u Fiumicellu,2026-09-28,1a,1,272,470.8,0.0,87.0,0.0,91.3,125.7,0.726,169.8,337.3,0.503
Y8700001,Le Baraci au pont de Filetta,Rivière Baraci,2012-05-25,1a,1,146,18.9,138.6,53.6,2.584,213.4,166.9,1.279,411.0,379.4,1.083
Y8700001,Le Baraci au pont de Filetta,Rivière Baraci,2012-06-25,1a,1,177,18.9,3.5,31.9,0.109,205.2,137.8,1.49,311.2,316.2,0.984
Y8700001,Le Baraci au pont de Filetta,Rivière Baraci,2012-07-25,1a,1,207,18.9,15.6,8.8,1.768,158.0,93.7,1.686,314.7,261.8,1.202
Y8700001,Le Baraci au pont de Filetta,Rivière Baraci,2012-08-23,1a,1,236,18.9,0.1,15.1,0.005,19.5,55.1,0.354,232.9,222.0,1.049
Y8700001,Le Baraci au pont de Filetta,Rivière Baraci,2012-09-25,1a,1,269,18.9,42.7,43.6,0.979,62.0,67.5,0.919,267.4,202.4,1.321
Y8700001,Le Baraci au pont de Filetta,Rivière Baraci,2013-05-23,1a,1,144,18.9,54.4,58.1,0.937,300.5,169.1,1.777,624.1,388.1,1.608
Y8700001,Le Baraci au pont de Filetta,Rivière Baraci,2013-06-25,1a,1,177,18.9,54.6,31.9,1.714,182.3,137.8,1.323,526.3,316.2,1.664
Y8700001,Le Baraci au pont de Filetta,Rivière Baraci,2013-07-25,1a,1,207,18.9,2.0,8.8,0.232,111.1,93.7,1.186,432.0,261.8,1.65
Y8700001,Le Baraci au pont de Filetta,Rivière Baraci,2013-08-23,1a,1,236,18.9,29.0,15.1,1.923,88.4,55.1,1.605,370.0,222.0,1.667
Y8700001,Le Baraci au pont de Filetta,Rivière Baraci,2014-05-27,1a,1,148,18.9,27.9,52.8,0.529,151.1,162.9,0.927,471.6,374.0,1.261
Y8700001,Le Baraci au pont de Filetta,Rivière Baraci,2014-06-25,1,1,177,18.9,88.5,31.9,2.777,158.7,137.8,1.152,487.9,316.2,1.543
Y8700001,Le Baraci au pont de Filetta,Rivière Baraci,2014-07-24,1a,1,206,18.9,14.9,8.1,1.833,132.5,93.7,1.414,383.7,261.4,1.468
Y8700001,Le Baraci au pont de Filetta,Rivière Baraci,2014-08-25,1f,1,238,18.9,6.3,15.0,0.422,108.6,55.0,1.976,259.7,217.8,1.192
Y8700001,Le Baraci au pont de Filetta,Rivière Baraci,2014-09-24,1f,1,268,18.9,11.7,40.9,0.286,31.9,64.4,0.496,191.3,201.0,0.952
Y8700001,Le Baraci au pont de Filetta,Rivière Baraci,2014-10-24,1a,1,298,18.9,7.9,79.5,0.1,25.9,135.1,0.192,156.2,227.8,0.685
Y8700001,Le Baraci au pont de Filetta,Rivière Baraci,2015-05-26,1a,1,147,18.9,24.0,52.9,0.453,140.0,164.7,0.85,362.5,375.9,0.964
Y8700001,Le Baraci au pont de Filetta,Rivière Baraci,2015-06-25,1f,1,177,18.9,43.8,31.9,1.373,95.0,137.8,0.689,332.0,316.2,1.05
Y8700001,Le Baraci au pont de Filetta,Rivière Baraci,2015-07-22,2,0,204,18.9,0.0,7.4,0.0,67.9,97.8,0.694,296.8,267.2,1.111
Y8700001,Le Baraci au pont de Filetta,Rivière Baraci,2015-08-27,1f,1,240,18.9,8.3,14.2,0.581,41.9,54.3,0.771,181.3,213.6,0.849
Y8700001,Le Baraci au pont de Filetta,Rivière Baraci,2015-09-22,1f,1,266,18.9,1.0,37.7,0.026,9.1,60.9,0.149,104.1,202.6,0.514
Y8700001,Le Baraci au pont de Filetta,Rivière Baraci,2016-05-03,1,1,124,18.9,19.0,54.5,0.348,267.1,165.4,1.615,370.2,426.8,0.867
Y8700001,Le Baraci au pont de Filetta,Rivière Baraci,2016-05-18,1,1,139,18.9,37.1,54.9,0.675,191.3,163.2,1.172,388.7,393.0,0.989
Y8700001,Le Baraci au pont de Filetta,Rivière Baraci,2016-06-07,1,1,159,18.9,29.0,42.8,0.678,79.7,150.2,0.531,365.9,348.7,1.049
Y8700001,Le Baraci au pont de Filetta,Rivière Baraci,2016-06-27,1,1,179,18.9,26.9,30.6,0.878,68.9,134.9,0.511,383.1,310.4,1.234
Y8700001,Le Baraci au pont de Filetta,Rivière Baraci,2016-07-21,1,1,203,18.9,0.5,7.5,0.061,65.6,99.6,0.659,320.2,268.8,1.191
Y8700001,Le Baraci au pont de Filetta,Rivière Baraci,2016-08-22,1,1,235,18.9,15.3,14.4,1.057,42.9,54.7,0.785,235.8,222.2,1.061
Y8700001,Le Baraci au pont de Filetta,Rivière Baraci,2016-09-21,1,1,265,18.9,51.7,37.3,1.388,67.8,59.8,1.133,141.3,202.7,0.697
Y8700001,Le Baraci au pont de Filetta,Rivière Baraci,2017-05-22,1,1,143,18.9,10.2,59.9,0.17,60.5,170.4,0.355,354.1,390.6,0.907
Y8700001,Le Baraci au pont de Filetta,Rivière Baraci,2017-06-23,1,1,175,18.9,2.8,32.2,0.087,44.1,142.8,0.309,230.5,323.8,0.712
Y8700001,Le Baraci au pont de Filetta,Rivière Baraci,2017-07-23,1,1,205,18.9,11.3,8.1,1.408,24.3,95.6,0.254,136.8,263.6,0.519
Y8700001,Le Baraci au pont de Filetta,Rivière Baraci,2017-08-07,2,0,220,18.9,0.0,10.7,0.0,18.7,73.3,0.255,124.3,239.5,0.519
Y8700001,Le Baraci au pont de Filetta,Rivière Baraci,2017-08-21,1,1,234,18.9,0.0,14.3,0.0,14.2,54.0,0.262,74.6,223.1,0.335
Y8700001,Le Baraci au pont de Filetta,Rivière Baraci,2017-09-04,2,0,248,18.9,0.4,15.8,0.026,11.8,48.7,0.243,56.4,198.0,0.285
Y8700001,Le Baraci au pont de Filetta,Rivière Baraci,2017-09-18,2,0,262,18.9,9.3,29.4,0.315,20.6,51.0,0.404,64.8,199.2,0.325
Y8700001,Le Baraci au pont de Filetta,Rivière Baraci,2017-09-29,1,1,273,18.9,70.4,51.5,1.368,71.1,76.0,0.936,100.3,207.1,0.484
Y8700001,Le Baraci au pont de Filetta,Rivière Baraci,2018-05-28,1,1,149,18.9,114.6,50.6,2.266,256.9,161.7,1.589,556.4,370.7,1.501
Y8700001,Le Baraci au pont de Filetta,Rivière Baraci,2018-06-19,1,1,171,18.9,65.6,38.1,1.721,192.4,148.2,1.298,494.9,331.0,1.495
Y8700001,Le Baraci au pont de Filetta,Rivière Baraci,2018-07-25,1,1,207,18.9,60.2,8.8,6.837,224.2,93.7,2.392,471.0,261.8,1.799
Y8700001,Le Baraci au pont de Filetta,Rivière Baraci,2018-08-23,1,1,236,18.9,46.8,15.1,3.109,156.7,55.1,2.846,451.3,222.0,2.033
Y8700001,Le Baraci au pont de Filetta,Rivière Baraci,2018-09-24,1,1,268,18.9,34.4,40.9,0.842,140.9,64.4,2.19,344.2,201.0,1.713
Y8700001,Le Baraci au pont de Filetta,Rivière Baraci,2018-10-25,1,1,299,18.9,26.2,78.0,0.335,112.6,136.4,0.826,336.8,226.4,1.488
Y8700001,Le Baraci au pont de Filetta,Rivière Baraci,2019-04-02,1,1,93,18.9,3.5,52.4,0.067,114.6,173.2,0.662,318.7,462.3,0.689
Y8700001,Le Baraci au pont de Filetta,Rivière Baraci,2019-04-24,1,1,115,18.9,71.6,55.3,1.296,135.5,168.0,0.806,365.1,441.9,0.826
Y8700001,Le Baraci au pont de Filetta,Rivière Baraci,2019-05-27,1,1,148,18.9,32.2,52.8,0.61,107.5,162.9,0.66,241.9,374.0,0.647
Y8700001,Le Baraci au pont de Filetta,Rivière Baraci,2019-06-20,1,1,172,18.9,10.3,34.9,0.295,108.0,148.2,0.729,222.3,329.9,0.674
Y8700001,Le Baraci au pont de Filetta,Rivière Baraci,2019-07-24,1,1,206,18.9,4.3,8.1,0.526,39.8,93.7,0.425,173.5,261.4,0.664
Y8700001,Le Baraci au pont de Filetta,Rivière Baraci,2019-08-27,1,1,240,18.9,3.8,14.2,0.27,46.0,54.3,0.847,155.2,213.6,0.727
Y8700001,Le Baraci au pont de Filetta,Rivière Baraci,2019-09-25,1,1,269,18.9,13.3,43.6,0.305,57.8,67.5,0.857,165.0,202.4,0.815
Y8700001,Le Baraci au pont de Filetta,Rivière Baraci,2019-10-28,1,1,302,18.9,29.4,76.4,0.385,44.1,141.1,0.312,122.8,228.6,0.537
Y8700001,Le Baraci au pont de Filetta,Rivière Baraci,2020-05-27,1,1,148,18.9,54.4,52.8,1.031,164.2,162.9,1.008,290.1,374.0,0.776
Y8700001,Le Baraci au pont de Filetta,Rivière Baraci,2020-06-25,1a,1,177,18.9,32.7,31.9,1.025,151.9,137.8,1.102,215.8,316.2,0.682
Y8700001,Le Baraci au pont de Filetta,Rivière Baraci,2020-07-23,1,1,205,18.9,0.2,8.1,0.03,87.5,95.6,0.915,204.1,263.6,0.774
Y8700001,Le Baraci au pont de Filetta,Rivière Baraci,2020-08-25,1,1,238,18.9,0.0,15.0,0.0,32.9,55.0,0.599,197.1,217.8,0.905
Y8700001,Le Baraci au pont de Filetta,Rivière Baraci,2020-09-29,1,1,273,18.9,127.6,51.5,2.479,135.0,76.0,1.777,283.3,207.1,1.368
Y8700001,Le Baraci au pont de Filetta,Rivière Baraci,2021-05-24,1,1,145,18.9,69.7,55.4,1.258,132.8,167.5,0.793,547.4,383.9,1.426
Y8700001,Le Baraci au pont de Filetta,Rivière Baraci,2021-06-22,1a,1,174,18.9,4.4,32.3,0.135,107.0,146.7,0.729,394.4,326.2,1.209
Y8700001,Le Baraci au pont de Filetta,Rivière Baraci,2021-07-29,1f,1,211,18.9,2.0,8.6,0.229,68.1,88.3,0.771,214.7,255.2,0.842
Y8700001,Le Baraci au pont de Filetta,Rivière Baraci,2021-08-26,1f,1,239,18.9,4.4,15.0,0.294,8.2,54.5,0.15,141.7,216.2,0.655
Y8700001,Le Baraci au pont de Filetta,Rivière Baraci,2021-09-29,1a,1,273,18.9,10.3,51.5,0.201,16.6,76.0,0.218,122.8,207.1,0.593
Y8700001,Le Baraci au pont de Filetta,Rivière Baraci,2022-04-13,1,1,104,18.9,36.7,51.7,0.71,65.1,173.4,0.375,333.3,451.4,0.738
Y8700001,Le Baraci au pont de Filetta,Rivière Baraci,2022-05-28,1,1,149,18.9,33.9,50.6,0.67,103.1,161.7,0.638,232.8,370.7,0.628
Y8700001,Le Baraci au pont de Filetta,Rivière Baraci,2022-06-22,1,1,174,18.9,1.0,32.3,0.032,99.9,146.7,0.681,162.2,326.2,0.497
Y8700001,Le Baraci au pont de Filetta,Rivière Baraci,2022-07-11,1,1,193,18.9,0.4,16.3,0.027,63.7,114.8,0.555,128.8,287.4,0.448
Y8700001,Le Baraci au pont de Filetta,Rivière Baraci,2022-07-27,1,1,209,18.9,0.4,8.8,0.049,34.7,90.0,0.386,126.3,258.6,0.488
Y8700001,Le Baraci au pont de Filetta,Rivière Baraci,2022-08-10,2,0,223,18.9,0.2,12.8,0.014,1.9,73.0,0.026,122.3,234.6,0.521
Y8700001,Le Baraci au pont de Filetta,Rivière Baraci,2022-08-24,1,1,237,18.9,43.6,14.5,3.012,44.2,55.2,0.802,147.4,219.9,0.67
Y8700001,Le Baraci au pont de Filetta,Rivière Baraci,2022-09-07,1,1,251,18.9,58.8,17.1,3.432,59.4,46.9,1.268,159.5,195.6,0.815
Y8700001,Le Baraci au pont de Filetta,Rivière Baraci,2022-09-22,1,1,266,18.9,17.2,37.7,0.457,61.1,60.9,1.003,161.0,202.6,0.794
Y8700001,Le Baraci au pont de Filetta,Rivière Baraci,2022-10-06,1,1,280,18.9,86.4,64.0,1.35,145.4,90.7,1.603,209.1,210.7,0.993
Y8700001,Le Baraci au pont de Filetta,Rivière Baraci,2022-11-04,1,1,309,18.9,25.5,86.4,0.295,170.7,164.9,1.035,179.6,238.7,0.752
Y8700001,Le Baraci au pont de Filetta,Rivière Baraci,2022-11-21,1,1,326,18.9,108.0,107.1,1.008,228.1,223.9,1.019,273.0,279.0,0.978
Y8700001,Le Baraci au pont de Filetta,Rivière Baraci,2023-03-29,1,1,89,18.9,56.1,57.4,0.976,150.4,175.5,0.857,567.6,464.6,1.222
Y8700001,Le Baraci au pont de Filetta,Rivière Baraci,2023-04-25,1,1,116,18.9,17.6,56.2,0.312,85.5,167.7,0.51,560.5,441.3,1.27
Y8700001,Le Baraci au pont de Filetta,Rivière Baraci,2023-05-23,1,1,144,18.9,44.2,58.1,0.76,123.6,169.1,0.731,444.3,388.1,1.145
Y8700001,Le Baraci au pont de Filetta,Rivière Baraci,2023-06-26,1,1,178,18.9,53.4,31.4,1.701,118.0,136.6,0.864,268.8,313.0,0.859
Y8700001,Le Baraci au pont de Filetta,Rivière Baraci,2023-07-24,1,1,206,18.9,0.6,8.1,0.071,101.1,93.7,1.079,186.7,261.4,0.714
Y8700001,Le Baraci au pont de Filetta,Rivière Baraci,2023-08-09,1,1,222,18.9,0.3,11.6,0.027,80.7,72.6,1.111,182.9,234.7,0.78
Y8700001,Le Baraci au pont de Filetta,Rivière Baraci,2023-08-29,1,1,242,18.9,24.8,15.4,1.604,76.3,50.7,1.505,180.6,209.9,0.86
Y8700001,Le Baraci au pont de Filetta,Rivière Baraci,2023-09-25,1,1,269,18.9,53.8,43.6,1.235,54.6,67.5,0.809,172.7,202.4,0.853
Y8700001,Le Baraci au pont de Filetta,Rivière Baraci,2023-10-24,1,1,298,18.9,24.4,79.5,0.307,78.5,135.1,0.581,179.6,227.8,0.788
Y8700001,Le Baraci au pont de Filetta,Rivière Baraci,2024-03-07,1,1,67,18.9,153.4,62.2,2.466,226.8,204.3,1.11,468.0,474.8,0.986
Y8700001,Le Baraci au pont de Filetta,Rivière Baraci,2024-04-29,1,1,120,18.9,10.0,53.1,0.189,232.8,167.8,1.387,458.2,433.8,1.056
Y8700001,Le Baraci au pont de Filetta,Rivière Baraci,2024-05-21,1,1,142,18.9,49.5,59.9,0.825,253.5,169.0,1.5,379.3,390.3,0.972
Y8700001,Le Baraci au pont de Filetta,Rivière Baraci,2024-06-27,1,1,179,18.9,19.5,30.6,0.638,76.4,134.9,0.566,352.4,310.4,1.135
Y8700001,Le Baraci au pont de Filetta,Rivière Baraci,2024-07-23,1,1,205,18.9,15.9,8.1,1.975,68.1,95.6,0.712,301.9,263.6,1.145
Y8700001,Le Baraci au pont de Filetta,Rivière Baraci,2024-08-20,1,1,233,18.9,11.7,14.1,0.83,32.9,53.7,0.613,286.2,224.1,1.277
Y8700001,Le Baraci au pont de Filetta,Rivière Baraci,2024-09-21,1a,1,265,18.9,58.0,37.3,1.556,85.3,59.8,1.427,169.6,202.7,0.837
Y8700001,Le Baraci au pont de Filetta,Rivière Baraci,2025-04-23,1,1,114,18.9,75.5,56.3,1.341,179.6,169.4,1.06,389.6,441.8,0.882
Y8700001,Le Baraci au pont de Filetta,Rivière Baraci,2025-05-27,1,1,148,18.9,18.9,52.8,0.358,163.8,162.9,1.006,328.4,374.0,0.878
Y8700001,Le Baraci au pont de Filetta,Rivière Baraci,2025-06-25,1a,1,177,18.9,1.0,31.9,0.032,92.4,137.8,0.671,276.0,316.2,0.873
Y8700001,Le Baraci au pont de Filetta,Rivière Baraci,2025-07-24,1f,1,206,18.9,1.5,8.1,0.179,21.4,93.7,0.229,201.6,261.4,0.771
Y8700001,Le Baraci au pont de Filetta,Rivière Baraci,2025-08-26,1f,1,239,18.9,5.9,15.0,0.392,16.8,54.5,0.308,179.6,216.2,0.831
Y8700001,Le Baraci au pont de Filetta,Rivière Baraci,2025-09-26,1f,1,270,18.9,50.1,44.2,1.134,66.0,68.8,0.959,152.4,201.9,0.755
Y8700001,Le Baraci au pont de Filetta,Rivière Baraci,2025-10-27,1a,1,301,18.9,79.9,78.8,1.013,135.9,140.2,0.969,165.0,228.5,0.722
Y8700001,Le Baraci au pont de Filetta,Rivière Baraci,2026-05-26,1a,1,147,18.9,15.6,52.9,0.295,86.6,164.7,0.526,473.9,375.9,1.261
Y8700001,Le Baraci au pont de Filetta,Rivière Baraci,2026-06-25,1a,1,177,18.9,2.6,31.9,0.081,33.2,137.8,0.241,384.4,316.2,1.216
Y8700001,Le Baraci au pont de Filetta,Rivière Baraci,2026-07-27,1a,1,209,18.9,2.6,8.8,0.295,20.6,90.0,0.229,216.2,258.6,0.836
Y8700001,Le Baraci au pont de Filetta,Rivière Baraci,2026-08-24,1a,1,237,18.9,21.0,14.5,1.455,26.2,55.2,0.475,112.9,219.9,0.513
Y8700001,Le Baraci au pont de Filetta,Rivière Baraci,2026-09-28,1a,1,272,18.9,1.1,49.6,0.021,24.9,73.7,0.338,58.0,206.7,0.281
Y8820001,Le Fiumicicoli entre le ruisseau de Tunau et le ruisseau de San Polu,Rivière u Fiumicicoli,2012-05-25,1a,1,146,109.5,147.0,73.8,1.992,279.2,235.6,1.185,529.0,538.2,0.983
Y8820001,Le Fiumicicoli entre le ruisseau de Tunau et le ruisseau de San Polu,Rivière u Fiumicicoli,2012-06-25,1a,1,177,109.5,4.3,35.1,0.123,251.3,185.2,1.357,406.6,435.7,0.933
Y8820001,Le Fiumicicoli entre le ruisseau de Tunau et le ruisseau de San Polu,Rivière u Fiumicicoli,2012-07-25,1a,1,207,109.5,11.2,12.1,0.927,172.0,119.3,1.442,387.9,355.8,1.09
Y8820001,Le Fiumicicoli entre le ruisseau de Tunau et le ruisseau de San Polu,Rivière u Fiumicicoli,2012-08-23,1a,1,236,109.5,0.0,20.7,0.001,25.1,65.5,0.383,304.3,291.1,1.045
Y8820001,Le Fiumicicoli entre le ruisseau de Tunau et le ruisseau de San Polu,Rivière u Fiumicicoli,2012-09-25,1a,1,269,109.5,55.0,60.4,0.911,70.8,92.5,0.766,322.1,267.6,1.204
Y8820001,Le Fiumicicoli entre le ruisseau de Tunau et le ruisseau de San Polu,Rivière u Fiumicicoli,2013-05-23,1a,1,144,109.5,75.2,80.3,0.936,508.8,237.9,2.139,1004.6,550.6,1.825
Y8820001,Le Fiumicicoli entre le ruisseau de Tunau et le ruisseau de San Polu,Rivière u Fiumicicoli,2013-06-25,1a,1,177,109.5,69.2,35.1,1.971,262.1,185.2,1.415,835.1,435.7,1.917
Y8820001,Le Fiumicicoli entre le ruisseau de Tunau et le ruisseau de San Polu,Rivière u Fiumicicoli,2013-07-25,1a,1,207,109.5,41.8,12.1,3.466,188.6,119.3,1.581,743.9,355.8,2.091
Y8820001,Le Fiumicicoli entre le ruisseau de Tunau et le ruisseau de San Polu,Rivière u Fiumicicoli,2013-08-23,1a,1,236,109.5,25.1,20.7,1.209,142.9,65.5,2.182,635.9,291.1,2.184
Y8820001,Le Fiumicicoli entre le ruisseau de Tunau et le ruisseau de San Polu,Rivière u Fiumicicoli,2014-05-27,1a,1,148,109.5,44.7,70.4,0.634,237.2,230.8,1.028,641.1,528.9,1.212
Y8820001,Le Fiumicicoli entre le ruisseau de Tunau et le ruisseau de San Polu,Rivière u Fiumicicoli,2014-06-25,1,1,177,109.5,89.5,35.1,2.547,194.3,185.2,1.049,640.9,435.7,1.471
Y8820001,Le Fiumicicoli entre le ruisseau de Tunau et le ruisseau de San Polu,Rivière u Fiumicicoli,2014-07-24,1a,1,206,109.5,20.6,12.1,1.71,157.1,121.6,1.292,516.9,356.1,1.451
Y8820001,Le Fiumicicoli entre le ruisseau de Tunau et le ruisseau de San Polu,Rivière u Fiumicicoli,2014-08-25,1f,1,238,109.5,8.9,20.7,0.43,117.7,64.1,1.836,354.9,284.9,1.246
Y8820001,Le Fiumicicoli entre le ruisseau de Tunau et le ruisseau de San Polu,Rivière u Fiumicicoli,2014-09-24,1f,1,268,109.5,7.2,57.1,0.126,35.8,88.7,0.403,228.4,268.1,0.852
Y8820001,Le Fiumicicoli entre le ruisseau de Tunau et le ruisseau de San Polu,Rivière u Fiumicicoli,2014-10-24,1a,1,298,109.5,17.2,104.9,0.164,33.2,182.6,0.182,186.7,296.5,0.63
Y8820001,Le Fiumicicoli entre le ruisseau de Tunau et le ruisseau de San Polu,Rivière u Fiumicicoli,2015-05-26,1a,1,147,109.5,41.0,72.0,0.57,229.4,232.2,0.988,536.5,534.3,1.004
Y8820001,Le Fiumicicoli entre le ruisseau de Tunau et le ruisseau de San Polu,Rivière u Fiumicicoli,2015-06-25,1f,1,177,109.5,61.7,35.1,1.756,129.5,185.2,0.699,481.9,435.7,1.106
Y8820001,Le Fiumicicoli entre le ruisseau de Tunau et le ruisseau de San Polu,Rivière u Fiumicicoli,2015-07-22,1f,1,204,109.5,0.4,11.8,0.034,103.2,128.2,0.804,451.6,363.3,1.243
Y8820001,Le Fiumicicoli entre le ruisseau de Tunau et le ruisseau de San Polu,Rivière u Fiumicicoli,2015-08-27,1a,1,240,109.5,10.5,22.1,0.476,55.7,64.5,0.863,286.8,283.6,1.011
Y8820001,Le Fiumicicoli entre le ruisseau de Tunau et le ruisseau de San Polu,Rivière u Fiumicicoli,2015-09-22,1f,1,266,109.5,1.0,48.3,0.021,12.1,79.8,0.152,142.5,267.5,0.533
Y8820001,Le Fiumicicoli entre le ruisseau de Tunau et le ruisseau de San Polu,Rivière u Fiumicicoli,2016-05-03,1,1,124,109.5,25.8,77.1,0.334,347.9,233.0,1.493,487.5,595.7,0.818
Y8820001,Le Fiumicicoli entre le ruisseau de Tunau et le ruisseau de San Polu,Rivière u Fiumicicoli,2016-05-18,1,1,139,109.5,54.8,76.6,0.715,260.7,236.5,1.102,519.5,562.3,0.924
Y8820001,Le Fiumicicoli entre le ruisseau de Tunau et le ruisseau de San Polu,Rivière u Fiumicicoli,2016-06-07,1,1,159,109.5,53.0,54.8,0.967,117.5,215.0,0.547,505.8,487.2,1.038
Y8820001,Le Fiumicicoli entre le ruisseau de Tunau et le ruisseau de San Polu,Rivière u Fiumicicoli,2016-06-27,1,1,179,109.5,38.5,33.4,1.152,101.1,178.1,0.568,522.9,427.3,1.224
Y8820001,Le Fiumicicoli entre le ruisseau de Tunau et le ruisseau de San Polu,Rivière u Fiumicicoli,2016-07-21,1,1,203,109.5,0.4,10.7,0.035,95.0,129.4,0.735,424.6,363.7,1.167
Y8820001,Le Fiumicicoli entre le ruisseau de Tunau et le ruisseau de San Polu,Rivière u Fiumicicoli,2016-08-22,1,1,235,109.5,10.2,19.0,0.538,49.6,63.9,0.776,311.5,289.9,1.075
Y8820001,Le Fiumicicoli entre le ruisseau de Tunau et le ruisseau de San Polu,Rivière u Fiumicicoli,2016-09-21,1,1,265,109.5,51.6,48.7,1.061,62.8,78.2,0.803,170.0,267.8,0.635
Y8820001,Le Fiumicicoli entre le ruisseau de Tunau et le ruisseau de San Polu,Rivière u Fiumicicoli,2017-05-22,1,1,143,109.5,16.3,82.7,0.197,83.9,239.6,0.35,635.7,553.7,1.148
Y8820001,Le Fiumicicoli entre le ruisseau de Tunau et le ruisseau de San Polu,Rivière u Fiumicicoli,2017-06-23,1,1,175,109.5,1.5,36.1,0.04,51.4,192.3,0.267,397.9,446.5,0.891
Y8820001,Le Fiumicicoli entre le ruisseau de Tunau et le ruisseau de San Polu,Rivière u Fiumicicoli,2017-07-23,1,1,205,109.5,16.3,11.8,1.38,34.0,124.8,0.272,195.7,359.2,0.545
Y8820001,Le Fiumicicoli entre le ruisseau de Tunau et le ruisseau de San Polu,Rivière u Fiumicicoli,2017-08-07,1,1,220,109.5,1.8,16.3,0.109,22.3,86.7,0.257,156.1,326.0,0.479
Y8820001,Le Fiumicicoli entre le ruisseau de Tunau et le ruisseau de San Polu,Rivière u Fiumicicoli,2017-08-21,1,1,234,109.5,0.0,17.7,0.0,17.8,62.6,0.284,101.6,290.1,0.35
Y8820001,Le Fiumicicoli entre le ruisseau de Tunau et le ruisseau de San Polu,Rivière u Fiumicicoli,2017-09-04,1,1,248,109.5,1.8,23.8,0.077,18.2,58.8,0.31,70.3,266.3,0.264
Y8820001,Le Fiumicicoli entre le ruisseau de Tunau et le ruisseau de San Polu,Rivière u Fiumicicoli,2017-09-18,1,1,262,109.5,6.3,42.5,0.148,22.6,70.5,0.321,74.1,266.3,0.278
Y8820001,Le Fiumicicoli entre le ruisseau de Tunau et le ruisseau de San Polu,Rivière u Fiumicicoli,2017-09-29,1,1,273,109.5,71.6,70.9,1.009,73.5,106.7,0.689,115.0,275.3,0.418
Y8820001,Le Fiumicicoli entre le ruisseau de Tunau et le ruisseau de San Polu,Rivière u Fiumicicoli,2018-05-28,1,1,149,109.5,145.0,66.4,2.185,363.2,229.9,1.58,774.6,524.6,1.477
Y8820001,Le Fiumicicoli entre le ruisseau de Tunau et le ruisseau de San Polu,Rivière u Fiumicicoli,2018-06-19,1,1,171,109.5,112.5,42.3,2.661,289.7,202.2,1.432,715.7,460.9,1.553
Y8820001,Le Fiumicicoli entre le ruisseau de Tunau et le ruisseau de San Polu,Rivière u Fiumicicoli,2018-07-25,1,1,207,109.5,77.8,12.1,6.455,343.6,119.3,2.88,692.9,355.8,1.947
Y8820001,Le Fiumicicoli entre le ruisseau de Tunau et le ruisseau de San Polu,Rivière u Fiumicicoli,2018-08-23,1,1,236,109.5,50.3,20.7,2.423,248.7,65.5,3.799,660.5,291.1,2.269
Y8820001,Le Fiumicicoli entre le ruisseau de Tunau et le ruisseau de San Polu,Rivière u Fiumicicoli,2018-09-24,1,1,268,109.5,42.1,57.1,0.738,155.4,88.7,1.752,493.5,268.1,1.841
Y8820001,Le Fiumicicoli entre le ruisseau de Tunau et le ruisseau de San Polu,Rivière u Fiumicicoli,2018-10-25,1,1,299,109.5,42.3,102.5,0.412,138.5,183.4,0.755,482.3,293.3,1.644
Y8820001,Le Fiumicicoli entre le ruisseau de Tunau et le ruisseau de San Polu,Rivière u Fiumicicoli,2019-04-02,1,1,93,109.5,7.4,80.9,0.092,148.6,240.0,0.619,455.9,641.8,0.71
Y8820001,Le Fiumicicoli entre le ruisseau de Tunau et le ruisseau de San Polu,Rivière u Fiumicicoli,2019-04-24,1,1,115,109.5,95.0,79.4,1.195,210.4,234.6,0.897,511.5,614.7,0.832
Y8820001,Le Fiumicicoli entre le ruisseau de Tunau et le ruisseau de San Polu,Rivière u Fiumicicoli,2019-05-27,1,1,148,109.5,80.0,70.4,1.137,182.5,230.8,0.791,363.8,528.9,0.688
Y8820001,Le Fiumicicoli entre le ruisseau de Tunau et le ruisseau de San Polu,Rivière u Fiumicicoli,2019-06-20,1,1,172,109.5,16.3,38.9,0.419,181.2,200.4,0.904,329.6,457.0,0.721
Y8820001,Le Fiumicicoli entre le ruisseau de Tunau et le ruisseau de San Polu,Rivière u Fiumicicoli,2019-07-24,1,1,206,109.5,6.3,12.1,0.522,91.9,121.6,0.756,287.3,356.1,0.807
Y8820001,Le Fiumicicoli entre le ruisseau de Tunau et le ruisseau de San Polu,Rivière u Fiumicicoli,2019-08-27,1,1,240,109.5,37.9,22.1,1.716,81.6,64.5,1.264,266.8,283.6,0.941
Y8820001,Le Fiumicicoli entre le ruisseau de Tunau et le ruisseau de San Polu,Rivière u Fiumicicoli,2019-09-25,1,1,269,109.5,55.3,60.4,0.915,116.6,92.5,1.261,297.0,267.6,1.11
Y8820001,Le Fiumicicoli entre le ruisseau de Tunau et le ruisseau de San Polu,Rivière u Fiumicicoli,2019-10-28,1,1,302,109.5,42.3,96.9,0.437,113.5,191.2,0.594,244.4,295.5,0.827
Y8820001,Le Fiumicicoli entre le ruisseau de Tunau et le ruisseau de San Polu,Rivière u Fiumicicoli,2020-05-27,1,1,148,109.5,79.1,70.4,1.123,265.7,230.8,1.152,573.5,528.9,1.084
Y8820001,Le Fiumicicoli entre le ruisseau de Tunau et le ruisseau de San Polu,Rivière u Fiumicicoli,2020-06-25,1a,1,177,109.5,50.6,35.1,1.441,215.0,185.2,1.161,381.7,435.7,0.876
Y8820001,Le Fiumicicoli entre le ruisseau de Tunau et le ruisseau de San Polu,Rivière u Fiumicicoli,2020-07-23,1,1,205,109.5,13.0,11.8,1.096,143.0,124.8,1.145,352.1,359.2,0.98
Y8820001,Le Fiumicicoli entre le ruisseau de Tunau et le ruisseau de San Polu,Rivière u Fiumicicoli,2020-08-25,1,1,238,109.5,5.0,20.7,0.24,68.8,64.1,1.072,334.5,284.9,1.174
Y8820001,Le Fiumicicoli entre le ruisseau de Tunau et le ruisseau de San Polu,Rivière u Fiumicicoli,2020-09-29,1,1,273,109.5,139.0,70.9,1.961,165.4,106.7,1.55,374.7,275.3,1.361
Y8820001,Le Fiumicicoli entre le ruisseau de Tunau et le ruisseau de San Polu,Rivière u Fiumicicoli,2021-05-24,1,1,145,109.5,91.2,76.8,1.187,182.6,236.2,0.773,750.6,546.4,1.374
Y8820001,Le Fiumicicoli entre le ruisseau de Tunau et le ruisseau de San Polu,Rivière u Fiumicicoli,2021-06-22,1a,1,174,109.5,19.6,36.1,0.542,158.9,197.6,0.804,558.2,449.5,1.242
Y8820001,Le Fiumicicoli entre le ruisseau de Tunau et le ruisseau de San Polu,Rivière u Fiumicicoli,2021-07-29,1a,1,211,109.5,6.2,12.8,0.488,101.6,108.0,0.94,330.4,345.7,0.956
Y8820001,Le Fiumicicoli entre le ruisseau de Tunau et le ruisseau de San Polu,Rivière u Fiumicicoli,2021-08-26,1a,1,239,109.5,14.0,20.5,0.682,37.1,64.1,0.579,220.6,283.6,0.778
Y8820001,Le Fiumicicoli entre le ruisseau de Tunau et le ruisseau de San Polu,Rivière u Fiumicicoli,2021-09-29,1f,1,273,109.5,37.3,70.9,0.525,57.2,106.7,0.536,216.1,275.3,0.785
Y8820001,Le Fiumicicoli entre le ruisseau de Tunau et le ruisseau de San Polu,Rivière u Fiumicicoli,2022-04-13,1,1,104,109.5,60.1,78.9,0.762,107.4,239.9,0.448,487.1,632.1,0.771
Y8820001,Le Fiumicicoli entre le ruisseau de Tunau et le ruisseau de San Polu,Rivière u Fiumicicoli,2022-05-28,1,1,149,109.5,40.8,66.4,0.615,168.9,229.9,0.735,352.7,524.6,0.672
Y8820001,Le Fiumicicoli entre le ruisseau de Tunau et le ruisseau de San Polu,Rivière u Fiumicicoli,2022-06-22,1,1,174,109.5,0.9,36.1,0.024,137.8,197.6,0.698,257.9,449.5,0.574
Y8820001,Le Fiumicicoli entre le ruisseau de Tunau et le ruisseau de San Polu,Rivière u Fiumicicoli,2022-07-11,1,1,193,109.5,5.6,16.0,0.349,92.0,149.1,0.617,199.4,386.9,0.515
Y8820001,Le Fiumicicoli entre le ruisseau de Tunau et le ruisseau de San Polu,Rivière u Fiumicicoli,2022-07-27,1,1,209,109.5,5.7,12.7,0.451,47.2,112.5,0.419,197.3,352.0,0.56
Y8820001,Le Fiumicicoli entre le ruisseau de Tunau et le ruisseau de San Polu,Rivière u Fiumicicoli,2022-08-10,1,1,223,109.5,17.8,16.5,1.08,24.8,84.4,0.294,209.7,320.5,0.654
Y8820001,Le Fiumicicoli entre le ruisseau de Tunau et le ruisseau de San Polu,Rivière u Fiumicicoli,2022-08-24,1,1,237,109.5,86.3,20.6,4.195,92.5,65.0,1.423,261.6,287.2,0.911
Y8820001,Le Fiumicicoli entre le ruisseau de Tunau et le ruisseau de San Polu,Rivière u Fiumicicoli,2022-09-07,1,1,251,109.5,112.0,24.9,4.504,118.3,56.6,2.09,276.1,262.5,1.052
Y8820001,Le Fiumicicoli entre le ruisseau de Tunau et le ruisseau de San Polu,Rivière u Fiumicicoli,2022-09-22,1,1,266,109.5,37.3,48.3,0.773,121.6,79.8,1.525,259.3,267.5,0.969
Y8820001,Le Fiumicicoli entre le ruisseau de Tunau et le ruisseau de San Polu,Rivière u Fiumicicoli,2022-10-06,1,1,280,109.5,73.2,82.2,0.89,190.4,122.7,1.551,277.8,276.2,1.006
Y8820001,Le Fiumicicoli entre le ruisseau de Tunau et le ruisseau de San Polu,Rivière u Fiumicicoli,2022-11-04,1,1,309,109.5,33.6,119.7,0.28,218.7,223.7,0.977,230.6,312.4,0.738
Y8820001,Le Fiumicicoli entre le ruisseau de Tunau et le ruisseau de San Polu,Rivière u Fiumicicoli,2022-11-21,1,1,326,109.5,103.3,142.6,0.724,236.0,295.4,0.799,321.2,360.9,0.89
Y8820001,Le Fiumicicoli entre le ruisseau de Tunau et le ruisseau de San Polu,Rivière u Fiumicicoli,2023-03-29,1,1,89,109.5,83.8,85.1,0.985,239.0,248.8,0.961,687.8,641.8,1.072
Y8820001,Le Fiumicicoli entre le ruisseau de Tunau et le ruisseau de San Polu,Rivière u Fiumicicoli,2023-04-25,1,1,116,109.5,43.6,80.9,0.54,140.6,234.7,0.599,695.2,614.3,1.132
Y8820001,Le Fiumicicoli entre le ruisseau de Tunau et le ruisseau de San Polu,Rivière u Fiumicicoli,2023-05-23,1,1,144,109.5,50.8,80.3,0.633,184.8,237.9,0.777,579.0,550.6,1.052
Y8820001,Le Fiumicicoli entre le ruisseau de Tunau et le ruisseau de San Polu,Rivière u Fiumicicoli,2023-06-26,1,1,178,109.5,70.7,34.0,2.08,164.0,182.2,0.9,403.2,432.4,0.932
Y8820001,Le Fiumicicoli entre le ruisseau de Tunau et le ruisseau de San Polu,Rivière u Fiumicicoli,2023-07-24,1,1,206,109.5,3.2,12.1,0.264,126.0,121.6,1.036,266.6,356.1,0.749
Y8820001,Le Fiumicicoli entre le ruisseau de Tunau et le ruisseau de San Polu,Rivière u Fiumicicoli,2023-08-09,1,1,222,109.5,1.5,14.8,0.098,109.2,83.7,1.305,263.2,320.7,0.821
Y8820001,Le Fiumicicoli entre le ruisseau de Tunau et le ruisseau de San Polu,Rivière u Fiumicicoli,2023-08-29,1,1,242,109.5,38.8,23.6,1.641,98.7,60.4,1.634,255.0,278.0,0.917
Y8820001,Le Fiumicicoli entre le ruisseau de Tunau et le ruisseau de San Polu,Rivière u Fiumicicoli,2023-09-25,1,1,269,109.5,74.9,60.4,1.239,78.0,92.5,0.843,242.0,267.6,0.904
Y8820001,Le Fiumicicoli entre le ruisseau de Tunau et le ruisseau de San Polu,Rivière u Fiumicicoli,2023-10-24,1,1,298,109.5,27.0,104.9,0.258,103.1,182.6,0.564,228.9,296.5,0.772
Y8820001,Le Fiumicicoli entre le ruisseau de Tunau et le ruisseau de San Polu,Rivière u Fiumicicoli,2024-03-07,1,1,67,109.5,188.7,79.9,2.362,270.9,281.1,0.964,609.8,647.4,0.942
Y8820001,Le Fiumicicoli entre le ruisseau de Tunau et le ruisseau de San Polu,Rivière u Fiumicicoli,2024-04-29,1,1,120,109.5,18.1,78.7,0.23,293.7,239.2,1.228,593.6,607.0,0.978
Y8820001,Le Fiumicicoli entre le ruisseau de Tunau et le ruisseau de San Polu,Rivière u Fiumicicoli,2024-05-21,1,1,142,109.5,95.8,81.7,1.172,344.3,240.6,1.431,510.2,552.8,0.923
Y8820001,Le Fiumicicoli entre le ruisseau de Tunau et le ruisseau de San Polu,Rivière u Fiumicicoli,2024-06-27,1,1,179,109.5,47.8,33.4,1.432,156.1,178.1,0.876,488.8,427.3,1.144
Y8820001,Le Fiumicicoli entre le ruisseau de Tunau et le ruisseau de San Polu,Rivière u Fiumicicoli,2024-07-23,1,1,205,109.5,40.4,11.8,3.41,141.2,124.8,1.131,435.5,359.2,1.212
Y8820001,Le Fiumicicoli entre le ruisseau de Tunau et le ruisseau de San Polu,Rivière u Fiumicicoli,2024-08-20,1,1,233,109.5,22.1,17.7,1.247,73.2,62.0,1.181,417.2,291.2,1.433
Y8820001,Le Fiumicicoli entre le ruisseau de Tunau et le ruisseau de San Polu,Rivière u Fiumicicoli,2024-09-21,1a,1,265,109.5,64.6,48.7,1.328,126.7,78.2,1.62,281.9,267.8,1.053
Y8820001,Le Fiumicicoli entre le ruisseau de Tunau et le ruisseau de San Polu,Rivière u Fiumicicoli,2025-04-23,1,1,114,109.5,98.3,81.2,1.211,240.1,235.2,1.021,537.8,615.0,0.874
Y8820001,Le Fiumicicoli entre le ruisseau de Tunau et le ruisseau de San Polu,Rivière u Fiumicicoli,2025-05-27,1,1,148,109.5,42.3,70.4,0.601,235.1,230.8,1.019,482.0,528.9,0.911
Y8820001,Le Fiumicicoli entre le ruisseau de Tunau et le ruisseau de San Polu,Rivière u Fiumicicoli,2025-06-25,1a,1,177,109.5,1.6,35.1,0.045,140.3,185.2,0.758,409.0,435.7,0.939
Y8820001,Le Fiumicicoli entre le ruisseau de Tunau et le ruisseau de San Polu,Rivière u Fiumicicoli,2025-07-24,1a,1,206,109.5,0.8,12.1,0.063,44.9,121.6,0.369,287.3,356.1,0.807
Y8820001,Le Fiumicicoli entre le ruisseau de Tunau et le ruisseau de San Polu,Rivière u Fiumicicoli,2025-08-26,1a,1,239,109.5,29.9,20.5,1.46,40.5,64.1,0.631,275.3,283.6,0.971
Y8820001,Le Fiumicicoli entre le ruisseau de Tunau et le ruisseau de San Polu,Rivière u Fiumicicoli,2025-09-26,1a,1,270,109.5,38.7,64.2,0.603,77.6,98.6,0.787,210.7,271.6,0.776
Y8820001,Le Fiumicicoli entre le ruisseau de Tunau et le ruisseau de San Polu,Rivière u Fiumicicoli,2025-10-27,1a,1,301,109.5,66.6,101.0,0.659,135.2,190.1,0.711,185.9,295.7,0.628
Y8820001,Le Fiumicicoli entre le ruisseau de Tunau et le ruisseau de San Polu,Rivière u Fiumicicoli,2026-05-26,1a,1,147,109.5,25.0,72.0,0.348,127.8,232.2,0.55,748.3,534.3,1.4
Y8820001,Le Fiumicicoli entre le ruisseau de Tunau et le ruisseau de San Polu,Rivière u Fiumicicoli,2026-06-25,1a,1,177,109.5,4.2,35.1,0.121,62.9,185.2,0.339,607.1,435.7,1.393
Y8820001,Le Fiumicicoli entre le ruisseau de Tunau et le ruisseau de San Polu,Rivière u Fiumicicoli,2026-07-27,1a,1,209,109.5,4.2,12.7,0.33,34.8,112.5,0.309,335.3,352.0,0.952
Y8820001,Le Fiumicicoli entre le ruisseau de Tunau et le ruisseau de San Polu,Rivière u Fiumicicoli,2026-08-24,1a,1,237,109.5,33.2,20.6,1.616,43.1,65.0,0.664,170.9,287.2,0.595
Y8820001,Le Fiumicicoli entre le ruisseau de Tunau et le ruisseau de San Polu,Rivière u Fiumicicoli,2026-09-28,1a,1,272,109.5,2.0,70.8,0.028,39.6,106.0,0.374,101.6,277.5,0.366
Y9010001,Le Zincajo au pont de la RD 14 à l'amont du hameau de Pinello,Ruisseau de Zincajo,2012-05-25,1a,1,146,347.6,79.5,61.2,1.299,170.0,209.2,0.813,295.0,465.4,0.634
Y9010001,Le Zincajo au pont de la RD 14 à l'amont du hameau de Pinello,Ruisseau de Zincajo,2012-06-25,1f,1,177,347.6,16.5,41.5,0.397,170.4,176.0,0.968,291.4,382.8,0.761
Y9010001,Le Zincajo au pont de la RD 14 à l'amont du hameau de Pinello,Ruisseau de Zincajo,2012-07-11,1f,1,193,347.6,2.9,24.0,0.12,126.7,146.9,0.862,278.5,355.4,0.784
Y9010001,Le Zincajo au pont de la RD 14 à l'amont du hameau de Pinello,Ruisseau de Zincajo,2012-07-25,1f,1,207,347.6,2.8,28.2,0.099,102.2,130.4,0.783,275.9,343.4,0.803
Y9010001,Le Zincajo au pont de la RD 14 à l'amont du hameau de Pinello,Ruisseau de Zincajo,2012-08-23,1f,1,236,347.6,3.6,30.9,0.116,26.3,102.0,0.258,196.3,311.2,0.631
Y9010001,Le Zincajo au pont de la RD 14 à l'amont du hameau de Pinello,Ruisseau de Zincajo,2012-09-25,1a,1,269,347.6,93.4,48.9,1.909,100.1,108.6,0.922,270.5,282.4,0.958
Y9010001,Le Zincajo au pont de la RD 14 à l'amont du hameau de Pinello,Ruisseau de Zincajo,2013-05-23,1a,1,144,347.6,71.6,65.4,1.096,434.9,211.3,2.058,639.5,472.0,1.355
Y9010001,Le Zincajo au pont de la RD 14 à l'amont du hameau de Pinello,Ruisseau de Zincajo,2013-06-25,1a,1,177,347.6,23.7,41.5,0.571,202.1,176.0,1.148,606.1,382.8,1.583
Y9010001,Le Zincajo au pont de la RD 14 à l'amont du hameau de Pinello,Ruisseau de Zincajo,2013-07-25,1a,1,207,347.6,122.4,28.2,4.344,225.1,130.4,1.726,669.9,343.4,1.951
Y9010001,Le Zincajo au pont de la RD 14 à l'amont du hameau de Pinello,Ruisseau de Zincajo,2013-08-23,1f,1,236,347.6,22.6,30.9,0.734,181.3,102.0,1.778,594.2,311.2,1.909
Y9010001,Le Zincajo au pont de la RD 14 à l'amont du hameau de Pinello,Ruisseau de Zincajo,2013-09-19,1a,1,263,347.6,19.9,41.3,0.483,164.9,98.4,1.676,383.2,280.0,1.368
Y9010001,Le Zincajo au pont de la RD 14 à l'amont du hameau de Pinello,Ruisseau de Zincajo,2013-10-24,1a,1,298,347.6,70.5,78.5,0.899,113.1,154.0,0.734,333.6,285.3,1.169
Y9010001,Le Zincajo au pont de la RD 14 à l'amont du hameau de Pinello,Ruisseau de Zincajo,2014-05-26,1a,1,147,347.6,36.6,60.3,0.608,222.1,208.8,1.064,390.8,462.8,0.844
Y9010001,Le Zincajo au pont de la RD 14 à l'amont du hameau de Pinello,Ruisseau de Zincajo,2014-06-25,1a,1,177,347.6,91.9,41.5,2.213,196.0,176.0,1.113,449.1,382.8,1.173
Y9010001,Le Zincajo au pont de la RD 14 à l'amont du hameau de Pinello,Ruisseau de Zincajo,2014-07-23,1a,1,205,347.6,48.3,28.9,1.671,176.6,135.5,1.303,452.0,344.9,1.31
Y9010001,Le Zincajo au pont de la RD 14 à l'amont du hameau de Pinello,Ruisseau de Zincajo,2014-08-25,1a,1,238,347.6,2.2,28.6,0.076,141.9,100.8,1.408,363.4,306.3,1.187
Y9010001,Le Zincajo au pont de la RD 14 à l'amont du hameau de Pinello,Ruisseau de Zincajo,2014-09-25,1a,1,269,347.6,21.1,48.9,0.432,71.0,108.6,0.654,254.3,282.4,0.901
Y9010001,Le Zincajo au pont de la RD 14 à l'amont du hameau de Pinello,Ruisseau de Zincajo,2014-10-28,1,1,302,347.6,6.0,79.5,0.075,28.6,160.2,0.178,198.3,282.6,0.702
Y9010001,Le Zincajo au pont de la RD 14 à l'amont du hameau de Pinello,Ruisseau de Zincajo,2015-05-26,1a,1,147,347.6,10.7,60.3,0.177,298.2,208.8,1.428,827.6,462.8,1.788
Y9010001,Le Zincajo au pont de la RD 14 à l'amont du hameau de Pinello,Ruisseau de Zincajo,2015-06-23,1a,1,175,347.6,50.3,42.0,1.196,102.0,177.9,0.573,611.3,391.4,1.562
Y9010001,Le Zincajo au pont de la RD 14 à l'amont du hameau de Pinello,Ruisseau de Zincajo,2015-07-23,1a,1,205,347.6,18.3,28.9,0.634,79.2,135.5,0.585,599.7,344.9,1.739
Y9010001,Le Zincajo au pont de la RD 14 à l'amont du hameau de Pinello,Ruisseau de Zincajo,2015-08-27,1f,1,240,347.6,24.4,29.3,0.833,94.1,98.2,0.959,395.7,302.7,1.307
Y9010001,Le Zincajo au pont de la RD 14 à l'amont du hameau de Pinello,Ruisseau de Zincajo,2015-09-22,1a,1,266,347.6,1.2,44.5,0.027,53.0,104.6,0.507,146.4,281.4,0.52
Y9010001,Le Zincajo au pont de la RD 14 à l'amont du hameau de Pinello,Ruisseau de Zincajo,2016-05-18,1,1,139,347.6,38.7,67.8,0.571,188.0,212.7,0.884,365.2,483.3,0.756
Y9010001,Le Zincajo au pont de la RD 14 à l'amont du hameau de Pinello,Ruisseau de Zincajo,2016-06-27,1,1,179,347.6,12.9,41.3,0.314,63.9,173.8,0.368,344.2,380.1,0.905
Y9010001,Le Zincajo au pont de la RD 14 à l'amont du hameau de Pinello,Ruisseau de Zincajo,2016-07-22,1,1,204,347.6,16.3,26.3,0.619,71.9,134.5,0.534,293.1,344.9,0.85
Y9010001,Le Zincajo au pont de la RD 14 à l'amont du hameau de Pinello,Ruisseau de Zincajo,2016-08-22,1,1,235,347.6,19.3,30.9,0.624,49.6,102.2,0.485,238.5,312.5,0.763
Y9010001,Le Zincajo au pont de la RD 14 à l'amont du hameau de Pinello,Ruisseau de Zincajo,2016-09-06,1,1,250,347.6,17.1,31.6,0.542,60.9,93.1,0.654,144.9,282.8,0.512
Y9010001,Le Zincajo au pont de la RD 14 à l'amont du hameau de Pinello,Ruisseau de Zincajo,2016-09-21,1,1,265,347.6,64.1,43.0,1.49,100.8,103.1,0.977,164.9,281.1,0.587
Y9010001,Le Zincajo au pont de la RD 14 à l'amont du hameau de Pinello,Ruisseau de Zincajo,2017-05-22,1,1,143,347.6,33.3,67.1,0.496,76.4,212.8,0.359,811.7,474.1,1.712
Y9010001,Le Zincajo au pont de la RD 14 à l'amont du hameau de Pinello,Ruisseau de Zincajo,2017-06-27,1,1,179,347.6,15.5,41.3,0.376,67.9,173.8,0.391,485.8,380.1,1.278
Y9010001,Le Zincajo au pont de la RD 14 à l'amont du hameau de Pinello,Ruisseau de Zincajo,2017-06-28,1,1,180,347.6,15.5,38.5,0.404,67.8,173.0,0.392,485.7,378.2,1.284
Y9010001,Le Zincajo au pont de la RD 14 à l'amont du hameau de Pinello,Ruisseau de Zincajo,2017-07-19,1,1,201,347.6,14.0,23.8,0.589,63.1,137.3,0.46,394.6,348.9,1.131
Y9010001,Le Zincajo au pont de la RD 14 à l'amont du hameau de Pinello,Ruisseau de Zincajo,2017-08-02,1,1,215,347.6,20.6,32.8,0.628,60.1,116.8,0.515,220.9,330.5,0.668
Y9010001,Le Zincajo au pont de la RD 14 à l'amont du hameau de Pinello,Ruisseau de Zincajo,2017-08-16,1,1,229,347.6,12.4,31.0,0.401,44.2,104.1,0.424,118.8,316.8,0.375
Y9010001,Le Zincajo au pont de la RD 14 à l'amont du hameau de Pinello,Ruisseau de Zincajo,2017-08-29,1,1,242,347.6,0.8,30.4,0.027,42.0,99.0,0.424,115.0,297.2,0.387
Y9010001,Le Zincajo au pont de la RD 14 à l'amont du hameau de Pinello,Ruisseau de Zincajo,2017-08-30,1,1,243,347.6,0.8,29.7,0.028,42.0,98.6,0.426,114.9,295.6,0.389
Y9010001,Le Zincajo au pont de la RD 14 à l'amont du hameau de Pinello,Ruisseau de Zincajo,2017-09-27,1,1,271,347.6,26.1,50.4,0.518,50.6,110.4,0.458,120.3,282.6,0.426
Y9010001,Le Zincajo au pont de la RD 14 à l'amont du hameau de Pinello,Ruisseau de Zincajo,2017-10-25,1,1,299,347.6,3.9,76.0,0.052,31.0,155.0,0.2,98.2,282.4,0.348
Y9010001,Le Zincajo au pont de la RD 14 à l'amont du hameau de Pinello,Ruisseau de Zincajo,2017-11-07,1,1,312,347.6,17.2,117.1,0.147,45.8,208.5,0.219,90.5,319.6,0.283
Y9010001,Le Zincajo au pont de la RD 14 à l'amont du hameau de Pinello,Ruisseau de Zincajo,2017-11-22,1,1,327,347.6,57.1,128.1,0.446,87.1,251.2,0.347,129.0,351.6,0.367
Y9010001,Le Zincajo au pont de la RD 14 à l'amont du hameau de Pinello,Ruisseau de Zincajo,2018-02-06,1,1,37,347.6,83.1,66.7,1.244,250.1,288.7,0.866,297.4,499.6,0.595
Y9010001,Le Zincajo au pont de la RD 14 à l'amont du hameau de Pinello,Ruisseau de Zincajo,2018-03-06,1,1,66,347.6,157.2,73.1,2.15,285.9,244.7,1.168,434.7,536.0,0.811
Y9010001,Le Zincajo au pont de la RD 14 à l'amont du hameau de Pinello,Ruisseau de Zincajo,2018-03-21,1,1,81,347.6,182.5,76.7,2.381,310.4,224.5,1.383,477.7,536.4,0.891
Y9010001,Le Zincajo au pont de la RD 14 à l'amont du hameau de Pinello,Ruisseau de Zincajo,2018-04-25,1,1,116,347.6,60.9,73.5,0.829,321.4,210.8,1.525,538.1,527.9,1.019
Y9010001,Le Zincajo au pont de la RD 14 à l'amont du hameau de Pinello,Ruisseau de Zincajo,2018-05-29,1,1,150,347.6,145.5,58.2,2.498,330.7,204.5,1.617,627.1,450.4,1.392
Y9010001,Le Zincajo au pont de la RD 14 à l'amont du hameau de Pinello,Ruisseau de Zincajo,2018-06-19,1,1,171,347.6,58.1,44.8,1.298,251.7,182.4,1.38,562.1,407.8,1.378
Y9010001,Le Zincajo au pont de la RD 14 à l'amont du hameau de Pinello,Ruisseau de Zincajo,2018-07-25,1,1,207,347.6,36.6,28.2,1.299,229.9,130.4,1.763,551.3,343.4,1.606
Y9010001,Le Zincajo au pont de la RD 14 à l'amont du hameau de Pinello,Ruisseau de Zincajo,2018-08-27,1,1,240,347.6,57.7,29.3,1.968,245.9,98.2,2.505,576.6,302.7,1.905
Y9010001,Le Zincajo au pont de la RD 14 à l'amont du hameau de Pinello,Ruisseau de Zincajo,2018-09-25,1,1,269,347.6,27.4,48.9,0.56,225.8,108.6,2.08,482.3,282.4,1.708
Y9010001,Le Zincajo au pont de la RD 14 à l'amont du hameau de Pinello,Ruisseau de Zincajo,2018-10-25,1,1,299,347.6,154.8,76.0,2.037,322.5,155.0,2.081,575.8,282.4,2.039
Y9010001,Le Zincajo au pont de la RD 14 à l'amont du hameau de Pinello,Ruisseau de Zincajo,2019-04-02,1,1,93,347.6,20.1,65.6,0.307,101.1,199.9,0.505,549.6,538.3,1.021
Y9010001,Le Zincajo au pont de la RD 14 à l'amont du hameau de Pinello,Ruisseau de Zincajo,2019-04-24,1,1,115,347.6,85.4,71.5,1.194,157.3,209.1,0.752,472.4,525.9,0.898
Y9010001,Le Zincajo au pont de la RD 14 à l'amont du hameau de Pinello,Ruisseau de Zincajo,2019-05-27,1,1,148,347.6,109.2,60.2,1.812,197.0,205.6,0.958,303.6,455.8,0.666
Y9010001,Le Zincajo au pont de la RD 14 à l'amont du hameau de Pinello,Ruisseau de Zincajo,2019-06-20,1,1,172,347.6,29.3,43.4,0.675,202.5,181.9,1.113,285.8,403.4,0.708
Y9010001,Le Zincajo au pont de la RD 14 à l'amont du hameau de Pinello,Ruisseau de Zincajo,2019-07-25,1,1,207,347.6,30.6,28.2,1.085,147.4,130.4,1.13,301.3,343.4,0.878
Y9010001,Le Zincajo au pont de la RD 14 à l'amont du hameau de Pinello,Ruisseau de Zincajo,2019-08-27,1,1,240,347.6,19.9,29.3,0.68,81.9,98.2,0.835,284.2,302.7,0.939
Y9010001,Le Zincajo au pont de la RD 14 à l'amont du hameau de Pinello,Ruisseau de Zincajo,2019-09-25,1,1,269,347.6,45.7,48.9,0.934,120.5,108.6,1.11,305.4,282.4,1.082
Y9010001,Le Zincajo au pont de la RD 14 à l'amont du hameau de Pinello,Ruisseau de Zincajo,2019-10-28,1,1,302,347.6,55.6,79.5,0.7,115.9,160.2,0.724,293.3,282.6,1.038
Y9010001,Le Zincajo au pont de la RD 14 à l'amont du hameau de Pinello,Ruisseau de Zincajo,2020-05-27,1,1,148,347.6,91.6,60.2,1.521,219.6,205.6,1.068,426.6,455.8,0.936
Y9010001,Le Zincajo au pont de la RD 14 à l'amont du hameau de Pinello,Ruisseau de Zincajo,2020-06-23,1,1,175,347.6,35.6,42.0,0.846,237.8,177.9,1.336,329.1,391.4,0.841
Y9010001,Le Zincajo au pont de la RD 14 à l'amont du hameau de Pinello,Ruisseau de Zincajo,2020-07-24,1,1,206,347.6,17.9,28.9,0.617,145.7,132.3,1.101,274.1,343.6,0.798
Y9010001,Le Zincajo au pont de la RD 14 à l'amont du hameau de Pinello,Ruisseau de Zincajo,2020-08-14,1,1,227,347.6,13.9,29.3,0.474,124.4,105.8,1.176,276.4,319.7,0.865
Y9010001,Le Zincajo au pont de la RD 14 à l'amont du hameau de Pinello,Ruisseau de Zincajo,2020-08-25,1,1,238,347.6,10.6,28.6,0.371,63.7,100.8,0.633,283.3,306.3,0.925
Y9010001,Le Zincajo au pont de la RD 14 à l'amont du hameau de Pinello,Ruisseau de Zincajo,2020-09-24,1,1,268,347.6,67.1,46.4,1.444,95.5,106.4,0.898,310.0,279.9,1.107
Y9010001,Le Zincajo au pont de la RD 14 à l'amont du hameau de Pinello,Ruisseau de Zincajo,2020-10-26,1,1,300,347.6,51.4,79.0,0.651,148.2,158.3,0.936,280.7,284.3,0.988
Y9010001,Le Zincajo au pont de la RD 14 à l'amont du hameau de Pinello,Ruisseau de Zincajo,2021-05-26,1,1,147,347.6,56.6,60.3,0.939,120.7,208.8,0.578,436.4,462.8,0.943
Y9010001,Le Zincajo au pont de la RD 14 à l'amont du hameau de Pinello,Ruisseau de Zincajo,2021-06-30,1,1,182,347.6,69.1,37.3,1.854,165.9,171.1,0.97,326.8,372.7,0.877
Y9010001,Le Zincajo au pont de la RD 14 à l'amont du hameau de Pinello,Ruisseau de Zincajo,2021-07-26,1,1,208,347.6,6.1,30.9,0.198,136.7,132.3,1.033,234.0,345.0,0.678
Y9010001,Le Zincajo au pont de la RD 14 à l'amont du hameau de Pinello,Ruisseau de Zincajo,2021-08-16,1,1,229,347.6,1.3,31.0,0.043,89.6,104.1,0.86,203.1,316.8,0.641
Y9010001,Le Zincajo au pont de la RD 14 à l'amont du hameau de Pinello,Ruisseau de Zincajo,2021-08-26,1,1,239,347.6,26.6,29.5,0.901,107.9,100.9,1.069,228.5,304.2,0.751
Y9010001,Le Zincajo au pont de la RD 14 à l'amont du hameau de Pinello,Ruisseau de Zincajo,2021-09-24,1,1,268,347.6,29.6,46.4,0.637,61.0,106.4,0.573,226.8,279.9,0.81
Y9010001,Le Zincajo au pont de la RD 14 à l'amont du hameau de Pinello,Ruisseau de Zincajo,2021-10-25,1,1,299,347.6,12.2,76.0,0.161,66.8,155.0,0.431,197.1,282.4,0.698
Y9010001,Le Zincajo au pont de la RD 14 à l'amont du hameau de Pinello,Ruisseau de Zincajo,2022-03-25,1,1,85,347.6,47.9,74.1,0.647,97.3,212.8,0.457,378.0,532.4,0.71
Y9010001,Le Zincajo au pont de la RD 14 à l'amont du hameau de Pinello,Ruisseau de Zincajo,2022-04-25,1,1,116,347.6,86.7,73.5,1.18,152.8,210.8,0.725,452.3,527.9,0.857
Y9010001,Le Zincajo au pont de la RD 14 à l'amont du hameau de Pinello,Ruisseau de Zincajo,2022-05-23,1,1,144,347.6,63.1,65.4,0.966,187.0,211.3,0.885,292.4,472.0,0.62
Y9010001,Le Zincajo au pont de la RD 14 à l'amont du hameau de Pinello,Ruisseau de Zincajo,2022-06-23,1,1,175,347.6,3.4,42.0,0.081,142.5,177.9,0.801,239.8,391.4,0.613
Y9010001,Le Zincajo au pont de la RD 14 à l'amont du hameau de Pinello,Ruisseau de Zincajo,2022-07-11,1,1,193,347.6,2.3,24.0,0.096,114.1,146.9,0.777,211.5,355.4,0.595
Y9010001,Le Zincajo au pont de la RD 14 à l'amont du hameau de Pinello,Ruisseau de Zincajo,2022-07-25,1,1,207,347.6,1.8,28.2,0.066,57.7,130.4,0.443,210.5,343.4,0.613
Y9010001,Le Zincajo au pont de la RD 14 à l'amont du hameau de Pinello,Ruisseau de Zincajo,2022-08-10,1,1,223,347.6,52.4,34.7,1.507,58.7,111.6,0.526,261.2,321.1,0.813
Y9010001,Le Zincajo au pont de la RD 14 à l'amont du hameau de Pinello,Ruisseau de Zincajo,2022-08-23,1,1,236,347.6,70.1,30.9,2.274,75.4,102.0,0.739,262.5,311.2,0.844
Y9010001,Le Zincajo au pont de la RD 14 à l'amont du hameau de Pinello,Ruisseau de Zincajo,2022-09-09,1,1,253,347.6,64.0,32.3,1.983,118.6,91.2,1.3,305.2,281.0,1.086
Y9010001,Le Zincajo au pont de la RD 14 à l'amont du hameau de Pinello,Ruisseau de Zincajo,2022-09-26,1,1,270,347.6,58.3,49.4,1.179,131.2,109.1,1.202,267.6,282.1,0.948
Y9010001,Le Zincajo au pont de la RD 14 à l'amont du hameau de Pinello,Ruisseau de Zincajo,2022-10-10,1,1,284,347.6,29.7,63.0,0.472,146.0,129.0,1.132,260.1,276.0,0.942
Y9010001,Le Zincajo au pont de la RD 14 à l'amont du hameau de Pinello,Ruisseau de Zincajo,2022-10-24,1,1,298,347.6,35.1,78.5,0.447,152.4,154.0,0.99,210.0,285.3,0.736
Y9010001,Le Zincajo au pont de la RD 14 à l'amont du hameau de Pinello,Ruisseau de Zincajo,2022-11-11,1,1,316,347.6,14.4,117.4,0.123,110.5,218.4,0.506,169.4,324.1,0.523
Y9010001,Le Zincajo au pont de la RD 14 à l'amont du hameau de Pinello,Ruisseau de Zincajo,2022-11-22,1,1,327,347.6,57.2,128.1,0.447,139.2,251.2,0.554,214.7,351.6,0.611
Y9010001,Le Zincajo au pont de la RD 14 à l'amont du hameau de Pinello,Ruisseau de Zincajo,2022-12-14,1,1,349,347.6,106.2,123.4,0.861,153.3,311.3,0.493,272.3,406.4,0.67
Y9010001,Le Zincajo au pont de la RD 14 à l'amont du hameau de Pinello,Ruisseau de Zincajo,2023-01-23,1,1,23,347.6,80.4,75.6,1.064,239.8,319.3,0.751,392.1,477.1,0.822
Y9010001,Le Zincajo au pont de la RD 14 à l'amont du hameau de Pinello,Ruisseau de Zincajo,2023-02-22,1,1,53,347.6,29.6,66.2,0.447,208.1,260.8,0.798,351.4,511.8,0.687
Y9010001,Le Zincajo au pont de la RD 14 à l'amont du hameau de Pinello,Ruisseau de Zincajo,2023-03-24,1a,1,84,347.6,135.9,72.7,1.87,245.8,214.0,1.149,428.4,531.9,0.805
Y9010001,Le Zincajo au pont de la RD 14 à l'amont du hameau de Pinello,Ruisseau de Zincajo,2023-04-24,1a,1,115,347.6,24.6,71.5,0.344,188.0,209.1,0.899,430.1,525.9,0.818
Y9010001,Le Zincajo au pont de la RD 14 à l'amont du hameau de Pinello,Ruisseau de Zincajo,2023-05-24,1a,1,145,347.6,83.9,64.2,1.307,244.4,210.3,1.162,452.6,469.5,0.964
Y9010001,Le Zincajo au pont de la RD 14 à l'amont du hameau de Pinello,Ruisseau de Zincajo,2023-06-05,1a,1,157,347.6,100.8,50.4,2.0,148.7,189.0,0.787,452.2,433.9,1.042
Y9010001,Le Zincajo au pont de la RD 14 à l'amont du hameau de Pinello,Ruisseau de Zincajo,2023-06-26,1a,1,178,347.6,148.9,40.8,3.649,265.4,173.5,1.53,514.0,380.5,1.351
Y9010001,Le Zincajo au pont de la RD 14 à l'amont du hameau de Pinello,Ruisseau de Zincajo,2023-07-24,1a,1,206,347.6,13.5,28.9,0.466,257.4,132.3,1.945,426.6,343.6,1.242
Y9010001,Le Zincajo au pont de la RD 14 à l'amont du hameau de Pinello,Ruisseau de Zincajo,2023-08-21,1a,1,234,347.6,1.4,31.6,0.043,174.8,100.7,1.735,419.4,312.1,1.344
Y9010001,Le Zincajo au pont de la RD 14 à l'amont du hameau de Pinello,Ruisseau de Zincajo,2023-09-12,1a,1,256,347.6,11.1,32.4,0.342,47.1,89.1,0.529,299.7,274.9,1.09
Y9010001,Le Zincajo au pont de la RD 14 à l'amont du hameau de Pinello,Ruisseau de Zincajo,2023-09-25,1a,1,269,347.6,48.9,48.9,1.0,63.6,108.6,0.586,329.2,282.4,1.166
Y9010001,Le Zincajo au pont de la RD 14 à l'amont du hameau de Pinello,Ruisseau de Zincajo,2023-10-10,1a,1,284,347.6,39.5,63.0,0.628,52.7,129.0,0.409,327.6,276.0,1.187
Y9010001,Le Zincajo au pont de la RD 14 à l'amont du hameau de Pinello,Ruisseau de Zincajo,2023-10-23,1a,1,297,347.6,14.0,79.2,0.177,63.8,154.5,0.413,321.4,283.7,1.133
Y9010001,Le Zincajo au pont de la RD 14 à l'amont du hameau de Pinello,Ruisseau de Zincajo,2023-11-24,1a,1,329,347.6,120.2,129.8,0.926,195.0,255.0,0.765,358.5,355.4,1.009
Y9010001,Le Zincajo au pont de la RD 14 à l'amont du hameau de Pinello,Ruisseau de Zincajo,2024-01-24,1a,1,24,347.6,33.4,74.7,0.447,185.0,318.2,0.581,261.8,480.0,0.545
Y9010001,Le Zincajo au pont de la RD 14 à l'amont du hameau de Pinello,Ruisseau de Zincajo,2024-02-22,1a,1,53,347.6,18.4,66.2,0.278,84.0,260.8,0.322,279.0,511.8,0.545
Y9010001,Le Zincajo au pont de la RD 14 à l'amont du hameau de Pinello,Ruisseau de Zincajo,2024-03-22,1a,1,82,347.6,121.2,75.0,1.616,173.2,220.6,0.785,351.4,536.9,0.655
Y9010001,Le Zincajo au pont de la RD 14 à l'amont du hameau de Pinello,Ruisseau de Zincajo,2024-04-24,1a,1,115,347.6,39.8,71.5,0.556,179.5,209.1,0.859,361.8,525.9,0.688
Y9010001,Le Zincajo au pont de la RD 14 à l'amont du hameau de Pinello,Ruisseau de Zincajo,2024-05-24,1a,1,145,347.6,62.2,64.2,0.97,222.7,210.3,1.059,307.0,469.5,0.654
Y9010001,Le Zincajo au pont de la RD 14 à l'amont du hameau de Pinello,Ruisseau de Zincajo,2024-06-21,1a,1,173,347.6,21.9,42.7,0.512,123.6,181.6,0.681,296.8,398.0,0.746
Y9010001,Le Zincajo au pont de la RD 14 à l'amont du hameau de Pinello,Ruisseau de Zincajo,2024-07-22,1a,1,204,347.6,44.3,26.3,1.687,132.3,134.5,0.983,307.6,344.9,0.892
Y9010001,Le Zincajo au pont de la RD 14 à l'amont du hameau de Pinello,Ruisseau de Zincajo,2024-08-22,1a,1,235,347.6,68.0,30.9,2.204,133.9,102.2,1.31,356.5,312.5,1.141
Y9010001,Le Zincajo au pont de la RD 14 à l'amont du hameau de Pinello,Ruisseau de Zincajo,2024-09-23,1a,1,267,347.6,88.8,43.8,2.028,189.3,103.3,1.832,317.1,279.3,1.135
Y9010001,Le Zincajo au pont de la RD 14 à l'amont du hameau de Pinello,Ruisseau de Zincajo,2024-10-10,1a,1,284,347.6,69.2,63.0,1.099,199.4,129.0,1.546,337.5,276.0,1.223
Y9010001,Le Zincajo au pont de la RD 14 à l'amont du hameau de Pinello,Ruisseau de Zincajo,2024-10-22,1a,1,296,347.6,94.7,74.4,1.273,249.0,150.3,1.657,376.3,281.4,1.337
Y9010001,Le Zincajo au pont de la RD 14 à l'amont du hameau de Pinello,Ruisseau de Zincajo,2024-11-12,1a,1,317,347.6,113.5,119.6,0.949,283.7,221.5,1.281,394.4,326.4,1.208
Y9010001,Le Zincajo au pont de la RD 14 à l'amont du hameau de Pinello,Ruisseau de Zincajo,2025-04-11,1a,1,102,347.6,90.4,65.6,1.379,240.1,205.6,1.168,450.5,537.1,0.839
Y9010001,Le Zincajo au pont de la RD 14 à l'amont du hameau de Pinello,Ruisseau de Zincajo,2025-05-23,1a,1,144,347.6,28.5,65.4,0.436,277.7,211.3,1.314,453.6,472.0,0.961
Y9010001,Le Zincajo au pont de la RD 14 à l'amont du hameau de Pinello,Ruisseau de Zincajo,2025-06-23,1a,1,175,347.6,7.0,42.0,0.167,163.4,177.9,0.918,387.2,391.4,0.989
Y9010001,Le Zincajo au pont de la RD 14 à l'amont du hameau de Pinello,Ruisseau de Zincajo,2025-07-23,1a,1,205,347.6,27.1,28.9,0.938,61.5,135.5,0.454,353.3,344.9,1.024
Y9010001,Le Zincajo au pont de la RD 14 à l'amont du hameau de Pinello,Ruisseau de Zincajo,2025-08-25,1a,1,238,347.6,62.7,28.6,2.19,96.6,100.8,0.959,369.2,306.3,1.205
Y9010001,Le Zincajo au pont de la RD 14 à l'amont du hameau de Pinello,Ruisseau de Zincajo,2025-09-25,1a,1,269,347.6,13.5,48.9,0.275,102.9,108.6,0.948,257.8,282.4,0.913
Y9010001,Le Zincajo au pont de la RD 14 à l'amont du hameau de Pinello,Ruisseau de Zincajo,2025-10-24,1a,1,298,347.6,33.7,78.5,0.429,109.8,154.0,0.713,171.5,285.3,0.601
Y9010001,Le Zincajo au pont de la RD 14 à l'amont du hameau de Pinello,Ruisseau de Zincajo,2025-11-20,1a,1,325,347.6,29.1,123.4,0.236,81.5,240.4,0.339,169.9,341.7,0.497
Y9010001,Le Zincajo au pont de la RD 14 à l'amont du hameau de Pinello,Ruisseau de Zincajo,2025-12-15,1a,1,350,347.6,69.0,122.6,0.563,122.9,311.4,0.395,225.6,408.3,0.553
Y9010001,Le Zincajo au pont de la RD 14 à l'amont du hameau de Pinello,Ruisseau de Zincajo,2026-01-14,1a,1,14,347.6,383.1,87.8,4.365,477.0,325.1,1.467,577.8,469.7,1.23
Y9010001,Le Zincajo au pont de la RD 14 à l'amont du hameau de Pinello,Ruisseau de Zincajo,2026-04-21,1a,1,112,347.6,89.2,69.9,1.275,249.2,211.4,1.179,825.8,529.7,1.559
Y9010001,Le Zincajo au pont de la RD 14 à l'amont du hameau de Pinello,Ruisseau de Zincajo,2026-05-25,1a,1,146,347.6,50.0,61.2,0.818,205.6,209.2,0.983,834.8,465.4,1.794
Y9010001,Le Zincajo au pont de la RD 14 à l'amont du hameau de Pinello,Ruisseau de Zincajo,2026-06-26,1a,1,178,347.6,10.9,40.8,0.267,157.7,173.5,0.909,443.4,380.5,1.165
Y9010001,Le Zincajo au pont de la RD 14 à l'amont du hameau de Pinello,Ruisseau de Zincajo,2026-07-13,1a,1,195,347.6,38.9,23.5,1.659,114.0,145.6,0.783,458.8,353.9,1.296
Y9010001,Le Zincajo au pont de la RD 14 à l'amont du hameau de Pinello,Ruisseau de Zincajo,2026-07-23,1a,1,205,347.6,39.0,28.9,1.349,93.6,135.5,0.691,348.8,344.9,1.011
Y9010001,Le Zincajo au pont de la RD 14 à l'amont du hameau de Pinello,Ruisseau de Zincajo,2026-08-25,1a,1,238,347.6,45.5,28.6,1.59,90.6,100.8,0.9,296.0,306.3,0.966
Y9010001,Le Zincajo au pont de la RD 14 à l'amont du hameau de Pinello,Ruisseau de Zincajo,2026-09-24,1f,1,268,347.6,18.3,46.4,0.395,98.1,106.4,0.922,255.8,279.9,0.914
Y9010002,Le Minuto aux bergeries de Ricciani,Ruisseau de Minuto,2012-05-25,1a,1,146,373.5,85.4,63.4,1.346,188.4,219.2,0.86,316.3,492.8,0.642
Y9010002,Le Minuto aux bergeries de Ricciani,Ruisseau de Minuto,2012-06-25,1a,1,177,373.5,14.6,42.8,0.341,184.4,181.4,1.017,310.4,405.4,0.766
Y9010002,Le Minuto aux bergeries de Ricciani,Ruisseau de Minuto,2012-07-11,1f,1,193,373.5,3.5,25.6,0.138,136.2,151.2,0.901,301.4,373.7,0.807
Y9010002,Le Minuto aux bergeries de Ricciani,Ruisseau de Minuto,2012-07-25,1f,1,207,373.5,8.9,28.0,0.319,111.9,132.8,0.843,304.1,359.2,0.847
Y9010002,Le Minuto aux bergeries de Ricciani,Ruisseau de Minuto,2012-08-23,2,0,236,373.5,2.5,30.4,0.082,29.1,102.0,0.286,217.5,321.1,0.678
Y9010002,Le Minuto aux bergeries de Ricciani,Ruisseau de Minuto,2012-09-25,1a,1,269,373.5,99.8,50.2,1.987,111.4,108.9,1.022,295.8,287.8,1.028
Y9010002,Le Minuto aux bergeries de Ricciani,Ruisseau de Minuto,2013-05-23,1a,1,144,373.5,71.5,68.3,1.048,438.2,221.7,1.977,647.1,500.4,1.293
Y9010002,Le Minuto aux bergeries de Ricciani,Ruisseau de Minuto,2013-06-25,1a,1,177,373.5,25.3,42.8,0.591,205.7,181.4,1.134,615.5,405.4,1.518
Y9010002,Le Minuto aux bergeries de Ricciani,Ruisseau de Minuto,2013-07-25,1a,1,207,373.5,134.4,28.0,4.799,236.5,132.8,1.781,679.9,359.2,1.893
Y9010002,Le Minuto aux bergeries de Ricciani,Ruisseau de Minuto,2013-08-23,1f,1,236,373.5,25.4,30.4,0.835,196.2,102.0,1.925,610.1,321.1,1.9
Y9010002,Le Minuto aux bergeries de Ricciani,Ruisseau de Minuto,2013-09-19,1f,1,263,373.5,16.2,42.3,0.382,175.8,97.8,1.798,400.6,287.4,1.394
Y9010002,Le Minuto aux bergeries de Ricciani,Ruisseau de Minuto,2013-10-24,1f,1,298,373.5,71.4,85.5,0.836,113.0,161.9,0.698,344.9,295.7,1.166
Y9010002,Le Minuto aux bergeries de Ricciani,Ruisseau de Minuto,2014-05-26,1a,1,147,373.5,37.9,62.0,0.611,226.6,218.0,1.039,400.1,490.1,0.816
Y9010002,Le Minuto aux bergeries de Ricciani,Ruisseau de Minuto,2014-06-25,1a,1,177,373.5,97.7,42.8,2.282,204.1,181.4,1.125,463.0,405.4,1.142
Y9010002,Le Minuto aux bergeries de Ricciani,Ruisseau de Minuto,2014-07-23,1a,1,205,373.5,48.1,28.4,1.694,183.4,138.3,1.326,464.1,360.8,1.286
Y9010002,Le Minuto aux bergeries de Ricciani,Ruisseau de Minuto,2014-08-25,1a,1,238,373.5,2.1,28.7,0.073,147.4,100.5,1.466,373.3,315.2,1.184
Y9010002,Le Minuto aux bergeries de Ricciani,Ruisseau de Minuto,2014-09-25,1a,1,269,373.5,20.6,50.2,0.411,70.2,108.9,0.645,261.7,287.8,0.909
Y9010002,Le Minuto aux bergeries de Ricciani,Ruisseau de Minuto,2014-10-28,1,1,302,373.5,6.0,86.5,0.069,28.0,168.4,0.166,203.8,293.4,0.694
Y9010002,Le Minuto aux bergeries de Ricciani,Ruisseau de Minuto,2015-05-26,1a,1,147,373.5,10.9,62.0,0.176,300.9,218.0,1.38,831.7,490.1,1.697
Y9010002,Le Minuto aux bergeries de Ricciani,Ruisseau de Minuto,2015-06-23,1a,1,175,373.5,50.7,43.2,1.175,102.8,185.0,0.556,617.5,415.6,1.486
Y9010002,Le Minuto aux bergeries de Ricciani,Ruisseau de Minuto,2015-07-23,1a,1,205,373.5,18.5,28.4,0.651,80.1,138.3,0.579,605.6,360.8,1.678
Y9010002,Le Minuto aux bergeries de Ricciani,Ruisseau de Minuto,2015-08-27,1f,1,240,373.5,24.2,28.6,0.846,94.3,98.4,0.958,398.4,310.9,1.282
Y9010002,Le Minuto aux bergeries de Ricciani,Ruisseau de Minuto,2015-09-22,1f,1,266,373.5,1.2,45.1,0.027,52.8,104.0,0.507,146.9,287.5,0.511
Y9010002,Le Minuto aux bergeries de Ricciani,Ruisseau de Minuto,2016-05-18,1,1,139,373.5,33.5,70.7,0.473,185.8,223.2,0.832,352.0,512.9,0.686
Y9010002,Le Minuto aux bergeries de Ricciani,Ruisseau de Minuto,2016-06-27,1,1,179,373.5,11.1,42.2,0.264,57.5,178.8,0.321,328.6,401.4,0.819
Y9010002,Le Minuto aux bergeries de Ricciani,Ruisseau de Minuto,2016-07-22,1,1,204,373.5,5.3,26.3,0.203,53.9,138.2,0.39,273.9,361.7,0.757
Y9010002,Le Minuto aux bergeries de Ricciani,Ruisseau de Minuto,2016-08-22,3,0,235,373.5,9.7,30.4,0.318,27.7,102.0,0.272,214.6,322.3,0.666
Y9010002,Le Minuto aux bergeries de Ricciani,Ruisseau de Minuto,2016-09-06,3,0,250,373.5,17.3,31.0,0.558,39.5,92.5,0.427,119.0,291.7,0.408
Y9010002,Le Minuto aux bergeries de Ricciani,Ruisseau de Minuto,2016-09-21,1,1,265,373.5,66.7,43.6,1.53,83.4,102.4,0.814,141.2,287.4,0.491
Y9010002,Le Minuto aux bergeries de Ricciani,Ruisseau de Minuto,2017-05-22,1,1,143,373.5,30.5,69.9,0.437,71.8,222.9,0.322,791.1,501.8,1.576
Y9010002,Le Minuto aux bergeries de Ricciani,Ruisseau de Minuto,2017-06-27,1,1,179,373.5,12.3,42.2,0.291,60.5,178.8,0.338,486.6,401.4,1.212
Y9010002,Le Minuto aux bergeries de Ricciani,Ruisseau de Minuto,2017-06-28,1,1,180,373.5,12.3,39.6,0.309,60.3,177.7,0.34,486.5,398.7,1.22
Y9010002,Le Minuto aux bergeries de Ricciani,Ruisseau de Minuto,2017-07-19,1,1,201,373.5,15.8,23.5,0.673,58.9,140.9,0.418,390.7,364.8,1.071
Y9010002,Le Minuto aux bergeries de Ricciani,Ruisseau de Minuto,2017-08-02,1,1,215,373.5,22.4,33.0,0.678,58.7,117.9,0.498,217.3,346.4,0.627
Y9010002,Le Minuto aux bergeries de Ricciani,Ruisseau de Minuto,2017-08-16,1,1,229,373.5,12.3,30.3,0.406,42.1,103.9,0.405,112.8,327.1,0.345
Y9010002,Le Minuto aux bergeries de Ricciani,Ruisseau de Minuto,2017-08-29,1,1,242,373.5,0.9,29.4,0.032,40.4,98.7,0.409,108.8,305.6,0.356
Y9010002,Le Minuto aux bergeries de Ricciani,Ruisseau de Minuto,2017-08-30,1,1,243,373.5,0.9,29.0,0.032,40.4,98.0,0.412,108.7,304.5,0.357
Y9010002,Le Minuto aux bergeries de Ricciani,Ruisseau de Minuto,2017-09-27,1,1,271,373.5,27.5,52.4,0.524,53.4,111.6,0.478,115.7,288.5,0.401
Y9010002,Le Minuto aux bergeries de Ricciani,Ruisseau de Minuto,2017-10-25,1,1,299,373.5,4.1,82.9,0.05,32.7,162.4,0.201,95.8,292.4,0.328
Y9010002,Le Minuto aux bergeries de Ricciani,Ruisseau de Minuto,2017-11-07,1,1,312,373.5,17.9,124.2,0.144,47.7,221.6,0.215,90.1,333.8,0.27
Y9010002,Le Minuto aux bergeries de Ricciani,Ruisseau de Minuto,2017-11-22,1,1,327,373.5,54.6,138.6,0.394,86.1,269.0,0.32,126.3,370.1,0.341
Y9010002,Le Minuto aux bergeries de Ricciani,Ruisseau de Minuto,2018-02-06,1,1,37,373.5,83.9,69.7,1.204,244.1,307.6,0.793,293.1,529.6,0.553
Y9010002,Le Minuto aux bergeries de Ricciani,Ruisseau de Minuto,2018-03-06,1,1,66,373.5,142.0,78.7,1.804,266.4,260.2,1.024,413.0,574.4,0.719
Y9010002,Le Minuto aux bergeries de Ricciani,Ruisseau de Minuto,2018-03-21,1,1,81,373.5,163.4,80.6,2.026,291.3,241.4,1.207,452.2,576.8,0.784
Y9010002,Le Minuto aux bergeries de Ricciani,Ruisseau de Minuto,2018-04-25,1,1,116,373.5,59.7,76.9,0.776,299.4,224.5,1.334,509.9,564.5,0.903
Y9010002,Le Minuto aux bergeries de Ricciani,Ruisseau de Minuto,2018-05-29,1,1,150,373.5,134.4,58.6,2.292,307.4,212.5,1.446,590.0,475.1,1.242
Y9010002,Le Minuto aux bergeries de Ricciani,Ruisseau de Minuto,2018-06-19,1,1,171,373.5,54.6,46.3,1.179,237.6,190.7,1.246,528.9,432.0,1.224
Y9010002,Le Minuto aux bergeries de Ricciani,Ruisseau de Minuto,2018-07-25,1,1,207,373.5,32.1,28.0,1.146,212.0,132.8,1.597,511.4,359.2,1.424
Y9010002,Le Minuto aux bergeries de Ricciani,Ruisseau de Minuto,2018-08-27,1,1,240,373.5,55.2,28.6,1.93,248.9,98.4,2.53,556.3,310.9,1.789
Y9010002,Le Minuto aux bergeries de Ricciani,Ruisseau de Minuto,2018-09-25,1,1,269,373.5,22.5,50.2,0.448,225.8,108.9,2.073,467.4,287.8,1.624
Y9010002,Le Minuto aux bergeries de Ricciani,Ruisseau de Minuto,2018-10-25,1,1,299,373.5,156.1,82.9,1.883,329.0,162.4,2.026,563.5,292.4,1.927
Y9010002,Le Minuto aux bergeries de Ricciani,Ruisseau de Minuto,2019-04-02,1,1,93,373.5,16.5,71.7,0.23,95.1,215.2,0.442,530.7,577.8,0.918
Y9010002,Le Minuto aux bergeries de Ricciani,Ruisseau de Minuto,2019-04-24,1,1,115,373.5,73.1,75.0,0.974,145.0,222.6,0.652,442.3,562.4,0.786
Y9010002,Le Minuto aux bergeries de Ricciani,Ruisseau de Minuto,2019-05-27,1,1,148,373.5,90.8,61.9,1.467,167.2,214.7,0.779,269.1,483.4,0.557
Y9010002,Le Minuto aux bergeries de Ricciani,Ruisseau de Minuto,2019-06-20,1,1,172,373.5,25.3,44.9,0.564,173.3,190.3,0.911,255.0,427.4,0.597
Y9010002,Le Minuto aux bergeries de Ricciani,Ruisseau de Minuto,2019-07-25,1,1,207,373.5,18.0,28.0,0.643,117.9,132.8,0.888,258.2,359.2,0.719
Y9010002,Le Minuto aux bergeries de Ricciani,Ruisseau de Minuto,2019-08-27,1,1,240,373.5,19.8,28.6,0.693,65.0,98.4,0.661,238.3,310.9,0.766
Y9010002,Le Minuto aux bergeries de Ricciani,Ruisseau de Minuto,2019-09-25,1,1,269,373.5,31.9,50.2,0.635,87.0,108.9,0.799,247.5,287.8,0.86
Y9010002,Le Minuto aux bergeries de Ricciani,Ruisseau de Minuto,2019-10-28,1,1,302,373.5,51.6,86.5,0.597,95.8,168.4,0.569,238.9,293.4,0.814
Y9010002,Le Minuto aux bergeries de Ricciani,Ruisseau de Minuto,2020-05-27,1,1,148,373.5,89.0,61.9,1.438,199.4,214.7,0.929,397.5,483.4,0.822
Y9010002,Le Minuto aux bergeries de Ricciani,Ruisseau de Minuto,2020-06-23,1,1,175,373.5,25.5,43.2,0.591,215.6,185.0,1.166,286.2,415.6,0.689
Y9010002,Le Minuto aux bergeries de Ricciani,Ruisseau de Minuto,2020-07-24,1,1,206,373.5,11.8,28.5,0.414,126.4,135.0,0.936,237.7,359.5,0.661
Y9010002,Le Minuto aux bergeries de Ricciani,Ruisseau de Minuto,2020-08-14,1,1,227,373.5,14.6,28.7,0.507,111.5,105.4,1.057,241.6,332.1,0.728
Y9010002,Le Minuto aux bergeries de Ricciani,Ruisseau de Minuto,2020-08-25,1,1,238,373.5,13.9,28.7,0.484,50.9,100.5,0.506,250.2,315.2,0.794
Y9010002,Le Minuto aux bergeries de Ricciani,Ruisseau de Minuto,2020-09-24,1,1,268,373.5,64.2,47.8,1.345,89.9,106.3,0.846,285.9,285.2,1.002
Y9010002,Le Minuto aux bergeries de Ricciani,Ruisseau de Minuto,2020-10-26,1,1,300,373.5,48.7,85.7,0.568,147.5,165.7,0.89,264.1,294.1,0.898
Y9010002,Le Minuto aux bergeries de Ricciani,Ruisseau de Minuto,2021-05-26,1,1,147,373.5,55.0,62.0,0.888,118.2,218.0,0.542,431.5,490.1,0.88
Y9010002,Le Minuto aux bergeries de Ricciani,Ruisseau de Minuto,2021-06-30,1,1,182,373.5,60.1,38.1,1.578,156.0,175.1,0.891,316.3,392.6,0.806
Y9010002,Le Minuto aux bergeries de Ricciani,Ruisseau de Minuto,2021-07-26,1,1,208,373.5,7.4,29.9,0.248,128.4,133.7,0.96,224.8,359.9,0.624
Y9010002,Le Minuto aux bergeries de Ricciani,Ruisseau de Minuto,2021-08-16,1,1,229,373.5,1.6,30.3,0.052,83.3,103.9,0.802,193.9,327.1,0.593
Y9010002,Le Minuto aux bergeries de Ricciani,Ruisseau de Minuto,2021-08-26,1,1,239,373.5,15.4,29.3,0.527,90.0,100.9,0.893,208.0,313.4,0.664
Y9010002,Le Minuto aux bergeries de Ricciani,Ruisseau de Minuto,2021-09-24,1,1,268,373.5,26.9,47.8,0.563,48.4,106.3,0.455,204.2,285.2,0.716
Y9010002,Le Minuto aux bergeries de Ricciani,Ruisseau de Minuto,2021-10-25,1,1,299,373.5,14.1,82.9,0.17,54.8,162.4,0.338,177.9,292.4,0.608
Y9010002,Le Minuto aux bergeries de Ricciani,Ruisseau de Minuto,2022-03-25,1,1,85,373.5,47.3,78.6,0.601,90.9,230.7,0.394,366.3,573.2,0.639
Y9010002,Le Minuto aux bergeries de Ricciani,Ruisseau de Minuto,2022-04-25,1,1,116,373.5,79.1,76.9,1.028,142.3,224.5,0.634,431.1,564.5,0.764
Y9010002,Le Minuto aux bergeries de Ricciani,Ruisseau de Minuto,2022-05-23,1,1,144,373.5,61.3,68.3,0.897,176.2,221.7,0.795,274.8,500.4,0.549
Y9010002,Le Minuto aux bergeries de Ricciani,Ruisseau de Minuto,2022-06-23,1,1,175,373.5,3.1,43.2,0.071,131.9,185.0,0.713,222.9,415.6,0.536
Y9010002,Le Minuto aux bergeries de Ricciani,Ruisseau de Minuto,2022-07-11,1,1,193,373.5,2.6,25.6,0.1,104.9,151.2,0.694,198.3,373.7,0.531
Y9010002,Le Minuto aux bergeries de Ricciani,Ruisseau de Minuto,2022-07-25,1,1,207,373.5,2.0,28.0,0.071,55.0,132.8,0.414,197.3,359.2,0.549
Y9010002,Le Minuto aux bergeries de Ricciani,Ruisseau de Minuto,2022-08-10,1,1,223,373.5,54.5,33.2,1.642,60.9,111.3,0.547,250.0,334.1,0.748
Y9010002,Le Minuto aux bergeries de Ricciani,Ruisseau de Minuto,2022-08-23,1,1,236,373.5,73.5,30.4,2.421,78.5,102.0,0.77,254.9,321.1,0.794
Y9010002,Le Minuto aux bergeries de Ricciani,Ruisseau de Minuto,2022-09-09,1,1,253,373.5,69.8,32.2,2.168,126.9,90.9,1.396,303.2,290.6,1.043
Y9010002,Le Minuto aux bergeries de Ricciani,Ruisseau de Minuto,2022-09-26,1,1,270,373.5,62.7,51.4,1.218,139.3,110.2,1.264,264.7,287.9,0.92
Y9010002,Le Minuto aux bergeries de Ricciani,Ruisseau de Minuto,2022-10-10,1,1,284,373.5,30.3,69.2,0.438,154.6,134.9,1.146,259.6,285.4,0.91
Y9010002,Le Minuto aux bergeries de Ricciani,Ruisseau de Minuto,2022-10-24,1,1,298,373.5,34.8,85.5,0.407,160.2,161.9,0.989,215.0,295.7,0.727
Y9010002,Le Minuto aux bergeries de Ricciani,Ruisseau de Minuto,2022-11-11,1,1,316,373.5,13.9,125.0,0.111,115.2,232.0,0.497,176.3,338.6,0.521
Y9010002,Le Minuto aux bergeries de Ricciani,Ruisseau de Minuto,2022-11-22,1,1,327,373.5,57.9,138.6,0.418,144.2,269.0,0.536,222.9,370.1,0.602
Y9010002,Le Minuto aux bergeries de Ricciani,Ruisseau de Minuto,2022-12-14,1,1,349,373.5,103.4,134.1,0.771,149.4,336.4,0.444,276.7,429.7,0.644
Y9010002,Le Minuto aux bergeries de Ricciani,Ruisseau de Minuto,2023-01-23,1,1,23,373.5,89.8,84.1,1.068,247.1,342.7,0.721,407.1,506.0,0.805
Y9010002,Le Minuto aux bergeries de Ricciani,Ruisseau de Minuto,2023-02-22,1,1,53,373.5,33.4,71.6,0.467,221.1,279.0,0.793,366.8,548.3,0.669
Y9010002,Le Minuto aux bergeries de Ricciani,Ruisseau de Minuto,2023-03-24,1a,1,84,373.5,135.1,76.8,1.76,258.4,231.4,1.116,438.5,572.0,0.767
Y9010002,Le Minuto aux bergeries de Ricciani,Ruisseau de Minuto,2023-04-24,1a,1,115,373.5,20.6,75.0,0.275,187.1,222.6,0.841,436.5,562.4,0.776
Y9010002,Le Minuto aux bergeries de Ricciani,Ruisseau de Minuto,2023-05-24,1a,1,145,373.5,76.1,66.7,1.141,231.8,220.3,1.052,453.1,497.5,0.911
Y9010002,Le Minuto aux bergeries de Ricciani,Ruisseau de Minuto,2023-06-05,1a,1,157,373.5,89.4,50.9,1.754,132.5,198.6,0.667,448.3,458.2,0.978
Y9010002,Le Minuto aux bergeries de Ricciani,Ruisseau de Minuto,2023-06-26,1a,1,178,373.5,121.9,42.0,2.902,225.6,179.0,1.261,487.1,402.1,1.211
Y9010002,Le Minuto aux bergeries de Ricciani,Ruisseau de Minuto,2023-07-24,1a,1,206,373.5,9.9,28.5,0.348,218.5,135.0,1.618,384.2,359.5,1.069
Y9010002,Le Minuto aux bergeries de Ricciani,Ruisseau de Minuto,2023-08-21,1a,1,234,373.5,1.0,30.6,0.034,143.4,100.6,1.426,375.4,322.2,1.165
Y9010002,Le Minuto aux bergeries de Ricciani,Ruisseau de Minuto,2023-09-12,1a,1,256,373.5,7.9,32.6,0.241,40.0,89.7,0.445,254.8,283.7,0.898
Y9010002,Le Minuto aux bergeries de Ricciani,Ruisseau de Minuto,2023-09-25,1a,1,269,373.5,50.8,50.2,1.011,61.6,108.9,0.565,287.4,287.8,0.999
Y9010002,Le Minuto aux bergeries de Ricciani,Ruisseau de Minuto,2023-10-10,1a,1,284,373.5,44.9,69.2,0.649,54.8,134.9,0.406,286.7,285.4,1.005
Y9010002,Le Minuto aux bergeries de Ricciani,Ruisseau de Minuto,2023-10-23,1a,1,297,373.5,14.2,86.4,0.164,65.5,161.4,0.406,284.2,294.2,0.966
Y9010002,Le Minuto aux bergeries de Ricciani,Ruisseau de Minuto,2023-11-24,1a,1,329,373.5,129.1,141.0,0.916,206.8,273.4,0.756,339.2,374.5,0.906
Y9010002,Le Minuto aux bergeries de Ricciani,Ruisseau de Minuto,2024-01-24,1a,1,24,373.5,31.3,83.2,0.376,193.5,341.7,0.566,273.0,509.4,0.536
Y9010002,Le Minuto aux bergeries de Ricciani,Ruisseau de Minuto,2024-02-22,1a,1,53,373.5,19.8,71.6,0.276,85.2,279.0,0.305,292.0,548.3,0.533
Y9010002,Le Minuto aux bergeries de Ricciani,Ruisseau de Minuto,2024-03-22,1a,1,82,373.5,105.9,79.1,1.338,157.1,237.2,0.662,347.2,577.3,0.601
Y9010002,Le Minuto aux bergeries de Ricciani,Ruisseau de Minuto,2024-04-24,1a,1,115,373.5,34.4,75.0,0.458,160.2,222.6,0.72,350.3,562.4,0.623
Y9010002,Le Minuto aux bergeries de Ricciani,Ruisseau de Minuto,2024-05-24,1a,1,145,373.5,57.7,66.7,0.864,197.5,220.3,0.896,282.9,497.5,0.569
Y9010002,Le Minuto aux bergeries de Ricciani,Ruisseau de Minuto,2024-06-21,1a,1,173,373.5,18.1,44.1,0.411,109.8,189.6,0.579,267.0,422.3,0.632
Y9010002,Le Minuto aux bergeries de Ricciani,Ruisseau de Minuto,2024-07-22,1a,1,204,373.5,47.9,26.3,1.821,126.3,138.2,0.914,283.5,361.7,0.784
Y9010002,Le Minuto aux bergeries de Ricciani,Ruisseau de Minuto,2024-08-22,1a,1,235,373.5,55.5,30.4,1.824,121.2,102.0,1.188,318.7,322.3,0.989
Y9010002,Le Minuto aux bergeries de Ricciani,Ruisseau de Minuto,2024-09-23,1a,1,267,373.5,80.7,44.9,1.799,172.8,103.1,1.677,287.0,284.4,1.009
Y9010002,Le Minuto aux bergeries de Ricciani,Ruisseau de Minuto,2024-10-10,1a,1,284,373.5,63.1,69.2,0.911,178.3,134.9,1.322,308.3,285.4,1.08
Y9010002,Le Minuto aux bergeries de Ricciani,Ruisseau de Minuto,2024-10-22,1a,1,296,373.5,88.7,82.3,1.078,221.6,157.8,1.404,344.7,292.9,1.177
Y9010002,Le Minuto aux bergeries de Ricciani,Ruisseau de Minuto,2024-11-12,1a,1,317,373.5,97.9,127.1,0.77,255.6,235.5,1.085,353.6,341.1,1.037
Y9010002,Le Minuto aux bergeries de Ricciani,Ruisseau de Minuto,2025-04-11,1a,1,102,373.5,87.6,72.1,1.216,226.1,220.0,1.028,409.4,574.7,0.712
Y9010002,Le Minuto aux bergeries de Ricciani,Ruisseau de Minuto,2025-05-23,1a,1,144,373.5,23.7,68.3,0.347,258.3,221.7,1.165,414.4,500.4,0.828
Y9010002,Le Minuto aux bergeries de Ricciani,Ruisseau de Minuto,2025-06-23,1a,1,175,373.5,6.3,43.2,0.146,149.5,185.0,0.808,362.2,415.6,0.871
Y9010002,Le Minuto aux bergeries de Ricciani,Ruisseau de Minuto,2025-07-23,1a,1,205,373.5,15.9,28.4,0.559,44.3,138.3,0.321,320.9,360.8,0.889
Y9010002,Le Minuto aux bergeries de Ricciani,Ruisseau de Minuto,2025-08-25,1a,1,238,373.5,47.3,28.7,1.647,69.2,100.5,0.689,323.1,315.2,1.025
Y9010002,Le Minuto aux bergeries de Ricciani,Ruisseau de Minuto,2025-09-25,1a,1,269,373.5,12.7,50.2,0.253,75.4,108.9,0.692,216.2,287.8,0.751
Y9010002,Le Minuto aux bergeries de Ricciani,Ruisseau de Minuto,2025-10-24,1a,1,298,373.5,24.7,85.5,0.289,84.7,161.9,0.523,129.0,295.7,0.436
Y9010002,Le Minuto aux bergeries de Ricciani,Ruisseau de Minuto,2025-11-20,1a,1,325,373.5,30.2,132.1,0.229,65.9,256.5,0.257,133.2,358.5,0.372
Y9010002,Le Minuto aux bergeries de Ricciani,Ruisseau de Minuto,2025-12-15,1a,1,350,373.5,61.3,133.4,0.46,106.3,336.4,0.316,181.8,431.4,0.421
Y9010002,Le Minuto aux bergeries de Ricciani,Ruisseau de Minuto,2026-01-14,1a,1,14,373.5,410.2,95.0,4.317,497.4,348.6,1.427,572.1,498.2,1.148
Y9010002,Le Minuto aux bergeries de Ricciani,Ruisseau de Minuto,2026-04-21,1a,1,112,373.5,82.6,74.2,1.113,240.1,224.4,1.07,839.2,566.6,1.481
Y9010002,Le Minuto aux bergeries de Ricciani,Ruisseau de Minuto,2026-05-25,1a,1,146,373.5,54.5,63.4,0.86,197.8,219.2,0.902,854.3,492.8,1.734
Y9010002,Le Minuto aux bergeries de Ricciani,Ruisseau de Minuto,2026-06-26,1a,1,178,373.5,11.7,42.0,0.278,155.4,179.0,0.868,441.6,402.1,1.098
Y9010002,Le Minuto aux bergeries de Ricciani,Ruisseau de Minuto,2026-07-13,1a,1,195,373.5,43.5,25.2,1.73,120.3,149.5,0.804,458.4,371.1,1.235
Y9010002,Le Minuto aux bergeries de Ricciani,Ruisseau de Minuto,2026-07-23,1a,1,205,373.5,43.5,28.4,1.534,101.8,138.3,0.736,346.2,360.8,0.959
Y9010002,Le Minuto aux bergeries de Ricciani,Ruisseau de Minuto,2026-08-25,1a,1,238,373.5,31.5,28.7,1.097,79.3,100.5,0.789,276.8,315.2,0.878
Y9010002,Le Minuto aux bergeries de Ricciani,Ruisseau de Minuto,2026-09-24,1f,1,268,373.5,7.6,47.8,0.159,75.2,106.3,0.707,230.5,285.2,0.808
Y9110001,Le Tagnone au pont de la RD 443 à l'aval du hameau d'Aghione,Le Tagnone,2012-05-25,1a,1,146,39.6,103.3,56.7,1.823,185.5,199.4,0.93,331.2,442.2,0.749
Y9110001,Le Tagnone au pont de la RD 443 à l'aval du hameau d'Aghione,Le Tagnone,2012-06-25,1f,1,177,39.6,26.0,34.2,0.76,168.1,155.9,1.078,347.5,367.7,0.945
Y9110001,Le Tagnone au pont de la RD 443 à l'aval du hameau d'Aghione,Le Tagnone,2012-07-11,1f,1,193,39.6,3.1,17.4,0.176,156.3,125.9,1.242,339.5,340.9,0.996
Y9110001,Le Tagnone au pont de la RD 443 à l'aval du hameau d'Aghione,Le Tagnone,2012-07-25,1f,1,207,39.6,2.9,13.7,0.208,132.4,102.8,1.288,330.5,312.3,1.058
Y9110001,Le Tagnone au pont de la RD 443 à l'aval du hameau d'Aghione,Le Tagnone,2012-08-23,1f,1,236,39.6,3.0,17.8,0.166,32.2,66.3,0.485,217.7,265.7,0.819
Y9110001,Le Tagnone au pont de la RD 443 à l'aval du hameau d'Aghione,Le Tagnone,2012-09-25,1a,1,269,39.6,333.5,65.9,5.061,339.4,100.0,3.393,507.6,253.4,2.003
Y9110001,Le Tagnone au pont de la RD 443 à l'aval du hameau d'Aghione,Le Tagnone,2013-05-23,1a,1,144,39.6,60.4,62.5,0.966,394.1,202.0,1.95,509.1,448.2,1.136
Y9110001,Le Tagnone au pont de la RD 443 à l'aval du hameau d'Aghione,Le Tagnone,2013-06-25,1f,1,177,39.6,26.7,34.2,0.783,166.0,155.9,1.065,503.6,367.7,1.37
Y9110001,Le Tagnone au pont de la RD 443 à l'aval du hameau d'Aghione,Le Tagnone,2013-07-25,1a,1,207,39.6,45.8,13.7,3.345,129.0,102.8,1.255,512.2,312.3,1.64
Y9110001,Le Tagnone au pont de la RD 443 à l'aval du hameau d'Aghione,Le Tagnone,2013-08-23,1f,1,236,39.6,18.2,17.8,1.019,90.2,66.3,1.361,458.3,265.7,1.725
Y9110001,Le Tagnone au pont de la RD 443 à l'aval du hameau d'Aghione,Le Tagnone,2013-09-19,1f,1,263,39.6,16.9,57.0,0.296,80.3,86.7,0.926,253.1,252.5,1.003
Y9110001,Le Tagnone au pont de la RD 443 à l'aval du hameau d'Aghione,Le Tagnone,2013-10-24,1f,1,298,39.6,35.9,95.5,0.376,70.6,176.3,0.4,194.7,279.0,0.698
Y9110001,Le Tagnone au pont de la RD 443 à l'aval du hameau d'Aghione,Le Tagnone,2014-05-26,1a,1,147,39.6,48.6,55.0,0.884,194.3,197.5,0.984,295.5,440.3,0.671
Y9110001,Le Tagnone au pont de la RD 443 à l'aval du hameau d'Aghione,Le Tagnone,2014-06-25,1a,1,177,39.6,18.5,34.2,0.542,100.4,155.9,0.644,296.1,367.7,0.805
Y9110001,Le Tagnone au pont de la RD 443 à l'aval du hameau d'Aghione,Le Tagnone,2014-07-23,1a,1,205,39.6,20.8,13.9,1.496,87.8,108.1,0.813,289.3,314.6,0.92
Y9110001,Le Tagnone au pont de la RD 443 à l'aval du hameau d'Aghione,Le Tagnone,2014-08-25,1a,1,238,39.6,3.6,18.4,0.196,42.7,65.4,0.653,236.9,261.2,0.907
Y9110001,Le Tagnone au pont de la RD 443 à l'aval du hameau d'Aghione,Le Tagnone,2014-09-25,1a,1,269,39.6,26.5,65.9,0.402,47.4,100.0,0.474,150.3,253.4,0.593
Y9110001,Le Tagnone au pont de la RD 443 à l'aval du hameau d'Aghione,Le Tagnone,2014-10-28,1,1,302,39.6,5.5,97.6,0.056,32.9,187.7,0.176,122.4,282.2,0.434
Y9110001,Le Tagnone au pont de la RD 443 à l'aval du hameau d'Aghione,Le Tagnone,2015-05-26,1a,1,147,39.6,7.7,55.0,0.14,330.2,197.5,1.672,630.4,440.3,1.432
Y9110001,Le Tagnone au pont de la RD 443 à l'aval du hameau d'Aghione,Le Tagnone,2015-06-23,1a,1,175,39.6,20.8,34.6,0.602,70.6,161.7,0.437,584.8,377.6,1.549
Y9110001,Le Tagnone au pont de la RD 443 à l'aval du hameau d'Aghione,Le Tagnone,2015-07-23,1a,1,205,39.6,0.9,13.9,0.064,29.2,108.1,0.27,573.9,314.6,1.824
Y9110001,Le Tagnone au pont de la RD 443 à l'aval du hameau d'Aghione,Le Tagnone,2015-08-27,1f,1,240,39.6,48.1,19.4,2.48,67.8,65.7,1.033,396.8,256.6,1.547
Y9110001,Le Tagnone au pont de la RD 443 à l'aval du hameau d'Aghione,Le Tagnone,2015-09-22,1f,1,266,39.6,46.5,60.3,0.77,95.3,92.2,1.034,143.4,251.6,0.57
Y9110001,Le Tagnone au pont de la RD 443 à l'aval du hameau d'Aghione,Le Tagnone,2016-05-18,1,1,139,39.6,42.7,64.2,0.665,192.9,201.9,0.955,260.6,455.5,0.572
Y9110001,Le Tagnone au pont de la RD 443 à l'aval du hameau d'Aghione,Le Tagnone,2016-06-27,1,1,179,39.6,11.3,31.8,0.354,56.2,153.4,0.366,253.8,364.2,0.697
Y9110001,Le Tagnone au pont de la RD 443 à l'aval du hameau d'Aghione,Le Tagnone,2016-07-22,1,1,204,39.6,20.1,13.5,1.494,70.6,111.0,0.636,256.1,318.4,0.804
Y9110001,Le Tagnone au pont de la RD 443 à l'aval du hameau d'Aghione,Le Tagnone,2016-08-22,1,1,235,39.6,0.2,17.7,0.012,31.9,66.2,0.481,221.6,267.0,0.83
Y9110001,Le Tagnone au pont de la RD 443 à l'aval du hameau d'Aghione,Le Tagnone,2016-09-06,1,1,250,39.6,6.6,27.9,0.235,32.2,62.8,0.512,109.5,241.6,0.453
Y9110001,Le Tagnone au pont de la RD 443 à l'aval du hameau d'Aghione,Le Tagnone,2016-09-21,1,1,265,39.6,69.3,57.6,1.203,89.9,89.1,1.009,146.5,250.9,0.584
Y9110001,Le Tagnone au pont de la RD 443 à l'aval du hameau d'Aghione,Le Tagnone,2017-05-22,1,1,143,39.6,9.3,65.1,0.143,54.8,203.3,0.27,796.2,449.7,1.77
Y9110001,Le Tagnone au pont de la RD 443 à l'aval du hameau d'Aghione,Le Tagnone,2017-06-27,1,1,179,39.6,1.4,31.8,0.044,40.9,153.4,0.266,552.9,364.2,1.518
Y9110001,Le Tagnone au pont de la RD 443 à l'aval du hameau d'Aghione,Le Tagnone,2017-06-28,1,1,180,39.6,1.4,30.6,0.046,40.9,151.8,0.269,552.7,362.1,1.527
Y9110001,Le Tagnone au pont de la RD 443 à l'aval du hameau d'Aghione,Le Tagnone,2017-07-19,1,1,201,39.6,18.7,12.4,1.505,33.5,117.9,0.284,474.8,326.9,1.452
Y9110001,Le Tagnone au pont de la RD 443 à l'aval du hameau d'Aghione,Le Tagnone,2017-08-02,1,1,215,39.6,19.1,16.5,1.162,30.8,86.6,0.356,244.1,295.4,0.826
Y9110001,Le Tagnone au pont de la RD 443 à l'aval du hameau d'Aghione,Le Tagnone,2017-08-16,1,1,229,39.6,3.3,16.2,0.205,24.3,72.0,0.337,79.3,273.8,0.29
Y9110001,Le Tagnone au pont de la RD 443 à l'aval du hameau d'Aghione,Le Tagnone,2017-08-29,1,1,242,39.6,1.0,20.2,0.049,24.1,64.8,0.371,77.5,250.1,0.31
Y9110001,Le Tagnone au pont de la RD 443 à l'aval du hameau d'Aghione,Le Tagnone,2017-08-30,1,1,243,39.6,0.9,20.5,0.044,24.1,64.3,0.374,77.4,249.4,0.31
Y9110001,Le Tagnone au pont de la RD 443 à l'aval du hameau d'Aghione,Le Tagnone,2017-09-27,1,1,271,39.6,25.4,66.9,0.379,47.9,102.4,0.468,88.9,253.5,0.351
Y9110001,Le Tagnone au pont de la RD 443 à l'aval du hameau d'Aghione,Le Tagnone,2017-10-25,1,1,299,39.6,10.4,94.0,0.111,37.0,179.1,0.207,67.8,279.7,0.243
Y9110001,Le Tagnone au pont de la RD 443 à l'aval du hameau d'Aghione,Le Tagnone,2017-11-07,1,1,312,39.6,14.4,126.3,0.114,48.8,242.0,0.202,73.2,322.0,0.227
Y9110001,Le Tagnone au pont de la RD 443 à l'aval du hameau d'Aghione,Le Tagnone,2017-11-22,1,1,327,39.6,54.7,132.0,0.415,90.6,287.2,0.316,114.6,353.7,0.324
Y9110001,Le Tagnone au pont de la RD 443 à l'aval du hameau d'Aghione,Le Tagnone,2018-02-06,1,1,37,39.6,98.0,71.4,1.373,235.3,270.8,0.869,286.4,519.2,0.552
Y9110001,Le Tagnone au pont de la RD 443 à l'aval du hameau d'Aghione,Le Tagnone,2018-03-06,1,1,66,39.6,202.7,73.0,2.778,277.6,241.6,1.149,434.1,558.4,0.777
Y9110001,Le Tagnone au pont de la RD 443 à l'aval du hameau d'Aghione,Le Tagnone,2018-03-21,1,1,81,39.6,198.0,75.1,2.638,324.6,225.2,1.441,483.1,553.5,0.873
Y9110001,Le Tagnone au pont de la RD 443 à l'aval du hameau d'Aghione,Le Tagnone,2018-04-25,1,1,116,39.6,54.6,68.3,0.8,367.0,208.6,1.759,529.8,512.1,1.034
Y9110001,Le Tagnone au pont de la RD 443 à l'aval du hameau d'Aghione,Le Tagnone,2018-05-29,1,1,150,39.6,119.9,52.8,2.269,301.7,190.9,1.581,591.6,432.5,1.368
Y9110001,Le Tagnone au pont de la RD 443 à l'aval du hameau d'Aghione,Le Tagnone,2018-06-19,1,1,171,39.6,106.1,39.1,2.713,238.2,167.2,1.425,562.8,392.3,1.435
Y9110001,Le Tagnone au pont de la RD 443 à l'aval du hameau d'Aghione,Le Tagnone,2018-07-25,1,1,207,39.6,7.6,13.7,0.555,190.6,102.8,1.854,557.5,312.3,1.785
Y9110001,Le Tagnone au pont de la RD 443 à l'aval du hameau d'Aghione,Le Tagnone,2018-08-27,1,1,240,39.6,12.9,19.4,0.668,83.8,65.7,1.277,385.5,256.6,1.503
Y9110001,Le Tagnone au pont de la RD 443 à l'aval du hameau d'Aghione,Le Tagnone,2018-09-25,1,1,269,39.6,117.3,65.9,1.78,135.3,100.0,1.353,375.6,253.4,1.482
Y9110001,Le Tagnone au pont de la RD 443 à l'aval du hameau d'Aghione,Le Tagnone,2018-10-25,1,1,299,39.6,224.3,94.0,2.385,354.8,179.1,1.981,545.4,279.7,1.95
Y9110001,Le Tagnone au pont de la RD 443 à l'aval du hameau d'Aghione,Le Tagnone,2019-04-02,1,1,93,39.6,8.4,66.1,0.128,53.7,205.8,0.261,520.4,547.2,0.951
Y9110001,Le Tagnone au pont de la RD 443 à l'aval du hameau d'Aghione,Le Tagnone,2019-04-24,1,1,115,39.6,34.4,67.4,0.51,58.7,206.5,0.284,345.8,511.5,0.676
Y9110001,Le Tagnone au pont de la RD 443 à l'aval du hameau d'Aghione,Le Tagnone,2019-05-27,1,1,148,39.6,90.4,55.6,1.626,125.4,195.8,0.64,196.9,435.8,0.452
Y9110001,Le Tagnone au pont de la RD 443 à l'aval du hameau d'Aghione,Le Tagnone,2019-06-20,1,1,172,39.6,32.6,36.7,0.888,137.4,166.6,0.825,183.4,387.5,0.473
Y9110001,Le Tagnone au pont de la RD 443 à l'aval du hameau d'Aghione,Le Tagnone,2019-07-25,1,1,207,39.6,5.8,13.7,0.423,108.5,102.8,1.056,167.1,312.3,0.535
Y9110001,Le Tagnone au pont de la RD 443 à l'aval du hameau d'Aghione,Le Tagnone,2019-08-27,1,1,240,39.6,10.8,19.4,0.559,25.2,65.7,0.384,162.6,256.6,0.634
Y9110001,Le Tagnone au pont de la RD 443 à l'aval du hameau d'Aghione,Le Tagnone,2019-09-25,1,1,269,39.6,39.5,65.9,0.6,64.5,100.0,0.645,193.7,253.4,0.765
Y9110001,Le Tagnone au pont de la RD 443 à l'aval du hameau d'Aghione,Le Tagnone,2019-10-28,1,1,302,39.6,110.2,97.6,1.129,160.5,187.7,0.855,277.0,282.2,0.982
Y9110001,Le Tagnone au pont de la RD 443 à l'aval du hameau d'Aghione,Le Tagnone,2020-05-27,1,1,148,39.6,100.5,55.6,1.809,397.0,195.8,2.027,675.6,435.8,1.55
Y9110001,Le Tagnone au pont de la RD 443 à l'aval du hameau d'Aghione,Le Tagnone,2020-06-23,1,1,175,39.6,17.9,34.6,0.516,381.7,161.7,2.361,569.1,377.6,1.507
Y9110001,Le Tagnone au pont de la RD 443 à l'aval du hameau d'Aghione,Le Tagnone,2020-07-23,1,1,205,39.6,16.0,13.9,1.152,134.6,108.1,1.245,435.5,314.6,1.384
Y9110001,Le Tagnone au pont de la RD 443 à l'aval du hameau d'Aghione,Le Tagnone,2020-08-14,1,1,227,39.6,8.8,15.2,0.577,99.3,73.7,1.347,434.1,278.7,1.558
Y9110001,Le Tagnone au pont de la RD 443 à l'aval du hameau d'Aghione,Le Tagnone,2020-08-25,1,1,238,39.6,3.8,18.4,0.205,37.6,65.4,0.575,434.6,261.2,1.664
Y9110001,Le Tagnone au pont de la RD 443 à l'aval du hameau d'Aghione,Le Tagnone,2020-09-24,1,1,268,39.6,54.4,62.5,0.871,74.2,95.2,0.779,420.7,249.7,1.685
Y9110001,Le Tagnone au pont de la RD 443 à l'aval du hameau d'Aghione,Le Tagnone,2020-10-26,1,1,300,39.6,62.6,97.4,0.642,145.6,183.2,0.795,256.8,282.3,0.91
Y9110001,Le Tagnone au pont de la RD 443 à l'aval du hameau d'Aghione,Le Tagnone,2021-05-26,1,1,147,39.6,46.3,55.0,0.842,150.8,197.5,0.763,459.3,440.3,1.043
Y9110001,Le Tagnone au pont de la RD 443 à l'aval du hameau d'Aghione,Le Tagnone,2021-06-30,1,1,182,39.6,9.1,28.5,0.319,113.0,149.2,0.757,303.9,357.1,0.851
Y9110001,Le Tagnone au pont de la RD 443 à l'aval du hameau d'Aghione,Le Tagnone,2021-07-26,2,0,208,39.6,20.2,14.4,1.402,74.2,102.6,0.723,225.5,312.2,0.722
Y9110001,Le Tagnone au pont de la RD 443 à l'aval du hameau d'Aghione,Le Tagnone,2021-08-16,2,0,229,39.6,1.3,16.2,0.078,38.2,72.0,0.53,184.7,273.8,0.674
Y9110001,Le Tagnone au pont de la RD 443 à l'aval du hameau d'Aghione,Le Tagnone,2021-08-26,2,0,239,39.6,14.4,19.1,0.751,47.4,66.0,0.718,198.0,261.3,0.758
Y9110001,Le Tagnone au pont de la RD 443 à l'aval du hameau d'Aghione,Le Tagnone,2021-09-24,2,0,268,39.6,22.7,62.5,0.364,56.3,95.2,0.592,169.6,249.7,0.679
Y9110001,Le Tagnone au pont de la RD 443 à l'aval du hameau d'Aghione,Le Tagnone,2021-10-25,1,1,299,39.6,76.1,94.0,0.809,112.0,179.1,0.625,185.0,279.7,0.662
Y9110001,Le Tagnone au pont de la RD 443 à l'aval du hameau d'Aghione,Le Tagnone,2022-03-25,1,1,85,39.6,113.0,73.8,1.533,150.3,216.0,0.696,601.6,549.3,1.095
Y9110001,Le Tagnone au pont de la RD 443 à l'aval du hameau d'Aghione,Le Tagnone,2022-04-25,1,1,116,39.6,102.1,68.3,1.494,224.9,208.6,1.078,628.7,512.1,1.228
Y9110001,Le Tagnone au pont de la RD 443 à l'aval du hameau d'Aghione,Le Tagnone,2022-05-23,1,1,144,39.6,56.3,62.5,0.9,254.1,202.0,1.258,354.9,448.2,0.792
Y9110001,Le Tagnone au pont de la RD 443 à l'aval du hameau d'Aghione,Le Tagnone,2022-06-23,1,1,175,39.6,1.4,34.6,0.039,142.5,161.7,0.881,292.8,377.6,0.775
Y9110001,Le Tagnone au pont de la RD 443 à l'aval du hameau d'Aghione,Le Tagnone,2022-07-11,1,1,193,39.6,1.6,17.4,0.091,107.7,125.9,0.856,269.9,340.9,0.792
Y9110001,Le Tagnone au pont de la RD 443 à l'aval du hameau d'Aghione,Le Tagnone,2022-07-25,1,1,207,39.6,1.6,13.7,0.114,41.9,102.8,0.407,266.8,312.3,0.855
Y9110001,Le Tagnone au pont de la RD 443 à l'aval du hameau d'Aghione,Le Tagnone,2022-08-10,1,1,223,39.6,33.2,15.8,2.097,36.6,79.5,0.46,298.9,280.3,1.066
Y9110001,Le Tagnone au pont de la RD 443 à l'aval du hameau d'Aghione,Le Tagnone,2022-08-23,1,1,236,39.6,54.3,17.8,3.044,57.1,66.3,0.862,311.4,265.7,1.172
Y9110001,Le Tagnone au pont de la RD 443 à l'aval du hameau d'Aghione,Le Tagnone,2022-09-09,1,1,253,39.6,46.6,33.0,1.412,81.4,66.3,1.228,327.4,243.8,1.343
Y9110001,Le Tagnone au pont de la RD 443 à l'aval du hameau d'Aghione,Le Tagnone,2022-09-26,2,0,270,39.6,37.0,66.4,0.558,93.0,101.5,0.917,223.9,253.3,0.884
Y9110001,Le Tagnone au pont de la RD 443 à l'aval du hameau d'Aghione,Le Tagnone,2022-10-10,2,0,284,39.6,30.9,85.9,0.36,110.7,135.1,0.82,218.4,260.5,0.838
Y9110001,Le Tagnone au pont de la RD 443 à l'aval du hameau d'Aghione,Le Tagnone,2022-10-24,1,1,298,39.6,34.1,95.5,0.357,117.6,176.3,0.667,159.4,279.0,0.571
Y9110001,Le Tagnone au pont de la RD 443 à l'aval du hameau d'Aghione,Le Tagnone,2022-11-11,1,1,316,39.6,18.3,125.7,0.146,99.1,252.8,0.392,136.0,327.9,0.415
Y9110001,Le Tagnone au pont de la RD 443 à l'aval du hameau d'Aghione,Le Tagnone,2022-11-22,1,1,327,39.6,58.1,132.0,0.441,121.4,287.2,0.423,178.4,353.7,0.505
Y9110001,Le Tagnone au pont de la RD 443 à l'aval du hameau d'Aghione,Le Tagnone,2022-12-14,1,1,349,39.6,159.1,106.0,1.501,217.6,319.9,0.68,301.1,395.2,0.762
Y9110001,Le Tagnone au pont de la RD 443 à l'aval du hameau d'Aghione,Le Tagnone,2023-01-23,1,1,23,39.6,77.1,76.2,1.011,299.9,305.8,0.981,417.4,490.0,0.852
Y9110001,Le Tagnone au pont de la RD 443 à l'aval du hameau d'Aghione,Le Tagnone,2023-02-22,1,1,53,39.6,38.2,70.3,0.543,276.7,247.0,1.12,401.3,539.8,0.743
Y9110001,Le Tagnone au pont de la RD 443 à l'aval du hameau d'Aghione,Le Tagnone,2023-03-24,1f,1,84,39.6,157.5,72.3,2.179,272.8,217.7,1.253,521.8,547.8,0.953
Y9110001,Le Tagnone au pont de la RD 443 à l'aval du hameau d'Aghione,Le Tagnone,2023-04-24,1a,1,115,39.6,27.3,67.4,0.404,212.3,206.5,1.028,523.0,511.5,1.022
Y9110001,Le Tagnone au pont de la RD 443 à l'aval du hameau d'Aghione,Le Tagnone,2023-05-24,1a,1,145,39.6,126.2,59.6,2.117,310.9,200.7,1.549,587.7,445.1,1.32
Y9110001,Le Tagnone au pont de la RD 443 à l'aval du hameau d'Aghione,Le Tagnone,2023-06-05,1a,1,157,39.6,127.8,46.0,2.777,187.3,178.6,1.049,518.1,421.3,1.23
Y9110001,Le Tagnone au pont de la RD 443 à l'aval du hameau d'Aghione,Le Tagnone,2023-06-26,1a,1,178,39.6,75.5,32.7,2.307,224.6,154.5,1.454,502.7,365.6,1.375
Y9110001,Le Tagnone au pont de la RD 443 à l'aval du hameau d'Aghione,Le Tagnone,2023-07-24,1a,1,206,39.6,4.7,14.0,0.336,207.6,105.1,1.975,400.4,313.7,1.276
Y9110001,Le Tagnone au pont de la RD 443 à l'aval du hameau d'Aghione,Le Tagnone,2023-08-21,1f,1,234,39.6,0.5,17.5,0.026,81.9,65.9,1.243,392.9,267.9,1.467
Y9110001,Le Tagnone au pont de la RD 443 à l'aval du hameau d'Aghione,Le Tagnone,2023-09-12,1f,1,256,39.6,11.2,33.2,0.337,31.2,64.7,0.483,257.1,237.7,1.081
Y9110001,Le Tagnone au pont de la RD 443 à l'aval du hameau d'Aghione,Le Tagnone,2023-09-25,1a,1,269,39.6,34.3,65.9,0.521,39.4,100.0,0.394,264.1,253.4,1.042
Y9110001,Le Tagnone au pont de la RD 443 à l'aval du hameau d'Aghione,Le Tagnone,2023-10-10,1f,1,284,39.6,24.5,85.9,0.286,36.8,135.1,0.272,263.1,260.5,1.01
Y9110001,Le Tagnone au pont de la RD 443 à l'aval du hameau d'Aghione,Le Tagnone,2023-10-23,1f,1,297,39.6,12.6,94.8,0.133,47.3,173.9,0.272,254.9,276.7,0.922
Y9110001,Le Tagnone au pont de la RD 443 à l'aval du hameau d'Aghione,Le Tagnone,2023-11-24,1a,1,329,39.6,92.0,130.4,0.706,148.7,290.3,0.512,229.3,356.2,0.644
Y9110001,Le Tagnone au pont de la RD 443 à l'aval du hameau d'Aghione,Le Tagnone,2024-01-24,1f,1,24,39.6,46.3,75.7,0.612,194.6,305.3,0.637,253.2,494.0,0.513
Y9110001,Le Tagnone au pont de la RD 443 à l'aval du hameau d'Aghione,Le Tagnone,2024-02-22,1f,1,53,39.6,11.0,70.3,0.157,115.1,247.0,0.466,263.8,539.8,0.489
Y9110001,Le Tagnone au pont de la RD 443 à l'aval du hameau d'Aghione,Le Tagnone,2024-03-22,1a,1,82,39.6,112.9,74.5,1.516,170.4,221.0,0.771,342.4,553.6,0.619
Y9110001,Le Tagnone au pont de la RD 443 à l'aval du hameau d'Aghione,Le Tagnone,2024-04-24,1a,1,115,39.6,46.4,67.4,0.688,170.2,206.5,0.824,358.7,511.5,0.701
Y9110001,Le Tagnone au pont de la RD 443 à l'aval du hameau d'Aghione,Le Tagnone,2024-05-24,1f,1,145,39.6,63.7,59.6,1.069,221.9,200.7,1.105,338.0,445.1,0.759
Y9110001,Le Tagnone au pont de la RD 443 à l'aval du hameau d'Aghione,Le Tagnone,2024-06-21,1f,1,173,39.6,17.1,35.5,0.483,127.3,165.8,0.768,297.5,384.3,0.774
Y9110001,Le Tagnone au pont de la RD 443 à l'aval du hameau d'Aghione,Le Tagnone,2024-07-22,2,0,204,39.6,38.1,13.5,2.834,123.9,111.0,1.117,289.3,318.4,0.909
Y9110001,Le Tagnone au pont de la RD 443 à l'aval du hameau d'Aghione,Le Tagnone,2024-08-22,1f,1,235,39.6,43.1,17.7,2.436,98.3,66.2,1.484,320.2,267.0,1.199
Y9110001,Le Tagnone au pont de la RD 443 à l'aval du hameau d'Aghione,Le Tagnone,2024-09-23,1a,1,267,39.6,92.0,60.4,1.522,148.0,92.8,1.595,295.2,248.7,1.187
Y9110001,Le Tagnone au pont de la RD 443 à l'aval du hameau d'Aghione,Le Tagnone,2024-10-10,1a,1,284,39.6,64.8,85.9,0.755,175.5,135.1,1.299,305.2,260.5,1.171
Y9110001,Le Tagnone au pont de la RD 443 à l'aval du hameau d'Aghione,Le Tagnone,2024-10-22,1a,1,296,39.6,72.2,93.4,0.773,204.8,171.6,1.194,322.4,276.7,1.165
Y9110001,Le Tagnone au pont de la RD 443 à l'aval du hameau d'Aghione,Le Tagnone,2024-11-12,1a,1,317,39.6,171.9,126.3,1.361,338.7,255.8,1.324,420.5,329.4,1.276
Y9110001,Le Tagnone au pont de la RD 443 à l'aval du hameau d'Aghione,Le Tagnone,2025-04-11,1a,1,102,39.6,80.1,66.8,1.198,305.4,211.1,1.447,619.2,534.0,1.16
Y9110001,Le Tagnone au pont de la RD 443 à l'aval du hameau d'Aghione,Le Tagnone,2025-05-23,1a,1,144,39.6,29.6,62.5,0.473,302.7,202.0,1.498,562.9,448.2,1.256
Y9110001,Le Tagnone au pont de la RD 443 à l'aval du hameau d'Aghione,Le Tagnone,2025-06-23,1a,1,175,39.6,4.6,34.6,0.133,177.1,161.7,1.095,462.8,377.6,1.226
Y9110001,Le Tagnone au pont de la RD 443 à l'aval du hameau d'Aghione,Le Tagnone,2025-07-23,1a,1,205,39.6,5.2,13.9,0.371,41.6,108.1,0.385,375.2,314.6,1.193
Y9110001,Le Tagnone au pont de la RD 443 à l'aval du hameau d'Aghione,Le Tagnone,2025-08-25,1a,1,238,39.6,52.7,18.4,2.87,62.5,65.4,0.955,365.2,261.2,1.398
Y9110001,Le Tagnone au pont de la RD 443 à l'aval du hameau d'Aghione,Le Tagnone,2025-09-25,1a,1,269,39.6,18.3,65.9,0.278,76.1,100.0,0.761,243.2,253.4,0.96
Y9110001,Le Tagnone au pont de la RD 443 à l'aval du hameau d'Aghione,Le Tagnone,2025-10-24,1a,1,298,39.6,23.8,95.5,0.249,94.9,176.3,0.538,134.6,279.0,0.482
Y9110001,Le Tagnone au pont de la RD 443 à l'aval du hameau d'Aghione,Le Tagnone,2025-11-20,1a,1,325,39.6,44.4,129.7,0.342,85.8,279.3,0.307,148.0,345.5,0.428
Y9110001,Le Tagnone au pont de la RD 443 à l'aval du hameau d'Aghione,Le Tagnone,2025-12-15,1a,1,350,39.6,93.2,104.4,0.893,159.7,317.1,0.504,231.9,397.6,0.583
Y9110001,Le Tagnone au pont de la RD 443 à l'aval du hameau d'Aghione,Le Tagnone,2026-01-14,1a,1,14,39.6,471.7,85.0,5.55,608.0,314.8,1.931,695.6,472.6,1.472
Y9110001,Le Tagnone au pont de la RD 443 à l'aval du hameau d'Aghione,Le Tagnone,2026-04-21,1a,1,112,39.6,115.4,64.4,1.79,272.9,210.8,1.295,1072.3,518.1,2.07
Y9110001,Le Tagnone au pont de la RD 443 à l'aval du hameau d'Aghione,Le Tagnone,2026-05-25,1a,1,146,39.6,43.4,56.7,0.766,214.3,199.4,1.075,1058.0,442.2,2.393
Y9110001,Le Tagnone au pont de la RD 443 à l'aval du hameau d'Aghione,Le Tagnone,2026-06-26,1a,1,178,39.6,20.3,32.7,0.622,184.5,154.5,1.194,589.5,365.6,1.612
Y9110001,Le Tagnone au pont de la RD 443 à l'aval du hameau d'Aghione,Le Tagnone,2026-07-13,1a,1,195,39.6,6.4,15.3,0.415,90.5,124.5,0.727,547.8,336.2,1.629
Y9110001,Le Tagnone au pont de la RD 443 à l'aval du hameau d'Aghione,Le Tagnone,2026-07-23,1f,1,205,39.6,6.9,13.9,0.498,70.8,108.1,0.655,346.9,314.6,1.103
Y9110001,Le Tagnone au pont de la RD 443 à l'aval du hameau d'Aghione,Le Tagnone,2026-08-25,3,0,238,39.6,29.5,18.4,1.608,57.0,65.4,0.871,271.2,261.2,1.038
Y9110001,Le Tagnone au pont de la RD 443 à l'aval du hameau d'Aghione,Le Tagnone,2026-09-24,1f,1,268,39.6,10.3,62.5,0.166,47.0,95.2,0.494,231.5,249.7,0.927
Y9210001,La Bravona à l'amont de la station de pompage,Rivière de Bravona,2012-05-25,1a,1,146,14.1,88.9,51.5,1.725,156.1,175.5,0.89,306.3,381.6,0.803
Y9210001,La Bravona à l'amont de la station de pompage,Rivière de Bravona,2012-06-25,1a,1,177,14.1,21.0,31.3,0.672,144.7,140.3,1.032,320.6,321.2,0.998
Y9210001,La Bravona à l'amont de la station de pompage,Rivière de Bravona,2012-07-11,1f,1,193,14.1,0.7,15.8,0.044,132.2,114.1,1.159,315.1,301.1,1.047
Y9210001,La Bravona à l'amont de la station de pompage,Rivière de Bravona,2012-07-25,1f,1,207,14.1,5.5,11.4,0.478,125.3,93.0,1.347,312.2,274.2,1.139
Y9210001,La Bravona à l'amont de la station de pompage,Rivière de Bravona,2012-08-23,2,0,236,14.1,1.0,15.0,0.064,37.4,58.7,0.638,193.5,234.0,0.827
Y9210001,La Bravona à l'amont de la station de pompage,Rivière de Bravona,2012-09-25,1a,1,269,14.1,201.1,59.1,3.405,207.5,88.3,2.351,352.3,226.9,1.553
Y9210001,La Bravona à l'amont de la station de pompage,Rivière de Bravona,2013-05-23,1a,1,144,14.1,51.3,56.5,0.908,322.9,177.3,1.822,417.8,386.4,1.081
Y9210001,La Bravona à l'amont de la station de pompage,Rivière de Bravona,2013-06-25,1a,1,177,14.1,18.7,31.3,0.599,134.6,140.3,0.96,403.6,321.2,1.256
Y9210001,La Bravona à l'amont de la station de pompage,Rivière de Bravona,2013-07-25,1a,1,207,14.1,19.0,11.4,1.665,86.9,93.0,0.934,394.6,274.2,1.439
Y9210001,La Bravona à l'amont de la station de pompage,Rivière de Bravona,2013-08-23,1f,1,236,14.1,19.6,15.0,1.306,57.4,58.7,0.978,350.7,234.0,1.499
Y9210001,La Bravona à l'amont de la station de pompage,Rivière de Bravona,2013-09-19,1f,1,263,14.1,8.9,50.2,0.178,47.5,75.6,0.629,187.9,223.9,0.839
Y9210001,La Bravona à l'amont de la station de pompage,Rivière de Bravona,2013-10-24,1f,1,298,14.1,39.5,92.3,0.428,68.0,163.0,0.417,149.3,256.5,0.582
Y9210001,La Bravona à l'amont de la station de pompage,Rivière de Bravona,2014-05-26,1a,1,147,14.1,35.1,50.2,0.701,158.6,174.3,0.91,254.5,380.4,0.669
Y9210001,La Bravona à l'amont de la station de pompage,Rivière de Bravona,2014-06-25,1a,1,177,14.1,37.1,31.3,1.188,107.7,140.3,0.768,278.6,321.2,0.867
Y9210001,La Bravona à l'amont de la station de pompage,Rivière de Bravona,2014-07-23,1a,1,205,14.1,21.2,12.0,1.769,93.0,98.2,0.948,259.8,276.4,0.94
Y9210001,La Bravona à l'amont de la station de pompage,Rivière de Bravona,2014-08-25,1a,1,238,14.1,20.4,15.2,1.34,78.4,58.1,1.349,237.0,230.6,1.028
Y9210001,La Bravona à l'amont de la station de pompage,Rivière de Bravona,2014-09-25,1a,1,269,14.1,22.3,59.1,0.378,62.8,88.3,0.711,162.7,226.9,0.717
Y9210001,La Bravona à l'amont de la station de pompage,Rivière de Bravona,2014-10-28,1,1,302,14.1,10.5,97.6,0.108,33.8,176.2,0.192,144.4,263.9,0.547
Y9210001,La Bravona à l'amont de la station de pompage,Rivière de Bravona,2015-05-26,1a,1,147,14.1,17.3,50.2,0.346,283.5,174.3,1.627,546.5,380.4,1.437
Y9210001,La Bravona à l'amont de la station de pompage,Rivière de Bravona,2015-06-23,1a,1,175,14.1,32.7,32.0,1.021,96.2,145.7,0.661,506.6,327.9,1.545
Y9210001,La Bravona à l'amont de la station de pompage,Rivière de Bravona,2015-07-23,1a,1,205,14.1,0.2,12.0,0.018,50.2,98.2,0.511,492.4,276.4,1.782
Y9210001,La Bravona à l'amont de la station de pompage,Rivière de Bravona,2015-08-27,1f,1,240,14.1,41.9,15.5,2.705,103.5,57.7,1.794,386.2,226.1,1.708
Y9210001,La Bravona à l'amont de la station de pompage,Rivière de Bravona,2015-09-22,1f,1,266,14.1,46.0,53.7,0.857,117.3,80.8,1.451,190.0,224.3,0.847
Y9210001,La Bravona à l'amont de la station de pompage,Rivière de Bravona,2016-05-18,1,1,139,14.1,51.8,57.7,0.898,223.2,176.2,1.267,298.6,391.9,0.762
Y9210001,La Bravona à l'amont de la station de pompage,Rivière de Bravona,2016-06-27,1,1,179,14.1,29.4,28.7,1.023,101.1,138.3,0.731,303.7,318.7,0.953
Y9210001,La Bravona à l'amont de la station de pompage,Rivière de Bravona,2016-07-22,1,1,204,14.1,10.1,11.5,0.885,88.2,100.9,0.874,296.4,279.6,1.06
Y9210001,La Bravona à l'amont de la station de pompage,Rivière de Bravona,2016-08-22,1,1,235,14.1,0.3,14.5,0.023,40.2,58.6,0.686,260.6,235.3,1.107
Y9210001,La Bravona à l'amont de la station de pompage,Rivière de Bravona,2016-09-06,1,1,250,14.1,23.0,27.3,0.845,49.8,57.4,0.867,157.6,216.5,0.728
Y9210001,La Bravona à l'amont de la station de pompage,Rivière de Bravona,2016-09-21,1,1,265,14.1,70.3,51.5,1.365,81.1,78.0,1.04,182.3,223.6,0.815
Y9210001,La Bravona à l'amont de la station de pompage,Rivière de Bravona,2017-05-22,1,1,143,14.1,9.1,59.1,0.154,44.3,178.4,0.248,549.9,389.0,1.414
Y9210001,La Bravona à l'amont de la station de pompage,Rivière de Bravona,2017-06-27,1,1,179,14.1,1.2,28.7,0.043,29.5,138.3,0.213,367.3,318.7,1.152
Y9210001,La Bravona à l'amont de la station de pompage,Rivière de Bravona,2017-06-28,1,1,180,14.1,1.4,28.1,0.049,29.7,137.2,0.216,367.4,317.4,1.157
Y9210001,La Bravona à l'amont de la station de pompage,Rivière de Bravona,2017-07-19,1,1,201,14.1,5.1,11.4,0.449,17.7,108.4,0.163,325.3,289.9,1.122
Y9210001,La Bravona à l'amont de la station de pompage,Rivière de Bravona,2017-08-02,1,1,215,14.1,5.0,13.8,0.362,14.0,79.8,0.175,191.2,259.8,0.736
Y9210001,La Bravona à l'amont de la station de pompage,Rivière de Bravona,2017-08-16,1,1,229,14.1,1.3,12.4,0.103,8.8,64.9,0.135,53.0,240.9,0.22
Y9210001,La Bravona à l'amont de la station de pompage,Rivière de Bravona,2017-08-29,1,1,242,14.1,0.4,16.7,0.023,7.9,57.2,0.139,52.2,220.2,0.237
Y9210001,La Bravona à l'amont de la station de pompage,Rivière de Bravona,2017-08-30,1,1,243,14.1,0.4,17.7,0.02,7.9,56.5,0.14,52.1,219.7,0.237
Y9210001,La Bravona à l'amont de la station de pompage,Rivière de Bravona,2017-09-27,1,1,271,14.1,40.1,60.0,0.668,46.4,89.9,0.516,76.0,226.6,0.335
Y9210001,La Bravona à l'amont de la station de pompage,Rivière de Bravona,2017-10-25,1,1,299,14.1,13.5,92.2,0.146,53.8,166.7,0.323,69.5,259.7,0.268
Y9210001,La Bravona à l'amont de la station de pompage,Rivière de Bravona,2017-11-07,1,1,312,14.1,28.4,114.5,0.248,75.4,220.5,0.342,85.4,293.9,0.291
Y9210001,La Bravona à l'amont de la station de pompage,Rivière de Bravona,2017-11-22,1,1,327,14.1,64.4,113.3,0.568,117.9,257.1,0.459,125.7,315.6,0.398
Y9210001,La Bravona à l'amont de la station de pompage,Rivière de Bravona,2018-02-06,1,1,37,14.1,76.1,63.6,1.196,234.3,229.0,1.023,312.3,457.2,0.683
Y9210001,La Bravona à l'amont de la station de pompage,Rivière de Bravona,2018-03-06,1,1,66,14.1,178.4,62.5,2.853,232.4,204.3,1.137,453.0,489.0,0.926
Y9210001,La Bravona à l'amont de la station de pompage,Rivière de Bravona,2018-03-21,1,1,81,14.1,205.4,64.4,3.19,306.4,189.2,1.619,510.7,485.2,1.053
Y9210001,La Bravona à l'amont de la station de pompage,Rivière de Bravona,2018-04-25,1,1,116,14.1,49.0,60.5,0.81,344.6,180.7,1.907,536.6,435.3,1.233
Y9210001,La Bravona à l'amont de la station de pompage,Rivière de Bravona,2018-05-29,1,1,150,14.1,105.2,49.6,2.122,295.2,168.3,1.754,576.6,373.0,1.546
Y9210001,La Bravona à l'amont de la station de pompage,Rivière de Bravona,2018-06-19,1,1,171,14.1,77.3,37.3,2.07,200.0,149.4,1.339,506.4,338.5,1.496
Y9210001,La Bravona à l'amont de la station de pompage,Rivière de Bravona,2018-07-25,1,1,207,14.1,9.5,11.4,0.831,161.7,93.0,1.738,506.3,274.2,1.847
Y9210001,La Bravona à l'amont de la station de pompage,Rivière de Bravona,2018-08-27,1,1,240,14.1,17.9,15.5,1.156,75.1,57.7,1.301,370.3,226.1,1.637
Y9210001,La Bravona à l'amont de la station de pompage,Rivière de Bravona,2018-09-25,1,1,269,14.1,59.7,59.1,1.01,84.9,88.3,0.963,289.0,226.9,1.274
Y9210001,La Bravona à l'amont de la station de pompage,Rivière de Bravona,2018-10-25,1,1,299,14.1,227.3,92.2,2.466,305.7,166.7,1.833,467.3,259.7,1.799
Y9210001,La Bravona à l'amont de la station de pompage,Rivière de Bravona,2019-04-02,1,1,93,14.1,25.2,55.5,0.455,62.3,178.1,0.35,486.1,477.5,1.018
Y9210001,La Bravona à l'amont de la station de pompage,Rivière de Bravona,2019-04-24,1,1,115,14.1,57.8,59.6,0.97,76.4,178.5,0.428,320.8,435.5,0.737
Y9210001,La Bravona à l'amont de la station de pompage,Rivière de Bravona,2019-05-27,1,1,148,14.1,90.1,50.6,1.781,150.4,172.6,0.871,221.6,374.6,0.592
Y9210001,La Bravona à l'amont de la station de pompage,Rivière de Bravona,2019-06-20,1,1,172,14.1,37.5,35.1,1.07,156.8,149.0,1.052,196.2,335.3,0.585
Y9210001,La Bravona à l'amont de la station de pompage,Rivière de Bravona,2019-07-25,1,1,207,14.1,14.7,11.4,1.287,113.5,93.0,1.22,189.5,274.2,0.691
Y9210001,La Bravona à l'amont de la station de pompage,Rivière de Bravona,2019-08-27,1,1,240,14.1,7.3,15.5,0.47,35.3,57.7,0.613,194.0,226.1,0.858
Y9210001,La Bravona à l'amont de la station de pompage,Rivière de Bravona,2019-09-25,1,1,269,14.1,57.0,59.1,0.966,92.0,88.3,1.042,225.8,226.9,0.995
Y9210001,La Bravona à l'amont de la station de pompage,Rivière de Bravona,2019-10-28,1,1,302,14.1,123.2,97.6,1.263,186.4,176.2,1.058,314.0,263.9,1.19
Y9210001,La Bravona à l'amont de la station de pompage,Rivière de Bravona,2020-05-27,1,1,148,14.1,61.5,50.6,1.216,273.8,172.6,1.586,412.1,374.6,1.1
Y9210001,La Bravona à l'amont de la station de pompage,Rivière de Bravona,2020-06-23,1,1,175,14.1,26.0,32.0,0.812,282.3,145.7,1.938,383.4,327.9,1.169
Y9210001,La Bravona à l'amont de la station de pompage,Rivière de Bravona,2020-07-23,1,1,205,14.1,5.6,12.0,0.467,93.1,98.2,0.948,309.0,276.4,1.118
Y9210001,La Bravona à l'amont de la station de pompage,Rivière de Bravona,2020-08-14,1,1,227,14.1,4.5,11.3,0.394,77.7,67.1,1.158,307.3,244.7,1.256
Y9210001,La Bravona à l'amont de la station de pompage,Rivière de Bravona,2020-08-25,1,1,238,14.1,6.0,15.2,0.392,37.5,58.1,0.645,311.3,230.6,1.35
Y9210001,La Bravona à l'amont de la station de pompage,Rivière de Bravona,2020-09-24,1,1,268,14.1,50.0,55.5,0.901,61.6,83.5,0.738,305.2,223.3,1.367
Y9210001,La Bravona à l'amont de la station de pompage,Rivière de Bravona,2020-10-26,1,1,300,14.1,55.7,96.4,0.578,117.7,171.4,0.687,201.6,263.4,0.765
Y9210001,La Bravona à l'amont de la station de pompage,Rivière de Bravona,2021-05-26,1,1,147,14.1,45.0,50.2,0.897,142.9,174.3,0.82,367.0,380.4,0.965
Y9210001,La Bravona à l'amont de la station de pompage,Rivière de Bravona,2021-06-30,1,1,182,14.1,2.6,26.1,0.1,89.1,135.0,0.66,247.4,313.3,0.79
Y9210001,La Bravona à l'amont de la station de pompage,Rivière de Bravona,2021-07-26,3,0,208,14.1,11.7,12.9,0.909,59.2,93.5,0.634,184.9,275.0,0.672
Y9210001,La Bravona à l'amont de la station de pompage,Rivière de Bravona,2021-08-16,3,0,229,14.1,0.7,12.4,0.058,22.0,64.9,0.338,160.4,240.9,0.666
Y9210001,La Bravona à l'amont de la station de pompage,Rivière de Bravona,2021-08-26,3,0,239,14.1,13.1,15.5,0.847,30.2,57.9,0.521,172.8,230.5,0.75
Y9210001,La Bravona à l'amont de la station de pompage,Rivière de Bravona,2021-09-24,3,0,268,14.1,29.8,55.5,0.536,54.1,83.5,0.647,143.5,223.3,0.642
Y9210001,La Bravona à l'amont de la station de pompage,Rivière de Bravona,2021-10-25,1,1,299,14.1,167.6,92.2,1.819,209.7,166.7,1.258,266.7,259.7,1.027
Y9210001,La Bravona à l'amont de la station de pompage,Rivière de Bravona,2022-03-25,1,1,85,14.1,47.9,63.1,0.759,69.4,182.2,0.381,514.0,480.5,1.07
Y9210001,La Bravona à l'amont de la station de pompage,Rivière de Bravona,2022-04-25,1,1,116,14.1,65.0,60.5,1.075,115.9,180.7,0.641,412.0,435.3,0.946
Y9210001,La Bravona à l'amont de la station de pompage,Rivière de Bravona,2022-05-23,1,1,144,14.1,28.5,56.5,0.504,137.3,177.3,0.775,209.1,386.4,0.541
Y9210001,La Bravona à l'amont de la station de pompage,Rivière de Bravona,2022-06-23,1,1,175,14.1,1.4,32.0,0.043,90.8,145.7,0.623,160.2,327.9,0.489
Y9210001,La Bravona à l'amont de la station de pompage,Rivière de Bravona,2022-07-11,1,1,193,14.1,1.1,15.8,0.072,60.3,114.1,0.529,144.9,301.1,0.481
Y9210001,La Bravona à l'amont de la station de pompage,Rivière de Bravona,2022-07-25,2,0,207,14.1,1.0,11.4,0.092,26.5,93.0,0.285,142.7,274.2,0.52
Y9210001,La Bravona à l'amont de la station de pompage,Rivière de Bravona,2022-08-10,3,0,223,14.1,9.6,12.5,0.765,12.2,73.2,0.166,152.0,246.3,0.617
Y9210001,La Bravona à l'amont de la station de pompage,Rivière de Bravona,2022-08-23,3,0,236,14.1,24.8,15.0,1.65,27.2,58.7,0.464,164.6,234.0,0.704
Y9210001,La Bravona à l'amont de la station de pompage,Rivière de Bravona,2022-09-09,2,0,253,14.1,35.8,30.1,1.193,46.6,58.4,0.798,177.6,217.3,0.817
Y9210001,La Bravona à l'amont de la station de pompage,Rivière de Bravona,2022-09-26,2,0,270,14.1,28.3,59.4,0.477,54.1,89.1,0.607,133.2,226.6,0.588
Y9210001,La Bravona à l'amont de la station de pompage,Rivière de Bravona,2022-10-10,2,0,284,14.1,21.2,79.1,0.268,66.6,121.6,0.548,126.9,235.7,0.539
Y9210001,La Bravona à l'amont de la station de pompage,Rivière de Bravona,2022-10-24,2,0,298,14.1,22.9,92.3,0.248,69.0,163.0,0.424,95.5,256.5,0.372
Y9210001,La Bravona à l'amont de la station de pompage,Rivière de Bravona,2022-11-11,2,0,316,14.1,11.0,112.7,0.098,68.3,229.1,0.298,81.0,297.5,0.272
Y9210001,La Bravona à l'amont de la station de pompage,Rivière de Bravona,2022-11-22,2,0,327,14.1,52.9,113.3,0.467,97.2,257.1,0.378,124.3,315.6,0.394
Y9210001,La Bravona à l'amont de la station de pompage,Rivière de Bravona,2022-12-14,1,1,349,14.1,137.5,91.6,1.502,184.6,287.6,0.642,231.7,351.7,0.659
Y9210001,La Bravona à l'amont de la station de pompage,Rivière de Bravona,2023-01-23,1,1,23,14.1,48.6,60.9,0.798,237.4,257.0,0.924,306.5,428.7,0.715
Y9210001,La Bravona à l'amont de la station de pompage,Rivière de Bravona,2023-02-22,1,1,53,14.1,33.9,61.4,0.552,217.2,210.7,1.031,315.6,474.3,0.665
Y9210001,La Bravona à l'amont de la station de pompage,Rivière de Bravona,2023-03-24,1f,1,84,14.1,121.4,62.8,1.934,203.8,184.6,1.104,408.7,480.0,0.852
Y9210001,La Bravona à l'amont de la station de pompage,Rivière de Bravona,2023-04-24,1a,1,115,14.1,21.4,59.6,0.359,163.9,178.5,0.918,414.2,435.5,0.951
Y9210001,La Bravona à l'amont de la station de pompage,Rivière de Bravona,2023-05-24,1a,1,145,14.1,110.4,54.0,2.045,253.2,176.8,1.432,470.6,383.6,1.227
Y9210001,La Bravona à l'amont de la station de pompage,Rivière de Bravona,2023-06-05,1a,1,157,14.1,96.4,44.5,2.167,146.9,159.2,0.923,395.3,364.9,1.083
Y9210001,La Bravona à l'amont de la station de pompage,Rivière de Bravona,2023-06-26,1a,1,178,14.1,38.9,29.9,1.3,170.6,139.5,1.223,375.2,320.4,1.171
Y9210001,La Bravona à l'amont de la station de pompage,Rivière de Bravona,2023-07-24,1f,1,206,14.1,2.6,12.0,0.218,152.9,95.1,1.609,301.5,275.6,1.094
Y9210001,La Bravona à l'amont de la station de pompage,Rivière de Bravona,2023-08-21,2,0,234,14.1,0.8,14.8,0.057,43.4,59.1,0.734,296.7,236.3,1.256
Y9210001,La Bravona à l'amont de la station de pompage,Rivière de Bravona,2023-09-12,2,0,256,14.1,17.3,30.6,0.564,25.6,56.2,0.455,196.2,213.2,0.92
Y9210001,La Bravona à l'amont de la station de pompage,Rivière de Bravona,2023-09-25,2,0,269,14.1,32.5,59.1,0.551,36.0,88.3,0.408,206.6,226.9,0.911
Y9210001,La Bravona à l'amont de la station de pompage,Rivière de Bravona,2023-10-10,2,0,284,14.1,16.0,79.1,0.203,34.0,121.6,0.28,205.6,235.7,0.872
Y9210001,La Bravona à l'amont de la station de pompage,Rivière de Bravona,2023-10-23,2,0,297,14.1,3.6,89.8,0.041,37.0,159.5,0.232,190.0,252.5,0.752
Y9210001,La Bravona à l'amont de la station de pompage,Rivière de Bravona,2023-11-24,1a,1,329,14.1,53.6,108.3,0.495,95.6,259.5,0.369,138.0,317.7,0.434
Y9210001,La Bravona à l'amont de la station de pompage,Rivière de Bravona,2024-01-24,1f,1,24,14.1,34.6,61.3,0.565,130.1,256.4,0.507,172.9,432.9,0.399
Y9210001,La Bravona à l'amont de la station de pompage,Rivière de Bravona,2024-02-22,2,0,53,14.1,4.7,61.4,0.076,81.4,210.7,0.387,177.1,474.3,0.373
Y9210001,La Bravona à l'amont de la station de pompage,Rivière de Bravona,2024-03-22,1a,1,82,14.1,113.5,64.0,1.775,152.9,186.3,0.821,258.1,485.3,0.532
Y9210001,La Bravona à l'amont de la station de pompage,Rivière de Bravona,2024-04-24,1a,1,115,14.1,36.2,59.6,0.607,154.6,178.5,0.866,284.0,435.5,0.652
Y9210001,La Bravona à l'amont de la station de pompage,Rivière de Bravona,2024-05-24,1f,1,145,14.1,54.6,54.0,1.011,203.8,176.8,1.153,285.9,383.6,0.745
Y9210001,La Bravona à l'amont de la station de pompage,Rivière de Bravona,2024-06-21,2,0,173,14.1,5.3,33.1,0.16,96.3,148.4,0.649,249.1,333.4,0.747
Y9210001,La Bravona à l'amont de la station de pompage,Rivière de Bravona,2024-07-22,3,0,204,14.1,38.2,11.5,3.336,102.8,100.9,1.019,252.7,279.6,0.904
Y9210001,La Bravona à l'amont de la station de pompage,Rivière de Bravona,2024-08-22,3,0,235,14.1,23.1,14.5,1.596,66.6,58.6,1.136,270.4,235.3,1.149
Y9210001,La Bravona à l'amont de la station de pompage,Rivière de Bravona,2024-09-23,3,0,267,14.1,61.0,54.1,1.127,96.6,81.2,1.189,210.2,221.6,0.949
Y9210001,La Bravona à l'amont de la station de pompage,Rivière de Bravona,2024-10-10,2,0,284,14.1,61.1,79.1,0.773,127.4,121.6,1.048,238.4,235.7,1.012
Y9210001,La Bravona à l'amont de la station de pompage,Rivière de Bravona,2024-10-22,2,0,296,14.1,71.9,89.0,0.808,154.6,157.8,0.979,251.7,253.0,0.995
Y9210001,La Bravona à l'amont de la station de pompage,Rivière de Bravona,2024-11-12,1a,1,317,14.1,147.5,112.6,1.31,268.6,231.7,1.159,340.3,298.8,1.139
Y9210001,La Bravona à l'amont de la station de pompage,Rivière de Bravona,2025-04-11,1a,1,102,14.1,73.3,58.4,1.255,254.8,183.3,1.39,575.1,462.8,1.243
Y9210001,La Bravona à l'amont de la station de pompage,Rivière de Bravona,2025-05-23,1a,1,144,14.1,21.2,56.5,0.376,245.7,177.3,1.386,507.7,386.4,1.314
Y9210001,La Bravona à l'amont de la station de pompage,Rivière de Bravona,2025-06-23,1a,1,175,14.1,2.0,32.0,0.063,141.4,145.7,0.971,373.7,327.9,1.14
Y9210001,La Bravona à l'amont de la station de pompage,Rivière de Bravona,2025-07-23,1f,1,205,14.1,2.4,12.0,0.198,26.1,98.2,0.266,307.8,276.4,1.114
Y9210001,La Bravona à l'amont de la station de pompage,Rivière de Bravona,2025-08-25,1a,1,238,14.1,28.6,15.2,1.883,33.4,58.1,0.574,278.1,230.6,1.206
Y9210001,La Bravona à l'amont de la station de pompage,Rivière de Bravona,2025-09-25,1a,1,269,14.1,7.4,59.1,0.125,38.7,88.3,0.439,175.6,226.9,0.774
Y9210001,La Bravona à l'amont de la station de pompage,Rivière de Bravona,2025-10-24,1a,1,298,14.1,21.2,92.3,0.229,57.2,163.0,0.351,83.7,256.5,0.326
Y9210001,La Bravona à l'amont de la station de pompage,Rivière de Bravona,2025-11-20,1a,1,325,14.1,58.8,112.6,0.523,88.6,252.2,0.351,120.6,310.8,0.388
Y9210001,La Bravona à l'amont de la station de pompage,Rivière de Bravona,2025-12-15,1a,1,350,14.1,56.6,90.3,0.627,134.5,283.9,0.474,171.5,354.1,0.484
Y9210001,La Bravona à l'amont de la station de pompage,Rivière de Bravona,2026-01-14,1a,1,14,14.1,281.7,67.2,4.192,394.3,268.4,1.469,449.8,413.3,1.089
Y9210001,La Bravona à l'amont de la station de pompage,Rivière de Bravona,2026-04-21,1a,1,112,14.1,66.6,55.8,1.194,188.6,183.8,1.026,664.0,444.9,1.493
Y9210001,La Bravona à l'amont de la station de pompage,Rivière de Bravona,2026-05-25,1a,1,146,14.1,49.7,51.5,0.964,165.9,175.5,0.945,653.7,381.6,1.713
Y9210001,La Bravona à l'amont de la station de pompage,Rivière de Bravona,2026-06-26,1a,1,178,14.1,18.0,29.9,0.6,141.3,139.5,1.013,389.1,320.4,1.215
Y9210001,La Bravona à l'amont de la station de pompage,Rivière de Bravona,2026-07-13,1a,1,195,14.1,15.8,13.3,1.194,98.8,113.3,0.873,363.6,296.8,1.225
Y9210001,La Bravona à l'amont de la station de pompage,Rivière de Bravona,2026-07-23,1f,1,205,14.1,16.6,12.0,1.385,84.7,98.2,0.863,276.6,276.4,1.001
Y9210001,La Bravona à l'amont de la station de pompage,Rivière de Bravona,2026-08-25,2,0,238,14.1,33.3,15.2,2.192,68.6,58.1,1.181,234.6,230.6,1.018
Y9210001,La Bravona à l'amont de la station de pompage,Rivière de Bravona,2026-09-24,1f,1,268,14.1,29.1,55.5,0.524,79.8,83.5,0.955,221.1,223.3,0.99
Y9420001,Le Varagno au pont de Coti,Ruisseau de Varagno,2012-05-25,1a,1,146,67.5,106.9,65.0,1.645,222.8,230.4,0.967,435.4,515.5,0.845
Y9420001,Le Varagno au pont de Coti,Ruisseau de Varagno,2012-06-25,1a,1,177,67.5,13.8,38.4,0.358,191.6,174.8,1.096,414.0,428.8,0.965
Y9420001,Le Varagno au pont de Coti,Ruisseau de Varagno,2012-07-11,1a,1,193,67.5,0.9,19.1,0.05,170.5,140.8,1.211,402.9,396.0,1.018
Y9420001,Le Varagno au pont de Coti,Ruisseau de Varagno,2012-07-25,1a,1,207,67.5,8.5,13.3,0.641,131.4,115.1,1.141,397.7,360.1,1.104
Y9420001,Le Varagno au pont de Coti,Ruisseau de Varagno,2012-08-23,1f,1,236,67.5,0.9,16.8,0.054,25.5,68.9,0.37,248.3,299.3,0.83
Y9420001,Le Varagno au pont de Coti,Ruisseau de Varagno,2012-09-25,1a,1,269,67.5,254.3,80.7,3.151,263.8,113.7,2.321,455.4,285.3,1.596
Y9420001,Le Varagno au pont de Coti,Ruisseau de Varagno,2013-05-23,1a,1,144,67.5,86.9,71.9,1.208,578.6,233.5,2.478,830.8,521.6,1.593
Y9420001,Le Varagno au pont de Coti,Ruisseau de Varagno,2013-06-25,1a,1,177,67.5,43.8,38.4,1.14,280.6,174.8,1.605,804.7,428.8,1.877
Y9420001,Le Varagno au pont de Coti,Ruisseau de Varagno,2013-07-25,1a,1,207,67.5,40.1,13.3,3.008,191.7,115.1,1.665,765.3,360.1,2.125
Y9420001,Le Varagno au pont de Coti,Ruisseau de Varagno,2013-08-23,1f,1,236,67.5,14.4,16.8,0.861,124.6,68.9,1.807,679.9,299.3,2.272
Y9420001,Le Varagno au pont de Coti,Ruisseau de Varagno,2013-09-19,1a,1,263,67.5,17.8,68.6,0.26,71.5,98.3,0.728,376.4,284.7,1.322
Y9420001,Le Varagno au pont de Coti,Ruisseau de Varagno,2013-10-24,1a,1,298,67.5,44.1,97.5,0.453,75.5,191.8,0.393,261.7,306.2,0.854
Y9420001,Le Varagno au pont de Coti,Ruisseau de Varagno,2014-05-26,1a,1,147,67.5,91.3,63.4,1.439,346.5,226.8,1.528,537.6,512.3,1.049
Y9420001,Le Varagno au pont de Coti,Ruisseau de Varagno,2014-06-25,1a,1,177,67.5,29.8,38.4,0.776,189.9,174.8,1.086,530.4,428.8,1.237
Y9420001,Le Varagno au pont de Coti,Ruisseau de Varagno,2014-07-23,1a,1,205,67.5,20.4,13.5,1.514,141.5,120.1,1.178,511.6,363.2,1.409
Y9420001,Le Varagno au pont de Coti,Ruisseau de Varagno,2014-08-25,1a,1,238,67.5,1.6,17.9,0.087,51.8,68.7,0.754,398.2,293.9,1.355
Y9420001,Le Varagno au pont de Coti,Ruisseau de Varagno,2014-09-25,1a,1,269,67.5,15.3,80.7,0.19,36.7,113.7,0.323,221.6,285.3,0.777
Y9420001,Le Varagno au pont de Coti,Ruisseau de Varagno,2014-10-28,1,1,302,67.5,9.6,95.2,0.101,25.4,202.5,0.126,163.8,307.0,0.533
Y9420001,Le Varagno au pont de Coti,Ruisseau de Varagno,2015-05-26,1a,1,147,67.5,12.7,63.4,0.2,459.0,226.8,2.024,1192.7,512.3,2.328
Y9420001,Le Varagno au pont de Coti,Ruisseau de Varagno,2015-06-23,1a,1,175,67.5,34.7,38.4,0.902,125.3,181.1,0.692,854.9,441.0,1.939
Y9420001,Le Varagno au pont de Coti,Ruisseau de Varagno,2015-07-23,1a,1,205,67.5,0.2,13.5,0.016,47.5,120.1,0.396,824.8,363.2,2.271
Y9420001,Le Varagno au pont de Coti,Ruisseau de Varagno,2015-08-27,1f,1,240,67.5,21.2,19.5,1.092,52.4,68.9,0.76,520.4,289.3,1.799
Y9420001,Le Varagno au pont de Coti,Ruisseau de Varagno,2015-09-22,1f,1,266,67.5,20.5,73.5,0.279,51.3,103.7,0.495,134.8,282.3,0.477
Y9420001,Le Varagno au pont de Coti,Ruisseau de Varagno,2016-05-18,1,1,139,67.5,61.9,72.1,0.859,255.7,232.4,1.101,448.2,528.7,0.848
Y9420001,Le Varagno au pont de Coti,Ruisseau de Varagno,2016-06-27,1,1,179,67.5,32.9,36.1,0.912,109.1,171.6,0.636,460.5,424.4,1.085
Y9420001,Le Varagno au pont de Coti,Ruisseau de Varagno,2016-07-22,1,1,204,67.5,7.0,13.3,0.524,104.9,123.7,0.848,406.5,368.1,1.104
Y9420001,Le Varagno au pont de Coti,Ruisseau de Varagno,2016-08-22,1,1,235,67.5,0.7,16.9,0.043,41.2,68.8,0.599,301.1,300.6,1.002
Y9420001,Le Varagno au pont de Coti,Ruisseau de Varagno,2016-09-06,1,1,250,67.5,29.9,28.0,1.069,62.6,63.5,0.986,208.8,266.3,0.784
Y9420001,Le Varagno au pont de Coti,Ruisseau de Varagno,2016-09-21,1,1,265,67.5,104.6,70.4,1.485,112.6,100.8,1.117,222.3,281.9,0.788
Y9420001,Le Varagno au pont de Coti,Ruisseau de Varagno,2017-05-22,1,1,143,67.5,8.3,74.9,0.11,62.0,235.0,0.264,1081.7,523.2,2.067
Y9420001,Le Varagno au pont de Coti,Ruisseau de Varagno,2017-06-27,1,1,179,67.5,3.0,36.1,0.082,34.2,171.6,0.199,721.1,424.4,1.699
Y9420001,Le Varagno au pont de Coti,Ruisseau de Varagno,2017-06-28,1,1,180,67.5,3.0,34.2,0.086,34.1,169.5,0.201,720.9,421.0,1.712
Y9420001,Le Varagno au pont de Coti,Ruisseau de Varagno,2017-07-19,1,1,201,67.5,10.1,13.4,0.754,22.2,131.2,0.169,628.2,379.4,1.656
Y9420001,Le Varagno au pont de Coti,Ruisseau de Varagno,2017-08-02,1,1,215,67.5,39.5,16.0,2.467,52.5,96.1,0.546,310.9,337.3,0.922
Y9420001,Le Varagno au pont de Coti,Ruisseau de Varagno,2017-08-16,1,1,229,67.5,33.8,16.2,2.089,47.0,77.2,0.609,112.3,309.6,0.363
Y9420001,Le Varagno au pont de Coti,Ruisseau de Varagno,2017-08-29,1,1,242,67.5,0.6,20.0,0.027,46.9,67.0,0.7,106.5,280.1,0.38
Y9420001,Le Varagno au pont de Coti,Ruisseau de Varagno,2017-08-30,1,1,243,67.5,0.5,19.3,0.028,46.9,66.2,0.708,106.4,278.0,0.383
Y9420001,Le Varagno au pont de Coti,Ruisseau de Varagno,2017-09-27,1,1,271,67.5,52.6,82.9,0.635,94.3,117.2,0.805,130.6,286.2,0.456
Y9420001,Le Varagno au pont de Coti,Ruisseau de Varagno,2017-10-25,1,1,299,67.5,20.4,94.1,0.216,72.7,194.2,0.375,125.5,305.4,0.411
Y9420001,Le Varagno au pont de Coti,Ruisseau de Varagno,2017-11-07,1,1,312,67.5,46.7,131.8,0.354,108.3,264.4,0.41,155.7,351.1,0.443
Y9420001,Le Varagno au pont de Coti,Ruisseau de Varagno,2017-11-22,1,1,327,67.5,75.8,150.8,0.503,148.0,322.7,0.459,194.9,392.2,0.497
Y9420001,Le Varagno au pont de Coti,Ruisseau de Varagno,2018-02-06,1,1,37,67.5,120.6,87.0,1.385,348.0,321.3,1.083,460.9,591.3,0.779
Y9420001,Le Varagno au pont de Coti,Ruisseau de Varagno,2018-03-06,1,1,66,67.5,233.6,88.0,2.655,421.4,290.4,1.451,635.1,640.8,0.991
Y9420001,Le Varagno au pont de Coti,Ruisseau de Varagno,2018-03-21,1,1,81,67.5,272.1,88.8,3.064,457.6,269.6,1.697,703.8,631.0,1.115
Y9420001,Le Varagno au pont de Coti,Ruisseau de Varagno,2018-04-25,1,1,116,67.5,80.1,75.0,1.068,460.3,243.8,1.888,764.9,599.8,1.275
Y9420001,Le Varagno au pont de Coti,Ruisseau de Varagno,2018-05-29,1,1,150,67.5,197.7,60.1,3.286,471.1,220.4,2.137,878.1,507.3,1.731
Y9420001,Le Varagno au pont de Coti,Ruisseau de Varagno,2018-06-19,1,1,171,67.5,61.8,42.1,1.468,305.4,188.1,1.623,762.9,457.4,1.668
Y9420001,Le Varagno au pont de Coti,Ruisseau de Varagno,2018-07-25,1,1,207,67.5,19.2,13.3,1.44,252.5,115.1,2.194,712.6,360.1,1.979
Y9420001,Le Varagno au pont de Coti,Ruisseau de Varagno,2018-08-27,1,1,240,67.5,8.3,19.5,0.429,81.6,68.9,1.185,552.7,289.3,1.91
Y9420001,Le Varagno au pont de Coti,Ruisseau de Varagno,2018-09-25,1,1,269,67.5,86.4,80.7,1.07,131.7,113.7,1.158,445.4,285.3,1.561
Y9420001,Le Varagno au pont de Coti,Ruisseau de Varagno,2018-10-25,1,1,299,67.5,266.6,94.1,2.832,375.1,194.2,1.931,632.3,305.4,2.07
Y9420001,Le Varagno au pont de Coti,Ruisseau de Varagno,2019-04-02,1,1,93,67.5,8.2,78.8,0.104,91.6,246.2,0.372,758.2,624.6,1.214
Y9420001,Le Varagno au pont de Coti,Ruisseau de Varagno,2019-04-24,1,1,115,67.5,36.7,74.5,0.493,94.7,242.6,0.39,536.0,599.0,0.895
Y9420001,Le Varagno au pont de Coti,Ruisseau de Varagno,2019-05-27,1,1,148,67.5,126.4,63.6,1.986,164.1,225.1,0.729,298.6,509.3,0.586
Y9420001,Le Varagno au pont de Coti,Ruisseau de Varagno,2019-06-20,1,1,172,67.5,72.5,39.2,1.846,189.4,187.2,1.012,274.8,452.4,0.607
Y9420001,Le Varagno au pont de Coti,Ruisseau de Varagno,2019-07-25,1,1,207,67.5,36.7,13.3,2.752,189.1,115.1,1.643,280.1,360.1,0.778
Y9420001,Le Varagno au pont de Coti,Ruisseau de Varagno,2019-08-27,1,1,240,67.5,29.6,19.5,1.523,103.5,68.9,1.502,285.3,289.3,0.986
Y9420001,Le Varagno au pont de Coti,Ruisseau de Varagno,2019-09-25,1,1,269,67.5,89.3,80.7,1.106,184.3,113.7,1.621,366.0,285.3,1.283
Y9420001,Le Varagno au pont de Coti,Ruisseau de Varagno,2019-10-28,1,1,302,67.5,113.2,95.2,1.188,225.9,202.5,1.116,450.0,307.0,1.465
Y9420001,Le Varagno au pont de Coti,Ruisseau de Varagno,2020-05-27,1,1,148,67.5,98.8,63.6,1.552,520.9,225.1,2.314,926.4,509.3,1.819
Y9420001,Le Varagno au pont de Coti,Ruisseau de Varagno,2020-06-23,1,1,175,67.5,24.0,38.4,0.624,480.8,181.1,2.655,729.4,441.0,1.654
Y9420001,Le Varagno au pont de Coti,Ruisseau de Varagno,2020-07-23,1,1,205,67.5,30.1,13.5,2.225,153.5,120.1,1.278,581.8,363.2,1.602
Y9420001,Le Varagno au pont de Coti,Ruisseau de Varagno,2020-08-14,1,1,227,67.5,7.5,16.0,0.469,100.8,79.7,1.264,579.4,314.1,1.844
Y9420001,Le Varagno au pont de Coti,Ruisseau de Varagno,2020-08-25,1,1,238,67.5,2.6,17.9,0.147,56.7,68.7,0.825,577.6,293.9,1.965
Y9420001,Le Varagno au pont de Coti,Ruisseau de Varagno,2020-09-24,1,1,268,67.5,80.6,76.4,1.055,113.2,107.7,1.051,546.8,280.8,1.948
Y9420001,Le Varagno au pont de Coti,Ruisseau de Varagno,2020-10-26,1,1,300,67.5,94.4,96.2,0.982,234.7,197.2,1.19,349.2,306.8,1.138
Y9420001,Le Varagno au pont de Coti,Ruisseau de Varagno,2021-05-26,1,1,147,67.5,48.1,63.4,0.758,162.0,226.8,0.714,659.9,512.3,1.288
Y9420001,Le Varagno au pont de Coti,Ruisseau de Varagno,2021-06-30,1,1,182,67.5,19.2,32.0,0.599,127.0,166.8,0.762,420.5,416.5,1.01
Y9420001,Le Varagno au pont de Coti,Ruisseau de Varagno,2021-07-26,1,1,208,67.5,42.0,13.4,3.127,106.5,114.4,0.931,312.3,358.9,0.87
Y9420001,Le Varagno au pont de Coti,Ruisseau de Varagno,2021-08-16,1,1,229,67.5,2.3,16.2,0.139,66.9,77.2,0.866,225.3,309.6,0.728
Y9420001,Le Varagno au pont de Coti,Ruisseau de Varagno,2021-08-26,1,1,239,67.5,7.1,19.4,0.368,69.4,69.1,1.005,231.4,293.8,0.788
Y9420001,Le Varagno au pont de Coti,Ruisseau de Varagno,2021-09-24,1,1,268,67.5,35.0,76.4,0.458,83.9,107.7,0.778,211.1,280.8,0.752
Y9420001,Le Varagno au pont de Coti,Ruisseau de Varagno,2021-10-25,1,1,299,67.5,44.2,94.1,0.47,85.8,194.2,0.442,192.2,305.4,0.629
Y9420001,Le Varagno au pont de Coti,Ruisseau de Varagno,2022-03-25,1,1,85,67.5,160.0,89.1,1.796,225.0,260.0,0.866,775.7,626.7,1.238
Y9420001,Le Varagno au pont de Coti,Ruisseau de Varagno,2022-04-25,1,1,116,67.5,176.5,75.0,2.354,356.3,243.8,1.461,907.7,599.8,1.513
Y9420001,Le Varagno au pont de Coti,Ruisseau de Varagno,2022-05-23,1,1,144,67.5,95.1,71.9,1.322,388.9,233.5,1.666,554.3,521.6,1.063
Y9420001,Le Varagno au pont de Coti,Ruisseau de Varagno,2022-06-23,1,1,175,67.5,1.3,38.4,0.035,230.4,181.1,1.272,455.4,441.0,1.033
Y9420001,Le Varagno au pont de Coti,Ruisseau de Varagno,2022-07-11,1,1,193,67.5,1.5,19.1,0.076,181.0,140.8,1.285,414.1,396.0,1.046
Y9420001,Le Varagno au pont de Coti,Ruisseau de Varagno,2022-07-25,1,1,207,67.5,1.1,13.3,0.081,54.9,115.1,0.477,411.2,360.1,1.142
Y9420001,Le Varagno au pont de Coti,Ruisseau de Varagno,2022-08-10,1,1,223,67.5,38.9,15.6,2.496,43.0,86.2,0.499,448.1,316.3,1.417
Y9420001,Le Varagno au pont de Coti,Ruisseau de Varagno,2022-08-23,1,1,236,67.5,70.3,16.8,4.192,72.9,68.9,1.058,462.0,299.3,1.543
Y9420001,Le Varagno au pont de Coti,Ruisseau de Varagno,2022-09-09,1,1,253,67.5,61.1,36.7,1.662,101.4,71.4,1.42,475.4,269.4,1.765
Y9420001,Le Varagno au pont de Coti,Ruisseau de Varagno,2022-09-26,1,1,270,67.5,48.2,81.5,0.591,120.0,116.2,1.033,335.9,285.8,1.176
Y9420001,Le Varagno au pont de Coti,Ruisseau de Varagno,2022-10-10,1,1,284,67.5,47.7,98.4,0.485,147.7,151.7,0.974,328.7,291.2,1.129
Y9420001,Le Varagno au pont de Coti,Ruisseau de Varagno,2022-10-24,1,1,298,67.5,51.7,97.5,0.53,162.1,191.8,0.845,216.8,306.2,0.708
Y9420001,Le Varagno au pont de Coti,Ruisseau de Varagno,2022-11-11,1,1,316,67.5,30.6,133.6,0.229,147.0,277.5,0.53,190.2,358.6,0.53
Y9420001,Le Varagno au pont de Coti,Ruisseau de Varagno,2022-11-22,1,1,327,67.5,78.3,150.8,0.519,169.9,322.7,0.526,242.7,392.2,0.619
Y9420001,Le Varagno au pont de Coti,Ruisseau de Varagno,2022-12-14,1,1,349,67.5,196.6,115.6,1.701,286.3,347.3,0.824,392.6,434.1,0.904
Y9420001,Le Varagno au pont de Coti,Ruisseau de Varagno,2023-01-23,1,1,23,67.5,138.7,91.4,1.517,431.3,357.2,1.207,593.3,554.0,1.071
Y9420001,Le Varagno au pont de Coti,Ruisseau de Varagno,2023-02-22,1,1,53,67.5,35.3,83.6,0.422,377.5,288.9,1.307,558.0,618.0,0.903
Y9420001,Le Varagno au pont de Coti,Ruisseau de Varagno,2023-03-24,1a,1,84,67.5,205.2,86.6,2.371,379.2,261.4,1.451,714.8,624.9,1.144
Y9420001,Le Varagno au pont de Coti,Ruisseau de Varagno,2023-04-24,1a,1,115,67.5,45.0,74.5,0.604,277.9,242.6,1.146,716.9,599.0,1.197
Y9420001,Le Varagno au pont de Coti,Ruisseau de Varagno,2023-05-24,1a,1,145,67.5,141.0,68.2,2.067,391.2,231.8,1.688,768.7,518.2,1.483
Y9420001,Le Varagno au pont de Coti,Ruisseau de Varagno,2023-06-05,1a,1,157,67.5,154.5,51.8,2.98,241.3,202.7,1.19,701.3,494.5,1.418
Y9420001,Le Varagno au pont de Coti,Ruisseau de Varagno,2023-06-26,1a,1,178,67.5,110.2,37.4,2.946,284.5,173.0,1.644,678.2,425.9,1.592
Y9420001,Le Varagno au pont de Coti,Ruisseau de Varagno,2023-07-24,1a,1,206,67.5,2.6,13.5,0.19,256.9,117.1,2.193,517.0,361.4,1.431
Y9420001,Le Varagno au pont de Coti,Ruisseau de Varagno,2023-08-21,1a,1,234,67.5,0.1,16.7,0.007,116.3,68.3,1.702,507.5,301.8,1.682
Y9420001,Le Varagno au pont de Coti,Ruisseau de Varagno,2023-09-12,1a,1,256,67.5,17.2,37.0,0.466,47.5,69.8,0.68,337.7,262.3,1.287
Y9420001,Le Varagno au pont de Coti,Ruisseau de Varagno,2023-09-25,1a,1,269,67.5,60.2,80.7,0.746,62.7,113.7,0.551,347.3,285.3,1.218
Y9420001,Le Varagno au pont de Coti,Ruisseau de Varagno,2023-10-10,1a,1,284,67.5,45.1,98.4,0.458,63.1,151.7,0.416,348.3,291.2,1.196
Y9420001,Le Varagno au pont de Coti,Ruisseau de Varagno,2023-10-23,1a,1,297,67.5,29.4,97.9,0.301,89.5,189.6,0.472,346.4,304.7,1.137
Y9420001,Le Varagno au pont de Coti,Ruisseau de Varagno,2023-11-24,1a,1,329,67.5,178.7,151.0,1.183,286.5,326.0,0.879,399.2,395.0,1.011
Y9420001,Le Varagno au pont de Coti,Ruisseau de Varagno,2024-01-24,1a,1,24,67.5,77.7,90.3,0.861,354.1,356.9,0.992,466.1,557.5,0.836
Y9420001,Le Varagno au pont de Coti,Ruisseau de Varagno,2024-02-22,1a,1,53,67.5,23.3,83.6,0.279,202.6,288.9,0.701,489.2,618.0,0.792
Y9420001,Le Varagno au pont de Coti,Ruisseau de Varagno,2024-03-22,1a,1,82,67.5,125.5,88.7,1.415,226.4,265.5,0.853,554.5,630.9,0.879
Y9420001,Le Varagno au pont de Coti,Ruisseau de Varagno,2024-04-24,1a,1,115,67.5,79.8,74.5,1.072,228.3,242.6,0.941,566.4,599.0,0.946
Y9420001,Le Varagno au pont de Coti,Ruisseau de Varagno,2024-05-24,1a,1,145,67.5,85.9,68.2,1.258,288.6,231.8,1.245,493.7,518.2,0.953
Y9420001,Le Varagno au pont de Coti,Ruisseau de Varagno,2024-06-21,1a,1,173,67.5,38.1,38.5,0.99,203.6,186.4,1.092,430.0,448.4,0.959
Y9420001,Le Varagno au pont de Coti,Ruisseau de Varagno,2024-07-22,1a,1,204,67.5,44.8,13.3,3.36,170.2,123.7,1.376,397.1,368.1,1.079
Y9420001,Le Varagno au pont de Coti,Ruisseau de Varagno,2024-08-22,1a,1,235,67.5,21.6,16.9,1.277,104.3,68.8,1.515,392.9,300.6,1.307
Y9420001,Le Varagno au pont de Coti,Ruisseau de Varagno,2024-09-23,1a,1,267,67.5,95.9,73.9,1.297,125.9,105.0,1.199,360.7,279.9,1.289
Y9420001,Le Varagno au pont de Coti,Ruisseau de Varagno,2024-10-10,1a,1,284,67.5,95.7,98.4,0.972,170.3,151.7,1.123,347.7,291.2,1.194
Y9420001,Le Varagno au pont de Coti,Ruisseau de Varagno,2024-10-22,1a,1,296,67.5,97.1,96.2,1.009,211.6,186.4,1.135,379.6,303.5,1.251
Y9420001,Le Varagno au pont de Coti,Ruisseau de Varagno,2024-11-12,1a,1,317,67.5,180.0,136.3,1.32,344.8,281.6,1.224,459.0,361.3,1.27
Y9420001,Le Varagno au pont de Coti,Ruisseau de Varagno,2025-04-11,1a,1,102,67.5,82.1,74.7,1.099,355.0,251.4,1.412,678.1,615.2,1.102
Y9420001,Le Varagno au pont de Coti,Ruisseau de Varagno,2025-05-23,1a,1,144,67.5,46.9,71.9,0.652,354.6,233.5,1.519,620.8,521.6,1.19
Y9420001,Le Varagno au pont de Coti,Ruisseau de Varagno,2025-06-23,1a,1,175,67.5,4.8,38.4,0.126,202.0,181.1,1.116,551.0,441.0,1.25
Y9420001,Le Varagno au pont de Coti,Ruisseau de Varagno,2025-07-23,1a,1,205,67.5,11.7,13.5,0.87,67.3,120.1,0.56,437.4,363.2,1.204
Y9420001,Le Varagno au pont de Coti,Ruisseau de Varagno,2025-08-25,1a,1,238,67.5,40.3,17.9,2.249,56.5,68.7,0.823,410.6,293.9,1.397
Y9420001,Le Varagno au pont de Coti,Ruisseau de Varagno,2025-09-25,1a,1,269,67.5,21.2,80.7,0.262,73.0,113.7,0.642,262.5,285.3,0.92
Y9420001,Le Varagno au pont de Coti,Ruisseau de Varagno,2025-10-24,1a,1,298,67.5,38.2,97.5,0.392,99.5,191.8,0.519,161.2,306.2,0.526
Y9420001,Le Varagno au pont de Coti,Ruisseau de Varagno,2025-11-20,1a,1,325,67.5,41.8,150.0,0.279,98.3,314.2,0.313,154.8,383.1,0.404
Y9420001,Le Varagno au pont de Coti,Ruisseau de Varagno,2025-12-15,1a,1,350,67.5,111.9,112.4,0.996,181.5,344.9,0.526,249.4,436.7,0.571
Y9420001,Le Varagno au pont de Coti,Ruisseau de Varagno,2026-01-14,1a,1,14,67.5,561.9,102.6,5.478,714.5,358.7,1.992,796.9,529.2,1.506
Y9420001,Le Varagno au pont de Coti,Ruisseau de Varagno,2026-04-21,1a,1,112,67.5,119.6,72.1,1.659,362.7,249.0,1.457,1374.1,602.2,2.282
Y9420001,Le Varagno au pont de Coti,Ruisseau de Varagno,2026-05-25,1a,1,146,67.5,37.0,65.0,0.57,220.6,230.4,0.957,1339.1,515.5,2.598
Y9420001,Le Varagno au pont de Coti,Ruisseau de Varagno,2026-06-26,1a,1,178,67.5,4.4,37.4,0.117,163.7,173.0,0.946,802.5,425.9,1.884
Y9420001,Le Varagno au pont de Coti,Ruisseau de Varagno,2026-07-13,1a,1,195,67.5,3.0,16.6,0.18,69.8,138.7,0.503,723.9,390.8,1.852
Y9420001,Le Varagno au pont de Coti,Ruisseau de Varagno,2026-07-23,1a,1,205,67.5,2.9,13.5,0.215,44.2,120.1,0.368,408.8,363.2,1.125
Y9420001,Le Varagno au pont de Coti,Ruisseau de Varagno,2026-08-25,1a,1,238,67.5,38.3,17.9,2.142,45.6,68.7,0.663,265.8,293.9,0.904
Y9420001,Le Varagno au pont de Coti,Ruisseau de Varagno,2026-09-24,1f,1,268,67.5,2.0,76.4,0.027,43.2,107.7,0.401,206.9,280.8,0.737
Y9610001,Le Tarcu au pont de la RD 168,Rivière de Tarcu,2012-05-25,1a,1,146,50.5,131.4,60.7,2.164,192.3,243.6,0.789,342.9,520.7,0.659
Y9610001,Le Tarcu au pont de la RD 168,Rivière de Tarcu,2012-06-25,1a,1,177,50.5,7.5,28.3,0.266,174.2,163.2,1.067,295.4,438.9,0.673
Y9610001,Le Tarcu au pont de la RD 168,Rivière de Tarcu,2012-07-25,1f,1,207,50.5,16.2,8.0,2.02,155.4,96.2,1.615,296.8,363.0,0.818
Y9610001,Le Tarcu au pont de la RD 168,Rivière de Tarcu,2012-08-23,2,0,236,50.5,0.9,10.5,0.086,25.0,47.0,0.532,217.3,288.6,0.753
Y9610001,Le Tarcu au pont de la RD 168,Rivière de Tarcu,2012-09-25,1a,1,269,50.5,187.5,60.2,3.115,204.6,79.4,2.577,378.9,239.9,1.579
Y9610001,Le Tarcu au pont de la RD 168,Rivière de Tarcu,2013-05-23,1a,1,144,50.5,88.2,66.8,1.32,598.0,247.3,2.419,838.7,528.3,1.588
Y9610001,Le Tarcu au pont de la RD 168,Rivière de Tarcu,2013-06-25,1a,1,177,50.5,30.1,28.3,1.066,230.1,163.2,1.41,780.2,438.9,1.778
Y9610001,Le Tarcu au pont de la RD 168,Rivière de Tarcu,2013-07-25,1a,1,207,50.5,22.2,8.0,2.769,139.0,96.2,1.445,721.0,363.0,1.986
Y9610001,Le Tarcu au pont de la RD 168,Rivière de Tarcu,2013-08-23,1f,1,236,50.5,7.3,10.5,0.699,62.6,47.0,1.331,639.9,288.6,2.217
Y9610001,Le Tarcu au pont de la RD 168,Rivière de Tarcu,2014-05-27,1a,1,148,50.5,52.9,61.1,0.865,231.1,237.9,0.971,402.8,514.3,0.783
Y9610001,Le Tarcu au pont de la RD 168,Rivière de Tarcu,2014-06-25,1,1,177,50.5,23.9,28.3,0.845,126.7,163.2,0.776,386.8,438.9,0.881
Y9610001,Le Tarcu au pont de la RD 168,Rivière de Tarcu,2014-07-24,1a,1,206,50.5,11.8,8.1,1.459,89.7,97.3,0.922,364.7,365.5,0.998
Y9610001,Le Tarcu au pont de la RD 168,Rivière de Tarcu,2014-08-25,1f,1,238,50.5,6.8,10.6,0.64,42.4,45.6,0.93,273.5,283.5,0.965
Y9610001,Le Tarcu au pont de la RD 168,Rivière de Tarcu,2014-09-26,1f,1,270,50.5,10.4,61.4,0.169,28.9,81.4,0.355,143.1,240.1,0.596
Y9610001,Le Tarcu au pont de la RD 168,Rivière de Tarcu,2014-10-24,1f,1,298,50.5,3.5,83.0,0.042,20.4,149.1,0.137,108.9,245.3,0.444
Y9610001,Le Tarcu au pont de la RD 168,Rivière de Tarcu,2015-05-26,1a,1,147,50.5,23.5,59.9,0.393,309.8,239.1,1.296,595.3,517.6,1.15
Y9610001,Le Tarcu au pont de la RD 168,Rivière de Tarcu,2015-06-25,1f,1,177,50.5,20.4,28.3,0.721,60.5,163.2,0.371,547.2,438.9,1.247
Y9610001,Le Tarcu au pont de la RD 168,Rivière de Tarcu,2015-07-22,2,0,204,50.5,0.1,7.9,0.012,44.3,102.9,0.431,517.0,373.9,1.383
Y9610001,Le Tarcu au pont de la RD 168,Rivière de Tarcu,2015-08-27,1f,1,240,50.5,4.8,10.7,0.45,21.7,44.5,0.487,334.3,273.2,1.224
Y9610001,Le Tarcu au pont de la RD 168,Rivière de Tarcu,2015-09-22,2,0,266,50.5,17.7,54.4,0.325,22.5,72.8,0.309,86.4,240.6,0.359
Y9610001,Le Tarcu au pont de la RD 168,Rivière de Tarcu,2016-05-18,1,1,139,50.5,34.9,70.4,0.496,269.4,247.0,1.091,398.3,532.8,0.748
Y9610001,Le Tarcu au pont de la RD 168,Rivière de Tarcu,2016-06-27,1,1,179,50.5,10.3,25.8,0.4,55.2,160.5,0.344,397.0,435.2,0.912
Y9610001,Le Tarcu au pont de la RD 168,Rivière de Tarcu,2016-07-21,1,1,203,50.5,4.1,8.9,0.462,48.9,108.1,0.453,362.8,380.9,0.952
Y9610001,Le Tarcu au pont de la RD 168,Rivière de Tarcu,2016-08-22,1,1,235,50.5,0.9,10.4,0.086,15.6,46.8,0.333,285.0,289.8,0.983
Y9610001,Le Tarcu au pont de la RD 168,Rivière de Tarcu,2016-09-21,1,1,265,50.5,70.7,53.5,1.323,76.0,71.7,1.06,131.5,243.5,0.54
Y9610001,Le Tarcu au pont de la RD 168,Rivière de Tarcu,2017-05-22,1,1,143,50.5,4.8,71.7,0.067,52.6,249.1,0.211,938.9,529.2,1.774
Y9610001,Le Tarcu au pont de la RD 168,Rivière de Tarcu,2017-06-23,2,0,175,50.5,4.7,28.5,0.165,39.8,171.7,0.232,610.3,448.7,1.36
Y9610001,Le Tarcu au pont de la RD 168,Rivière de Tarcu,2017-07-23,2,0,205,50.5,7.7,7.9,0.977,17.0,99.0,0.172,235.5,367.3,0.641
Y9610001,Le Tarcu au pont de la RD 168,Rivière de Tarcu,2017-08-07,2,0,220,50.5,2.7,11.6,0.234,15.4,72.9,0.211,194.3,327.4,0.593
Y9610001,Le Tarcu au pont de la RD 168,Rivière de Tarcu,2017-08-21,2,0,234,50.5,2.7,10.8,0.252,14.9,46.8,0.319,67.3,291.9,0.231
Y9610001,Le Tarcu au pont de la RD 168,Rivière de Tarcu,2017-09-04,2,0,248,50.5,1.8,17.8,0.103,11.9,42.1,0.282,52.1,245.5,0.212
Y9610001,Le Tarcu au pont de la RD 168,Rivière de Tarcu,2017-09-18,2,0,262,50.5,20.1,48.0,0.419,30.5,68.0,0.449,70.5,247.4,0.285
Y9610001,Le Tarcu au pont de la RD 168,Rivière de Tarcu,2017-09-29,2,0,273,50.5,46.2,61.6,0.75,49.8,83.6,0.596,74.3,235.3,0.316
Y9610001,Le Tarcu au pont de la RD 168,Rivière de Tarcu,2018-05-28,1,1,149,50.5,144.3,60.6,2.381,335.2,236.2,1.419,687.9,510.4,1.348
Y9610001,Le Tarcu au pont de la RD 168,Rivière de Tarcu,2018-06-19,1,1,171,50.5,46.3,32.4,1.432,218.4,181.7,1.202,638.7,460.2,1.388
Y9610001,Le Tarcu au pont de la RD 168,Rivière de Tarcu,2018-07-25,1,1,207,50.5,4.2,8.0,0.528,186.6,96.2,1.94,593.1,363.0,1.634
Y9610001,Le Tarcu au pont de la RD 168,Rivière de Tarcu,2018-08-23,1,1,236,50.5,18.5,10.5,1.771,59.9,47.0,1.273,484.3,288.6,1.678
Y9610001,Le Tarcu au pont de la RD 168,Rivière de Tarcu,2018-09-24,1,1,268,50.5,37.6,55.5,0.678,59.1,74.5,0.794,280.0,236.2,1.186
Y9610001,Le Tarcu au pont de la RD 168,Rivière de Tarcu,2018-10-25,1,1,299,50.5,162.7,83.0,1.961,213.8,153.6,1.392,404.6,248.7,1.627
Y9610001,Le Tarcu au pont de la RD 168,Rivière de Tarcu,2019-04-02,1,1,93,50.5,5.3,91.6,0.058,85.1,272.6,0.312,446.4,593.4,0.752
Y9610001,Le Tarcu au pont de la RD 168,Rivière de Tarcu,2019-04-24,1,1,115,50.5,48.1,80.7,0.596,105.7,267.8,0.395,337.3,586.4,0.575
Y9610001,Le Tarcu au pont de la RD 168,Rivière de Tarcu,2019-05-27,1,1,148,50.5,82.4,61.1,1.348,131.5,237.9,0.553,236.9,514.3,0.461
Y9610001,Le Tarcu au pont de la RD 168,Rivière de Tarcu,2019-06-20,1,1,172,50.5,42.3,28.4,1.49,140.0,179.5,0.78,220.8,454.3,0.486
Y9610001,Le Tarcu au pont de la RD 168,Rivière de Tarcu,2019-07-24,1,1,206,50.5,34.9,8.1,4.335,127.0,97.3,1.305,225.9,365.5,0.618
Y9610001,Le Tarcu au pont de la RD 168,Rivière de Tarcu,2019-08-27,1,1,240,50.5,17.3,10.7,1.621,66.1,44.5,1.485,201.9,273.2,0.739
Y9610001,Le Tarcu au pont de la RD 168,Rivière de Tarcu,2019-09-25,1,1,269,50.5,52.0,60.2,0.864,110.4,79.4,1.391,246.0,239.9,1.026
Y9610001,Le Tarcu au pont de la RD 168,Rivière de Tarcu,2019-10-28,1,1,302,50.5,83.8,87.0,0.963,146.3,161.1,0.908,285.9,250.5,1.141
Y9610001,Le Tarcu au pont de la RD 168,Rivière de Tarcu,2020-05-26,1,1,147,50.5,54.3,59.9,0.906,288.7,239.1,1.207,473.6,517.6,0.915
Y9610001,Le Tarcu au pont de la RD 168,Rivière de Tarcu,2020-06-25,1a,1,177,50.5,16.0,28.3,0.565,246.8,163.2,1.512,362.8,438.9,0.827
Y9610001,Le Tarcu au pont de la RD 168,Rivière de Tarcu,2020-07-24,1,1,206,50.5,13.7,8.1,1.698,83.9,97.3,0.862,322.6,365.5,0.883
Y9610001,Le Tarcu au pont de la RD 168,Rivière de Tarcu,2020-08-25,1,1,238,50.5,0.5,10.6,0.051,29.5,45.6,0.646,317.6,283.5,1.12
Y9610001,Le Tarcu au pont de la RD 168,Rivière de Tarcu,2020-09-29,1,1,273,50.5,112.2,61.6,1.823,129.4,83.6,1.549,366.3,235.3,1.557
Y9610001,Le Tarcu au pont de la RD 168,Rivière de Tarcu,2021-05-25,1,1,146,50.5,51.1,60.7,0.841,145.0,243.6,0.595,480.9,520.7,0.924
Y9610001,Le Tarcu au pont de la RD 168,Rivière de Tarcu,2021-06-25,1a,1,177,50.5,50.0,28.3,1.771,165.6,163.2,1.014,380.3,438.9,0.867
Y9610001,Le Tarcu au pont de la RD 168,Rivière de Tarcu,2021-07-26,1a,1,208,50.5,3.3,8.4,0.396,95.6,96.2,0.995,252.7,360.6,0.701
Y9610001,Le Tarcu au pont de la RD 168,Rivière de Tarcu,2021-08-25,1f,1,238,50.5,8.7,10.6,0.823,61.9,45.6,1.357,207.1,283.5,0.73
Y9610001,Le Tarcu au pont de la RD 168,Rivière de Tarcu,2021-09-27,1f,1,271,50.5,41.3,60.9,0.677,53.1,81.8,0.65,218.3,238.9,0.914
Y9610001,Le Tarcu au pont de la RD 168,Rivière de Tarcu,2022-04-16,1,1,107,50.5,79.6,75.2,1.059,175.3,276.1,0.635,504.9,591.5,0.853
Y9610001,Le Tarcu au pont de la RD 168,Rivière de Tarcu,2022-05-23,1,1,144,50.5,35.8,66.8,0.536,271.0,247.3,1.096,385.1,528.3,0.729
Y9610001,Le Tarcu au pont de la RD 168,Rivière de Tarcu,2022-06-22,1,1,174,50.5,1.5,28.1,0.054,160.3,177.6,0.902,312.5,449.7,0.695
Y9610001,Le Tarcu au pont de la RD 168,Rivière de Tarcu,2022-07-11,1,1,193,50.5,0.7,11.4,0.063,110.7,124.4,0.89,286.0,409.3,0.699
Y9610001,Le Tarcu au pont de la RD 168,Rivière de Tarcu,2022-07-25,1,1,207,50.5,0.6,8.0,0.069,32.8,96.2,0.341,283.7,363.0,0.782
Y9610001,Le Tarcu au pont de la RD 168,Rivière de Tarcu,2022-08-09,1,1,222,50.5,6.0,11.9,0.5,8.1,70.6,0.115,288.9,315.5,0.916
Y9610001,Le Tarcu au pont de la RD 168,Rivière de Tarcu,2022-08-22,1,1,235,50.5,37.5,10.4,3.594,39.4,46.8,0.843,310.6,289.8,1.072
Y9610001,Le Tarcu au pont de la RD 168,Rivière de Tarcu,2022-09-07,1,1,251,50.5,40.5,24.8,1.635,44.4,48.1,0.923,305.8,247.4,1.236
Y9610001,Le Tarcu au pont de la RD 168,Rivière de Tarcu,2022-09-22,1,1,266,50.5,5.1,54.4,0.094,46.3,72.8,0.636,206.6,240.6,0.858
Y9610001,Le Tarcu au pont de la RD 168,Rivière de Tarcu,2022-10-05,1,1,279,50.5,20.8,69.6,0.298,64.2,102.4,0.627,174.8,240.0,0.728
Y9610001,Le Tarcu au pont de la RD 168,Rivière de Tarcu,2022-10-31,2,0,305,50.5,26.3,90.9,0.289,90.0,172.1,0.523,119.7,250.0,0.479
Y9610001,Le Tarcu au pont de la RD 168,Rivière de Tarcu,2022-11-17,1,1,322,50.5,94.9,121.2,0.783,148.8,240.9,0.618,184.7,289.4,0.638
Y9610001,Le Tarcu au pont de la RD 168,Rivière de Tarcu,2023-03-28,1,1,88,50.5,173.0,103.4,1.674,266.3,272.9,0.976,635.8,600.4,1.059
Y9610001,Le Tarcu au pont de la RD 168,Rivière de Tarcu,2023-04-24,1,1,115,50.5,29.3,80.7,0.363,217.8,267.8,0.813,620.1,586.4,1.057
Y9610001,Le Tarcu au pont de la RD 168,Rivière de Tarcu,2023-05-22,1,1,143,50.5,98.7,71.7,1.376,295.3,249.1,1.185,582.9,529.2,1.101
Y9610001,Le Tarcu au pont de la RD 168,Rivière de Tarcu,2023-06-28,1,1,180,50.5,97.0,24.4,3.968,216.2,158.7,1.363,482.5,434.0,1.112
Y9610001,Le Tarcu au pont de la RD 168,Rivière de Tarcu,2023-07-26,1,1,208,50.5,1.9,8.4,0.227,197.7,96.2,2.057,407.9,360.6,1.131
Y9610001,Le Tarcu au pont de la RD 168,Rivière de Tarcu,2023-08-09,1,1,222,50.5,1.5,11.9,0.124,193.9,70.6,2.747,394.8,315.5,1.251
Y9610001,Le Tarcu au pont de la RD 168,Rivière de Tarcu,2023-08-27,1,1,240,50.5,0.4,10.7,0.035,99.3,44.5,2.232,345.0,273.2,1.263
Y9610001,Le Tarcu au pont de la RD 168,Rivière de Tarcu,2023-09-25,1,1,269,50.5,113.2,60.2,1.88,115.4,79.4,1.454,331.7,239.9,1.382
Y9610001,Le Tarcu au pont de la RD 168,Rivière de Tarcu,2023-10-30,1,1,304,50.5,30.5,88.8,0.343,144.0,168.3,0.856,338.4,252.6,1.34
Y9610001,Le Tarcu au pont de la RD 168,Rivière de Tarcu,2024-03-07,1,1,67,50.5,138.4,101.6,1.362,239.9,290.0,0.827,528.3,584.8,0.903
Y9610001,Le Tarcu au pont de la RD 168,Rivière de Tarcu,2024-04-30,1,1,121,50.5,10.7,75.6,0.142,214.1,255.9,0.837,464.6,571.3,0.813
Y9610001,Le Tarcu au pont de la RD 168,Rivière de Tarcu,2024-05-21,1,1,142,50.5,78.4,73.1,1.072,279.5,250.3,1.117,413.6,530.4,0.78
Y9610001,Le Tarcu au pont de la RD 168,Rivière de Tarcu,2024-06-24,1,1,176,50.5,37.3,28.5,1.307,150.0,167.8,0.894,390.6,445.1,0.877
Y9610001,Le Tarcu au pont de la RD 168,Rivière de Tarcu,2024-07-22,1,1,204,50.5,27.7,7.9,3.513,123.0,102.9,1.195,335.3,373.9,0.897
Y9610001,Le Tarcu au pont de la RD 168,Rivière de Tarcu,2024-08-19,1,1,232,50.5,5.8,10.7,0.548,50.3,48.4,1.04,329.9,296.5,1.112
Y9610001,Le Tarcu au pont de la RD 168,Rivière de Tarcu,2024-09-24,1a,1,268,50.5,115.5,55.5,2.082,126.9,74.5,1.704,257.1,236.2,1.089
Y9610001,Le Tarcu au pont de la RD 168,Rivière de Tarcu,2025-04-26,1,1,117,50.5,67.7,75.0,0.903,251.0,265.8,0.944,450.7,584.4,0.771
Y9610001,Le Tarcu au pont de la RD 168,Rivière de Tarcu,2025-05-27,1,1,148,50.5,36.2,61.1,0.593,237.4,237.9,0.998,468.1,514.3,0.91
Y9610001,Le Tarcu au pont de la RD 168,Rivière de Tarcu,2025-06-25,1a,1,177,50.5,5.4,28.3,0.192,109.4,163.2,0.67,410.5,438.9,0.935
Y9610001,Le Tarcu au pont de la RD 168,Rivière de Tarcu,2025-07-23,1a,1,205,50.5,6.9,7.9,0.872,48.4,99.0,0.489,299.6,367.3,0.816
Y9610001,Le Tarcu au pont de la RD 168,Rivière de Tarcu,2025-08-25,1f,1,238,50.5,23.8,10.6,2.248,35.9,45.6,0.787,273.4,283.5,0.964
Y9610001,Le Tarcu au pont de la RD 168,Rivière de Tarcu,2025-09-23,1f,1,267,50.5,15.5,55.3,0.28,46.0,74.1,0.62,155.3,237.3,0.655
Y9610001,Le Tarcu au pont de la RD 168,Rivière de Tarcu,2025-10-24,1a,1,298,50.5,53.3,83.0,0.643,92.8,149.1,0.622,141.2,245.3,0.575
Y9610001,Le Tarcu au pont de la RD 168,Rivière de Tarcu,2026-05-26,1a,1,147,50.5,65.2,59.9,1.088,178.8,239.1,0.748,797.2,517.6,1.54
Y9610001,Le Tarcu au pont de la RD 168,Rivière de Tarcu,2026-06-25,1a,1,177,50.5,1.1,28.3,0.04,111.0,163.2,0.68,537.6,438.9,1.225
Y9610001,Le Tarcu au pont de la RD 168,Rivière de Tarcu,2026-07-27,1f,1,209,50.5,1.5,8.7,0.168,67.4,95.0,0.71,314.9,359.4,0.876
Y9610001,Le Tarcu au pont de la RD 168,Rivière de Tarcu,2026-08-24,1f,1,237,50.5,10.3,10.8,0.956,12.9,47.0,0.275,191.7,286.0,0.67
Y9610001,Le Tarcu au pont de la RD 168,Rivière de Tarcu,2026-09-28,1f,1,272,50.5,1.1,61.6,0.019,13.0,83.4,0.156,118.0,238.4,0.495
Y9610002,La Favone sur la piste DFCI à l'amont de la confluence avec le Barrarecciu,Rivière de Favone,2012-05-25,1a,1,146,11.2,127.7,60.0,2.128,182.9,233.0,0.785,334.0,500.3,0.668
Y9610002,La Favone sur la piste DFCI à l'amont de la confluence avec le Barrarecciu,Rivière de Favone,2012-06-25,2,0,177,11.2,8.7,27.4,0.319,167.4,156.8,1.067,297.3,418.7,0.71
Y9610002,La Favone sur la piste DFCI à l'amont de la confluence avec le Barrarecciu,Rivière de Favone,2012-07-25,3,0,207,11.2,13.1,8.3,1.579,149.7,94.6,1.583,293.7,347.8,0.844
Y9610002,La Favone sur la piste DFCI à l'amont de la confluence avec le Barrarecciu,Rivière de Favone,2012-08-23,3,0,236,11.2,0.7,11.6,0.064,22.8,47.6,0.479,205.7,279.2,0.737
Y9610002,La Favone sur la piste DFCI à l'amont de la confluence avec le Barrarecciu,Rivière de Favone,2012-09-25,3,0,269,11.2,206.8,69.2,2.987,220.6,90.3,2.443,388.1,244.6,1.586
Y9610002,La Favone sur la piste DFCI à l'amont de la confluence avec le Barrarecciu,Rivière de Favone,2013-05-23,1a,1,144,11.2,78.8,66.4,1.186,560.3,236.6,2.368,749.6,507.4,1.478
Y9610002,La Favone sur la piste DFCI à l'amont de la confluence avec le Barrarecciu,Rivière de Favone,2013-06-25,1f,1,177,11.2,25.3,27.4,0.924,211.8,156.8,1.351,712.3,418.7,1.701
Y9610002,La Favone sur la piste DFCI à l'amont de la confluence avec le Barrarecciu,Rivière de Favone,2013-07-25,2,0,207,11.2,26.0,8.3,3.134,126.4,94.6,1.337,670.7,347.8,1.928
Y9610002,La Favone sur la piste DFCI à l'amont de la confluence avec le Barrarecciu,Rivière de Favone,2013-08-23,3,0,236,11.2,7.8,11.6,0.673,61.9,47.6,1.3,600.5,279.2,2.15
Y9610002,La Favone sur la piste DFCI à l'amont de la confluence avec le Barrarecciu,Rivière de Favone,2014-05-27,1a,1,148,11.2,67.2,59.7,1.125,237.8,227.3,1.046,378.7,493.9,0.767
Y9610002,La Favone sur la piste DFCI à l'amont de la confluence avec le Barrarecciu,Rivière de Favone,2014-06-25,1,1,177,11.2,25.5,27.4,0.93,146.0,156.8,0.931,372.2,418.7,0.889
Y9610002,La Favone sur la piste DFCI à l'amont de la confluence avec le Barrarecciu,Rivière de Favone,2014-07-24,1a,1,206,11.2,17.8,8.3,2.147,111.1,96.1,1.157,364.9,350.0,1.043
Y9610002,La Favone sur la piste DFCI à l'amont de la confluence avec le Barrarecciu,Rivière de Favone,2014-08-25,1f,1,238,11.2,6.3,11.8,0.534,49.6,46.5,1.068,287.4,273.7,1.05
Y9610002,La Favone sur la piste DFCI à l'amont de la confluence avec le Barrarecciu,Rivière de Favone,2014-09-26,3,0,270,11.2,9.1,70.2,0.129,33.2,92.2,0.36,166.8,244.8,0.681
Y9610002,La Favone sur la piste DFCI à l'amont de la confluence avec le Barrarecciu,Rivière de Favone,2014-10-24,3,0,298,11.2,2.9,87.6,0.033,17.7,163.8,0.108,128.2,258.2,0.497
Y9610002,La Favone sur la piste DFCI à l'amont de la confluence avec le Barrarecciu,Rivière de Favone,2015-05-26,1a,1,147,11.2,15.7,58.9,0.266,292.8,228.8,1.279,552.6,497.3,1.111
Y9610002,La Favone sur la piste DFCI à l'amont de la confluence avec le Barrarecciu,Rivière de Favone,2015-06-25,1f,1,177,11.2,14.7,27.4,0.534,47.1,156.8,0.3,504.4,418.7,1.205
Y9610002,La Favone sur la piste DFCI à l'amont de la confluence avec le Barrarecciu,Rivière de Favone,2015-07-22,3,0,204,11.2,0.0,8.2,0.0,30.6,102.1,0.3,481.4,357.6,1.346
Y9610002,La Favone sur la piste DFCI à l'amont de la confluence avec le Barrarecciu,Rivière de Favone,2015-08-27,3,0,240,11.2,13.5,12.3,1.098,25.7,45.9,0.561,320.5,264.6,1.211
Y9610002,La Favone sur la piste DFCI à l'amont de la confluence avec le Barrarecciu,Rivière de Favone,2015-09-22,3,0,266,11.2,64.4,62.9,1.024,77.9,82.8,0.941,127.2,243.7,0.522
Y9610002,La Favone sur la piste DFCI à l'amont de la confluence avec le Barrarecciu,Rivière de Favone,2016-05-18,1,1,139,11.2,30.8,68.1,0.452,269.3,236.1,1.141,373.6,511.4,0.73
Y9610002,La Favone sur la piste DFCI à l'amont de la confluence avec le Barrarecciu,Rivière de Favone,2016-06-27,3,0,179,11.2,8.4,25.2,0.332,49.0,154.3,0.317,371.8,415.3,0.895
Y9610002,La Favone sur la piste DFCI à l'amont de la confluence avec le Barrarecciu,Rivière de Favone,2016-07-21,3,0,203,11.2,8.9,8.9,1.001,47.4,106.6,0.444,355.0,364.1,0.975
Y9610002,La Favone sur la piste DFCI à l'amont de la confluence avec le Barrarecciu,Rivière de Favone,2016-08-22,3,0,235,11.2,1.8,11.6,0.152,19.4,47.3,0.41,288.5,280.6,1.028
Y9610002,La Favone sur la piste DFCI à l'amont de la confluence avec le Barrarecciu,Rivière de Favone,2016-09-21,1,1,265,11.2,65.4,61.9,1.058,76.5,81.5,0.938,125.5,246.0,0.51
Y9610002,La Favone sur la piste DFCI à l'amont de la confluence avec le Barrarecciu,Rivière de Favone,2017-05-22,1,1,143,11.2,4.5,70.6,0.063,49.3,238.2,0.207,886.0,508.5,1.743
Y9610002,La Favone sur la piste DFCI à l'amont de la confluence avec le Barrarecciu,Rivière de Favone,2017-06-23,3,0,175,11.2,3.6,27.7,0.128,38.9,164.4,0.237,585.5,429.3,1.364
Y9610002,La Favone sur la piste DFCI à l'amont de la confluence avec le Barrarecciu,Rivière de Favone,2017-07-23,3,0,205,11.2,5.2,8.2,0.631,13.1,98.2,0.133,229.2,351.8,0.652
Y9610002,La Favone sur la piste DFCI à l'amont de la confluence avec le Barrarecciu,Rivière de Favone,2017-08-07,3,0,220,11.2,1.9,11.3,0.171,10.9,70.4,0.155,200.0,313.6,0.638
Y9610002,La Favone sur la piste DFCI à l'amont de la confluence avec le Barrarecciu,Rivière de Favone,2017-08-21,3,0,234,11.2,1.8,11.7,0.151,10.4,47.3,0.219,59.5,282.5,0.211
Y9610002,La Favone sur la piste DFCI à l'amont de la confluence avec le Barrarecciu,Rivière de Favone,2017-09-04,3,0,248,11.2,1.2,19.0,0.062,7.9,43.9,0.179,47.1,238.8,0.197
Y9610002,La Favone sur la piste DFCI à l'amont de la confluence avec le Barrarecciu,Rivière de Favone,2017-09-18,3,0,262,11.2,17.2,56.8,0.303,24.1,77.5,0.311,63.2,248.7,0.254
Y9610002,La Favone sur la piste DFCI à l'amont de la confluence avec le Barrarecciu,Rivière de Favone,2017-09-29,2,0,273,11.2,38.1,72.8,0.523,40.6,96.1,0.423,59.8,242.3,0.247
Y9610002,La Favone sur la piste DFCI à l'amont de la confluence avec le Barrarecciu,Rivière de Favone,2018-05-28,1,1,149,11.2,120.1,59.0,2.037,298.5,225.8,1.322,608.2,490.9,1.239
Y9610002,La Favone sur la piste DFCI à l'amont de la confluence avec le Barrarecciu,Rivière de Favone,2018-06-19,1,1,171,11.2,42.5,31.7,1.342,188.3,172.9,1.089,567.5,443.0,1.281
Y9610002,La Favone sur la piste DFCI à l'amont de la confluence avec le Barrarecciu,Rivière de Favone,2018-07-25,3,0,207,11.2,3.1,8.3,0.379,156.0,94.6,1.649,534.5,347.8,1.537
Y9610002,La Favone sur la piste DFCI à l'amont de la confluence avec le Barrarecciu,Rivière de Favone,2018-08-23,1,1,236,11.2,29.1,11.6,2.515,64.7,47.6,1.36,452.8,279.2,1.622
Y9610002,La Favone sur la piste DFCI à l'amont de la confluence avec le Barrarecciu,Rivière de Favone,2018-09-24,2,0,268,11.2,41.5,64.4,0.644,73.5,84.9,0.866,263.8,240.3,1.098
Y9610002,La Favone sur la piste DFCI à l'amont de la confluence avec le Barrarecciu,Rivière de Favone,2018-10-25,1,1,299,11.2,153.5,85.8,1.788,221.5,167.3,1.323,379.8,260.3,1.459
Y9610002,La Favone sur la piste DFCI à l'amont de la confluence avec le Barrarecciu,Rivière de Favone,2019-04-02,1,1,93,11.2,6.0,86.3,0.07,86.2,258.2,0.334,421.5,586.7,0.718
Y9610002,La Favone sur la piste DFCI à l'amont de la confluence avec le Barrarecciu,Rivière de Favone,2019-04-24,1,1,115,11.2,49.6,74.4,0.667,109.3,253.2,0.432,324.7,569.9,0.57
Y9610002,La Favone sur la piste DFCI à l'amont de la confluence avec le Barrarecciu,Rivière de Favone,2019-05-27,1,1,148,11.2,85.4,59.7,1.43,136.5,227.3,0.601,236.9,493.9,0.48
Y9610002,La Favone sur la piste DFCI à l'amont de la confluence avec le Barrarecciu,Rivière de Favone,2019-06-20,3,0,172,11.2,43.0,27.8,1.547,144.8,171.2,0.846,226.6,437.2,0.518
Y9610002,La Favone sur la piste DFCI à l'amont de la confluence avec le Barrarecciu,Rivière de Favone,2019-07-24,3,0,206,11.2,29.8,8.3,3.585,125.1,96.1,1.303,227.3,350.0,0.649
Y9610002,La Favone sur la piste DFCI à l'amont de la confluence avec le Barrarecciu,Rivière de Favone,2019-08-27,1,1,240,11.2,22.0,12.3,1.78,69.3,45.9,1.51,210.8,264.6,0.797
Y9610002,La Favone sur la piste DFCI à l'amont de la confluence avec le Barrarecciu,Rivière de Favone,2019-09-25,1,1,269,11.2,63.1,69.2,0.911,122.1,90.3,1.352,262.3,244.6,1.072
Y9610002,La Favone sur la piste DFCI à l'amont de la confluence avec le Barrarecciu,Rivière de Favone,2019-10-28,2,0,302,11.2,86.1,90.1,0.956,160.5,176.3,0.91,303.2,263.0,1.153
Y9610002,La Favone sur la piste DFCI à l'amont de la confluence avec le Barrarecciu,Rivière de Favone,2020-05-26,1,1,147,11.2,57.6,58.9,0.978,304.2,228.8,1.329,509.7,497.3,1.025
Y9610002,La Favone sur la piste DFCI à l'amont de la confluence avec le Barrarecciu,Rivière de Favone,2020-06-25,3,0,177,11.2,21.4,27.4,0.78,262.5,156.8,1.674,394.3,418.7,0.942
Y9610002,La Favone sur la piste DFCI à l'amont de la confluence avec le Barrarecciu,Rivière de Favone,2020-07-24,3,0,206,11.2,14.5,8.3,1.749,93.5,96.1,0.973,344.9,350.0,0.985
Y9610002,La Favone sur la piste DFCI à l'amont de la confluence avec le Barrarecciu,Rivière de Favone,2020-08-25,3,0,238,11.2,0.5,11.8,0.04,35.8,46.5,0.771,339.2,273.7,1.239
Y9610002,La Favone sur la piste DFCI à l'amont de la confluence avec le Barrarecciu,Rivière de Favone,2020-09-29,2,0,273,11.2,101.2,72.8,1.389,119.4,96.1,1.243,366.6,242.3,1.513
Y9610002,La Favone sur la piste DFCI à l'amont de la confluence avec le Barrarecciu,Rivière de Favone,2021-05-25,1,1,146,11.2,54.0,60.0,0.9,146.1,233.0,0.627,495.5,500.3,0.99
Y9610002,La Favone sur la piste DFCI à l'amont de la confluence avec le Barrarecciu,Rivière de Favone,2021-06-25,1f,1,177,11.2,46.4,27.4,1.692,162.1,156.8,1.034,383.3,418.7,0.915
Y9610002,La Favone sur la piste DFCI à l'amont de la confluence avec le Barrarecciu,Rivière de Favone,2021-07-26,3,0,208,11.2,7.1,8.6,0.818,99.4,94.4,1.053,253.9,346.0,0.734
Y9610002,La Favone sur la piste DFCI à l'amont de la confluence avec le Barrarecciu,Rivière de Favone,2021-08-25,3,0,238,11.2,8.2,11.8,0.699,61.5,46.5,1.325,207.8,273.7,0.759
Y9610002,La Favone sur la piste DFCI à l'amont de la confluence avec le Barrarecciu,Rivière de Favone,2021-09-27,1f,1,271,11.2,44.3,70.5,0.628,59.6,92.9,0.642,221.4,244.2,0.907
Y9610002,La Favone sur la piste DFCI à l'amont de la confluence avec le Barrarecciu,Rivière de Favone,2022-04-16,1,1,107,11.2,75.4,69.5,1.085,167.9,261.3,0.643,518.1,579.6,0.894
Y9610002,La Favone sur la piste DFCI à l'amont de la confluence avec le Barrarecciu,Rivière de Favone,2022-05-23,1,1,144,11.2,40.0,66.4,0.602,265.8,236.6,1.123,383.1,507.4,0.755
Y9610002,La Favone sur la piste DFCI à l'amont de la confluence avec le Barrarecciu,Rivière de Favone,2022-06-22,3,0,174,11.2,1.4,27.3,0.05,160.3,169.4,0.946,308.9,431.7,0.716
Y9610002,La Favone sur la piste DFCI à l'amont de la confluence avec le Barrarecciu,Rivière de Favone,2022-07-13,3,0,195,11.2,1.0,10.3,0.095,112.9,119.3,0.946,280.8,385.6,0.728
Y9610002,La Favone sur la piste DFCI à l'amont de la confluence avec le Barrarecciu,Rivière de Favone,2022-07-25,3,0,207,11.2,0.8,8.3,0.096,36.2,94.6,0.382,278.7,347.8,0.801
Y9610002,La Favone sur la piste DFCI à l'amont de la confluence avec le Barrarecciu,Rivière de Favone,2022-08-09,3,0,222,11.2,7.6,11.6,0.662,9.8,68.0,0.145,285.7,302.1,0.946
Y9610002,La Favone sur la piste DFCI à l'amont de la confluence avec le Barrarecciu,Rivière de Favone,2022-08-22,3,0,235,11.2,39.4,11.6,3.407,41.4,47.3,0.874,307.3,280.6,1.095
Y9610002,La Favone sur la piste DFCI à l'amont de la confluence avec le Barrarecciu,Rivière de Favone,2022-09-07,3,0,251,11.2,46.9,29.7,1.58,50.8,52.9,0.961,307.2,244.2,1.258
Y9610002,La Favone sur la piste DFCI à l'amont de la confluence avec le Barrarecciu,Rivière de Favone,2022-09-22,3,0,266,11.2,8.2,62.9,0.131,53.3,82.8,0.644,213.6,243.7,0.877
Y9610002,La Favone sur la piste DFCI à l'amont de la confluence avec le Barrarecciu,Rivière de Favone,2022-10-05,3,0,279,11.2,24.0,78.6,0.306,73.9,113.5,0.651,186.4,247.0,0.755
Y9610002,La Favone sur la piste DFCI à l'amont de la confluence avec le Barrarecciu,Rivière de Favone,2022-10-31,3,0,305,11.2,27.2,96.4,0.282,100.4,189.5,0.53,132.0,265.6,0.497
Y9610002,La Favone sur la piste DFCI à l'amont de la confluence avec le Barrarecciu,Rivière de Favone,2022-11-17,1,1,322,11.2,85.0,130.0,0.654,148.1,262.7,0.564,185.8,311.3,0.597
Y9610002,La Favone sur la piste DFCI à l'amont de la confluence avec le Barrarecciu,Rivière de Favone,2023-03-28,1,1,88,11.2,168.8,98.2,1.718,265.2,259.9,1.02,626.0,592.7,1.056
Y9610002,La Favone sur la piste DFCI à l'amont de la confluence avec le Barrarecciu,Rivière de Favone,2023-04-24,1,1,115,11.2,32.0,74.4,0.43,216.3,253.2,0.854,611.7,569.9,1.073
Y9610002,La Favone sur la piste DFCI à l'amont de la confluence avec le Barrarecciu,Rivière de Favone,2023-05-22,1,1,143,11.2,98.2,70.6,1.39,294.1,238.2,1.234,583.8,508.5,1.148
Y9610002,La Favone sur la piste DFCI à l'amont de la confluence avec le Barrarecciu,Rivière de Favone,2023-06-28,1,1,180,11.2,89.0,24.0,3.716,211.0,152.6,1.383,476.2,413.8,1.151
Y9610002,La Favone sur la piste DFCI à l'amont de la confluence avec le Barrarecciu,Rivière de Favone,2023-07-26,3,0,208,11.2,2.3,8.6,0.266,189.9,94.4,2.012,397.6,346.0,1.149
Y9610002,La Favone sur la piste DFCI à l'amont de la confluence avec le Barrarecciu,Rivière de Favone,2023-08-09,3,0,222,11.2,1.3,11.6,0.112,185.3,68.0,2.726,386.2,302.1,1.278
Y9610002,La Favone sur la piste DFCI à l'amont de la confluence avec le Barrarecciu,Rivière de Favone,2023-08-27,3,0,240,11.2,0.3,12.3,0.027,91.7,45.9,1.997,337.6,264.6,1.276
Y9610002,La Favone sur la piste DFCI à l'amont de la confluence avec le Barrarecciu,Rivière de Favone,2023-09-25,3,0,269,11.2,104.7,69.2,1.513,107.4,90.3,1.189,318.4,244.6,1.302
Y9610002,La Favone sur la piste DFCI à l'amont de la confluence avec le Barrarecciu,Rivière de Favone,2023-10-30,3,0,304,11.2,33.5,94.4,0.354,138.5,185.3,0.748,324.4,267.2,1.214
Y9610002,La Favone sur la piste DFCI à l'amont de la confluence avec le Barrarecciu,Rivière de Favone,2024-03-07,1,1,67,11.2,140.0,96.0,1.459,237.9,280.9,0.847,517.5,588.4,0.88
Y9610002,La Favone sur la piste DFCI à l'amont de la confluence avec le Barrarecciu,Rivière de Favone,2024-04-30,2,0,121,11.2,11.6,72.6,0.159,218.8,242.8,0.901,466.1,550.8,0.846
Y9610002,La Favone sur la piste DFCI à l'amont de la confluence avec le Barrarecciu,Rivière de Favone,2024-05-21,2,0,142,11.2,79.6,71.7,1.11,282.7,239.7,1.179,417.2,509.7,0.819
Y9610002,La Favone sur la piste DFCI à l'amont de la confluence avec le Barrarecciu,Rivière de Favone,2024-06-24,1,1,176,11.2,34.0,27.7,1.227,150.4,160.9,0.935,393.1,424.1,0.927
Y9610002,La Favone sur la piste DFCI à l'amont de la confluence avec le Barrarecciu,Rivière de Favone,2024-07-22,3,0,204,11.2,27.2,8.2,3.308,123.0,102.1,1.205,339.4,357.6,0.949
Y9610002,La Favone sur la piste DFCI à l'amont de la confluence avec le Barrarecciu,Rivière de Favone,2024-08-19,3,0,232,11.2,6.0,11.6,0.515,49.4,48.5,1.018,332.2,286.8,1.158
Y9610002,La Favone sur la piste DFCI à l'amont de la confluence avec le Barrarecciu,Rivière de Favone,2024-09-24,1a,1,268,11.2,111.8,64.4,1.734,123.1,84.9,1.451,255.1,240.3,1.062
Y9610002,La Favone sur la piste DFCI à l'amont de la confluence avec le Barrarecciu,Rivière de Favone,2025-04-26,1,1,117,11.2,77.7,70.5,1.103,264.4,252.6,1.047,473.3,568.8,0.832
Y9610002,La Favone sur la piste DFCI à l'amont de la confluence avec le Barrarecciu,Rivière de Favone,2025-05-27,1,1,148,11.2,36.3,59.7,0.607,247.1,227.3,1.087,484.5,493.9,0.981
Y9610002,La Favone sur la piste DFCI à l'amont de la confluence avec le Barrarecciu,Rivière de Favone,2025-06-25,1f,1,177,11.2,5.1,27.4,0.187,119.3,156.8,0.761,426.6,418.7,1.019
Y9610002,La Favone sur la piste DFCI à l'amont de la confluence avec le Barrarecciu,Rivière de Favone,2025-07-23,3,0,205,11.2,8.7,8.2,1.07,50.2,98.2,0.511,314.8,351.8,0.895
Y9610002,La Favone sur la piste DFCI à l'amont de la confluence avec le Barrarecciu,Rivière de Favone,2025-08-25,3,0,238,11.2,34.2,11.8,2.896,47.9,46.5,1.031,295.0,273.7,1.078
Y9610002,La Favone sur la piste DFCI à l'amont de la confluence avec le Barrarecciu,Rivière de Favone,2025-09-23,3,0,267,11.2,16.3,63.6,0.257,59.1,83.9,0.704,178.4,240.7,0.741
Y9610002,La Favone sur la piste DFCI à l'amont de la confluence avec le Barrarecciu,Rivière de Favone,2025-10-24,1f,1,298,11.2,54.4,87.6,0.621,105.3,163.8,0.643,155.3,258.2,0.602
Y9610002,La Favone sur la piste DFCI à l'amont de la confluence avec le Barrarecciu,Rivière de Favone,2026-05-26,1a,1,147,11.2,57.7,58.9,0.98,173.9,228.8,0.76,842.3,497.3,1.694
Y9610002,La Favone sur la piste DFCI à l'amont de la confluence avec le Barrarecciu,Rivière de Favone,2026-06-25,3,0,177,11.2,1.3,27.4,0.049,108.1,156.8,0.69,564.9,418.7,1.349
Y9610002,La Favone sur la piste DFCI à l'amont de la confluence avec le Barrarecciu,Rivière de Favone,2026-07-27,3,0,209,11.2,1.9,8.8,0.211,60.6,92.9,0.652,313.0,342.7,0.913
Y9610002,La Favone sur la piste DFCI à l'amont de la confluence avec le Barrarecciu,Rivière de Favone,2026-08-24,3,0,237,11.2,14.7,12.0,1.223,17.9,47.6,0.375,191.8,276.4,0.694
Y9610002,La Favone sur la piste DFCI à l'amont de la confluence avec le Barrarecciu,Rivière de Favone,2026-09-28,3,0,272,11.2,1.3,72.6,0.018,18.1,95.8,0.188,120.6,245.2,0.492
Y9700001,Le Cavu au pont de Purcilella,Rivière u Cavu,2012-05-25,1a,1,146,64.3,130.3,61.7,2.111,191.0,249.4,0.766,333.8,533.3,0.626
Y9700001,Le Cavu au pont de Purcilella,Rivière u Cavu,2012-06-25,1f,1,177,64.3,6.1,29.2,0.208,170.6,167.3,1.02,288.2,450.3,0.64
Y9700001,Le Cavu au pont de Purcilella,Rivière u Cavu,2012-07-25,1f,1,207,64.3,17.2,8.1,2.118,153.7,98.3,1.563,292.5,372.1,0.786
Y9700001,Le Cavu au pont de Purcilella,Rivière u Cavu,2012-08-23,2,0,236,64.3,1.0,10.3,0.094,24.5,47.9,0.512,215.5,295.0,0.731
Y9700001,Le Cavu au pont de Purcilella,Rivière u Cavu,2012-09-25,1a,1,269,64.3,182.3,58.4,3.123,200.5,77.5,2.589,371.3,241.9,1.535
Y9700001,Le Cavu au pont de Purcilella,Rivière u Cavu,2013-05-23,1a,1,144,64.3,90.2,67.7,1.331,600.4,253.0,2.373,845.5,541.0,1.563
Y9700001,Le Cavu au pont de Purcilella,Rivière u Cavu,2013-06-25,1a,1,177,64.3,29.5,29.2,1.01,228.9,167.3,1.368,785.0,450.3,1.743
Y9700001,Le Cavu au pont de Purcilella,Rivière u Cavu,2013-07-25,1a,1,207,64.3,17.6,8.1,2.168,136.3,98.3,1.385,718.6,372.1,1.931
Y9700001,Le Cavu au pont de Purcilella,Rivière u Cavu,2013-08-23,1f,1,236,64.3,7.0,10.3,0.681,56.9,47.9,1.188,637.0,295.0,2.16
Y9700001,Le Cavu au pont de Purcilella,Rivière u Cavu,2014-05-27,1a,1,148,64.3,48.1,62.4,0.77,222.7,243.7,0.914,384.5,526.9,0.73
Y9700001,Le Cavu au pont de Purcilella,Rivière u Cavu,2014-06-25,1,1,177,64.3,21.4,29.2,0.732,116.4,167.3,0.696,366.4,450.3,0.814
Y9700001,Le Cavu au pont de Purcilella,Rivière u Cavu,2014-07-24,1a,1,206,64.3,8.9,8.2,1.091,79.4,99.4,0.799,344.1,374.6,0.918
Y9700001,Le Cavu au pont de Purcilella,Rivière u Cavu,2014-08-25,1f,1,238,64.3,6.8,10.5,0.651,37.1,46.4,0.799,259.7,290.0,0.896
Y9700001,Le Cavu au pont de Purcilella,Rivière u Cavu,2014-09-26,1f,1,270,64.3,11.0,59.6,0.185,26.7,79.6,0.336,130.3,242.1,0.538
Y9700001,Le Cavu au pont de Purcilella,Rivière u Cavu,2014-10-24,1a,1,298,64.3,3.0,82.8,0.036,20.8,147.0,0.141,99.1,245.3,0.404
Y9700001,Le Cavu au pont de Purcilella,Rivière u Cavu,2015-05-26,1a,1,147,64.3,24.3,61.0,0.399,311.4,244.7,1.272,593.3,530.1,1.119
Y9700001,Le Cavu au pont de Purcilella,Rivière u Cavu,2015-06-25,1f,1,177,64.3,18.7,29.2,0.641,59.5,167.3,0.355,549.5,450.3,1.22
Y9700001,Le Cavu au pont de Purcilella,Rivière u Cavu,2015-07-22,2,0,204,64.3,0.0,8.0,0.004,43.4,104.8,0.415,517.7,383.5,1.35
Y9700001,Le Cavu au pont de Purcilella,Rivière u Cavu,2015-08-27,1f,1,240,64.3,2.5,10.5,0.239,17.8,45.1,0.394,331.8,279.3,1.188
Y9700001,Le Cavu au pont de Purcilella,Rivière u Cavu,2015-09-22,2,0,266,64.3,5.4,52.8,0.101,7.7,71.2,0.108,70.9,243.3,0.291
Y9700001,Le Cavu au pont de Purcilella,Rivière u Cavu,2016-05-03,1,1,124,64.3,37.2,76.8,0.485,332.5,260.5,1.276,380.7,579.6,0.657
Y9700001,Le Cavu au pont de Purcilella,Rivière u Cavu,2016-05-18,1,1,139,64.3,35.5,71.9,0.494,264.2,252.8,1.045,385.6,545.7,0.707
Y9700001,Le Cavu au pont de Purcilella,Rivière u Cavu,2016-06-07,1,1,159,64.3,10.5,50.4,0.208,146.9,207.2,0.709,377.4,507.5,0.744
Y9700001,Le Cavu au pont de Purcilella,Rivière u Cavu,2016-06-27,1,1,179,64.3,9.7,26.5,0.367,55.3,164.5,0.336,384.3,446.6,0.861
Y9700001,Le Cavu au pont de Purcilella,Rivière u Cavu,2016-07-21,1,1,203,64.3,2.7,9.0,0.303,47.6,110.2,0.432,353.3,390.7,0.904
Y9700001,Le Cavu au pont de Purcilella,Rivière u Cavu,2016-08-22,1,1,235,64.3,0.5,10.3,0.05,13.2,47.6,0.277,277.6,296.2,0.937
Y9700001,Le Cavu au pont de Purcilella,Rivière u Cavu,2016-09-21,1,1,265,64.3,72.9,51.8,1.407,76.4,70.0,1.091,131.9,246.3,0.536
Y9700001,Le Cavu au pont de Purcilella,Rivière u Cavu,2017-05-22,1,1,143,64.3,4.0,72.8,0.055,50.4,255.0,0.198,934.1,541.9,1.724
Y9700001,Le Cavu au pont de Purcilella,Rivière u Cavu,2017-06-23,1,1,175,64.3,5.1,29.5,0.174,38.3,176.1,0.217,609.1,460.2,1.324
Y9700001,Le Cavu au pont de Purcilella,Rivière u Cavu,2017-07-23,1,1,205,64.3,8.7,8.0,1.087,17.6,100.8,0.175,229.8,376.4,0.611
Y9700001,Le Cavu au pont de Purcilella,Rivière u Cavu,2017-08-07,1,1,220,64.3,3.0,11.9,0.248,16.8,75.0,0.224,188.8,335.5,0.563
Y9700001,Le Cavu au pont de Purcilella,Rivière u Cavu,2017-08-21,1,1,234,64.3,2.9,10.7,0.276,16.6,47.7,0.347,66.8,298.3,0.224
Y9700001,Le Cavu au pont de Purcilella,Rivière u Cavu,2017-09-04,1,1,248,64.3,2.1,17.7,0.116,13.3,42.6,0.312,51.9,250.8,0.207
Y9700001,Le Cavu au pont de Purcilella,Rivière u Cavu,2017-09-18,1,1,262,64.3,21.1,46.2,0.457,32.7,66.3,0.493,71.2,250.6,0.284
Y9700001,Le Cavu au pont de Purcilella,Rivière u Cavu,2017-09-29,1,1,273,64.3,47.6,59.2,0.805,51.6,81.3,0.635,76.5,236.7,0.323
Y9700001,Le Cavu au pont de Purcilella,Rivière u Cavu,2018-05-28,1,1,149,64.3,146.0,61.9,2.359,332.9,241.8,1.377,707.7,522.6,1.354
Y9700001,Le Cavu au pont de Purcilella,Rivière u Cavu,2018-06-19,1,1,171,64.3,42.2,33.3,1.27,215.9,186.7,1.156,657.5,471.0,1.396
Y9700001,Le Cavu au pont de Purcilella,Rivière u Cavu,2018-07-25,1,1,207,64.3,2.4,8.1,0.294,182.7,98.3,1.857,584.7,372.1,1.572
Y9700001,Le Cavu au pont de Purcilella,Rivière u Cavu,2018-08-23,1,1,236,64.3,10.3,10.3,0.997,46.4,47.9,0.968,465.8,295.0,1.579
Y9700001,Le Cavu au pont de Purcilella,Rivière u Cavu,2018-09-24,1,1,268,64.3,37.6,53.7,0.701,49.7,72.7,0.683,266.9,238.4,1.12
Y9700001,Le Cavu au pont de Purcilella,Rivière u Cavu,2018-10-25,1,1,299,64.3,168.1,83.3,2.018,211.4,151.9,1.392,398.2,249.2,1.598
Y9700001,Le Cavu au pont de Purcilella,Rivière u Cavu,2019-04-02,1,1,93,64.3,5.4,94.1,0.057,81.5,280.0,0.291,440.3,603.9,0.729
Y9700001,Le Cavu au pont de Purcilella,Rivière u Cavu,2019-04-24,1,1,115,64.3,46.9,83.4,0.562,100.8,275.1,0.366,323.2,599.3,0.539
Y9700001,Le Cavu au pont de Purcilella,Rivière u Cavu,2019-05-27,1,1,148,64.3,83.9,62.4,1.345,131.5,243.7,0.539,232.8,526.9,0.442
Y9700001,Le Cavu au pont de Purcilella,Rivière u Cavu,2019-06-20,1,1,172,64.3,43.5,29.2,1.49,140.1,184.3,0.761,216.9,464.9,0.467
Y9700001,Le Cavu au pont de Purcilella,Rivière u Cavu,2019-07-24,1,1,206,64.3,36.6,8.2,4.486,130.1,99.4,1.309,224.3,374.6,0.599
Y9700001,Le Cavu au pont de Purcilella,Rivière u Cavu,2019-08-27,1,1,240,64.3,15.0,10.5,1.43,64.6,45.1,1.433,200.2,279.3,0.717
Y9700001,Le Cavu au pont de Purcilella,Rivière u Cavu,2019-09-25,1,1,269,64.3,51.9,58.4,0.889,110.4,77.5,1.425,245.9,241.9,1.016
Y9700001,Le Cavu au pont de Purcilella,Rivière u Cavu,2019-10-28,1,1,302,64.3,86.9,87.2,0.997,149.2,158.9,0.939,290.4,250.6,1.159
Y9700001,Le Cavu au pont de Purcilella,Rivière u Cavu,2020-05-26,1,1,147,64.3,52.8,61.0,0.865,285.2,244.7,1.165,463.2,530.1,0.874
Y9700001,Le Cavu au pont de Purcilella,Rivière u Cavu,2020-06-25,1a,1,177,64.3,12.5,29.2,0.427,243.2,167.3,1.454,354.7,450.3,0.788
Y9700001,Le Cavu au pont de Purcilella,Rivière u Cavu,2020-07-24,1,1,206,64.3,13.8,8.2,1.688,79.0,99.4,0.795,315.4,374.6,0.842
Y9700001,Le Cavu au pont de Purcilella,Rivière u Cavu,2020-08-25,1,1,238,64.3,0.6,10.5,0.056,26.0,46.4,0.561,310.6,290.0,1.071
Y9700001,Le Cavu au pont de Purcilella,Rivière u Cavu,2020-09-29,1,1,273,64.3,109.6,59.2,1.853,126.7,81.3,1.559,360.6,236.7,1.524
Y9700001,Le Cavu au pont de Purcilella,Rivière u Cavu,2021-05-25,1,1,146,64.3,49.8,61.7,0.807,143.5,249.4,0.576,466.8,533.3,0.875
Y9700001,Le Cavu au pont de Purcilella,Rivière u Cavu,2021-06-25,1a,1,177,64.3,51.5,29.2,1.766,166.5,167.3,0.995,372.5,450.3,0.827
Y9700001,Le Cavu au pont de Purcilella,Rivière u Cavu,2021-07-26,1a,1,208,64.3,3.4,8.5,0.395,95.3,98.3,0.97,250.7,369.5,0.679
Y9700001,Le Cavu au pont de Purcilella,Rivière u Cavu,2021-08-25,1a,1,238,64.3,8.6,10.5,0.818,63.3,46.4,1.364,207.0,290.0,0.714
Y9700001,Le Cavu au pont de Purcilella,Rivière u Cavu,2021-09-27,1a,1,271,64.3,41.5,59.0,0.703,53.2,79.8,0.667,219.3,240.7,0.911
Y9700001,Le Cavu au pont de Purcilella,Rivière u Cavu,2022-04-16,1,1,107,64.3,79.3,77.7,1.02,177.7,283.6,0.626,502.0,603.3,0.832
Y9700001,Le Cavu au pont de Purcilella,Rivière u Cavu,2022-05-23,1,1,144,64.3,34.1,67.7,0.504,272.9,253.0,1.079,380.6,541.0,0.703
Y9700001,Le Cavu au pont de Purcilella,Rivière u Cavu,2022-06-22,1,1,174,64.3,1.6,29.0,0.054,160.0,182.4,0.877,311.7,460.6,0.677
Y9700001,Le Cavu au pont de Purcilella,Rivière u Cavu,2022-07-13,1,1,195,64.3,0.6,10.3,0.061,110.0,125.7,0.875,287.7,414.9,0.693
Y9700001,Le Cavu au pont de Purcilella,Rivière u Cavu,2022-07-25,1,1,207,64.3,0.4,8.1,0.054,31.8,98.3,0.323,285.3,372.1,0.767
Y9700001,Le Cavu au pont de Purcilella,Rivière u Cavu,2022-08-09,1,1,222,64.3,5.5,12.2,0.453,7.6,72.7,0.104,290.1,323.3,0.897
Y9700001,Le Cavu au pont de Purcilella,Rivière u Cavu,2022-08-22,1,1,235,64.3,36.4,10.3,3.53,38.3,47.6,0.803,311.4,296.2,1.051
Y9700001,Le Cavu au pont de Purcilella,Rivière u Cavu,2022-09-07,1,1,251,64.3,37.5,23.7,1.584,41.5,47.5,0.873,304.7,251.7,1.211
Y9700001,Le Cavu au pont de Purcilella,Rivière u Cavu,2022-09-22,1,1,266,64.3,4.4,52.8,0.084,43.3,71.2,0.608,203.3,243.3,0.836
Y9700001,Le Cavu au pont de Purcilella,Rivière u Cavu,2022-10-05,1,1,279,64.3,18.5,67.9,0.272,59.0,100.7,0.586,169.0,241.5,0.7
Y9700001,Le Cavu au pont de Purcilella,Rivière u Cavu,2022-10-31,1,1,305,64.3,25.5,90.5,0.282,84.2,169.5,0.497,113.7,249.4,0.456
Y9700001,Le Cavu au pont de Purcilella,Rivière u Cavu,2022-11-17,1,1,322,64.3,96.3,120.7,0.798,145.5,238.3,0.61,180.2,287.7,0.626
Y9700001,Le Cavu au pont de Purcilella,Rivière u Cavu,2023-03-28,1,1,88,64.3,176.0,106.0,1.661,264.5,280.1,0.944,630.5,611.4,1.031
Y9700001,Le Cavu au pont de Purcilella,Rivière u Cavu,2023-04-24,1,1,115,64.3,28.5,83.4,0.342,219.7,275.1,0.799,615.1,599.3,1.026
Y9700001,Le Cavu au pont de Purcilella,Rivière u Cavu,2023-05-22,1,1,143,64.3,99.3,72.8,1.364,297.5,255.0,1.167,578.4,541.9,1.067
Y9700001,Le Cavu au pont de Purcilella,Rivière u Cavu,2023-06-28,1,1,180,64.3,97.2,25.1,3.87,216.0,162.5,1.33,480.5,445.4,1.079
Y9700001,Le Cavu au pont de Purcilella,Rivière u Cavu,2023-07-26,1,1,208,64.3,1.7,8.5,0.197,198.3,98.3,2.017,410.2,369.5,1.11
Y9700001,Le Cavu au pont de Purcilella,Rivière u Cavu,2023-08-09,1,1,222,64.3,1.6,12.2,0.128,194.9,72.7,2.679,396.9,323.3,1.228
Y9700001,Le Cavu au pont de Purcilella,Rivière u Cavu,2023-08-27,1,1,240,64.3,0.4,10.5,0.037,99.3,45.1,2.202,345.7,279.3,1.238
Y9700001,Le Cavu au pont de Purcilella,Rivière u Cavu,2023-09-25,1,1,269,64.3,116.8,58.4,2.001,118.9,77.5,1.535,335.0,241.9,1.384
Y9700001,Le Cavu au pont de Purcilella,Rivière u Cavu,2023-10-30,1,1,304,64.3,26.8,88.3,0.304,144.1,165.7,0.87,339.4,252.2,1.346
Y9700001,Le Cavu au pont de Purcilella,Rivière u Cavu,2024-03-07,1,1,67,64.3,135.6,104.4,1.299,235.9,296.5,0.795,521.3,592.5,0.88
Y9700001,Le Cavu au pont de Purcilella,Rivière u Cavu,2024-04-30,1,1,121,64.3,9.8,77.2,0.127,208.6,262.6,0.795,454.4,585.0,0.777
Y9700001,Le Cavu au pont de Purcilella,Rivière u Cavu,2024-05-21,1,1,142,64.3,77.5,74.3,1.043,275.3,256.1,1.075,404.2,543.1,0.744
Y9700001,Le Cavu au pont de Purcilella,Rivière u Cavu,2024-06-24,1,1,176,64.3,39.5,29.5,1.343,148.4,172.0,0.863,385.9,456.9,0.844
Y9700001,Le Cavu au pont de Purcilella,Rivière u Cavu,2024-07-22,1,1,204,64.3,28.0,8.0,3.51,123.2,104.8,1.176,330.2,383.5,0.861
Y9700001,Le Cavu au pont de Purcilella,Rivière u Cavu,2024-08-19,1,1,232,64.3,5.1,10.6,0.483,50.8,49.4,1.028,326.1,303.1,1.076
Y9700001,Le Cavu au pont de Purcilella,Rivière u Cavu,2024-09-24,1a,1,268,64.3,118.5,53.7,2.206,129.2,72.7,1.777,257.9,238.4,1.082
Y9700001,Le Cavu au pont de Purcilella,Rivière u Cavu,2025-04-26,1,1,117,64.3,66.3,77.0,0.861,251.4,272.7,0.922,449.5,597.0,0.753
Y9700001,Le Cavu au pont de Purcilella,Rivière u Cavu,2025-05-27,1,1,148,64.3,35.2,62.4,0.564,237.2,243.7,0.974,466.1,526.9,0.885
Y9700001,Le Cavu au pont de Purcilella,Rivière u Cavu,2025-06-25,1a,1,177,64.3,5.8,29.2,0.199,107.3,167.3,0.641,409.5,450.3,0.909
Y9700001,Le Cavu au pont de Purcilella,Rivière u Cavu,2025-07-23,1f,1,205,64.3,6.7,8.0,0.835,47.4,100.8,0.471,299.1,376.4,0.794
Y9700001,Le Cavu au pont de Purcilella,Rivière u Cavu,2025-08-25,1f,1,238,64.3,22.8,10.5,2.181,35.1,46.4,0.757,272.3,290.0,0.939
Y9700001,Le Cavu au pont de Purcilella,Rivière u Cavu,2025-09-23,1f,1,267,64.3,14.8,53.7,0.276,44.1,72.5,0.608,151.4,239.7,0.631
Y9700001,Le Cavu au pont de Purcilella,Rivière u Cavu,2025-10-24,1a,1,298,64.3,50.1,82.8,0.605,87.9,147.0,0.598,135.3,245.3,0.552
Y9700001,Le Cavu au pont de Purcilella,Rivière u Cavu,2026-05-26,1a,1,147,64.3,68.1,61.0,1.117,181.3,244.7,0.741,780.5,530.1,1.472
Y9700001,Le Cavu au pont de Purcilella,Rivière u Cavu,2026-06-25,1a,1,177,64.3,1.2,29.2,0.04,113.3,167.3,0.677,523.7,450.3,1.163
Y9700001,Le Cavu au pont de Purcilella,Rivière u Cavu,2026-07-27,1f,1,209,64.3,1.3,8.9,0.142,70.2,97.3,0.722,313.2,368.9,0.849
Y9700001,Le Cavu au pont de Purcilella,Rivière u Cavu,2026-08-24,1f,1,237,64.3,8.2,10.7,0.763,10.6,47.9,0.222,191.9,292.5,0.656
Y9700001,Le Cavu au pont de Purcilella,Rivière u Cavu,2026-09-28,1f,1,272,64.3,1.2,59.3,0.02,10.6,81.1,0.131,117.8,239.8,0.491
Y9710001,L'Osu au pont de l'ancienne voie ferrée,L'Osu,2012-05-25,1a,1,146,81.2,123.0,60.3,2.04,184.4,233.0,0.791,326.6,506.1,0.645
Y9710001,L'Osu au pont de l'ancienne voie ferrée,L'Osu,2012-06-25,1f,1,177,81.2,10.6,28.4,0.374,172.7,161.3,1.071,288.7,422.0,0.684
Y9710001,L'Osu au pont de l'ancienne voie ferrée,L'Osu,2012-07-25,1f,1,207,81.2,12.9,8.4,1.538,147.1,96.3,1.528,289.4,347.8,0.832
Y9710001,L'Osu au pont de l'ancienne voie ferrée,L'Osu,2012-08-23,1f,1,236,81.2,0.7,11.8,0.055,24.9,48.9,0.51,209.3,280.3,0.747
Y9710001,L'Osu au pont de l'ancienne voie ferrée,L'Osu,2012-09-25,1a,1,269,81.2,132.9,56.5,2.351,146.6,77.5,1.891,319.4,236.3,1.352
Y9710001,L'Osu au pont de l'ancienne voie ferrée,L'Osu,2013-05-23,1a,1,144,81.2,79.3,66.3,1.195,539.6,236.0,2.286,789.3,513.6,1.537
Y9710001,L'Osu au pont de l'ancienne voie ferrée,L'Osu,2013-06-25,1a,1,177,81.2,30.7,28.4,1.081,218.6,161.3,1.355,722.5,422.0,1.712
Y9710001,L'Osu au pont de l'ancienne voie ferrée,L'Osu,2013-07-25,1a,1,207,81.2,20.1,8.4,2.392,128.6,96.3,1.336,658.5,347.8,1.893
Y9710001,L'Osu au pont de l'ancienne voie ferrée,L'Osu,2013-08-23,1f,1,236,81.2,9.8,11.8,0.827,62.9,48.9,1.288,583.4,280.3,2.081
Y9710001,L'Osu au pont de l'ancienne voie ferrée,L'Osu,2014-05-27,1a,1,148,81.2,49.9,60.1,0.83,224.4,227.4,0.987,423.3,499.5,0.847
Y9710001,L'Osu au pont de l'ancienne voie ferrée,L'Osu,2014-06-25,1,1,177,81.2,28.8,28.4,1.013,131.1,161.3,0.813,407.3,422.0,0.965
Y9710001,L'Osu au pont de l'ancienne voie ferrée,L'Osu,2014-07-24,1a,1,206,81.2,9.4,8.8,1.078,89.9,97.6,0.921,367.9,349.9,1.051
Y9710001,L'Osu au pont de l'ancienne voie ferrée,L'Osu,2014-08-25,1f,1,238,81.2,7.0,12.3,0.565,45.1,47.9,0.942,269.5,275.2,0.979
Y9710001,L'Osu au pont de l'ancienne voie ferrée,L'Osu,2014-09-26,1f,1,270,81.2,11.4,57.8,0.197,27.8,79.7,0.349,146.2,236.7,0.617
Y9710001,L'Osu au pont de l'ancienne voie ferrée,L'Osu,2014-10-24,1f,1,298,81.2,4.3,79.3,0.054,22.6,144.0,0.157,110.6,240.1,0.461
Y9710001,L'Osu au pont de l'ancienne voie ferrée,L'Osu,2015-05-26,1a,1,147,81.2,27.0,59.4,0.456,272.4,228.9,1.19,577.9,503.2,1.149
Y9710001,L'Osu au pont de l'ancienne voie ferrée,L'Osu,2015-06-25,1f,1,177,81.2,26.4,28.4,0.927,67.7,161.3,0.42,523.6,422.0,1.241
Y9710001,L'Osu au pont de l'ancienne voie ferrée,L'Osu,2015-07-22,2,0,204,81.2,0.3,8.6,0.034,53.9,103.2,0.523,477.6,358.0,1.334
Y9710001,L'Osu au pont de l'ancienne voie ferrée,L'Osu,2015-08-27,1f,1,240,81.2,5.2,12.5,0.417,28.2,47.0,0.599,303.5,266.3,1.14
Y9710001,L'Osu au pont de l'ancienne voie ferrée,L'Osu,2015-09-22,1f,1,266,81.2,7.6,50.2,0.151,13.1,70.7,0.185,83.3,236.5,0.352
Y9710001,L'Osu au pont de l'ancienne voie ferrée,L'Osu,2016-05-03,1,1,124,81.2,33.6,74.5,0.451,322.0,241.1,1.335,388.9,551.5,0.705
Y9710001,L'Osu au pont de l'ancienne voie ferrée,L'Osu,2016-05-18,1,1,139,81.2,36.1,69.4,0.52,251.8,235.3,1.07,396.5,518.6,0.765
Y9710001,L'Osu au pont de l'ancienne voie ferrée,L'Osu,2016-06-07,1,1,159,81.2,14.2,47.4,0.3,135.3,195.3,0.693,388.7,476.7,0.815
Y9710001,L'Osu au pont de l'ancienne voie ferrée,L'Osu,2016-06-27,1,1,179,81.2,10.4,26.4,0.396,54.6,158.5,0.345,393.9,418.1,0.942
Y9710001,L'Osu au pont de l'ancienne voie ferrée,L'Osu,2016-07-21,1,1,203,81.2,2.1,9.4,0.227,48.5,108.1,0.448,345.7,363.8,0.95
Y9710001,L'Osu au pont de l'ancienne voie ferrée,L'Osu,2016-08-22,1,1,235,81.2,1.9,11.7,0.159,14.7,48.6,0.303,266.6,281.2,0.948
Y9710001,L'Osu au pont de l'ancienne voie ferrée,L'Osu,2016-09-21,1,1,265,81.2,75.3,49.2,1.532,79.5,69.4,1.146,134.8,238.3,0.566
Y9710001,L'Osu au pont de l'ancienne voie ferrée,L'Osu,2017-05-22,1,1,143,81.2,5.5,71.0,0.077,50.1,237.7,0.211,870.4,514.8,1.691
Y9710001,L'Osu au pont de l'ancienne voie ferrée,L'Osu,2017-06-23,1,1,175,81.2,4.5,28.4,0.157,37.3,168.5,0.222,560.5,431.1,1.3
Y9710001,L'Osu au pont de l'ancienne voie ferrée,L'Osu,2017-07-23,1,1,205,81.2,9.8,8.7,1.131,19.6,99.6,0.197,230.4,351.8,0.655
Y9710001,L'Osu au pont de l'ancienne voie ferrée,L'Osu,2017-08-07,1,1,220,81.2,2.3,11.9,0.195,16.9,73.3,0.231,185.6,314.4,0.59
Y9710001,L'Osu au pont de l'ancienne voie ferrée,L'Osu,2017-08-21,1,1,234,81.2,2.3,11.6,0.197,16.4,48.3,0.34,66.4,282.8,0.235
Y9710001,L'Osu au pont de l'ancienne voie ferrée,L'Osu,2017-09-04,1,1,248,81.2,2.8,18.8,0.147,14.6,45.0,0.325,52.1,241.1,0.216
Y9710001,L'Osu au pont de l'ancienne voie ferrée,L'Osu,2017-09-18,1,1,262,81.2,15.4,43.6,0.353,27.6,65.0,0.424,65.0,240.9,0.27
Y9710001,L'Osu au pont de l'ancienne voie ferrée,L'Osu,2017-09-29,1,1,273,81.2,47.7,58.3,0.819,51.0,82.4,0.619,78.3,232.9,0.336
Y9710001,L'Osu au pont de l'ancienne voie ferrée,L'Osu,2018-05-28,1,1,149,81.2,140.7,58.8,2.392,330.9,225.9,1.465,683.5,495.7,1.379
Y9710001,L'Osu au pont de l'ancienne voie ferrée,L'Osu,2018-06-19,1,1,171,81.2,56.4,32.3,1.743,227.3,177.5,1.28,646.8,442.8,1.461
Y9710001,L'Osu au pont de l'ancienne voie ferrée,L'Osu,2018-07-25,1,1,207,81.2,9.9,8.4,1.176,200.3,96.3,2.081,582.1,347.8,1.674
Y9710001,L'Osu au pont de l'ancienne voie ferrée,L'Osu,2018-08-23,1,1,236,81.2,21.7,11.8,1.835,79.3,48.9,1.623,489.9,280.3,1.748
Y9710001,L'Osu au pont de l'ancienne voie ferrée,L'Osu,2018-09-24,1,1,268,81.2,42.4,52.3,0.81,71.1,73.1,0.972,302.0,233.3,1.294
Y9710001,L'Osu au pont de l'ancienne voie ferrée,L'Osu,2018-10-25,1,1,299,81.2,139.1,79.0,1.76,196.9,147.9,1.331,401.6,242.3,1.657
Y9710001,L'Osu au pont de l'ancienne voie ferrée,L'Osu,2019-04-02,1,1,93,81.2,4.5,84.6,0.054,91.7,256.2,0.358,443.6,574.0,0.773
Y9710001,L'Osu au pont de l'ancienne voie ferrée,L'Osu,2019-04-24,1,1,115,81.2,46.9,77.7,0.604,111.0,251.9,0.441,357.8,567.7,0.63
Y9710001,L'Osu au pont de l'ancienne voie ferrée,L'Osu,2019-05-27,1,1,148,81.2,71.2,60.1,1.184,119.6,227.4,0.526,235.2,499.5,0.471
Y9710001,L'Osu au pont de l'ancienne voie ferrée,L'Osu,2019-06-20,1,1,172,81.2,34.9,28.8,1.214,126.7,175.7,0.721,215.3,437.8,0.492
Y9710001,L'Osu au pont de l'ancienne voie ferrée,L'Osu,2019-07-24,1,1,206,81.2,29.7,8.8,3.394,109.6,97.6,1.123,213.3,349.9,0.61
Y9710001,L'Osu au pont de l'ancienne voie ferrée,L'Osu,2019-08-27,1,1,240,81.2,20.9,12.5,1.675,65.2,47.0,1.387,189.4,266.3,0.711
Y9710001,L'Osu au pont de l'ancienne voie ferrée,L'Osu,2019-09-25,1,1,269,81.2,48.6,56.5,0.86,103.5,77.5,1.335,227.1,236.3,0.961
Y9710001,L'Osu au pont de l'ancienne voie ferrée,L'Osu,2019-10-28,1,1,302,81.2,67.9,81.6,0.832,126.1,154.4,0.817,250.8,243.4,1.03
Y9710001,L'Osu au pont de l'ancienne voie ferrée,L'Osu,2020-05-26,1,1,147,81.2,54.1,59.4,0.911,279.6,228.9,1.222,467.3,503.2,0.929
Y9710001,L'Osu au pont de l'ancienne voie ferrée,L'Osu,2020-06-25,1a,1,177,81.2,23.0,28.4,0.809,242.6,161.3,1.504,359.6,422.0,0.852
Y9710001,L'Osu au pont de l'ancienne voie ferrée,L'Osu,2020-07-24,1,1,206,81.2,11.6,8.8,1.325,88.7,97.6,0.909,319.6,349.9,0.913
Y9710001,L'Osu au pont de l'ancienne voie ferrée,L'Osu,2020-08-25,1,1,238,81.2,0.4,12.3,0.029,34.5,47.9,0.719,313.7,275.2,1.14
Y9710001,L'Osu au pont de l'ancienne voie ferrée,L'Osu,2020-09-29,1,1,273,81.2,110.2,58.3,1.891,126.0,82.4,1.529,357.8,232.9,1.536
Y9710001,L'Osu au pont de l'ancienne voie ferrée,L'Osu,2021-05-25,1,1,146,81.2,52.2,60.3,0.866,146.6,233.0,0.629,502.4,506.1,0.993
Y9710001,L'Osu au pont de l'ancienne voie ferrée,L'Osu,2021-06-25,1a,1,177,81.2,39.9,28.4,1.403,153.3,161.3,0.95,384.8,422.0,0.912
Y9710001,L'Osu au pont de l'ancienne voie ferrée,L'Osu,2021-07-26,1f,1,208,81.2,2.8,8.6,0.33,88.1,95.8,0.919,246.7,345.5,0.714
Y9710001,L'Osu au pont de l'ancienne voie ferrée,L'Osu,2021-08-25,1a,1,238,81.2,9.2,12.3,0.747,51.8,47.9,1.081,198.5,275.2,0.721
Y9710001,L'Osu au pont de l'ancienne voie ferrée,L'Osu,2021-09-27,1a,1,271,81.2,36.4,57.3,0.635,48.3,80.4,0.601,201.3,236.2,0.852
Y9710001,L'Osu au pont de l'ancienne voie ferrée,L'Osu,2022-04-16,1,1,107,81.2,80.3,71.0,1.131,158.4,258.4,0.613,489.0,570.8,0.857
Y9710001,L'Osu au pont de l'ancienne voie ferrée,L'Osu,2022-05-23,1,1,144,81.2,38.2,66.3,0.575,250.0,236.0,1.059,378.3,513.6,0.737
Y9710001,L'Osu au pont de l'ancienne voie ferrée,L'Osu,2022-06-22,1,1,174,81.2,1.3,28.2,0.045,152.9,174.0,0.879,298.1,432.9,0.688
Y9710001,L'Osu au pont de l'ancienne voie ferrée,L'Osu,2022-07-13,1,1,195,81.2,0.8,11.8,0.072,105.9,123.3,0.859,264.3,386.0,0.685
Y9710001,L'Osu au pont de l'ancienne voie ferrée,L'Osu,2022-07-25,1,1,207,81.2,0.8,8.4,0.093,34.3,96.3,0.356,262.1,347.8,0.754
Y9710001,L'Osu au pont de l'ancienne voie ferrée,L'Osu,2022-08-09,2,0,222,81.2,6.3,12.3,0.512,8.6,70.9,0.121,267.6,304.0,0.88
Y9710001,L'Osu au pont de l'ancienne voie ferrée,L'Osu,2022-08-22,1,1,235,81.2,36.5,11.7,3.127,38.4,48.6,0.791,288.5,281.2,1.026
Y9710001,L'Osu au pont de l'ancienne voie ferrée,L'Osu,2022-09-07,1,1,251,81.2,43.9,23.4,1.878,47.2,48.6,0.971,288.6,241.2,1.196
Y9710001,L'Osu au pont de l'ancienne voie ferrée,L'Osu,2022-09-22,1,1,266,81.2,6.5,50.2,0.13,49.1,70.7,0.695,202.0,236.5,0.854
Y9710001,L'Osu au pont de l'ancienne voie ferrée,L'Osu,2022-10-05,1,1,279,81.2,27.2,65.5,0.415,73.8,98.2,0.751,179.2,234.8,0.763
Y9710001,L'Osu au pont de l'ancienne voie ferrée,L'Osu,2022-10-31,1,1,305,81.2,28.0,86.7,0.323,100.9,164.6,0.613,130.4,243.4,0.536
Y9710001,L'Osu au pont de l'ancienne voie ferrée,L'Osu,2022-11-17,1,1,322,81.2,87.0,113.8,0.765,152.8,229.5,0.666,188.2,279.8,0.672
Y9710001,L'Osu au pont de l'ancienne voie ferrée,L'Osu,2023-03-28,1,1,88,81.2,154.4,95.1,1.624,259.7,258.1,1.006,626.3,578.1,1.083
Y9710001,L'Osu au pont de l'ancienne voie ferrée,L'Osu,2023-04-24,1,1,115,81.2,27.8,77.7,0.358,199.7,251.9,0.793,607.5,567.7,1.07
Y9710001,L'Osu au pont de l'ancienne voie ferrée,L'Osu,2023-05-22,1,1,143,81.2,93.7,71.0,1.32,272.9,237.7,1.148,571.8,514.8,1.111
Y9710001,L'Osu au pont de l'ancienne voie ferrée,L'Osu,2023-06-28,1,1,180,81.2,91.0,25.1,3.626,205.7,156.7,1.312,465.3,416.7,1.117
Y9710001,L'Osu au pont de l'ancienne voie ferrée,L'Osu,2023-07-26,1,1,208,81.2,2.3,8.6,0.266,187.5,95.8,1.957,379.7,345.5,1.099
Y9710001,L'Osu au pont de l'ancienne voie ferrée,L'Osu,2023-08-09,1,1,222,81.2,1.1,12.3,0.093,182.0,70.9,2.566,367.1,304.0,1.208
Y9710001,L'Osu au pont de l'ancienne voie ferrée,L'Osu,2023-08-27,1,1,240,81.2,0.3,12.5,0.025,93.6,47.0,1.991,325.9,266.3,1.224
Y9710001,L'Osu au pont de l'ancienne voie ferrée,L'Osu,2023-09-25,1,1,269,81.2,92.3,56.5,1.632,94.9,77.5,1.224,300.5,236.3,1.272
Y9710001,L'Osu au pont de l'ancienne voie ferrée,L'Osu,2023-10-30,1,1,304,81.2,40.1,84.5,0.474,132.6,161.2,0.823,315.3,245.5,1.285
Y9710001,L'Osu au pont de l'ancienne voie ferrée,L'Osu,2024-03-07,1,1,67,81.2,136.1,94.6,1.439,240.3,281.1,0.855,516.3,566.8,0.911
Y9710001,L'Osu au pont de l'ancienne voie ferrée,L'Osu,2024-04-30,1,1,121,81.2,13.9,74.9,0.186,214.4,243.8,0.879,464.0,556.4,0.834
Y9710001,L'Osu au pont de l'ancienne voie ferrée,L'Osu,2024-05-21,1,1,142,81.2,77.1,72.1,1.069,272.7,238.8,1.142,419.1,515.4,0.813
Y9710001,L'Osu au pont de l'ancienne voie ferrée,L'Osu,2024-06-24,1,1,176,81.2,27.4,28.4,0.965,144.7,165.4,0.875,376.4,427.5,0.88
Y9710001,L'Osu au pont de l'ancienne voie ferrée,L'Osu,2024-07-22,1,1,204,81.2,24.0,8.6,2.79,114.2,103.2,1.107,326.4,358.0,0.912
Y9710001,L'Osu au pont de l'ancienne voie ferrée,L'Osu,2024-08-19,1,1,232,81.2,8.6,11.6,0.736,44.9,50.1,0.897,317.6,287.3,1.105
Y9710001,L'Osu au pont de l'ancienne voie ferrée,L'Osu,2024-09-24,1a,1,268,81.2,99.8,52.3,1.908,114.0,73.1,1.559,240.4,233.3,1.031
Y9710001,L'Osu au pont de l'ancienne voie ferrée,L'Osu,2025-04-26,1,1,117,81.2,66.3,73.5,0.903,232.3,251.0,0.925,422.6,566.7,0.746
Y9710001,L'Osu au pont de l'ancienne voie ferrée,L'Osu,2025-05-27,1,1,148,81.2,36.0,60.1,0.599,217.9,227.4,0.958,439.4,499.5,0.88
Y9710001,L'Osu au pont de l'ancienne voie ferrée,L'Osu,2025-06-25,1a,1,177,81.2,3.7,28.4,0.131,106.0,161.3,0.657,381.0,422.0,0.903
Y9710001,L'Osu au pont de l'ancienne voie ferrée,L'Osu,2025-07-23,1a,1,205,81.2,6.8,8.7,0.789,46.4,99.6,0.466,278.9,351.8,0.793
Y9710001,L'Osu au pont de l'ancienne voie ferrée,L'Osu,2025-08-25,1f,1,238,81.2,23.1,12.3,1.872,33.5,47.9,0.699,251.4,275.2,0.913
Y9710001,L'Osu au pont de l'ancienne voie ferrée,L'Osu,2025-09-23,1f,1,267,81.2,16.5,51.6,0.32,46.3,72.2,0.641,152.3,233.8,0.651
Y9710001,L'Osu au pont de l'ancienne voie ferrée,L'Osu,2025-10-24,1f,1,298,81.2,66.3,79.3,0.836,106.0,144.0,0.736,152.4,240.1,0.635
Y9710001,L'Osu au pont de l'ancienne voie ferrée,L'Osu,2026-05-26,1a,1,147,81.2,52.5,59.4,0.885,157.4,228.9,0.688,794.4,503.2,1.579
Y9710001,L'Osu au pont de l'ancienne voie ferrée,L'Osu,2026-06-25,1a,1,177,81.2,0.8,28.4,0.029,96.6,161.3,0.599,533.5,422.0,1.264
Y9710001,L'Osu au pont de l'ancienne voie ferrée,L'Osu,2026-07-27,1a,1,209,81.2,1.8,8.9,0.2,54.7,94.1,0.582,298.0,344.6,0.865
Y9710001,L'Osu au pont de l'ancienne voie ferrée,L'Osu,2026-08-24,1f,1,237,81.2,14.3,12.2,1.174,16.8,48.9,0.345,174.3,277.6,0.628
Y9710001,L'Osu au pont de l'ancienne voie ferrée,L'Osu,2026-09-28,1f,1,272,81.2,0.9,58.3,0.016,17.1,82.1,0.209,108.5,235.9,0.46
Y9800001,L'Orgone au bout de la piste de la carrière,Ruisseau d'Orgone,2012-05-25,1a,1,146,145.8,124.6,55.1,2.263,197.0,184.5,1.068,376.5,429.8,0.876
Y9800001,L'Orgone au bout de la piste de la carrière,Ruisseau d'Orgone,2012-06-25,1f,1,177,145.8,4.4,28.9,0.151,189.5,140.6,1.348,306.2,350.5,0.874
Y9800001,L'Orgone au bout de la piste de la carrière,Ruisseau d'Orgone,2012-07-25,1f,1,207,145.8,6.9,9.3,0.735,138.5,91.3,1.517,299.1,285.7,1.047
Y9800001,L'Orgone au bout de la piste de la carrière,Ruisseau d'Orgone,2012-08-23,1f,1,236,145.8,0.0,15.9,0.0,14.0,53.3,0.262,211.0,236.2,0.893
Y9800001,L'Orgone au bout de la piste de la carrière,Ruisseau d'Orgone,2012-09-25,1a,1,269,145.8,93.9,50.2,1.871,101.4,75.0,1.351,290.8,212.7,1.367
Y9800001,L'Orgone au bout de la piste de la carrière,Ruisseau d'Orgone,2013-05-23,1a,1,144,145.8,65.1,59.6,1.092,373.4,187.0,1.997,668.5,437.4,1.528
Y9800001,L'Orgone au bout de la piste de la carrière,Ruisseau d'Orgone,2013-06-25,1a,1,177,145.8,34.1,28.9,1.179,176.4,140.6,1.254,564.1,350.5,1.609
Y9800001,L'Orgone au bout de la piste de la carrière,Ruisseau d'Orgone,2013-07-25,1a,1,207,145.8,16.4,9.3,1.76,114.8,91.3,1.257,498.2,285.7,1.744
Y9800001,L'Orgone au bout de la piste de la carrière,Ruisseau d'Orgone,2013-08-23,1a,1,236,145.8,13.5,15.9,0.85,66.2,53.3,1.242,426.8,236.2,1.807
Y9800001,L'Orgone au bout de la piste de la carrière,Ruisseau d'Orgone,2014-05-27,1a,1,148,145.8,36.8,52.2,0.705,222.4,180.5,1.232,468.1,422.1,1.109
Y9800001,L'Orgone au bout de la piste de la carrière,Ruisseau d'Orgone,2014-06-25,1,1,177,145.8,34.9,28.9,1.208,125.8,140.6,0.895,450.2,350.5,1.284
Y9800001,L'Orgone au bout de la piste de la carrière,Ruisseau d'Orgone,2014-07-24,1a,1,206,145.8,8.2,8.7,0.948,87.2,93.1,0.937,374.1,285.9,1.308
Y9800001,L'Orgone au bout de la piste de la carrière,Ruisseau d'Orgone,2014-08-25,1f,1,238,145.8,9.1,15.8,0.573,51.2,53.0,0.967,273.6,231.9,1.18
Y9800001,L'Orgone au bout de la piste de la carrière,Ruisseau d'Orgone,2014-09-26,1f,1,270,145.8,13.8,53.2,0.26,29.0,78.6,0.368,153.5,214.3,0.716
Y9800001,L'Orgone au bout de la piste de la carrière,Ruisseau d'Orgone,2014-10-24,3,0,298,145.8,8.9,80.6,0.11,30.0,144.2,0.208,108.9,233.7,0.466
Y9800001,L'Orgone au bout de la piste de la carrière,Ruisseau d'Orgone,2015-05-26,1f,1,147,145.8,20.5,53.0,0.386,172.6,182.0,0.948,387.1,426.0,0.909
Y9800001,L'Orgone au bout de la piste de la carrière,Ruisseau d'Orgone,2015-06-25,1f,1,177,145.8,34.8,28.9,1.205,72.4,140.6,0.515,358.7,350.5,1.023
Y9800001,L'Orgone au bout de la piste de la carrière,Ruisseau d'Orgone,2015-07-22,2,0,204,145.8,0.2,8.4,0.02,55.6,97.4,0.571,333.0,294.1,1.132
Y9800001,L'Orgone au bout de la piste de la carrière,Ruisseau d'Orgone,2015-08-27,2,0,240,145.8,0.5,15.7,0.029,26.9,52.6,0.512,192.7,225.8,0.854
Y9800001,L'Orgone au bout de la piste de la carrière,Ruisseau d'Orgone,2015-09-22,2,0,266,145.8,17.6,42.2,0.416,18.0,66.6,0.271,90.6,211.6,0.428
Y9800001,L'Orgone au bout de la piste de la carrière,Ruisseau d'Orgone,2016-05-03,1,1,124,145.8,22.5,61.1,0.368,247.3,188.6,1.311,329.1,476.8,0.69
Y9800001,L'Orgone au bout de la piste de la carrière,Ruisseau d'Orgone,2016-05-18,1,1,139,145.8,34.9,57.7,0.605,190.5,185.0,1.03,344.6,445.3,0.774
Y9800001,L'Orgone au bout de la piste de la carrière,Ruisseau d'Orgone,2016-06-07,1,1,159,145.8,26.5,41.7,0.634,105.1,161.7,0.65,333.9,393.2,0.849
Y9800001,L'Orgone au bout de la piste de la carrière,Ruisseau d'Orgone,2016-06-27,1,1,179,145.8,22.5,28.3,0.795,63.0,137.8,0.457,343.5,346.2,0.992
Y9800001,L'Orgone au bout de la piste de la carrière,Ruisseau d'Orgone,2016-07-21,1,1,203,145.8,3.1,8.6,0.356,60.7,99.6,0.609,291.4,296.6,0.983
Y9800001,L'Orgone au bout de la piste de la carrière,Ruisseau d'Orgone,2016-08-22,1,1,235,145.8,4.3,14.7,0.29,30.2,52.1,0.58,221.5,235.6,0.94
Y9800001,L'Orgone au bout de la piste de la carrière,Ruisseau d'Orgone,2016-09-21,1,1,265,145.8,45.0,42.3,1.064,52.8,65.5,0.805,118.3,211.6,0.559
Y9800001,L'Orgone au bout de la piste de la carrière,Ruisseau d'Orgone,2017-05-22,1,1,143,145.8,5.7,61.8,0.093,69.9,188.2,0.371,557.8,439.5,1.269
Y9800001,L'Orgone au bout de la piste de la carrière,Ruisseau d'Orgone,2017-06-23,1,1,175,145.8,2.6,29.2,0.09,49.3,146.2,0.337,372.6,358.8,1.039
Y9800001,L'Orgone au bout de la piste de la carrière,Ruisseau d'Orgone,2017-07-23,1,1,205,145.8,11.1,8.7,1.27,19.3,95.6,0.202,146.4,288.4,0.508
Y9800001,L'Orgone au bout de la piste de la carrière,Ruisseau d'Orgone,2017-08-07,2,0,220,145.8,0.6,12.3,0.046,15.5,70.2,0.221,128.1,258.5,0.496
Y9800001,L'Orgone au bout de la piste de la carrière,Ruisseau d'Orgone,2017-08-21,2,0,234,145.8,0.2,13.7,0.011,13.9,51.0,0.272,83.6,236.4,0.354
Y9800001,L'Orgone au bout de la piste de la carrière,Ruisseau d'Orgone,2017-09-04,2,0,248,145.8,1.2,19.7,0.06,12.3,50.1,0.245,61.7,211.0,0.292
Y9800001,L'Orgone au bout de la piste de la carrière,Ruisseau d'Orgone,2017-09-18,2,0,262,145.8,4.0,38.0,0.105,15.2,60.1,0.253,64.6,212.4,0.304
Y9800001,L'Orgone au bout de la piste de la carrière,Ruisseau d'Orgone,2017-09-29,1,1,273,145.8,39.0,57.7,0.677,39.9,84.2,0.475,65.9,216.0,0.305
Y9800001,L'Orgone au bout de la piste de la carrière,Ruisseau d'Orgone,2018-05-28,1,1,149,145.8,104.7,48.8,2.147,276.2,178.7,1.546,561.8,418.6,1.342
Y9800001,L'Orgone au bout de la piste de la carrière,Ruisseau d'Orgone,2018-06-19,1,1,171,145.8,81.0,34.1,2.376,212.5,153.5,1.384,552.5,368.7,1.498
Y9800001,L'Orgone au bout de la piste de la carrière,Ruisseau d'Orgone,2018-07-25,2,0,207,145.8,57.9,9.3,6.206,235.0,91.3,2.573,522.7,285.7,1.829
Y9800001,L'Orgone au bout de la piste de la carrière,Ruisseau d'Orgone,2018-08-23,1,1,236,145.8,44.7,15.9,2.813,174.8,53.3,3.278,493.7,236.2,2.09
Y9800001,L'Orgone au bout de la piste de la carrière,Ruisseau d'Orgone,2018-09-24,2,0,268,145.8,29.9,47.8,0.625,114.1,72.3,1.578,350.7,211.6,1.658
Y9800001,L'Orgone au bout de la piste de la carrière,Ruisseau d'Orgone,2018-10-25,1,1,299,145.8,35.0,79.2,0.442,109.7,145.0,0.757,344.5,231.2,1.49
Y9800001,L'Orgone au bout de la piste de la carrière,Ruisseau d'Orgone,2019-04-02,1,1,93,145.8,3.5,62.3,0.057,94.1,205.3,0.459,324.7,509.6,0.637
Y9800001,L'Orgone au bout de la piste de la carrière,Ruisseau d'Orgone,2019-04-24,1,1,115,145.8,66.0,59.4,1.111,122.1,193.0,0.633,357.8,488.6,0.732
Y9800001,L'Orgone au bout de la piste de la carrière,Ruisseau d'Orgone,2019-05-27,1,1,148,145.8,42.1,52.2,0.807,111.3,180.5,0.617,228.6,422.1,0.542
Y9800001,L'Orgone au bout de la piste de la carrière,Ruisseau d'Orgone,2019-06-20,1,1,172,145.8,16.9,31.5,0.535,116.4,152.8,0.762,210.3,366.6,0.574
Y9800001,L'Orgone au bout de la piste de la carrière,Ruisseau d'Orgone,2019-07-24,1,1,206,145.8,4.2,8.7,0.487,54.3,93.1,0.583,168.5,285.9,0.589
Y9800001,L'Orgone au bout de la piste de la carrière,Ruisseau d'Orgone,2019-08-27,1,1,240,145.8,18.1,15.7,1.152,36.8,52.6,0.7,154.1,225.8,0.682
Y9800001,L'Orgone au bout de la piste de la carrière,Ruisseau d'Orgone,2019-09-25,1,1,269,145.8,29.8,50.2,0.594,60.6,75.0,0.807,176.3,212.7,0.829
Y9800001,L'Orgone au bout de la piste de la carrière,Ruisseau d'Orgone,2019-10-28,1,1,302,145.8,18.3,75.4,0.243,59.5,149.4,0.398,129.0,231.8,0.556
Y9800001,L'Orgone au bout de la piste de la carrière,Ruisseau d'Orgone,2020-05-26,1,1,147,145.8,55.0,53.0,1.037,194.9,182.0,1.071,344.7,426.0,0.809
Y9800001,L'Orgone au bout de la piste de la carrière,Ruisseau d'Orgone,2020-06-25,1a,1,177,145.8,23.1,28.9,0.8,170.4,140.6,1.212,255.3,350.5,0.728
Y9800001,L'Orgone au bout de la piste de la carrière,Ruisseau d'Orgone,2020-07-24,1,1,206,145.8,18.6,8.7,2.145,96.7,93.1,1.039,242.9,285.9,0.85
Y9800001,L'Orgone au bout de la piste de la carrière,Ruisseau d'Orgone,2020-08-25,1,1,238,145.8,1.6,15.8,0.102,43.3,53.0,0.819,238.2,231.9,1.027
Y9800001,L'Orgone au bout de la piste de la carrière,Ruisseau d'Orgone,2020-09-29,1,1,273,145.8,157.1,57.7,2.724,181.4,84.2,2.156,343.9,216.0,1.592
Y9800001,L'Orgone au bout de la piste de la carrière,Ruisseau d'Orgone,2021-05-25,1,1,146,145.8,68.5,55.1,1.245,179.1,184.5,0.971,588.1,429.8,1.368
Y9800001,L'Orgone au bout de la piste de la carrière,Ruisseau d'Orgone,2021-06-25,1f,1,177,145.8,6.8,28.9,0.236,149.7,140.6,1.065,426.4,350.5,1.217
Y9800001,L'Orgone au bout de la piste de la carrière,Ruisseau d'Orgone,2021-07-26,1f,1,208,145.8,2.3,8.8,0.26,77.2,89.9,0.859,264.1,283.9,0.93
Y9800001,L'Orgone au bout de la piste de la carrière,Ruisseau d'Orgone,2021-08-25,1f,1,238,145.8,10.3,15.8,0.653,19.3,53.0,0.364,198.1,231.9,0.854
Y9800001,L'Orgone au bout de la piste de la carrière,Ruisseau d'Orgone,2021-09-27,1f,1,271,145.8,16.3,54.9,0.297,28.8,80.1,0.359,178.0,216.0,0.824
Y9800001,L'Orgone au bout de la piste de la carrière,Ruisseau d'Orgone,2022-04-16,1,1,107,145.8,61.7,55.9,1.105,90.3,199.6,0.452,395.9,496.9,0.797
Y9800001,L'Orgone au bout de la piste de la carrière,Ruisseau d'Orgone,2022-05-23,1,1,144,145.8,31.0,59.6,0.52,148.7,187.0,0.795,337.2,437.4,0.771
Y9800001,L'Orgone au bout de la piste de la carrière,Ruisseau d'Orgone,2022-06-22,1,1,174,145.8,1.0,29.3,0.033,106.7,151.2,0.706,198.9,361.2,0.551
Y9800001,L'Orgone au bout de la piste de la carrière,Ruisseau d'Orgone,2022-07-13,1,1,195,145.8,1.7,14.7,0.115,71.5,112.4,0.636,162.0,314.7,0.515
Y9800001,L'Orgone au bout de la piste de la carrière,Ruisseau d'Orgone,2022-07-25,1,1,207,145.8,1.4,9.3,0.148,29.6,91.3,0.324,159.8,285.7,0.559
Y9800001,L'Orgone au bout de la piste de la carrière,Ruisseau d'Orgone,2022-08-09,1,1,222,145.8,2.9,11.7,0.246,6.1,68.1,0.09,160.4,251.5,0.638
Y9800001,L'Orgone au bout de la piste de la carrière,Ruisseau d'Orgone,2022-08-22,1,1,235,145.8,32.4,14.7,2.2,34.7,52.1,0.666,183.4,235.6,0.779
Y9800001,L'Orgone au bout de la piste de la carrière,Ruisseau d'Orgone,2022-09-07,1,1,251,145.8,49.9,22.3,2.239,51.8,50.3,1.028,193.9,209.5,0.926
Y9800001,L'Orgone au bout de la piste de la carrière,Ruisseau d'Orgone,2022-09-22,1,1,266,145.8,17.4,42.2,0.412,53.4,66.6,0.802,160.0,211.6,0.756
Y9800001,L'Orgone au bout de la piste de la carrière,Ruisseau d'Orgone,2022-10-05,1,1,279,145.8,85.2,65.4,1.303,136.4,98.4,1.386,206.7,220.0,0.94
Y9800001,L'Orgone au bout de la piste de la carrière,Ruisseau d'Orgone,2022-10-31,1,1,305,145.8,40.4,82.8,0.488,172.4,158.2,1.09,199.0,235.5,0.845
Y9800001,L'Orgone au bout de la piste de la carrière,Ruisseau d'Orgone,2022-11-17,1,1,322,145.8,110.6,101.1,1.093,252.1,216.5,1.164,283.2,269.8,1.05
Y9800001,L'Orgone au bout de la piste de la carrière,Ruisseau d'Orgone,2023-03-28,1,1,88,145.8,82.7,69.9,1.183,185.4,208.5,0.89,617.1,510.6,1.209
Y9800001,L'Orgone au bout de la piste de la carrière,Ruisseau d'Orgone,2023-04-24,1,1,115,145.8,19.6,59.4,0.329,117.8,193.0,0.61,559.2,488.6,1.144
Y9800001,L'Orgone au bout de la piste de la carrière,Ruisseau d'Orgone,2023-05-22,1,1,143,145.8,42.9,61.8,0.695,149.4,188.2,0.794,418.4,439.5,0.952
Y9800001,L'Orgone au bout de la piste de la carrière,Ruisseau d'Orgone,2023-06-28,1,1,180,145.8,97.4,27.3,3.567,163.5,135.7,1.204,349.0,344.7,1.013
Y9800001,L'Orgone au bout de la piste de la carrière,Ruisseau d'Orgone,2023-07-26,1,1,208,145.8,1.2,8.8,0.134,146.0,89.9,1.625,256.9,283.9,0.905
Y9800001,L'Orgone au bout de la piste de la carrière,Ruisseau d'Orgone,2023-08-09,1,1,222,145.8,0.8,11.7,0.068,136.4,68.1,2.002,253.7,251.5,1.009
Y9800001,L'Orgone au bout de la piste de la carrière,Ruisseau d'Orgone,2023-08-27,1,1,240,145.8,0.4,15.7,0.028,98.9,52.6,1.88,240.7,225.8,1.066
Y9800001,L'Orgone au bout de la piste de la carrière,Ruisseau d'Orgone,2023-09-25,1,1,269,145.8,46.6,50.2,0.928,48.0,75.0,0.64,211.7,212.7,0.995
Y9800001,L'Orgone au bout de la piste de la carrière,Ruisseau d'Orgone,2023-10-30,1,1,304,145.8,56.8,81.8,0.695,104.4,156.4,0.667,244.2,236.3,1.034
Y9800001,L'Orgone au bout de la piste de la carrière,Ruisseau d'Orgone,2024-03-07,1,1,67,145.8,130.3,70.7,1.844,219.0,237.7,0.921,439.8,513.4,0.857
Y9800001,L'Orgone au bout de la piste de la carrière,Ruisseau d'Orgone,2024-04-30,1,1,121,145.8,14.6,61.6,0.237,200.5,193.1,1.039,414.8,481.3,0.862
Y9800001,L'Orgone au bout de la piste de la carrière,Ruisseau d'Orgone,2024-05-21,1,1,142,145.8,52.1,61.5,0.848,224.7,188.7,1.191,375.3,438.9,0.855
Y9800001,L'Orgone au bout de la piste de la carrière,Ruisseau d'Orgone,2024-06-24,1,1,176,145.8,19.5,29.2,0.666,105.8,145.0,0.729,332.2,354.6,0.937
Y9800001,L'Orgone au bout de la piste de la carrière,Ruisseau d'Orgone,2024-07-22,1,1,204,145.8,31.0,8.4,3.695,90.7,97.4,0.931,289.5,294.1,0.984
Y9800001,L'Orgone au bout de la piste de la carrière,Ruisseau d'Orgone,2024-08-19,1,1,232,145.8,17.8,13.8,1.292,47.9,53.3,0.899,272.6,240.5,1.133
Y9800001,L'Orgone au bout de la piste de la carrière,Ruisseau d'Orgone,2024-09-24,1a,1,268,145.8,72.8,47.8,1.523,107.9,72.3,1.493,201.0,211.6,0.95
Y9800001,L'Orgone au bout de la piste de la carrière,Ruisseau d'Orgone,2025-04-26,1,1,117,145.8,60.1,58.6,1.025,168.7,194.5,0.867,314.0,489.9,0.641
Y9800001,L'Orgone au bout de la piste de la carrière,Ruisseau d'Orgone,2025-05-27,1,1,148,145.8,31.6,52.2,0.605,162.2,180.5,0.898,323.6,422.1,0.767
Y9800001,L'Orgone au bout de la piste de la carrière,Ruisseau d'Orgone,2025-06-25,1f,1,177,145.8,1.4,28.9,0.049,93.1,140.6,0.662,269.9,350.5,0.77
Y9800001,L'Orgone au bout de la piste de la carrière,Ruisseau d'Orgone,2025-07-23,1f,1,205,145.8,3.2,8.7,0.367,36.3,95.6,0.379,205.3,288.4,0.712
Y9800001,L'Orgone au bout de la piste de la carrière,Ruisseau d'Orgone,2025-08-25,1f,1,238,145.8,13.6,15.8,0.862,18.0,53.0,0.34,180.2,231.9,0.777
Y9800001,L'Orgone au bout de la piste de la carrière,Ruisseau d'Orgone,2025-09-23,1f,1,267,145.8,39.6,45.3,0.873,56.1,69.8,0.804,149.2,210.3,0.71
Y9800001,L'Orgone au bout de la piste de la carrière,Ruisseau d'Orgone,2025-10-24,1f,1,298,145.8,26.0,80.6,0.323,87.9,144.2,0.609,123.9,233.7,0.53
Y9800001,L'Orgone au bout de la piste de la carrière,Ruisseau d'Orgone,2026-05-26,1a,1,147,145.8,18.4,53.0,0.347,96.6,182.0,0.531,565.8,426.0,1.328
Y9800001,L'Orgone au bout de la piste de la carrière,Ruisseau d'Orgone,2026-06-25,1f,1,177,145.8,1.0,28.9,0.033,50.1,140.6,0.356,426.7,350.5,1.217
Y9800001,L'Orgone au bout de la piste de la carrière,Ruisseau d'Orgone,2026-07-27,1f,1,209,145.8,2.8,9.5,0.291,22.4,86.6,0.259,223.1,283.0,0.788
Y9800001,L'Orgone au bout de la piste de la carrière,Ruisseau d'Orgone,2026-08-24,1f,1,237,145.8,10.9,15.3,0.709,14.9,53.1,0.281,111.5,233.6,0.478
Y9800001,L'Orgone au bout de la piste de la carrière,Ruisseau d'Orgone,2026-09-28,1f,1,272,145.8,0.6,58.0,0.011,14.6,83.7,0.174,63.6,218.2,0.291
